<?xml version="1.0" encoding="UTF-8"?>
<gpx xmlns="http://www.topografix.com/GPX/1/1" xmlns:gpxtpx="http://www.garmin.com/xmlschemas/TrackPointExtension/v1" xmlns:xsi="http://www.w3.org/2001/XMLSchema-instance" xsi:schemaLocation="http://www.topografix.com/GPX/1/1 http://www.topografix.com/GPX/1/1/gpx.xsd" version="1.1" creator="gpx.py -- https://github.com/tkrajina/gpxpy">
  <trk>
    <name>run from tulipsport by Garmin FR255</name>
    <trkseg>
      <trkpt lat="29.6822649892" lon="106.517552063">
        <ele>367.8</ele>
        <time>2026-10-03T09:23:19+0800</time>
        <extensions>
          <gpxtpx:TrackPointExtension>
            <gpxtpx:hr>87</gpxtpx:hr>
            <gpxtpx:cad>0</gpxtpx:cad>
          </gpxtpx:TrackPointExtension>
        </extensions>
      </trkpt>
      <trkpt lat="29.6823158674" lon="106.517689275">
        <ele>367.8</ele>
        <time>2026-10-03T09:23:22+0800</time>
        <extensions>
          <gpxtpx:TrackPointExtension>
            <gpxtpx:hr>89</gpxtpx:hr>
            <gpxtpx:cad>58</gpxtpx:cad>
          </gpxtpx:TrackPointExtension>
        </extensions>
      </trkpt>
      <trkpt lat="29.6823032945" lon="106.51769774">
        <ele>367.6</ele>
        <time>2026-10-03T09:23:23+0800</time>
        <extensions>
          <gpxtpx:TrackPointExtension>
            <gpxtpx:hr>91</gpxtpx:hr>
            <gpxtpx:cad>58</gpxtpx:cad>
          </gpxtpx:TrackPointExtension>
        </extensions>
      </trkpt>
      <trkpt lat="29.6822909731" lon="106.51770453">
        <ele>367.4</ele>
        <time>2026-10-03T09:23:24+0800</time>
        <extensions>
          <gpxtpx:TrackPointExtension>
            <gpxtpx:hr>92</gpxtpx:hr>
            <gpxtpx:cad>86</gpxtpx:cad>
          </gpxtpx:TrackPointExtension>
        </extensions>
      </trkpt>
      <trkpt lat="29.6822784003" lon="106.51771375">
        <ele>367.2</ele>
        <time>2026-10-03T09:23:25+0800</time>
        <extensions>
          <gpxtpx:TrackPointExtension>
            <gpxtpx:hr>94</gpxtpx:hr>
            <gpxtpx:cad>86</gpxtpx:cad>
          </gpxtpx:TrackPointExtension>
        </extensions>
      </trkpt>
      <trkpt lat="29.6822680905" lon="106.517718025">
        <ele>367.0</ele>
        <time>2026-10-03T09:23:26+0800</time>
        <extensions>
          <gpxtpx:TrackPointExtension>
            <gpxtpx:hr>96</gpxtpx:hr>
            <gpxtpx:cad>86</gpxtpx:cad>
          </gpxtpx:TrackPointExtension>
        </extensions>
      </trkpt>
      <trkpt lat="29.6822609659" lon="106.517714169">
        <ele>366.8</ele>
        <time>2026-10-03T09:23:27+0800</time>
        <extensions>
          <gpxtpx:TrackPointExtension>
            <gpxtpx:hr>97</gpxtpx:hr>
            <gpxtpx:cad>86</gpxtpx:cad>
          </gpxtpx:TrackPointExtension>
        </extensions>
      </trkpt>
      <trkpt lat="29.6822513267" lon="106.517730346">
        <ele>366.8</ele>
        <time>2026-10-03T09:23:28+0800</time>
        <extensions>
          <gpxtpx:TrackPointExtension>
            <gpxtpx:hr>98</gpxtpx:hr>
            <gpxtpx:cad>86</gpxtpx:cad>
          </gpxtpx:TrackPointExtension>
        </extensions>
      </trkpt>
      <trkpt lat="29.6822385862" lon="106.517738225">
        <ele>366.8</ele>
        <time>2026-10-03T09:23:29+0800</time>
        <extensions>
          <gpxtpx:TrackPointExtension>
            <gpxtpx:hr>99</gpxtpx:hr>
            <gpxtpx:cad>86</gpxtpx:cad>
          </gpxtpx:TrackPointExtension>
        </extensions>
      </trkpt>
      <trkpt lat="29.682230372" lon="106.517743925">
        <ele>366.8</ele>
        <time>2026-10-03T09:23:30+0800</time>
        <extensions>
          <gpxtpx:TrackPointExtension>
            <gpxtpx:hr>99</gpxtpx:hr>
            <gpxtpx:cad>86</gpxtpx:cad>
          </gpxtpx:TrackPointExtension>
        </extensions>
      </trkpt>
      <trkpt lat="29.682210926" lon="106.517758509">
        <ele>366.8</ele>
        <time>2026-10-03T09:23:31+0800</time>
        <extensions>
          <gpxtpx:TrackPointExtension>
            <gpxtpx:hr>101</gpxtpx:hr>
            <gpxtpx:cad>86</gpxtpx:cad>
          </gpxtpx:TrackPointExtension>
        </extensions>
      </trkpt>
      <trkpt lat="29.6822013706" lon="106.517762449">
        <ele>366.6</ele>
        <time>2026-10-03T09:23:32+0800</time>
        <extensions>
          <gpxtpx:TrackPointExtension>
            <gpxtpx:hr>102</gpxtpx:hr>
            <gpxtpx:cad>83</gpxtpx:cad>
          </gpxtpx:TrackPointExtension>
        </extensions>
      </trkpt>
      <trkpt lat="29.6821857803" lon="106.517777033">
        <ele>366.4</ele>
        <time>2026-10-03T09:23:33+0800</time>
        <extensions>
          <gpxtpx:TrackPointExtension>
            <gpxtpx:hr>104</gpxtpx:hr>
            <gpxtpx:cad>83</gpxtpx:cad>
          </gpxtpx:TrackPointExtension>
        </extensions>
      </trkpt>
      <trkpt lat="29.6821711119" lon="106.5177829">
        <ele>366.4</ele>
        <time>2026-10-03T09:23:34+0800</time>
        <extensions>
          <gpxtpx:TrackPointExtension>
            <gpxtpx:hr>105</gpxtpx:hr>
            <gpxtpx:cad>83</gpxtpx:cad>
          </gpxtpx:TrackPointExtension>
        </extensions>
      </trkpt>
      <trkpt lat="29.68216273" lon="106.517781392">
        <ele>366.2</ele>
        <time>2026-10-03T09:23:35+0800</time>
        <extensions>
          <gpxtpx:TrackPointExtension>
            <gpxtpx:hr>106</gpxtpx:hr>
            <gpxtpx:cad>83</gpxtpx:cad>
          </gpxtpx:TrackPointExtension>
        </extensions>
      </trkpt>
      <trkpt lat="29.6821495704" lon="106.517786169">
        <ele>366.2</ele>
        <time>2026-10-03T09:23:36+0800</time>
        <extensions>
          <gpxtpx:TrackPointExtension>
            <gpxtpx:hr>107</gpxtpx:hr>
            <gpxtpx:cad>0</gpxtpx:cad>
          </gpxtpx:TrackPointExtension>
        </extensions>
      </trkpt>
      <trkpt lat="29.6821359079" lon="106.517793713">
        <ele>366.0</ele>
        <time>2026-10-03T09:23:37+0800</time>
        <extensions>
          <gpxtpx:TrackPointExtension>
            <gpxtpx:hr>107</gpxtpx:hr>
            <gpxtpx:cad>0</gpxtpx:cad>
          </gpxtpx:TrackPointExtension>
        </extensions>
      </trkpt>
      <trkpt lat="29.6821195632" lon="106.517811986">
        <ele>366.0</ele>
        <time>2026-10-03T09:23:38+0800</time>
        <extensions>
          <gpxtpx:TrackPointExtension>
            <gpxtpx:hr>108</gpxtpx:hr>
            <gpxtpx:cad>0</gpxtpx:cad>
          </gpxtpx:TrackPointExtension>
        </extensions>
      </trkpt>
      <trkpt lat="29.6821081638" lon="106.517819613">
        <ele>365.8</ele>
        <time>2026-10-03T09:23:39+0800</time>
        <extensions>
          <gpxtpx:TrackPointExtension>
            <gpxtpx:hr>109</gpxtpx:hr>
            <gpxtpx:cad>0</gpxtpx:cad>
          </gpxtpx:TrackPointExtension>
        </extensions>
      </trkpt>
      <trkpt lat="29.6820941661" lon="106.517829504">
        <ele>365.8</ele>
        <time>2026-10-03T09:23:40+0800</time>
        <extensions>
          <gpxtpx:TrackPointExtension>
            <gpxtpx:hr>110</gpxtpx:hr>
            <gpxtpx:cad>0</gpxtpx:cad>
          </gpxtpx:TrackPointExtension>
        </extensions>
      </trkpt>
      <trkpt lat="29.6820801683" lon="106.517848028">
        <ele>365.8</ele>
        <time>2026-10-03T09:23:41+0800</time>
        <extensions>
          <gpxtpx:TrackPointExtension>
            <gpxtpx:hr>111</gpxtpx:hr>
            <gpxtpx:cad>0</gpxtpx:cad>
          </gpxtpx:TrackPointExtension>
        </extensions>
      </trkpt>
      <trkpt lat="29.6820678469" lon="106.517862948">
        <ele>365.6</ele>
        <time>2026-10-03T09:23:42+0800</time>
        <extensions>
          <gpxtpx:TrackPointExtension>
            <gpxtpx:hr>112</gpxtpx:hr>
            <gpxtpx:cad>0</gpxtpx:cad>
          </gpxtpx:TrackPointExtension>
        </extensions>
      </trkpt>
      <trkpt lat="29.6820535138" lon="106.517878622">
        <ele>365.6</ele>
        <time>2026-10-03T09:23:43+0800</time>
        <extensions>
          <gpxtpx:TrackPointExtension>
            <gpxtpx:hr>113</gpxtpx:hr>
            <gpxtpx:cad>0</gpxtpx:cad>
          </gpxtpx:TrackPointExtension>
        </extensions>
      </trkpt>
      <trkpt lat="29.6820438746" lon="106.517900499">
        <ele>365.4</ele>
        <time>2026-10-03T09:23:44+0800</time>
        <extensions>
          <gpxtpx:TrackPointExtension>
            <gpxtpx:hr>114</gpxtpx:hr>
            <gpxtpx:cad>0</gpxtpx:cad>
          </gpxtpx:TrackPointExtension>
        </extensions>
      </trkpt>
      <trkpt lat="29.6820313856" lon="106.51790888">
        <ele>365.4</ele>
        <time>2026-10-03T09:23:45+0800</time>
        <extensions>
          <gpxtpx:TrackPointExtension>
            <gpxtpx:hr>115</gpxtpx:hr>
            <gpxtpx:cad>0</gpxtpx:cad>
          </gpxtpx:TrackPointExtension>
        </extensions>
      </trkpt>
      <trkpt lat="29.6820258535" lon="106.517928494">
        <ele>365.2</ele>
        <time>2026-10-03T09:23:46+0800</time>
        <extensions>
          <gpxtpx:TrackPointExtension>
            <gpxtpx:hr>116</gpxtpx:hr>
            <gpxtpx:cad>0</gpxtpx:cad>
          </gpxtpx:TrackPointExtension>
        </extensions>
      </trkpt>
      <trkpt lat="29.6820302121" lon="106.517954646">
        <ele>365.2</ele>
        <time>2026-10-03T09:23:47+0800</time>
        <extensions>
          <gpxtpx:TrackPointExtension>
            <gpxtpx:hr>116</gpxtpx:hr>
            <gpxtpx:cad>0</gpxtpx:cad>
          </gpxtpx:TrackPointExtension>
        </extensions>
      </trkpt>
      <trkpt lat="29.682026105" lon="106.517971242">
        <ele>365.4</ele>
        <time>2026-10-03T09:23:48+0800</time>
        <extensions>
          <gpxtpx:TrackPointExtension>
            <gpxtpx:hr>116</gpxtpx:hr>
            <gpxtpx:cad>0</gpxtpx:cad>
          </gpxtpx:TrackPointExtension>
        </extensions>
      </trkpt>
      <trkpt lat="29.6820129454" lon="106.518000159">
        <ele>365.2</ele>
        <time>2026-10-03T09:23:49+0800</time>
        <extensions>
          <gpxtpx:TrackPointExtension>
            <gpxtpx:hr>116</gpxtpx:hr>
            <gpxtpx:cad>0</gpxtpx:cad>
          </gpxtpx:TrackPointExtension>
        </extensions>
      </trkpt>
      <trkpt lat="29.6820058208" lon="106.518020192">
        <ele>365.2</ele>
        <time>2026-10-03T09:23:50+0800</time>
        <extensions>
          <gpxtpx:TrackPointExtension>
            <gpxtpx:hr>116</gpxtpx:hr>
            <gpxtpx:cad>0</gpxtpx:cad>
          </gpxtpx:TrackPointExtension>
        </extensions>
      </trkpt>
      <trkpt lat="29.682007581" lon="106.518052882">
        <ele>365.0</ele>
        <time>2026-10-03T09:23:51+0800</time>
        <extensions>
          <gpxtpx:TrackPointExtension>
            <gpxtpx:hr>115</gpxtpx:hr>
            <gpxtpx:cad>0</gpxtpx:cad>
          </gpxtpx:TrackPointExtension>
        </extensions>
      </trkpt>
      <trkpt lat="29.6820059046" lon="106.518070819">
        <ele>364.8</ele>
        <time>2026-10-03T09:23:52+0800</time>
        <extensions>
          <gpxtpx:TrackPointExtension>
            <gpxtpx:hr>115</gpxtpx:hr>
            <gpxtpx:cad>0</gpxtpx:cad>
          </gpxtpx:TrackPointExtension>
        </extensions>
      </trkpt>
      <trkpt lat="29.6819983609" lon="106.518090265">
        <ele>364.8</ele>
        <time>2026-10-03T09:23:53+0800</time>
        <extensions>
          <gpxtpx:TrackPointExtension>
            <gpxtpx:hr>115</gpxtpx:hr>
            <gpxtpx:cad>0</gpxtpx:cad>
          </gpxtpx:TrackPointExtension>
        </extensions>
      </trkpt>
      <trkpt lat="29.6819972713" lon="106.51811826">
        <ele>364.6</ele>
        <time>2026-10-03T09:23:54+0800</time>
        <extensions>
          <gpxtpx:TrackPointExtension>
            <gpxtpx:hr>115</gpxtpx:hr>
            <gpxtpx:cad>0</gpxtpx:cad>
          </gpxtpx:TrackPointExtension>
        </extensions>
      </trkpt>
      <trkpt lat="29.6820014622" lon="106.518138545">
        <ele>364.6</ele>
        <time>2026-10-03T09:23:55+0800</time>
        <extensions>
          <gpxtpx:TrackPointExtension>
            <gpxtpx:hr>115</gpxtpx:hr>
            <gpxtpx:cad>0</gpxtpx:cad>
          </gpxtpx:TrackPointExtension>
        </extensions>
      </trkpt>
      <trkpt lat="29.6820100956" lon="106.518162768">
        <ele>364.6</ele>
        <time>2026-10-03T09:23:56+0800</time>
        <extensions>
          <gpxtpx:TrackPointExtension>
            <gpxtpx:hr>115</gpxtpx:hr>
            <gpxtpx:cad>0</gpxtpx:cad>
          </gpxtpx:TrackPointExtension>
        </extensions>
      </trkpt>
      <trkpt lat="29.6820065752" lon="106.51818037">
        <ele>364.6</ele>
        <time>2026-10-03T09:23:57+0800</time>
        <extensions>
          <gpxtpx:TrackPointExtension>
            <gpxtpx:hr>116</gpxtpx:hr>
            <gpxtpx:cad>89</gpxtpx:cad>
          </gpxtpx:TrackPointExtension>
        </extensions>
      </trkpt>
      <trkpt lat="29.6820060723" lon="106.51820275">
        <ele>364.6</ele>
        <time>2026-10-03T09:23:58+0800</time>
        <extensions>
          <gpxtpx:TrackPointExtension>
            <gpxtpx:hr>116</gpxtpx:hr>
            <gpxtpx:cad>89</gpxtpx:cad>
          </gpxtpx:TrackPointExtension>
        </extensions>
      </trkpt>
      <trkpt lat="29.6820017975" lon="106.518223872">
        <ele>364.6</ele>
        <time>2026-10-03T09:23:59+0800</time>
        <extensions>
          <gpxtpx:TrackPointExtension>
            <gpxtpx:hr>117</gpxtpx:hr>
            <gpxtpx:cad>89</gpxtpx:cad>
          </gpxtpx:TrackPointExtension>
        </extensions>
      </trkpt>
      <trkpt lat="29.6820016298" lon="106.518240049">
        <ele>364.4</ele>
        <time>2026-10-03T09:24:00+0800</time>
        <extensions>
          <gpxtpx:TrackPointExtension>
            <gpxtpx:hr>117</gpxtpx:hr>
            <gpxtpx:cad>89</gpxtpx:cad>
          </gpxtpx:TrackPointExtension>
        </extensions>
      </trkpt>
      <trkpt lat="29.6819922421" lon="106.518252203">
        <ele>364.2</ele>
        <time>2026-10-03T09:24:01+0800</time>
        <extensions>
          <gpxtpx:TrackPointExtension>
            <gpxtpx:hr>118</gpxtpx:hr>
            <gpxtpx:cad>89</gpxtpx:cad>
          </gpxtpx:TrackPointExtension>
        </extensions>
      </trkpt>
      <trkpt lat="29.6819943376" lon="106.518270643">
        <ele>364.0</ele>
        <time>2026-10-03T09:24:02+0800</time>
        <extensions>
          <gpxtpx:TrackPointExtension>
            <gpxtpx:hr>118</gpxtpx:hr>
            <gpxtpx:cad>93</gpxtpx:cad>
          </gpxtpx:TrackPointExtension>
        </extensions>
      </trkpt>
      <trkpt lat="29.681992745" lon="106.518296376">
        <ele>363.8</ele>
        <time>2026-10-03T09:24:03+0800</time>
        <extensions>
          <gpxtpx:TrackPointExtension>
            <gpxtpx:hr>119</gpxtpx:hr>
            <gpxtpx:cad>93</gpxtpx:cad>
          </gpxtpx:TrackPointExtension>
        </extensions>
      </trkpt>
      <trkpt lat="29.6819990315" lon="106.518311296">
        <ele>363.6</ele>
        <time>2026-10-03T09:24:04+0800</time>
        <extensions>
          <gpxtpx:TrackPointExtension>
            <gpxtpx:hr>120</gpxtpx:hr>
            <gpxtpx:cad>93</gpxtpx:cad>
          </gpxtpx:TrackPointExtension>
        </extensions>
      </trkpt>
      <trkpt lat="29.682002468" lon="106.518333172">
        <ele>363.6</ele>
        <time>2026-10-03T09:24:05+0800</time>
        <extensions>
          <gpxtpx:TrackPointExtension>
            <gpxtpx:hr>120</gpxtpx:hr>
            <gpxtpx:cad>93</gpxtpx:cad>
          </gpxtpx:TrackPointExtension>
        </extensions>
      </trkpt>
      <trkpt lat="29.682011269" lon="106.518356642">
        <ele>363.4</ele>
        <time>2026-10-03T09:24:06+0800</time>
        <extensions>
          <gpxtpx:TrackPointExtension>
            <gpxtpx:hr>121</gpxtpx:hr>
            <gpxtpx:cad>93</gpxtpx:cad>
          </gpxtpx:TrackPointExtension>
        </extensions>
      </trkpt>
      <trkpt lat="29.6820221655" lon="106.518372986">
        <ele>363.2</ele>
        <time>2026-10-03T09:24:07+0800</time>
        <extensions>
          <gpxtpx:TrackPointExtension>
            <gpxtpx:hr>121</gpxtpx:hr>
            <gpxtpx:cad>93</gpxtpx:cad>
          </gpxtpx:TrackPointExtension>
        </extensions>
      </trkpt>
      <trkpt lat="29.682033062" lon="106.518360497">
        <ele>363.0</ele>
        <time>2026-10-03T09:24:08+0800</time>
        <extensions>
          <gpxtpx:TrackPointExtension>
            <gpxtpx:hr>122</gpxtpx:hr>
            <gpxtpx:cad>93</gpxtpx:cad>
          </gpxtpx:TrackPointExtension>
        </extensions>
      </trkpt>
      <trkpt lat="29.6820230037" lon="106.518374495">
        <ele>363.0</ele>
        <time>2026-10-03T09:24:09+0800</time>
        <extensions>
          <gpxtpx:TrackPointExtension>
            <gpxtpx:hr>123</gpxtpx:hr>
            <gpxtpx:cad>93</gpxtpx:cad>
          </gpxtpx:TrackPointExtension>
        </extensions>
      </trkpt>
      <trkpt lat="29.6820557769" lon="106.518418249">
        <ele>362.8</ele>
        <time>2026-10-03T09:24:11+0800</time>
        <extensions>
          <gpxtpx:TrackPointExtension>
            <gpxtpx:hr>124</gpxtpx:hr>
            <gpxtpx:cad>93</gpxtpx:cad>
          </gpxtpx:TrackPointExtension>
        </extensions>
      </trkpt>
      <trkpt lat="29.6820690203" lon="106.518446328">
        <ele>362.8</ele>
        <time>2026-10-03T09:24:12+0800</time>
        <extensions>
          <gpxtpx:TrackPointExtension>
            <gpxtpx:hr>124</gpxtpx:hr>
            <gpxtpx:cad>93</gpxtpx:cad>
          </gpxtpx:TrackPointExtension>
        </extensions>
      </trkpt>
      <trkpt lat="29.6820705291" lon="106.518465606">
        <ele>362.6</ele>
        <time>2026-10-03T09:24:13+0800</time>
        <extensions>
          <gpxtpx:TrackPointExtension>
            <gpxtpx:hr>124</gpxtpx:hr>
            <gpxtpx:cad>93</gpxtpx:cad>
          </gpxtpx:TrackPointExtension>
        </extensions>
      </trkpt>
      <trkpt lat="29.682077067" lon="106.518486394">
        <ele>362.4</ele>
        <time>2026-10-03T09:24:14+0800</time>
        <extensions>
          <gpxtpx:TrackPointExtension>
            <gpxtpx:hr>124</gpxtpx:hr>
            <gpxtpx:cad>93</gpxtpx:cad>
          </gpxtpx:TrackPointExtension>
        </extensions>
      </trkpt>
      <trkpt lat="29.6820881311" lon="106.518505923">
        <ele>362.4</ele>
        <time>2026-10-03T09:24:15+0800</time>
        <extensions>
          <gpxtpx:TrackPointExtension>
            <gpxtpx:hr>123</gpxtpx:hr>
            <gpxtpx:cad>93</gpxtpx:cad>
          </gpxtpx:TrackPointExtension>
        </extensions>
      </trkpt>
      <trkpt lat="29.6820976865" lon="106.518523023">
        <ele>362.4</ele>
        <time>2026-10-03T09:24:16+0800</time>
        <extensions>
          <gpxtpx:TrackPointExtension>
            <gpxtpx:hr>123</gpxtpx:hr>
            <gpxtpx:cad>93</gpxtpx:cad>
          </gpxtpx:TrackPointExtension>
        </extensions>
      </trkpt>
      <trkpt lat="29.6821021289" lon="106.518544564">
        <ele>362.2</ele>
        <time>2026-10-03T09:24:17+0800</time>
        <extensions>
          <gpxtpx:TrackPointExtension>
            <gpxtpx:hr>123</gpxtpx:hr>
            <gpxtpx:cad>93</gpxtpx:cad>
          </gpxtpx:TrackPointExtension>
        </extensions>
      </trkpt>
      <trkpt lat="29.6821126062" lon="106.518560993">
        <ele>362.2</ele>
        <time>2026-10-03T09:24:18+0800</time>
        <extensions>
          <gpxtpx:TrackPointExtension>
            <gpxtpx:hr>122</gpxtpx:hr>
            <gpxtpx:cad>93</gpxtpx:cad>
          </gpxtpx:TrackPointExtension>
        </extensions>
      </trkpt>
      <trkpt lat="29.68212015" lon="106.518576918">
        <ele>362.0</ele>
        <time>2026-10-03T09:24:19+0800</time>
        <extensions>
          <gpxtpx:TrackPointExtension>
            <gpxtpx:hr>122</gpxtpx:hr>
            <gpxtpx:cad>93</gpxtpx:cad>
          </gpxtpx:TrackPointExtension>
        </extensions>
      </trkpt>
      <trkpt lat="29.6821319684" lon="106.518595526">
        <ele>361.8</ele>
        <time>2026-10-03T09:24:20+0800</time>
        <extensions>
          <gpxtpx:TrackPointExtension>
            <gpxtpx:hr>123</gpxtpx:hr>
            <gpxtpx:cad>93</gpxtpx:cad>
          </gpxtpx:TrackPointExtension>
        </extensions>
      </trkpt>
      <trkpt lat="29.6821387578" lon="106.518609524">
        <ele>361.6</ele>
        <time>2026-10-03T09:24:21+0800</time>
        <extensions>
          <gpxtpx:TrackPointExtension>
            <gpxtpx:hr>123</gpxtpx:hr>
            <gpxtpx:cad>93</gpxtpx:cad>
          </gpxtpx:TrackPointExtension>
        </extensions>
      </trkpt>
      <trkpt lat="29.6821561921" lon="106.518623438">
        <ele>361.4</ele>
        <time>2026-10-03T09:24:22+0800</time>
        <extensions>
          <gpxtpx:TrackPointExtension>
            <gpxtpx:hr>123</gpxtpx:hr>
            <gpxtpx:cad>89</gpxtpx:cad>
          </gpxtpx:TrackPointExtension>
        </extensions>
      </trkpt>
      <trkpt lat="29.6821620595" lon="106.518631652">
        <ele>361.2</ele>
        <time>2026-10-03T09:24:23+0800</time>
        <extensions>
          <gpxtpx:TrackPointExtension>
            <gpxtpx:hr>123</gpxtpx:hr>
            <gpxtpx:cad>89</gpxtpx:cad>
          </gpxtpx:TrackPointExtension>
        </extensions>
      </trkpt>
      <trkpt lat="29.6821741294" lon="106.518658474">
        <ele>361.0</ele>
        <time>2026-10-03T09:24:24+0800</time>
        <extensions>
          <gpxtpx:TrackPointExtension>
            <gpxtpx:hr>123</gpxtpx:hr>
            <gpxtpx:cad>89</gpxtpx:cad>
          </gpxtpx:TrackPointExtension>
        </extensions>
      </trkpt>
      <trkpt lat="29.6821840201" lon="106.518674316">
        <ele>360.8</ele>
        <time>2026-10-03T09:24:25+0800</time>
        <extensions>
          <gpxtpx:TrackPointExtension>
            <gpxtpx:hr>123</gpxtpx:hr>
            <gpxtpx:cad>89</gpxtpx:cad>
          </gpxtpx:TrackPointExtension>
        </extensions>
      </trkpt>
      <trkpt lat="29.6822063159" lon="106.518699462">
        <ele>360.6</ele>
        <time>2026-10-03T09:24:26+0800</time>
        <extensions>
          <gpxtpx:TrackPointExtension>
            <gpxtpx:hr>124</gpxtpx:hr>
            <gpxtpx:cad>89</gpxtpx:cad>
          </gpxtpx:TrackPointExtension>
        </extensions>
      </trkpt>
      <trkpt lat="29.6822207328" lon="106.518717818">
        <ele>360.4</ele>
        <time>2026-10-03T09:24:27+0800</time>
        <extensions>
          <gpxtpx:TrackPointExtension>
            <gpxtpx:hr>124</gpxtpx:hr>
            <gpxtpx:cad>89</gpxtpx:cad>
          </gpxtpx:TrackPointExtension>
        </extensions>
      </trkpt>
      <trkpt lat="29.6822383348" lon="106.518736593">
        <ele>360.2</ele>
        <time>2026-10-03T09:24:28+0800</time>
        <extensions>
          <gpxtpx:TrackPointExtension>
            <gpxtpx:hr>124</gpxtpx:hr>
            <gpxtpx:cad>89</gpxtpx:cad>
          </gpxtpx:TrackPointExtension>
        </extensions>
      </trkpt>
      <trkpt lat="29.6822448727" lon="106.518754279">
        <ele>360.0</ele>
        <time>2026-10-03T09:24:29+0800</time>
        <extensions>
          <gpxtpx:TrackPointExtension>
            <gpxtpx:hr>125</gpxtpx:hr>
            <gpxtpx:cad>89</gpxtpx:cad>
          </gpxtpx:TrackPointExtension>
        </extensions>
      </trkpt>
      <trkpt lat="29.6822579484" lon="106.518772384">
        <ele>360.0</ele>
        <time>2026-10-03T09:24:30+0800</time>
        <extensions>
          <gpxtpx:TrackPointExtension>
            <gpxtpx:hr>127</gpxtpx:hr>
            <gpxtpx:cad>89</gpxtpx:cad>
          </gpxtpx:TrackPointExtension>
        </extensions>
      </trkpt>
      <trkpt lat="29.6822575293" lon="106.518791411">
        <ele>360.0</ele>
        <time>2026-10-03T09:24:31+0800</time>
        <extensions>
          <gpxtpx:TrackPointExtension>
            <gpxtpx:hr>129</gpxtpx:hr>
            <gpxtpx:cad>89</gpxtpx:cad>
          </gpxtpx:TrackPointExtension>
        </extensions>
      </trkpt>
      <trkpt lat="29.682270186" lon="106.518819407">
        <ele>359.8</ele>
        <time>2026-10-03T09:24:32+0800</time>
        <extensions>
          <gpxtpx:TrackPointExtension>
            <gpxtpx:hr>132</gpxtpx:hr>
            <gpxtpx:cad>88</gpxtpx:cad>
          </gpxtpx:TrackPointExtension>
        </extensions>
      </trkpt>
      <trkpt lat="29.6822809987" lon="106.518844049">
        <ele>359.6</ele>
        <time>2026-10-03T09:24:33+0800</time>
        <extensions>
          <gpxtpx:TrackPointExtension>
            <gpxtpx:hr>134</gpxtpx:hr>
            <gpxtpx:cad>88</gpxtpx:cad>
          </gpxtpx:TrackPointExtension>
        </extensions>
      </trkpt>
      <trkpt lat="29.6823017858" lon="106.518858802">
        <ele>359.2</ele>
        <time>2026-10-03T09:24:34+0800</time>
        <extensions>
          <gpxtpx:TrackPointExtension>
            <gpxtpx:hr>135</gpxtpx:hr>
            <gpxtpx:cad>88</gpxtpx:cad>
          </gpxtpx:TrackPointExtension>
        </extensions>
      </trkpt>
      <trkpt lat="29.6823150292" lon="106.518876487">
        <ele>359.0</ele>
        <time>2026-10-03T09:24:35+0800</time>
        <extensions>
          <gpxtpx:TrackPointExtension>
            <gpxtpx:hr>136</gpxtpx:hr>
            <gpxtpx:cad>88</gpxtpx:cad>
          </gpxtpx:TrackPointExtension>
        </extensions>
      </trkpt>
      <trkpt lat="29.6823294461" lon="106.518897694">
        <ele>358.8</ele>
        <time>2026-10-03T09:24:36+0800</time>
        <extensions>
          <gpxtpx:TrackPointExtension>
            <gpxtpx:hr>137</gpxtpx:hr>
            <gpxtpx:cad>90</gpxtpx:cad>
          </gpxtpx:TrackPointExtension>
        </extensions>
      </trkpt>
      <trkpt lat="29.682345707" lon="106.518920157">
        <ele>358.6</ele>
        <time>2026-10-03T09:24:37+0800</time>
        <extensions>
          <gpxtpx:TrackPointExtension>
            <gpxtpx:hr>138</gpxtpx:hr>
            <gpxtpx:cad>92</gpxtpx:cad>
          </gpxtpx:TrackPointExtension>
        </extensions>
      </trkpt>
      <trkpt lat="29.6823607106" lon="106.518935664">
        <ele>358.6</ele>
        <time>2026-10-03T09:24:38+0800</time>
        <extensions>
          <gpxtpx:TrackPointExtension>
            <gpxtpx:hr>138</gpxtpx:hr>
            <gpxtpx:cad>92</gpxtpx:cad>
          </gpxtpx:TrackPointExtension>
        </extensions>
      </trkpt>
      <trkpt lat="29.6823770553" lon="106.518965">
        <ele>358.4</ele>
        <time>2026-10-03T09:24:39+0800</time>
        <extensions>
          <gpxtpx:TrackPointExtension>
            <gpxtpx:hr>138</gpxtpx:hr>
            <gpxtpx:cad>92</gpxtpx:cad>
          </gpxtpx:TrackPointExtension>
        </extensions>
      </trkpt>
      <trkpt lat="29.6823815815" lon="106.518984865">
        <ele>358.4</ele>
        <time>2026-10-03T09:24:40+0800</time>
        <extensions>
          <gpxtpx:TrackPointExtension>
            <gpxtpx:hr>139</gpxtpx:hr>
            <gpxtpx:cad>92</gpxtpx:cad>
          </gpxtpx:TrackPointExtension>
        </extensions>
      </trkpt>
      <trkpt lat="29.682392478" lon="106.519013783">
        <ele>358.0</ele>
        <time>2026-10-03T09:24:41+0800</time>
        <extensions>
          <gpxtpx:TrackPointExtension>
            <gpxtpx:hr>139</gpxtpx:hr>
            <gpxtpx:cad>92</gpxtpx:cad>
          </gpxtpx:TrackPointExtension>
        </extensions>
      </trkpt>
      <trkpt lat="29.6824145224" lon="106.519043958">
        <ele>357.8</ele>
        <time>2026-10-03T09:24:42+0800</time>
        <extensions>
          <gpxtpx:TrackPointExtension>
            <gpxtpx:hr>139</gpxtpx:hr>
            <gpxtpx:cad>93</gpxtpx:cad>
          </gpxtpx:TrackPointExtension>
        </extensions>
      </trkpt>
      <trkpt lat="29.6824329626" lon="106.519055022">
        <ele>357.6</ele>
        <time>2026-10-03T09:24:43+0800</time>
        <extensions>
          <gpxtpx:TrackPointExtension>
            <gpxtpx:hr>140</gpxtpx:hr>
            <gpxtpx:cad>93</gpxtpx:cad>
          </gpxtpx:TrackPointExtension>
        </extensions>
      </trkpt>
      <trkpt lat="29.6824567672" lon="106.519067008">
        <ele>357.4</ele>
        <time>2026-10-03T09:24:44+0800</time>
        <extensions>
          <gpxtpx:TrackPointExtension>
            <gpxtpx:hr>140</gpxtpx:hr>
            <gpxtpx:cad>95</gpxtpx:cad>
          </gpxtpx:TrackPointExtension>
        </extensions>
      </trkpt>
      <trkpt lat="29.6824679989" lon="106.519077988">
        <ele>357.2</ele>
        <time>2026-10-03T09:24:45+0800</time>
        <extensions>
          <gpxtpx:TrackPointExtension>
            <gpxtpx:hr>140</gpxtpx:hr>
            <gpxtpx:cad>96</gpxtpx:cad>
          </gpxtpx:TrackPointExtension>
        </extensions>
      </trkpt>
      <trkpt lat="29.6824856009" lon="106.519102463">
        <ele>357.0</ele>
        <time>2026-10-03T09:24:46+0800</time>
        <extensions>
          <gpxtpx:TrackPointExtension>
            <gpxtpx:hr>140</gpxtpx:hr>
            <gpxtpx:cad>96</gpxtpx:cad>
          </gpxtpx:TrackPointExtension>
        </extensions>
      </trkpt>
      <trkpt lat="29.6824923903" lon="106.519130794">
        <ele>357.0</ele>
        <time>2026-10-03T09:24:47+0800</time>
        <extensions>
          <gpxtpx:TrackPointExtension>
            <gpxtpx:hr>141</gpxtpx:hr>
            <gpxtpx:cad>98</gpxtpx:cad>
          </gpxtpx:TrackPointExtension>
        </extensions>
      </trkpt>
      <trkpt lat="29.6825062204" lon="106.519154347">
        <ele>356.8</ele>
        <time>2026-10-03T09:24:48+0800</time>
        <extensions>
          <gpxtpx:TrackPointExtension>
            <gpxtpx:hr>141</gpxtpx:hr>
            <gpxtpx:cad>98</gpxtpx:cad>
          </gpxtpx:TrackPointExtension>
        </extensions>
      </trkpt>
      <trkpt lat="29.6825336292" lon="106.519171949">
        <ele>356.4</ele>
        <time>2026-10-03T09:24:49+0800</time>
        <extensions>
          <gpxtpx:TrackPointExtension>
            <gpxtpx:hr>142</gpxtpx:hr>
            <gpxtpx:cad>98</gpxtpx:cad>
          </gpxtpx:TrackPointExtension>
        </extensions>
      </trkpt>
      <trkpt lat="29.682544861" lon="106.51919039">
        <ele>356.0</ele>
        <time>2026-10-03T09:24:50+0800</time>
        <extensions>
          <gpxtpx:TrackPointExtension>
            <gpxtpx:hr>142</gpxtpx:hr>
            <gpxtpx:cad>98</gpxtpx:cad>
          </gpxtpx:TrackPointExtension>
        </extensions>
      </trkpt>
      <trkpt lat="29.6825614572" lon="106.519213943">
        <ele>355.8</ele>
        <time>2026-10-03T09:24:51+0800</time>
        <extensions>
          <gpxtpx:TrackPointExtension>
            <gpxtpx:hr>143</gpxtpx:hr>
            <gpxtpx:cad>93</gpxtpx:cad>
          </gpxtpx:TrackPointExtension>
        </extensions>
      </trkpt>
      <trkpt lat="29.6825732756" lon="106.519234981">
        <ele>355.4</ele>
        <time>2026-10-03T09:24:52+0800</time>
        <extensions>
          <gpxtpx:TrackPointExtension>
            <gpxtpx:hr>144</gpxtpx:hr>
            <gpxtpx:cad>93</gpxtpx:cad>
          </gpxtpx:TrackPointExtension>
        </extensions>
      </trkpt>
      <trkpt lat="29.6825998463" lon="106.519251075">
        <ele>355.2</ele>
        <time>2026-10-03T09:24:53+0800</time>
        <extensions>
          <gpxtpx:TrackPointExtension>
            <gpxtpx:hr>144</gpxtpx:hr>
            <gpxtpx:cad>93</gpxtpx:cad>
          </gpxtpx:TrackPointExtension>
        </extensions>
      </trkpt>
      <trkpt lat="29.6826213039" lon="106.519273538">
        <ele>355.0</ele>
        <time>2026-10-03T09:24:54+0800</time>
        <extensions>
          <gpxtpx:TrackPointExtension>
            <gpxtpx:hr>145</gpxtpx:hr>
            <gpxtpx:cad>93</gpxtpx:cad>
          </gpxtpx:TrackPointExtension>
        </extensions>
      </trkpt>
      <trkpt lat="29.6826430131" lon="106.519294241">
        <ele>355.0</ele>
        <time>2026-10-03T09:24:55+0800</time>
        <extensions>
          <gpxtpx:TrackPointExtension>
            <gpxtpx:hr>146</gpxtpx:hr>
            <gpxtpx:cad>93</gpxtpx:cad>
          </gpxtpx:TrackPointExtension>
        </extensions>
      </trkpt>
      <trkpt lat="29.682656927" lon="106.519310586">
        <ele>354.6</ele>
        <time>2026-10-03T09:24:56+0800</time>
        <extensions>
          <gpxtpx:TrackPointExtension>
            <gpxtpx:hr>147</gpxtpx:hr>
            <gpxtpx:cad>93</gpxtpx:cad>
          </gpxtpx:TrackPointExtension>
        </extensions>
      </trkpt>
      <trkpt lat="29.6826715954" lon="106.519331038">
        <ele>354.6</ele>
        <time>2026-10-03T09:24:57+0800</time>
        <extensions>
          <gpxtpx:TrackPointExtension>
            <gpxtpx:hr>147</gpxtpx:hr>
            <gpxtpx:cad>0</gpxtpx:cad>
          </gpxtpx:TrackPointExtension>
        </extensions>
      </trkpt>
      <trkpt lat="29.6826908737" lon="106.519345706">
        <ele>354.4</ele>
        <time>2026-10-03T09:24:58+0800</time>
        <extensions>
          <gpxtpx:TrackPointExtension>
            <gpxtpx:hr>148</gpxtpx:hr>
            <gpxtpx:cad>0</gpxtpx:cad>
          </gpxtpx:TrackPointExtension>
        </extensions>
      </trkpt>
      <trkpt lat="29.6827143431" lon="106.519357357">
        <ele>354.2</ele>
        <time>2026-10-03T09:24:59+0800</time>
        <extensions>
          <gpxtpx:TrackPointExtension>
            <gpxtpx:hr>148</gpxtpx:hr>
            <gpxtpx:cad>0</gpxtpx:cad>
          </gpxtpx:TrackPointExtension>
        </extensions>
      </trkpt>
      <trkpt lat="29.6827277541" lon="106.519377306">
        <ele>354.0</ele>
        <time>2026-10-03T09:25:00+0800</time>
        <extensions>
          <gpxtpx:TrackPointExtension>
            <gpxtpx:hr>149</gpxtpx:hr>
            <gpxtpx:cad>0</gpxtpx:cad>
          </gpxtpx:TrackPointExtension>
        </extensions>
      </trkpt>
      <trkpt lat="29.6827431768" lon="106.519402033">
        <ele>354.0</ele>
        <time>2026-10-03T09:25:01+0800</time>
        <extensions>
          <gpxtpx:TrackPointExtension>
            <gpxtpx:hr>149</gpxtpx:hr>
            <gpxtpx:cad>0</gpxtpx:cad>
          </gpxtpx:TrackPointExtension>
        </extensions>
      </trkpt>
      <trkpt lat="29.6827484574" lon="106.51941536">
        <ele>353.6</ele>
        <time>2026-10-03T09:25:02+0800</time>
        <extensions>
          <gpxtpx:TrackPointExtension>
            <gpxtpx:hr>150</gpxtpx:hr>
            <gpxtpx:cad>0</gpxtpx:cad>
          </gpxtpx:TrackPointExtension>
        </extensions>
      </trkpt>
      <trkpt lat="29.6827660594" lon="106.519440254">
        <ele>353.4</ele>
        <time>2026-10-03T09:25:03+0800</time>
        <extensions>
          <gpxtpx:TrackPointExtension>
            <gpxtpx:hr>150</gpxtpx:hr>
            <gpxtpx:cad>0</gpxtpx:cad>
          </gpxtpx:TrackPointExtension>
        </extensions>
      </trkpt>
      <trkpt lat="29.6827830747" lon="106.519460874">
        <ele>353.2</ele>
        <time>2026-10-03T09:25:04+0800</time>
        <extensions>
          <gpxtpx:TrackPointExtension>
            <gpxtpx:hr>151</gpxtpx:hr>
            <gpxtpx:cad>0</gpxtpx:cad>
          </gpxtpx:TrackPointExtension>
        </extensions>
      </trkpt>
      <trkpt lat="29.6828051191" lon="106.519487025">
        <ele>353.0</ele>
        <time>2026-10-03T09:25:05+0800</time>
        <extensions>
          <gpxtpx:TrackPointExtension>
            <gpxtpx:hr>150</gpxtpx:hr>
            <gpxtpx:cad>0</gpxtpx:cad>
          </gpxtpx:TrackPointExtension>
        </extensions>
      </trkpt>
      <trkpt lat="29.6828261577" lon="106.519504292">
        <ele>352.8</ele>
        <time>2026-10-03T09:25:06+0800</time>
        <extensions>
          <gpxtpx:TrackPointExtension>
            <gpxtpx:hr>149</gpxtpx:hr>
            <gpxtpx:cad>90</gpxtpx:cad>
          </gpxtpx:TrackPointExtension>
        </extensions>
      </trkpt>
      <trkpt lat="29.6828449331" lon="106.519523654">
        <ele>352.8</ele>
        <time>2026-10-03T09:25:07+0800</time>
        <extensions>
          <gpxtpx:TrackPointExtension>
            <gpxtpx:hr>148</gpxtpx:hr>
            <gpxtpx:cad>90</gpxtpx:cad>
          </gpxtpx:TrackPointExtension>
        </extensions>
      </trkpt>
      <trkpt lat="29.6828668099" lon="106.519532539">
        <ele>352.8</ele>
        <time>2026-10-03T09:25:08+0800</time>
        <extensions>
          <gpxtpx:TrackPointExtension>
            <gpxtpx:hr>148</gpxtpx:hr>
            <gpxtpx:cad>90</gpxtpx:cad>
          </gpxtpx:TrackPointExtension>
        </extensions>
      </trkpt>
      <trkpt lat="29.6828862559" lon="106.519545112">
        <ele>352.6</ele>
        <time>2026-10-03T09:25:09+0800</time>
        <extensions>
          <gpxtpx:TrackPointExtension>
            <gpxtpx:hr>147</gpxtpx:hr>
            <gpxtpx:cad>90</gpxtpx:cad>
          </gpxtpx:TrackPointExtension>
        </extensions>
      </trkpt>
      <trkpt lat="29.6829005051" lon="106.519559696">
        <ele>352.6</ele>
        <time>2026-10-03T09:25:10+0800</time>
        <extensions>
          <gpxtpx:TrackPointExtension>
            <gpxtpx:hr>146</gpxtpx:hr>
            <gpxtpx:cad>91</gpxtpx:cad>
          </gpxtpx:TrackPointExtension>
        </extensions>
      </trkpt>
      <trkpt lat="29.6829223819" lon="106.519574784">
        <ele>352.6</ele>
        <time>2026-10-03T09:25:11+0800</time>
        <extensions>
          <gpxtpx:TrackPointExtension>
            <gpxtpx:hr>146</gpxtpx:hr>
            <gpxtpx:cad>92</gpxtpx:cad>
          </gpxtpx:TrackPointExtension>
        </extensions>
      </trkpt>
      <trkpt lat="29.682937637" lon="106.519586938">
        <ele>352.4</ele>
        <time>2026-10-03T09:25:12+0800</time>
        <extensions>
          <gpxtpx:TrackPointExtension>
            <gpxtpx:hr>146</gpxtpx:hr>
            <gpxtpx:cad>92</gpxtpx:cad>
          </gpxtpx:TrackPointExtension>
        </extensions>
      </trkpt>
      <trkpt lat="29.6829559095" lon="106.519597834">
        <ele>352.4</ele>
        <time>2026-10-03T09:25:13+0800</time>
        <extensions>
          <gpxtpx:TrackPointExtension>
            <gpxtpx:hr>146</gpxtpx:hr>
            <gpxtpx:cad>92</gpxtpx:cad>
          </gpxtpx:TrackPointExtension>
        </extensions>
      </trkpt>
      <trkpt lat="29.6829669736" lon="106.519610323">
        <ele>352.4</ele>
        <time>2026-10-03T09:25:14+0800</time>
        <extensions>
          <gpxtpx:TrackPointExtension>
            <gpxtpx:hr>146</gpxtpx:hr>
            <gpxtpx:cad>90</gpxtpx:cad>
          </gpxtpx:TrackPointExtension>
        </extensions>
      </trkpt>
      <trkpt lat="29.6829837374" lon="106.519626332">
        <ele>352.2</ele>
        <time>2026-10-03T09:25:15+0800</time>
        <extensions>
          <gpxtpx:TrackPointExtension>
            <gpxtpx:hr>147</gpxtpx:hr>
            <gpxtpx:cad>88</gpxtpx:cad>
          </gpxtpx:TrackPointExtension>
        </extensions>
      </trkpt>
      <trkpt lat="29.6829975676" lon="106.519636055">
        <ele>352.2</ele>
        <time>2026-10-03T09:25:16+0800</time>
        <extensions>
          <gpxtpx:TrackPointExtension>
            <gpxtpx:hr>147</gpxtpx:hr>
            <gpxtpx:cad>88</gpxtpx:cad>
          </gpxtpx:TrackPointExtension>
        </extensions>
      </trkpt>
      <trkpt lat="29.6830070391" lon="106.519653238">
        <ele>352.0</ele>
        <time>2026-10-03T09:25:17+0800</time>
        <extensions>
          <gpxtpx:TrackPointExtension>
            <gpxtpx:hr>148</gpxtpx:hr>
            <gpxtpx:cad>89</gpxtpx:cad>
          </gpxtpx:TrackPointExtension>
        </extensions>
      </trkpt>
      <trkpt lat="29.6830151696" lon="106.519675534">
        <ele>352.0</ele>
        <time>2026-10-03T09:25:18+0800</time>
        <extensions>
          <gpxtpx:TrackPointExtension>
            <gpxtpx:hr>148</gpxtpx:hr>
            <gpxtpx:cad>90</gpxtpx:cad>
          </gpxtpx:TrackPointExtension>
        </extensions>
      </trkpt>
      <trkpt lat="29.6830183547" lon="106.519681318">
        <ele>351.8</ele>
        <time>2026-10-03T09:25:19+0800</time>
        <extensions>
          <gpxtpx:TrackPointExtension>
            <gpxtpx:hr>148</gpxtpx:hr>
            <gpxtpx:cad>90</gpxtpx:cad>
          </gpxtpx:TrackPointExtension>
        </extensions>
      </trkpt>
      <trkpt lat="29.6830379684" lon="106.519703697">
        <ele>351.8</ele>
        <time>2026-10-03T09:25:20+0800</time>
        <extensions>
          <gpxtpx:TrackPointExtension>
            <gpxtpx:hr>147</gpxtpx:hr>
            <gpxtpx:cad>91</gpxtpx:cad>
          </gpxtpx:TrackPointExtension>
        </extensions>
      </trkpt>
      <trkpt lat="29.6830461826" lon="106.519708559">
        <ele>351.6</ele>
        <time>2026-10-03T09:25:21+0800</time>
        <extensions>
          <gpxtpx:TrackPointExtension>
            <gpxtpx:hr>147</gpxtpx:hr>
            <gpxtpx:cad>91</gpxtpx:cad>
          </gpxtpx:TrackPointExtension>
        </extensions>
      </trkpt>
      <trkpt lat="29.6830592584" lon="106.519721299">
        <ele>351.6</ele>
        <time>2026-10-03T09:25:22+0800</time>
        <extensions>
          <gpxtpx:TrackPointExtension>
            <gpxtpx:hr>148</gpxtpx:hr>
            <gpxtpx:cad>94</gpxtpx:cad>
          </gpxtpx:TrackPointExtension>
        </extensions>
      </trkpt>
      <trkpt lat="29.6830665506" lon="106.519728759">
        <ele>351.4</ele>
        <time>2026-10-03T09:25:23+0800</time>
        <extensions>
          <gpxtpx:TrackPointExtension>
            <gpxtpx:hr>148</gpxtpx:hr>
            <gpxtpx:cad>94</gpxtpx:cad>
          </gpxtpx:TrackPointExtension>
        </extensions>
      </trkpt>
      <trkpt lat="29.683083985" lon="106.51974217">
        <ele>351.4</ele>
        <time>2026-10-03T09:25:24+0800</time>
        <extensions>
          <gpxtpx:TrackPointExtension>
            <gpxtpx:hr>148</gpxtpx:hr>
            <gpxtpx:cad>94</gpxtpx:cad>
          </gpxtpx:TrackPointExtension>
        </extensions>
      </trkpt>
      <trkpt lat="29.6830994077" lon="106.519754324">
        <ele>351.4</ele>
        <time>2026-10-03T09:25:25+0800</time>
        <extensions>
          <gpxtpx:TrackPointExtension>
            <gpxtpx:hr>148</gpxtpx:hr>
            <gpxtpx:cad>94</gpxtpx:cad>
          </gpxtpx:TrackPointExtension>
        </extensions>
      </trkpt>
      <trkpt lat="29.6831225418" lon="106.519761197">
        <ele>351.4</ele>
        <time>2026-10-03T09:25:26+0800</time>
        <extensions>
          <gpxtpx:TrackPointExtension>
            <gpxtpx:hr>148</gpxtpx:hr>
            <gpxtpx:cad>92</gpxtpx:cad>
          </gpxtpx:TrackPointExtension>
        </extensions>
      </trkpt>
      <trkpt lat="29.6831416525" lon="106.519773351">
        <ele>351.2</ele>
        <time>2026-10-03T09:25:27+0800</time>
        <extensions>
          <gpxtpx:TrackPointExtension>
            <gpxtpx:hr>148</gpxtpx:hr>
            <gpxtpx:cad>92</gpxtpx:cad>
          </gpxtpx:TrackPointExtension>
        </extensions>
      </trkpt>
      <trkpt lat="29.6831641998" lon="106.51978475">
        <ele>351.2</ele>
        <time>2026-10-03T09:25:28+0800</time>
        <extensions>
          <gpxtpx:TrackPointExtension>
            <gpxtpx:hr>149</gpxtpx:hr>
            <gpxtpx:cad>92</gpxtpx:cad>
          </gpxtpx:TrackPointExtension>
        </extensions>
      </trkpt>
      <trkpt lat="29.6831802092" lon="106.519799586">
        <ele>351.2</ele>
        <time>2026-10-03T09:25:29+0800</time>
        <extensions>
          <gpxtpx:TrackPointExtension>
            <gpxtpx:hr>149</gpxtpx:hr>
            <gpxtpx:cad>92</gpxtpx:cad>
          </gpxtpx:TrackPointExtension>
        </extensions>
      </trkpt>
      <trkpt lat="29.6832054388" lon="106.51979221">
        <ele>351.0</ele>
        <time>2026-10-03T09:25:30+0800</time>
        <extensions>
          <gpxtpx:TrackPointExtension>
            <gpxtpx:hr>150</gpxtpx:hr>
            <gpxtpx:cad>92</gpxtpx:cad>
          </gpxtpx:TrackPointExtension>
        </extensions>
      </trkpt>
      <trkpt lat="29.6832237113" lon="106.519793803">
        <ele>351.0</ele>
        <time>2026-10-03T09:25:31+0800</time>
        <extensions>
          <gpxtpx:TrackPointExtension>
            <gpxtpx:hr>151</gpxtpx:hr>
            <gpxtpx:cad>92</gpxtpx:cad>
          </gpxtpx:TrackPointExtension>
        </extensions>
      </trkpt>
      <trkpt lat="29.6832434926" lon="106.519789109">
        <ele>350.8</ele>
        <time>2026-10-03T09:25:32+0800</time>
        <extensions>
          <gpxtpx:TrackPointExtension>
            <gpxtpx:hr>152</gpxtpx:hr>
            <gpxtpx:cad>92</gpxtpx:cad>
          </gpxtpx:TrackPointExtension>
        </extensions>
      </trkpt>
      <trkpt lat="29.6832703147" lon="106.519782739">
        <ele>350.8</ele>
        <time>2026-10-03T09:25:33+0800</time>
        <extensions>
          <gpxtpx:TrackPointExtension>
            <gpxtpx:hr>152</gpxtpx:hr>
            <gpxtpx:cad>92</gpxtpx:cad>
          </gpxtpx:TrackPointExtension>
        </extensions>
      </trkpt>
      <trkpt lat="29.6832959633" lon="106.519781817">
        <ele>350.6</ele>
        <time>2026-10-03T09:25:34+0800</time>
        <extensions>
          <gpxtpx:TrackPointExtension>
            <gpxtpx:hr>153</gpxtpx:hr>
            <gpxtpx:cad>92</gpxtpx:cad>
          </gpxtpx:TrackPointExtension>
        </extensions>
      </trkpt>
      <trkpt lat="29.683322534" lon="106.519795647">
        <ele>350.2</ele>
        <time>2026-10-03T09:25:35+0800</time>
        <extensions>
          <gpxtpx:TrackPointExtension>
            <gpxtpx:hr>153</gpxtpx:hr>
            <gpxtpx:cad>92</gpxtpx:cad>
          </gpxtpx:TrackPointExtension>
        </extensions>
      </trkpt>
      <trkpt lat="29.6833491884" lon="106.519817105">
        <ele>350.2</ele>
        <time>2026-10-03T09:25:36+0800</time>
        <extensions>
          <gpxtpx:TrackPointExtension>
            <gpxtpx:hr>154</gpxtpx:hr>
            <gpxtpx:cad>92</gpxtpx:cad>
          </gpxtpx:TrackPointExtension>
        </extensions>
      </trkpt>
      <trkpt lat="29.6833537146" lon="106.519834539">
        <ele>350.0</ele>
        <time>2026-10-03T09:25:37+0800</time>
        <extensions>
          <gpxtpx:TrackPointExtension>
            <gpxtpx:hr>154</gpxtpx:hr>
            <gpxtpx:cad>92</gpxtpx:cad>
          </gpxtpx:TrackPointExtension>
        </extensions>
      </trkpt>
      <trkpt lat="29.6833378728" lon="106.519847112">
        <ele>350.0</ele>
        <time>2026-10-03T09:25:38+0800</time>
        <extensions>
          <gpxtpx:TrackPointExtension>
            <gpxtpx:hr>155</gpxtpx:hr>
            <gpxtpx:cad>92</gpxtpx:cad>
          </gpxtpx:TrackPointExtension>
        </extensions>
      </trkpt>
      <trkpt lat="29.683318343" lon="106.519862199">
        <ele>350.2</ele>
        <time>2026-10-03T09:25:39+0800</time>
        <extensions>
          <gpxtpx:TrackPointExtension>
            <gpxtpx:hr>156</gpxtpx:hr>
            <gpxtpx:cad>92</gpxtpx:cad>
          </gpxtpx:TrackPointExtension>
        </extensions>
      </trkpt>
      <trkpt lat="29.683307698" lon="106.519878292">
        <ele>350.4</ele>
        <time>2026-10-03T09:25:40+0800</time>
        <extensions>
          <gpxtpx:TrackPointExtension>
            <gpxtpx:hr>156</gpxtpx:hr>
            <gpxtpx:cad>100</gpxtpx:cad>
          </gpxtpx:TrackPointExtension>
        </extensions>
      </trkpt>
      <trkpt lat="29.68330862" lon="106.519897738">
        <ele>350.6</ele>
        <time>2026-10-03T09:25:41+0800</time>
        <extensions>
          <gpxtpx:TrackPointExtension>
            <gpxtpx:hr>157</gpxtpx:hr>
            <gpxtpx:cad>100</gpxtpx:cad>
          </gpxtpx:TrackPointExtension>
        </extensions>
      </trkpt>
      <trkpt lat="29.6833034232" lon="106.519914586">
        <ele>350.6</ele>
        <time>2026-10-03T09:25:42+0800</time>
        <extensions>
          <gpxtpx:TrackPointExtension>
            <gpxtpx:hr>157</gpxtpx:hr>
            <gpxtpx:cad>100</gpxtpx:cad>
          </gpxtpx:TrackPointExtension>
        </extensions>
      </trkpt>
      <trkpt lat="29.6833052672" lon="106.519936882">
        <ele>350.8</ele>
        <time>2026-10-03T09:25:43+0800</time>
        <extensions>
          <gpxtpx:TrackPointExtension>
            <gpxtpx:hr>158</gpxtpx:hr>
            <gpxtpx:cad>100</gpxtpx:cad>
          </gpxtpx:TrackPointExtension>
        </extensions>
      </trkpt>
      <trkpt lat="29.6833122242" lon="106.519956663">
        <ele>350.8</ele>
        <time>2026-10-03T09:25:44+0800</time>
        <extensions>
          <gpxtpx:TrackPointExtension>
            <gpxtpx:hr>158</gpxtpx:hr>
            <gpxtpx:cad>100</gpxtpx:cad>
          </gpxtpx:TrackPointExtension>
        </extensions>
      </trkpt>
      <trkpt lat="29.6833254676" lon="106.519971164">
        <ele>350.6</ele>
        <time>2026-10-03T09:25:45+0800</time>
        <extensions>
          <gpxtpx:TrackPointExtension>
            <gpxtpx:hr>159</gpxtpx:hr>
            <gpxtpx:cad>100</gpxtpx:cad>
          </gpxtpx:TrackPointExtension>
        </extensions>
      </trkpt>
      <trkpt lat="29.6833502781" lon="106.519988012">
        <ele>350.4</ele>
        <time>2026-10-03T09:25:46+0800</time>
        <extensions>
          <gpxtpx:TrackPointExtension>
            <gpxtpx:hr>159</gpxtpx:hr>
            <gpxtpx:cad>100</gpxtpx:cad>
          </gpxtpx:TrackPointExtension>
        </extensions>
      </trkpt>
      <trkpt lat="29.6833706461" lon="106.520003602">
        <ele>350.4</ele>
        <time>2026-10-03T09:25:47+0800</time>
        <extensions>
          <gpxtpx:TrackPointExtension>
            <gpxtpx:hr>160</gpxtpx:hr>
            <gpxtpx:cad>100</gpxtpx:cad>
          </gpxtpx:TrackPointExtension>
        </extensions>
      </trkpt>
      <trkpt lat="29.6833865717" lon="106.520022294">
        <ele>350.2</ele>
        <time>2026-10-03T09:25:48+0800</time>
        <extensions>
          <gpxtpx:TrackPointExtension>
            <gpxtpx:hr>160</gpxtpx:hr>
            <gpxtpx:cad>100</gpxtpx:cad>
          </gpxtpx:TrackPointExtension>
        </extensions>
      </trkpt>
      <trkpt lat="29.6834112983" lon="106.520035621">
        <ele>350.2</ele>
        <time>2026-10-03T09:25:49+0800</time>
        <extensions>
          <gpxtpx:TrackPointExtension>
            <gpxtpx:hr>160</gpxtpx:hr>
            <gpxtpx:cad>100</gpxtpx:cad>
          </gpxtpx:TrackPointExtension>
        </extensions>
      </trkpt>
      <trkpt lat="29.6834283974" lon="106.520053139">
        <ele>350.0</ele>
        <time>2026-10-03T09:25:50+0800</time>
        <extensions>
          <gpxtpx:TrackPointExtension>
            <gpxtpx:hr>161</gpxtpx:hr>
            <gpxtpx:cad>92</gpxtpx:cad>
          </gpxtpx:TrackPointExtension>
        </extensions>
      </trkpt>
      <trkpt lat="29.6834517829" lon="106.520074513">
        <ele>350.0</ele>
        <time>2026-10-03T09:25:51+0800</time>
        <extensions>
          <gpxtpx:TrackPointExtension>
            <gpxtpx:hr>161</gpxtpx:hr>
            <gpxtpx:cad>92</gpxtpx:cad>
          </gpxtpx:TrackPointExtension>
        </extensions>
      </trkpt>
      <trkpt lat="29.6834662836" lon="106.520089014">
        <ele>349.8</ele>
        <time>2026-10-03T09:25:52+0800</time>
        <extensions>
          <gpxtpx:TrackPointExtension>
            <gpxtpx:hr>162</gpxtpx:hr>
            <gpxtpx:cad>92</gpxtpx:cad>
          </gpxtpx:TrackPointExtension>
        </extensions>
      </trkpt>
      <trkpt lat="29.6834908426" lon="106.520109884">
        <ele>349.8</ele>
        <time>2026-10-03T09:25:53+0800</time>
        <extensions>
          <gpxtpx:TrackPointExtension>
            <gpxtpx:hr>162</gpxtpx:hr>
            <gpxtpx:cad>92</gpxtpx:cad>
          </gpxtpx:TrackPointExtension>
        </extensions>
      </trkpt>
      <trkpt lat="29.6835050918" lon="106.520128408">
        <ele>349.6</ele>
        <time>2026-10-03T09:25:54+0800</time>
        <extensions>
          <gpxtpx:TrackPointExtension>
            <gpxtpx:hr>163</gpxtpx:hr>
            <gpxtpx:cad>94</gpxtpx:cad>
          </gpxtpx:TrackPointExtension>
        </extensions>
      </trkpt>
      <trkpt lat="29.6835205983" lon="106.520148441">
        <ele>349.6</ele>
        <time>2026-10-03T09:25:55+0800</time>
        <extensions>
          <gpxtpx:TrackPointExtension>
            <gpxtpx:hr>163</gpxtpx:hr>
            <gpxtpx:cad>94</gpxtpx:cad>
          </gpxtpx:TrackPointExtension>
        </extensions>
      </trkpt>
      <trkpt lat="29.6835497674" lon="106.520175179">
        <ele>349.4</ele>
        <time>2026-10-03T09:25:56+0800</time>
        <extensions>
          <gpxtpx:TrackPointExtension>
            <gpxtpx:hr>164</gpxtpx:hr>
            <gpxtpx:cad>94</gpxtpx:cad>
          </gpxtpx:TrackPointExtension>
        </extensions>
      </trkpt>
      <trkpt lat="29.6835626755" lon="106.520193033">
        <ele>349.2</ele>
        <time>2026-10-03T09:25:57+0800</time>
        <extensions>
          <gpxtpx:TrackPointExtension>
            <gpxtpx:hr>165</gpxtpx:hr>
            <gpxtpx:cad>94</gpxtpx:cad>
          </gpxtpx:TrackPointExtension>
        </extensions>
      </trkpt>
      <trkpt lat="29.6835861448" lon="106.520212814">
        <ele>349.0</ele>
        <time>2026-10-03T09:25:58+0800</time>
        <extensions>
          <gpxtpx:TrackPointExtension>
            <gpxtpx:hr>166</gpxtpx:hr>
            <gpxtpx:cad>94</gpxtpx:cad>
          </gpxtpx:TrackPointExtension>
        </extensions>
      </trkpt>
      <trkpt lat="29.6836029924" lon="106.520231087">
        <ele>348.8</ele>
        <time>2026-10-03T09:25:59+0800</time>
        <extensions>
          <gpxtpx:TrackPointExtension>
            <gpxtpx:hr>166</gpxtpx:hr>
            <gpxtpx:cad>94</gpxtpx:cad>
          </gpxtpx:TrackPointExtension>
        </extensions>
      </trkpt>
      <trkpt lat="29.6836221032" lon="106.520249275">
        <ele>348.6</ele>
        <time>2026-10-03T09:26:00+0800</time>
        <extensions>
          <gpxtpx:TrackPointExtension>
            <gpxtpx:hr>167</gpxtpx:hr>
            <gpxtpx:cad>94</gpxtpx:cad>
          </gpxtpx:TrackPointExtension>
        </extensions>
      </trkpt>
      <trkpt lat="29.68364398" lon="106.520263609">
        <ele>348.4</ele>
        <time>2026-10-03T09:26:01+0800</time>
        <extensions>
          <gpxtpx:TrackPointExtension>
            <gpxtpx:hr>167</gpxtpx:hr>
            <gpxtpx:cad>94</gpxtpx:cad>
          </gpxtpx:TrackPointExtension>
        </extensions>
      </trkpt>
      <trkpt lat="29.6836594027" lon="106.52028163">
        <ele>348.2</ele>
        <time>2026-10-03T09:26:02+0800</time>
        <extensions>
          <gpxtpx:TrackPointExtension>
            <gpxtpx:hr>168</gpxtpx:hr>
            <gpxtpx:cad>94</gpxtpx:cad>
          </gpxtpx:TrackPointExtension>
        </extensions>
      </trkpt>
      <trkpt lat="29.6836850513" lon="106.52030359">
        <ele>347.8</ele>
        <time>2026-10-03T09:26:03+0800</time>
        <extensions>
          <gpxtpx:TrackPointExtension>
            <gpxtpx:hr>168</gpxtpx:hr>
            <gpxtpx:cad>94</gpxtpx:cad>
          </gpxtpx:TrackPointExtension>
        </extensions>
      </trkpt>
      <trkpt lat="29.6837094426" lon="106.520316247">
        <ele>347.4</ele>
        <time>2026-10-03T09:26:04+0800</time>
        <extensions>
          <gpxtpx:TrackPointExtension>
            <gpxtpx:hr>169</gpxtpx:hr>
            <gpxtpx:cad>94</gpxtpx:cad>
          </gpxtpx:TrackPointExtension>
        </extensions>
      </trkpt>
      <trkpt lat="29.6837433055" lon="106.520345416">
        <ele>347.2</ele>
        <time>2026-10-03T09:26:05+0800</time>
        <extensions>
          <gpxtpx:TrackPointExtension>
            <gpxtpx:hr>169</gpxtpx:hr>
            <gpxtpx:cad>94</gpxtpx:cad>
          </gpxtpx:TrackPointExtension>
        </extensions>
      </trkpt>
      <trkpt lat="29.683761159" lon="106.520372406">
        <ele>347.0</ele>
        <time>2026-10-03T09:26:06+0800</time>
        <extensions>
          <gpxtpx:TrackPointExtension>
            <gpxtpx:hr>169</gpxtpx:hr>
            <gpxtpx:cad>94</gpxtpx:cad>
          </gpxtpx:TrackPointExtension>
        </extensions>
      </trkpt>
      <trkpt lat="29.6837892383" lon="106.520393696">
        <ele>346.6</ele>
        <time>2026-10-03T09:26:07+0800</time>
        <extensions>
          <gpxtpx:TrackPointExtension>
            <gpxtpx:hr>169</gpxtpx:hr>
            <gpxtpx:cad>94</gpxtpx:cad>
          </gpxtpx:TrackPointExtension>
        </extensions>
      </trkpt>
      <trkpt lat="29.6838147193" lon="106.520415908">
        <ele>346.4</ele>
        <time>2026-10-03T09:26:08+0800</time>
        <extensions>
          <gpxtpx:TrackPointExtension>
            <gpxtpx:hr>170</gpxtpx:hr>
            <gpxtpx:cad>94</gpxtpx:cad>
          </gpxtpx:TrackPointExtension>
        </extensions>
      </trkpt>
      <trkpt lat="29.6838341653" lon="106.520440048">
        <ele>346.2</ele>
        <time>2026-10-03T09:26:09+0800</time>
        <extensions>
          <gpxtpx:TrackPointExtension>
            <gpxtpx:hr>170</gpxtpx:hr>
            <gpxtpx:cad>94</gpxtpx:cad>
          </gpxtpx:TrackPointExtension>
        </extensions>
      </trkpt>
      <trkpt lat="29.6838552039" lon="106.520464858">
        <ele>346.0</ele>
        <time>2026-10-03T09:26:10+0800</time>
        <extensions>
          <gpxtpx:TrackPointExtension>
            <gpxtpx:hr>170</gpxtpx:hr>
            <gpxtpx:cad>94</gpxtpx:cad>
          </gpxtpx:TrackPointExtension>
        </extensions>
      </trkpt>
      <trkpt lat="29.6838737279" lon="106.520482879">
        <ele>345.6</ele>
        <time>2026-10-03T09:26:11+0800</time>
        <extensions>
          <gpxtpx:TrackPointExtension>
            <gpxtpx:hr>171</gpxtpx:hr>
            <gpxtpx:cad>97</gpxtpx:cad>
          </gpxtpx:TrackPointExtension>
        </extensions>
      </trkpt>
      <trkpt lat="29.6838970296" lon="106.520492267">
        <ele>345.4</ele>
        <time>2026-10-03T09:26:12+0800</time>
        <extensions>
          <gpxtpx:TrackPointExtension>
            <gpxtpx:hr>171</gpxtpx:hr>
            <gpxtpx:cad>97</gpxtpx:cad>
          </gpxtpx:TrackPointExtension>
        </extensions>
      </trkpt>
      <trkpt lat="29.6839239355" lon="106.520506181">
        <ele>345.0</ele>
        <time>2026-10-03T09:26:13+0800</time>
        <extensions>
          <gpxtpx:TrackPointExtension>
            <gpxtpx:hr>172</gpxtpx:hr>
            <gpxtpx:cad>97</gpxtpx:cad>
          </gpxtpx:TrackPointExtension>
        </extensions>
      </trkpt>
      <trkpt lat="29.6839582175" lon="106.520506097">
        <ele>345.0</ele>
        <time>2026-10-03T09:26:14+0800</time>
        <extensions>
          <gpxtpx:TrackPointExtension>
            <gpxtpx:hr>172</gpxtpx:hr>
            <gpxtpx:cad>97</gpxtpx:cad>
          </gpxtpx:TrackPointExtension>
        </extensions>
      </trkpt>
      <trkpt lat="29.6839801781" lon="106.520500397">
        <ele>344.6</ele>
        <time>2026-10-03T09:26:15+0800</time>
        <extensions>
          <gpxtpx:TrackPointExtension>
            <gpxtpx:hr>173</gpxtpx:hr>
            <gpxtpx:cad>97</gpxtpx:cad>
          </gpxtpx:TrackPointExtension>
        </extensions>
      </trkpt>
      <trkpt lat="29.683993673" lon="106.520488746">
        <ele>344.2</ele>
        <time>2026-10-03T09:26:16+0800</time>
        <extensions>
          <gpxtpx:TrackPointExtension>
            <gpxtpx:hr>173</gpxtpx:hr>
            <gpxtpx:cad>0</gpxtpx:cad>
          </gpxtpx:TrackPointExtension>
        </extensions>
      </trkpt>
      <trkpt lat="29.6839779988" lon="106.520492854">
        <ele>344.2</ele>
        <time>2026-10-03T09:26:17+0800</time>
        <extensions>
          <gpxtpx:TrackPointExtension>
            <gpxtpx:hr>173</gpxtpx:hr>
            <gpxtpx:cad>0</gpxtpx:cad>
          </gpxtpx:TrackPointExtension>
        </extensions>
      </trkpt>
      <trkpt lat="29.6839661803" lon="106.520502493">
        <ele>344.0</ele>
        <time>2026-10-03T09:26:18+0800</time>
        <extensions>
          <gpxtpx:TrackPointExtension>
            <gpxtpx:hr>173</gpxtpx:hr>
            <gpxtpx:cad>0</gpxtpx:cad>
          </gpxtpx:TrackPointExtension>
        </extensions>
      </trkpt>
      <trkpt lat="29.6839707065" lon="106.520519843">
        <ele>344.0</ele>
        <time>2026-10-03T09:26:19+0800</time>
        <extensions>
          <gpxtpx:TrackPointExtension>
            <gpxtpx:hr>173</gpxtpx:hr>
            <gpxtpx:cad>0</gpxtpx:cad>
          </gpxtpx:TrackPointExtension>
        </extensions>
      </trkpt>
      <trkpt lat="29.6839856263" lon="106.520521604">
        <ele>344.0</ele>
        <time>2026-10-03T09:26:20+0800</time>
        <extensions>
          <gpxtpx:TrackPointExtension>
            <gpxtpx:hr>174</gpxtpx:hr>
            <gpxtpx:cad>0</gpxtpx:cad>
          </gpxtpx:TrackPointExtension>
        </extensions>
      </trkpt>
      <trkpt lat="29.6840102691" lon="106.52052152">
        <ele>344.2</ele>
        <time>2026-10-03T09:26:21+0800</time>
        <extensions>
          <gpxtpx:TrackPointExtension>
            <gpxtpx:hr>174</gpxtpx:hr>
            <gpxtpx:cad>0</gpxtpx:cad>
          </gpxtpx:TrackPointExtension>
        </extensions>
      </trkpt>
      <trkpt lat="29.6840308048" lon="106.52052898">
        <ele>344.0</ele>
        <time>2026-10-03T09:26:22+0800</time>
        <extensions>
          <gpxtpx:TrackPointExtension>
            <gpxtpx:hr>174</gpxtpx:hr>
            <gpxtpx:cad>0</gpxtpx:cad>
          </gpxtpx:TrackPointExtension>
        </extensions>
      </trkpt>
      <trkpt lat="29.6840588003" lon="106.520537362">
        <ele>343.8</ele>
        <time>2026-10-03T09:26:23+0800</time>
        <extensions>
          <gpxtpx:TrackPointExtension>
            <gpxtpx:hr>174</gpxtpx:hr>
            <gpxtpx:cad>0</gpxtpx:cad>
          </gpxtpx:TrackPointExtension>
        </extensions>
      </trkpt>
      <trkpt lat="29.6840852872" lon="106.520543396">
        <ele>343.4</ele>
        <time>2026-10-03T09:26:24+0800</time>
        <extensions>
          <gpxtpx:TrackPointExtension>
            <gpxtpx:hr>173</gpxtpx:hr>
            <gpxtpx:cad>0</gpxtpx:cad>
          </gpxtpx:TrackPointExtension>
        </extensions>
      </trkpt>
      <trkpt lat="29.6841188148" lon="106.520543983">
        <ele>343.0</ele>
        <time>2026-10-03T09:26:25+0800</time>
        <extensions>
          <gpxtpx:TrackPointExtension>
            <gpxtpx:hr>173</gpxtpx:hr>
            <gpxtpx:cad>92</gpxtpx:cad>
          </gpxtpx:TrackPointExtension>
        </extensions>
      </trkpt>
      <trkpt lat="29.6841503307" lon="106.520543061">
        <ele>342.4</ele>
        <time>2026-10-03T09:26:26+0800</time>
        <extensions>
          <gpxtpx:TrackPointExtension>
            <gpxtpx:hr>173</gpxtpx:hr>
            <gpxtpx:cad>92</gpxtpx:cad>
          </gpxtpx:TrackPointExtension>
        </extensions>
      </trkpt>
      <trkpt lat="29.6841842774" lon="106.520534344">
        <ele>342.0</ele>
        <time>2026-10-03T09:26:27+0800</time>
        <extensions>
          <gpxtpx:TrackPointExtension>
            <gpxtpx:hr>174</gpxtpx:hr>
            <gpxtpx:cad>92</gpxtpx:cad>
          </gpxtpx:TrackPointExtension>
        </extensions>
      </trkpt>
      <trkpt lat="29.6842065733" lon="106.520547168">
        <ele>341.6</ele>
        <time>2026-10-03T09:26:28+0800</time>
        <extensions>
          <gpxtpx:TrackPointExtension>
            <gpxtpx:hr>175</gpxtpx:hr>
            <gpxtpx:cad>92</gpxtpx:cad>
          </gpxtpx:TrackPointExtension>
        </extensions>
      </trkpt>
      <trkpt lat="29.6842316352" lon="106.520537445">
        <ele>341.4</ele>
        <time>2026-10-03T09:26:29+0800</time>
        <extensions>
          <gpxtpx:TrackPointExtension>
            <gpxtpx:hr>176</gpxtpx:hr>
            <gpxtpx:cad>90</gpxtpx:cad>
          </gpxtpx:TrackPointExtension>
        </extensions>
      </trkpt>
      <trkpt lat="29.6842483152" lon="106.520527555">
        <ele>341.0</ele>
        <time>2026-10-03T09:26:30+0800</time>
        <extensions>
          <gpxtpx:TrackPointExtension>
            <gpxtpx:hr>177</gpxtpx:hr>
            <gpxtpx:cad>90</gpxtpx:cad>
          </gpxtpx:TrackPointExtension>
        </extensions>
      </trkpt>
      <trkpt lat="29.6842664201" lon="106.520501655">
        <ele>340.8</ele>
        <time>2026-10-03T09:26:31+0800</time>
        <extensions>
          <gpxtpx:TrackPointExtension>
            <gpxtpx:hr>178</gpxtpx:hr>
            <gpxtpx:cad>90</gpxtpx:cad>
          </gpxtpx:TrackPointExtension>
        </extensions>
      </trkpt>
      <trkpt lat="29.6842825972" lon="106.520488327">
        <ele>340.8</ele>
        <time>2026-10-03T09:26:32+0800</time>
        <extensions>
          <gpxtpx:TrackPointExtension>
            <gpxtpx:hr>178</gpxtpx:hr>
            <gpxtpx:cad>90</gpxtpx:cad>
          </gpxtpx:TrackPointExtension>
        </extensions>
      </trkpt>
      <trkpt lat="29.6842940804" lon="106.520480113">
        <ele>340.6</ele>
        <time>2026-10-03T09:26:33+0800</time>
        <extensions>
          <gpxtpx:TrackPointExtension>
            <gpxtpx:hr>178</gpxtpx:hr>
            <gpxtpx:cad>99</gpxtpx:cad>
          </gpxtpx:TrackPointExtension>
        </extensions>
      </trkpt>
      <trkpt lat="29.6843167115" lon="106.520462763">
        <ele>340.4</ele>
        <time>2026-10-03T09:26:34+0800</time>
        <extensions>
          <gpxtpx:TrackPointExtension>
            <gpxtpx:hr>178</gpxtpx:hr>
            <gpxtpx:cad>99</gpxtpx:cad>
          </gpxtpx:TrackPointExtension>
        </extensions>
      </trkpt>
      <trkpt lat="29.6843418572" lon="106.520440131">
        <ele>340.2</ele>
        <time>2026-10-03T09:26:35+0800</time>
        <extensions>
          <gpxtpx:TrackPointExtension>
            <gpxtpx:hr>178</gpxtpx:hr>
            <gpxtpx:cad>99</gpxtpx:cad>
          </gpxtpx:TrackPointExtension>
        </extensions>
      </trkpt>
      <trkpt lat="29.6843523346" lon="106.520413812">
        <ele>339.6</ele>
        <time>2026-10-03T09:26:36+0800</time>
        <extensions>
          <gpxtpx:TrackPointExtension>
            <gpxtpx:hr>178</gpxtpx:hr>
            <gpxtpx:cad>99</gpxtpx:cad>
          </gpxtpx:TrackPointExtension>
        </extensions>
      </trkpt>
      <trkpt lat="29.6843617223" lon="106.520398641">
        <ele>339.2</ele>
        <time>2026-10-03T09:26:37+0800</time>
        <extensions>
          <gpxtpx:TrackPointExtension>
            <gpxtpx:hr>178</gpxtpx:hr>
            <gpxtpx:cad>99</gpxtpx:cad>
          </gpxtpx:TrackPointExtension>
        </extensions>
      </trkpt>
      <trkpt lat="29.6843778156" lon="106.520371065">
        <ele>339.0</ele>
        <time>2026-10-03T09:26:38+0800</time>
        <extensions>
          <gpxtpx:TrackPointExtension>
            <gpxtpx:hr>179</gpxtpx:hr>
            <gpxtpx:cad>0</gpxtpx:cad>
          </gpxtpx:TrackPointExtension>
        </extensions>
      </trkpt>
      <trkpt lat="29.6843926515" lon="106.520350864">
        <ele>338.6</ele>
        <time>2026-10-03T09:26:39+0800</time>
        <extensions>
          <gpxtpx:TrackPointExtension>
            <gpxtpx:hr>178</gpxtpx:hr>
            <gpxtpx:cad>0</gpxtpx:cad>
          </gpxtpx:TrackPointExtension>
        </extensions>
      </trkpt>
      <trkpt lat="29.6844152827" lon="106.520319348">
        <ele>338.4</ele>
        <time>2026-10-03T09:26:40+0800</time>
        <extensions>
          <gpxtpx:TrackPointExtension>
            <gpxtpx:hr>179</gpxtpx:hr>
            <gpxtpx:cad>0</gpxtpx:cad>
          </gpxtpx:TrackPointExtension>
        </extensions>
      </trkpt>
      <trkpt lat="29.6844365727" lon="106.520294622">
        <ele>338.2</ele>
        <time>2026-10-03T09:26:41+0800</time>
        <extensions>
          <gpxtpx:TrackPointExtension>
            <gpxtpx:hr>179</gpxtpx:hr>
            <gpxtpx:cad>0</gpxtpx:cad>
          </gpxtpx:TrackPointExtension>
        </extensions>
      </trkpt>
      <trkpt lat="29.6844518278" lon="106.520265955">
        <ele>338.0</ele>
        <time>2026-10-03T09:26:42+0800</time>
        <extensions>
          <gpxtpx:TrackPointExtension>
            <gpxtpx:hr>179</gpxtpx:hr>
            <gpxtpx:cad>0</gpxtpx:cad>
          </gpxtpx:TrackPointExtension>
        </extensions>
      </trkpt>
      <trkpt lat="29.6844656579" lon="106.520247934">
        <ele>337.8</ele>
        <time>2026-10-03T09:26:43+0800</time>
        <extensions>
          <gpxtpx:TrackPointExtension>
            <gpxtpx:hr>178</gpxtpx:hr>
            <gpxtpx:cad>0</gpxtpx:cad>
          </gpxtpx:TrackPointExtension>
        </extensions>
      </trkpt>
      <trkpt lat="29.6844816674" lon="106.520226477">
        <ele>337.8</ele>
        <time>2026-10-03T09:26:44+0800</time>
        <extensions>
          <gpxtpx:TrackPointExtension>
            <gpxtpx:hr>179</gpxtpx:hr>
            <gpxtpx:cad>0</gpxtpx:cad>
          </gpxtpx:TrackPointExtension>
        </extensions>
      </trkpt>
      <trkpt lat="29.6844953299" lon="106.520206528">
        <ele>337.6</ele>
        <time>2026-10-03T09:26:45+0800</time>
        <extensions>
          <gpxtpx:TrackPointExtension>
            <gpxtpx:hr>179</gpxtpx:hr>
            <gpxtpx:cad>0</gpxtpx:cad>
          </gpxtpx:TrackPointExtension>
        </extensions>
      </trkpt>
      <trkpt lat="29.6845094115" lon="106.520184483">
        <ele>337.6</ele>
        <time>2026-10-03T09:26:46+0800</time>
        <extensions>
          <gpxtpx:TrackPointExtension>
            <gpxtpx:hr>179</gpxtpx:hr>
            <gpxtpx:cad>0</gpxtpx:cad>
          </gpxtpx:TrackPointExtension>
        </extensions>
      </trkpt>
      <trkpt lat="29.6845270973" lon="106.520167971">
        <ele>337.6</ele>
        <time>2026-10-03T09:26:47+0800</time>
        <extensions>
          <gpxtpx:TrackPointExtension>
            <gpxtpx:hr>179</gpxtpx:hr>
            <gpxtpx:cad>0</gpxtpx:cad>
          </gpxtpx:TrackPointExtension>
        </extensions>
      </trkpt>
      <trkpt lat="29.6845447831" lon="106.520143664">
        <ele>337.4</ele>
        <time>2026-10-03T09:26:48+0800</time>
        <extensions>
          <gpxtpx:TrackPointExtension>
            <gpxtpx:hr>179</gpxtpx:hr>
            <gpxtpx:cad>0</gpxtpx:cad>
          </gpxtpx:TrackPointExtension>
        </extensions>
      </trkpt>
      <trkpt lat="29.6845564339" lon="106.520126816">
        <ele>337.2</ele>
        <time>2026-10-03T09:26:49+0800</time>
        <extensions>
          <gpxtpx:TrackPointExtension>
            <gpxtpx:hr>179</gpxtpx:hr>
            <gpxtpx:cad>91</gpxtpx:cad>
          </gpxtpx:TrackPointExtension>
        </extensions>
      </trkpt>
      <trkpt lat="29.6845705155" lon="106.520106951">
        <ele>336.8</ele>
        <time>2026-10-03T09:26:50+0800</time>
        <extensions>
          <gpxtpx:TrackPointExtension>
            <gpxtpx:hr>178</gpxtpx:hr>
            <gpxtpx:cad>91</gpxtpx:cad>
          </gpxtpx:TrackPointExtension>
        </extensions>
      </trkpt>
      <trkpt lat="29.684588369" lon="106.520080967">
        <ele>336.4</ele>
        <time>2026-10-03T09:26:51+0800</time>
        <extensions>
          <gpxtpx:TrackPointExtension>
            <gpxtpx:hr>178</gpxtpx:hr>
            <gpxtpx:cad>91</gpxtpx:cad>
          </gpxtpx:TrackPointExtension>
        </extensions>
      </trkpt>
      <trkpt lat="29.6845996846" lon="106.520052133">
        <ele>336.2</ele>
        <time>2026-10-03T09:26:52+0800</time>
        <extensions>
          <gpxtpx:TrackPointExtension>
            <gpxtpx:hr>178</gpxtpx:hr>
            <gpxtpx:cad>44</gpxtpx:cad>
          </gpxtpx:TrackPointExtension>
        </extensions>
      </trkpt>
      <trkpt lat="29.6846164484" lon="106.520033777">
        <ele>336.2</ele>
        <time>2026-10-03T09:26:53+0800</time>
        <extensions>
          <gpxtpx:TrackPointExtension>
            <gpxtpx:hr>178</gpxtpx:hr>
            <gpxtpx:cad>44</gpxtpx:cad>
          </gpxtpx:TrackPointExtension>
        </extensions>
      </trkpt>
      <trkpt lat="29.6846326254" lon="106.520006703">
        <ele>336.0</ele>
        <time>2026-10-03T09:26:54+0800</time>
        <extensions>
          <gpxtpx:TrackPointExtension>
            <gpxtpx:hr>178</gpxtpx:hr>
            <gpxtpx:cad>44</gpxtpx:cad>
          </gpxtpx:TrackPointExtension>
        </extensions>
      </trkpt>
      <trkpt lat="29.6846456174" lon="106.519994633">
        <ele>336.0</ele>
        <time>2026-10-03T09:26:55+0800</time>
        <extensions>
          <gpxtpx:TrackPointExtension>
            <gpxtpx:hr>178</gpxtpx:hr>
            <gpxtpx:cad>44</gpxtpx:cad>
          </gpxtpx:TrackPointExtension>
        </extensions>
      </trkpt>
      <trkpt lat="29.6846625488" lon="106.519965967">
        <ele>336.0</ele>
        <time>2026-10-03T09:26:56+0800</time>
        <extensions>
          <gpxtpx:TrackPointExtension>
            <gpxtpx:hr>179</gpxtpx:hr>
            <gpxtpx:cad>44</gpxtpx:cad>
          </gpxtpx:TrackPointExtension>
        </extensions>
      </trkpt>
      <trkpt lat="29.6846748702" lon="106.519947359">
        <ele>336.0</ele>
        <time>2026-10-03T09:26:57+0800</time>
        <extensions>
          <gpxtpx:TrackPointExtension>
            <gpxtpx:hr>178</gpxtpx:hr>
            <gpxtpx:cad>44</gpxtpx:cad>
          </gpxtpx:TrackPointExtension>
        </extensions>
      </trkpt>
      <trkpt lat="29.684687024" lon="106.519926069">
        <ele>335.8</ele>
        <time>2026-10-03T09:26:58+0800</time>
        <extensions>
          <gpxtpx:TrackPointExtension>
            <gpxtpx:hr>178</gpxtpx:hr>
            <gpxtpx:cad>44</gpxtpx:cad>
          </gpxtpx:TrackPointExtension>
        </extensions>
      </trkpt>
      <trkpt lat="29.6846944001" lon="106.519897319">
        <ele>335.6</ele>
        <time>2026-10-03T09:26:59+0800</time>
        <extensions>
          <gpxtpx:TrackPointExtension>
            <gpxtpx:hr>178</gpxtpx:hr>
            <gpxtpx:cad>96</gpxtpx:cad>
          </gpxtpx:TrackPointExtension>
        </extensions>
      </trkpt>
      <trkpt lat="29.6847072244" lon="106.519874604">
        <ele>335.6</ele>
        <time>2026-10-03T09:27:00+0800</time>
        <extensions>
          <gpxtpx:TrackPointExtension>
            <gpxtpx:hr>178</gpxtpx:hr>
            <gpxtpx:cad>97</gpxtpx:cad>
          </gpxtpx:TrackPointExtension>
        </extensions>
      </trkpt>
      <trkpt lat="29.6847130079" lon="106.519844849">
        <ele>335.4</ele>
        <time>2026-10-03T09:27:01+0800</time>
        <extensions>
          <gpxtpx:TrackPointExtension>
            <gpxtpx:hr>178</gpxtpx:hr>
            <gpxtpx:cad>97</gpxtpx:cad>
          </gpxtpx:TrackPointExtension>
        </extensions>
      </trkpt>
      <trkpt lat="29.6847200487" lon="106.51983479">
        <ele>335.2</ele>
        <time>2026-10-03T09:27:02+0800</time>
        <extensions>
          <gpxtpx:TrackPointExtension>
            <gpxtpx:hr>178</gpxtpx:hr>
            <gpxtpx:cad>97</gpxtpx:cad>
          </gpxtpx:TrackPointExtension>
        </extensions>
      </trkpt>
      <trkpt lat="29.6847361419" lon="106.519816099">
        <ele>335.2</ele>
        <time>2026-10-03T09:27:03+0800</time>
        <extensions>
          <gpxtpx:TrackPointExtension>
            <gpxtpx:hr>178</gpxtpx:hr>
            <gpxtpx:cad>96</gpxtpx:cad>
          </gpxtpx:TrackPointExtension>
        </extensions>
      </trkpt>
      <trkpt lat="29.6847570129" lon="106.519803526">
        <ele>335.0</ele>
        <time>2026-10-03T09:27:04+0800</time>
        <extensions>
          <gpxtpx:TrackPointExtension>
            <gpxtpx:hr>179</gpxtpx:hr>
            <gpxtpx:cad>95</gpxtpx:cad>
          </gpxtpx:TrackPointExtension>
        </extensions>
      </trkpt>
      <trkpt lat="29.6847703401" lon="106.519779973">
        <ele>335.0</ele>
        <time>2026-10-03T09:27:05+0800</time>
        <extensions>
          <gpxtpx:TrackPointExtension>
            <gpxtpx:hr>178</gpxtpx:hr>
            <gpxtpx:cad>94</gpxtpx:cad>
          </gpxtpx:TrackPointExtension>
        </extensions>
      </trkpt>
      <trkpt lat="29.6847785544" lon="106.519768657">
        <ele>334.8</ele>
        <time>2026-10-03T09:27:06+0800</time>
        <extensions>
          <gpxtpx:TrackPointExtension>
            <gpxtpx:hr>178</gpxtpx:hr>
            <gpxtpx:cad>94</gpxtpx:cad>
          </gpxtpx:TrackPointExtension>
        </extensions>
      </trkpt>
      <trkpt lat="29.6847932227" lon="106.519745188">
        <ele>334.8</ele>
        <time>2026-10-03T09:27:07+0800</time>
        <extensions>
          <gpxtpx:TrackPointExtension>
            <gpxtpx:hr>178</gpxtpx:hr>
            <gpxtpx:cad>92</gpxtpx:cad>
          </gpxtpx:TrackPointExtension>
        </extensions>
      </trkpt>
      <trkpt lat="29.684806047" lon="106.519729095">
        <ele>334.8</ele>
        <time>2026-10-03T09:27:08+0800</time>
        <extensions>
          <gpxtpx:TrackPointExtension>
            <gpxtpx:hr>178</gpxtpx:hr>
            <gpxtpx:cad>92</gpxtpx:cad>
          </gpxtpx:TrackPointExtension>
        </extensions>
      </trkpt>
      <trkpt lat="29.6848270856" lon="106.519712666">
        <ele>334.6</ele>
        <time>2026-10-03T09:27:09+0800</time>
        <extensions>
          <gpxtpx:TrackPointExtension>
            <gpxtpx:hr>178</gpxtpx:hr>
            <gpxtpx:cad>0</gpxtpx:cad>
          </gpxtpx:TrackPointExtension>
        </extensions>
      </trkpt>
      <trkpt lat="29.6848332882" lon="106.519699674">
        <ele>334.6</ele>
        <time>2026-10-03T09:27:10+0800</time>
        <extensions>
          <gpxtpx:TrackPointExtension>
            <gpxtpx:hr>179</gpxtpx:hr>
            <gpxtpx:cad>0</gpxtpx:cad>
          </gpxtpx:TrackPointExtension>
        </extensions>
      </trkpt>
      <trkpt lat="29.6848364733" lon="106.51966447">
        <ele>334.6</ele>
        <time>2026-10-03T09:27:11+0800</time>
        <extensions>
          <gpxtpx:TrackPointExtension>
            <gpxtpx:hr>178</gpxtpx:hr>
            <gpxtpx:cad>0</gpxtpx:cad>
          </gpxtpx:TrackPointExtension>
        </extensions>
      </trkpt>
      <trkpt lat="29.6848410834" lon="106.519635888">
        <ele>334.4</ele>
        <time>2026-10-03T09:27:12+0800</time>
        <extensions>
          <gpxtpx:TrackPointExtension>
            <gpxtpx:hr>178</gpxtpx:hr>
            <gpxtpx:cad>0</gpxtpx:cad>
          </gpxtpx:TrackPointExtension>
        </extensions>
      </trkpt>
      <trkpt lat="29.6848283429" lon="106.519630942">
        <ele>334.4</ele>
        <time>2026-10-03T09:27:13+0800</time>
        <extensions>
          <gpxtpx:TrackPointExtension>
            <gpxtpx:hr>179</gpxtpx:hr>
            <gpxtpx:cad>0</gpxtpx:cad>
          </gpxtpx:TrackPointExtension>
        </extensions>
      </trkpt>
      <trkpt lat="29.6848171111" lon="106.519639324">
        <ele>334.4</ele>
        <time>2026-10-03T09:27:14+0800</time>
        <extensions>
          <gpxtpx:TrackPointExtension>
            <gpxtpx:hr>178</gpxtpx:hr>
            <gpxtpx:cad>0</gpxtpx:cad>
          </gpxtpx:TrackPointExtension>
        </extensions>
      </trkpt>
      <trkpt lat="29.6848086454" lon="106.519649299">
        <ele>334.4</ele>
        <time>2026-10-03T09:27:15+0800</time>
        <extensions>
          <gpxtpx:TrackPointExtension>
            <gpxtpx:hr>178</gpxtpx:hr>
            <gpxtpx:cad>0</gpxtpx:cad>
          </gpxtpx:TrackPointExtension>
        </extensions>
      </trkpt>
      <trkpt lat="29.6848037839" lon="106.519660028">
        <ele>334.4</ele>
        <time>2026-10-03T09:27:16+0800</time>
        <extensions>
          <gpxtpx:TrackPointExtension>
            <gpxtpx:hr>177</gpxtpx:hr>
            <gpxtpx:cad>92</gpxtpx:cad>
          </gpxtpx:TrackPointExtension>
        </extensions>
      </trkpt>
      <trkpt lat="29.6847922169" lon="106.519668661">
        <ele>334.6</ele>
        <time>2026-10-03T09:27:17+0800</time>
        <extensions>
          <gpxtpx:TrackPointExtension>
            <gpxtpx:hr>176</gpxtpx:hr>
            <gpxtpx:cad>92</gpxtpx:cad>
          </gpxtpx:TrackPointExtension>
        </extensions>
      </trkpt>
      <trkpt lat="29.6847845055" lon="106.519683916">
        <ele>334.4</ele>
        <time>2026-10-03T09:27:18+0800</time>
        <extensions>
          <gpxtpx:TrackPointExtension>
            <gpxtpx:hr>176</gpxtpx:hr>
            <gpxtpx:cad>92</gpxtpx:cad>
          </gpxtpx:TrackPointExtension>
        </extensions>
      </trkpt>
      <trkpt lat="29.6847731899" lon="106.519701602">
        <ele>334.4</ele>
        <time>2026-10-03T09:27:19+0800</time>
        <extensions>
          <gpxtpx:TrackPointExtension>
            <gpxtpx:hr>175</gpxtpx:hr>
            <gpxtpx:cad>92</gpxtpx:cad>
          </gpxtpx:TrackPointExtension>
        </extensions>
      </trkpt>
      <trkpt lat="29.6847651433" lon="106.519729514">
        <ele>334.4</ele>
        <time>2026-10-03T09:27:20+0800</time>
        <extensions>
          <gpxtpx:TrackPointExtension>
            <gpxtpx:hr>174</gpxtpx:hr>
            <gpxtpx:cad>92</gpxtpx:cad>
          </gpxtpx:TrackPointExtension>
        </extensions>
      </trkpt>
      <trkpt lat="29.6847576834" lon="106.519754659">
        <ele>334.4</ele>
        <time>2026-10-03T09:27:21+0800</time>
        <extensions>
          <gpxtpx:TrackPointExtension>
            <gpxtpx:hr>173</gpxtpx:hr>
            <gpxtpx:cad>92</gpxtpx:cad>
          </gpxtpx:TrackPointExtension>
        </extensions>
      </trkpt>
      <trkpt lat="29.6847597789" lon="106.519789696">
        <ele>334.4</ele>
        <time>2026-10-03T09:27:22+0800</time>
        <extensions>
          <gpxtpx:TrackPointExtension>
            <gpxtpx:hr>173</gpxtpx:hr>
            <gpxtpx:cad>92</gpxtpx:cad>
          </gpxtpx:TrackPointExtension>
        </extensions>
      </trkpt>
      <trkpt lat="29.6847672388" lon="106.519821128">
        <ele>334.6</ele>
        <time>2026-10-03T09:27:23+0800</time>
        <extensions>
          <gpxtpx:TrackPointExtension>
            <gpxtpx:hr>172</gpxtpx:hr>
            <gpxtpx:cad>92</gpxtpx:cad>
          </gpxtpx:TrackPointExtension>
        </extensions>
      </trkpt>
      <trkpt lat="29.6847802307" lon="106.519841496">
        <ele>334.6</ele>
        <time>2026-10-03T09:27:24+0800</time>
        <extensions>
          <gpxtpx:TrackPointExtension>
            <gpxtpx:hr>171</gpxtpx:hr>
            <gpxtpx:cad>92</gpxtpx:cad>
          </gpxtpx:TrackPointExtension>
        </extensions>
      </trkpt>
      <trkpt lat="29.6847959049" lon="106.519857002">
        <ele>334.8</ele>
        <time>2026-10-03T09:27:25+0800</time>
        <extensions>
          <gpxtpx:TrackPointExtension>
            <gpxtpx:hr>171</gpxtpx:hr>
            <gpxtpx:cad>90</gpxtpx:cad>
          </gpxtpx:TrackPointExtension>
        </extensions>
      </trkpt>
      <trkpt lat="29.6848146804" lon="106.519868067">
        <ele>334.8</ele>
        <time>2026-10-03T09:27:26+0800</time>
        <extensions>
          <gpxtpx:TrackPointExtension>
            <gpxtpx:hr>171</gpxtpx:hr>
            <gpxtpx:cad>88</gpxtpx:cad>
          </gpxtpx:TrackPointExtension>
        </extensions>
      </trkpt>
      <trkpt lat="29.6848345455" lon="106.519882986">
        <ele>335.0</ele>
        <time>2026-10-03T09:27:27+0800</time>
        <extensions>
          <gpxtpx:TrackPointExtension>
            <gpxtpx:hr>170</gpxtpx:hr>
            <gpxtpx:cad>88</gpxtpx:cad>
          </gpxtpx:TrackPointExtension>
        </extensions>
      </trkpt>
      <trkpt lat="29.6848523151" lon="106.519894553">
        <ele>335.0</ele>
        <time>2026-10-03T09:27:28+0800</time>
        <extensions>
          <gpxtpx:TrackPointExtension>
            <gpxtpx:hr>170</gpxtpx:hr>
            <gpxtpx:cad>88</gpxtpx:cad>
          </gpxtpx:TrackPointExtension>
        </extensions>
      </trkpt>
      <trkpt lat="29.6848649718" lon="106.519910228">
        <ele>335.0</ele>
        <time>2026-10-03T09:27:29+0800</time>
        <extensions>
          <gpxtpx:TrackPointExtension>
            <gpxtpx:hr>170</gpxtpx:hr>
            <gpxtpx:cad>88</gpxtpx:cad>
          </gpxtpx:TrackPointExtension>
        </extensions>
      </trkpt>
      <trkpt lat="29.6848840825" lon="106.519925147">
        <ele>335.0</ele>
        <time>2026-10-03T09:27:30+0800</time>
        <extensions>
          <gpxtpx:TrackPointExtension>
            <gpxtpx:hr>169</gpxtpx:hr>
            <gpxtpx:cad>90</gpxtpx:cad>
          </gpxtpx:TrackPointExtension>
        </extensions>
      </trkpt>
      <trkpt lat="29.6848915424" lon="106.519937385">
        <ele>335.2</ele>
        <time>2026-10-03T09:27:31+0800</time>
        <extensions>
          <gpxtpx:TrackPointExtension>
            <gpxtpx:hr>169</gpxtpx:hr>
            <gpxtpx:cad>90</gpxtpx:cad>
          </gpxtpx:TrackPointExtension>
        </extensions>
      </trkpt>
      <trkpt lat="29.6849093959" lon="106.519944761">
        <ele>335.4</ele>
        <time>2026-10-03T09:27:32+0800</time>
        <extensions>
          <gpxtpx:TrackPointExtension>
            <gpxtpx:hr>169</gpxtpx:hr>
            <gpxtpx:cad>90</gpxtpx:cad>
          </gpxtpx:TrackPointExtension>
        </extensions>
      </trkpt>
      <trkpt lat="29.6849239804" lon="106.519948365">
        <ele>335.4</ele>
        <time>2026-10-03T09:27:33+0800</time>
        <extensions>
          <gpxtpx:TrackPointExtension>
            <gpxtpx:hr>169</gpxtpx:hr>
            <gpxtpx:cad>90</gpxtpx:cad>
          </gpxtpx:TrackPointExtension>
        </extensions>
      </trkpt>
      <trkpt lat="29.6849435102" lon="106.51995549">
        <ele>335.4</ele>
        <time>2026-10-03T09:27:34+0800</time>
        <extensions>
          <gpxtpx:TrackPointExtension>
            <gpxtpx:hr>169</gpxtpx:hr>
            <gpxtpx:cad>90</gpxtpx:cad>
          </gpxtpx:TrackPointExtension>
        </extensions>
      </trkpt>
      <trkpt lat="29.6849620342" lon="106.519970326">
        <ele>335.4</ele>
        <time>2026-10-03T09:27:35+0800</time>
        <extensions>
          <gpxtpx:TrackPointExtension>
            <gpxtpx:hr>169</gpxtpx:hr>
            <gpxtpx:cad>90</gpxtpx:cad>
          </gpxtpx:TrackPointExtension>
        </extensions>
      </trkpt>
      <trkpt lat="29.6849833243" lon="106.519974181">
        <ele>335.6</ele>
        <time>2026-10-03T09:27:36+0800</time>
        <extensions>
          <gpxtpx:TrackPointExtension>
            <gpxtpx:hr>168</gpxtpx:hr>
            <gpxtpx:cad>91</gpxtpx:cad>
          </gpxtpx:TrackPointExtension>
        </extensions>
      </trkpt>
      <trkpt lat="29.6849977411" lon="106.51999413">
        <ele>335.6</ele>
        <time>2026-10-03T09:27:37+0800</time>
        <extensions>
          <gpxtpx:TrackPointExtension>
            <gpxtpx:hr>168</gpxtpx:hr>
            <gpxtpx:cad>91</gpxtpx:cad>
          </gpxtpx:TrackPointExtension>
        </extensions>
      </trkpt>
      <trkpt lat="29.685012158" lon="106.5200062">
        <ele>335.6</ele>
        <time>2026-10-03T09:27:38+0800</time>
        <extensions>
          <gpxtpx:TrackPointExtension>
            <gpxtpx:hr>168</gpxtpx:hr>
            <gpxtpx:cad>91</gpxtpx:cad>
          </gpxtpx:TrackPointExtension>
        </extensions>
      </trkpt>
      <trkpt lat="29.685030682" lon="106.520017432">
        <ele>335.6</ele>
        <time>2026-10-03T09:27:39+0800</time>
        <extensions>
          <gpxtpx:TrackPointExtension>
            <gpxtpx:hr>168</gpxtpx:hr>
            <gpxtpx:cad>91</gpxtpx:cad>
          </gpxtpx:TrackPointExtension>
        </extensions>
      </trkpt>
      <trkpt lat="29.6850539837" lon="106.520021372">
        <ele>335.6</ele>
        <time>2026-10-03T09:27:40+0800</time>
        <extensions>
          <gpxtpx:TrackPointExtension>
            <gpxtpx:hr>168</gpxtpx:hr>
            <gpxtpx:cad>93</gpxtpx:cad>
          </gpxtpx:TrackPointExtension>
        </extensions>
      </trkpt>
      <trkpt lat="29.685069574" lon="106.520028496">
        <ele>335.6</ele>
        <time>2026-10-03T09:27:41+0800</time>
        <extensions>
          <gpxtpx:TrackPointExtension>
            <gpxtpx:hr>168</gpxtpx:hr>
            <gpxtpx:cad>93</gpxtpx:cad>
          </gpxtpx:TrackPointExtension>
        </extensions>
      </trkpt>
      <trkpt lat="29.6850960609" lon="106.520018354">
        <ele>335.6</ele>
        <time>2026-10-03T09:27:42+0800</time>
        <extensions>
          <gpxtpx:TrackPointExtension>
            <gpxtpx:hr>168</gpxtpx:hr>
            <gpxtpx:cad>93</gpxtpx:cad>
          </gpxtpx:TrackPointExtension>
        </extensions>
      </trkpt>
      <trkpt lat="29.6851124894" lon="106.520026736">
        <ele>335.6</ele>
        <time>2026-10-03T09:27:43+0800</time>
        <extensions>
          <gpxtpx:TrackPointExtension>
            <gpxtpx:hr>168</gpxtpx:hr>
            <gpxtpx:cad>93</gpxtpx:cad>
          </gpxtpx:TrackPointExtension>
        </extensions>
      </trkpt>
      <trkpt lat="29.6851356234" lon="106.520034783">
        <ele>335.6</ele>
        <time>2026-10-03T09:27:44+0800</time>
        <extensions>
          <gpxtpx:TrackPointExtension>
            <gpxtpx:hr>169</gpxtpx:hr>
            <gpxtpx:cad>93</gpxtpx:cad>
          </gpxtpx:TrackPointExtension>
        </extensions>
      </trkpt>
      <trkpt lat="29.6851507109" lon="106.52003889">
        <ele>335.8</ele>
        <time>2026-10-03T09:27:45+0800</time>
        <extensions>
          <gpxtpx:TrackPointExtension>
            <gpxtpx:hr>168</gpxtpx:hr>
            <gpxtpx:cad>92</gpxtpx:cad>
          </gpxtpx:TrackPointExtension>
        </extensions>
      </trkpt>
      <trkpt lat="29.6851741802" lon="106.520042075">
        <ele>335.6</ele>
        <time>2026-10-03T09:27:46+0800</time>
        <extensions>
          <gpxtpx:TrackPointExtension>
            <gpxtpx:hr>168</gpxtpx:hr>
            <gpxtpx:cad>92</gpxtpx:cad>
          </gpxtpx:TrackPointExtension>
        </extensions>
      </trkpt>
      <trkpt lat="29.6851896029" lon="106.520049954">
        <ele>335.6</ele>
        <time>2026-10-03T09:27:47+0800</time>
        <extensions>
          <gpxtpx:TrackPointExtension>
            <gpxtpx:hr>168</gpxtpx:hr>
            <gpxtpx:cad>92</gpxtpx:cad>
          </gpxtpx:TrackPointExtension>
        </extensions>
      </trkpt>
      <trkpt lat="29.6852112282" lon="106.520055486">
        <ele>335.8</ele>
        <time>2026-10-03T09:27:48+0800</time>
        <extensions>
          <gpxtpx:TrackPointExtension>
            <gpxtpx:hr>168</gpxtpx:hr>
            <gpxtpx:cad>92</gpxtpx:cad>
          </gpxtpx:TrackPointExtension>
        </extensions>
      </trkpt>
      <trkpt lat="29.6852248069" lon="106.520064957">
        <ele>335.8</ele>
        <time>2026-10-03T09:27:49+0800</time>
        <extensions>
          <gpxtpx:TrackPointExtension>
            <gpxtpx:hr>169</gpxtpx:hr>
            <gpxtpx:cad>90</gpxtpx:cad>
          </gpxtpx:TrackPointExtension>
        </extensions>
      </trkpt>
      <trkpt lat="29.6852454264" lon="106.520071998">
        <ele>335.8</ele>
        <time>2026-10-03T09:27:50+0800</time>
        <extensions>
          <gpxtpx:TrackPointExtension>
            <gpxtpx:hr>169</gpxtpx:hr>
            <gpxtpx:cad>90</gpxtpx:cad>
          </gpxtpx:TrackPointExtension>
        </extensions>
      </trkpt>
      <trkpt lat="29.6852623578" lon="106.520084571">
        <ele>336.0</ele>
        <time>2026-10-03T09:27:51+0800</time>
        <extensions>
          <gpxtpx:TrackPointExtension>
            <gpxtpx:hr>169</gpxtpx:hr>
            <gpxtpx:cad>90</gpxtpx:cad>
          </gpxtpx:TrackPointExtension>
        </extensions>
      </trkpt>
      <trkpt lat="29.6852828097" lon="106.52009245">
        <ele>336.2</ele>
        <time>2026-10-03T09:27:52+0800</time>
        <extensions>
          <gpxtpx:TrackPointExtension>
            <gpxtpx:hr>169</gpxtpx:hr>
            <gpxtpx:cad>90</gpxtpx:cad>
          </gpxtpx:TrackPointExtension>
        </extensions>
      </trkpt>
      <trkpt lat="29.6852948796" lon="106.520101503">
        <ele>336.2</ele>
        <time>2026-10-03T09:27:53+0800</time>
        <extensions>
          <gpxtpx:TrackPointExtension>
            <gpxtpx:hr>169</gpxtpx:hr>
            <gpxtpx:cad>90</gpxtpx:cad>
          </gpxtpx:TrackPointExtension>
        </extensions>
      </trkpt>
      <trkpt lat="29.6853167564" lon="106.520089768">
        <ele>336.2</ele>
        <time>2026-10-03T09:27:54+0800</time>
        <extensions>
          <gpxtpx:TrackPointExtension>
            <gpxtpx:hr>169</gpxtpx:hr>
            <gpxtpx:cad>87</gpxtpx:cad>
          </gpxtpx:TrackPointExtension>
        </extensions>
      </trkpt>
      <trkpt lat="29.685328491" lon="106.520089768">
        <ele>336.4</ele>
        <time>2026-10-03T09:27:55+0800</time>
        <extensions>
          <gpxtpx:TrackPointExtension>
            <gpxtpx:hr>169</gpxtpx:hr>
            <gpxtpx:cad>87</gpxtpx:cad>
          </gpxtpx:TrackPointExtension>
        </extensions>
      </trkpt>
      <trkpt lat="29.685347937" lon="106.520097312">
        <ele>336.4</ele>
        <time>2026-10-03T09:27:56+0800</time>
        <extensions>
          <gpxtpx:TrackPointExtension>
            <gpxtpx:hr>170</gpxtpx:hr>
            <gpxtpx:cad>87</gpxtpx:cad>
          </gpxtpx:TrackPointExtension>
        </extensions>
      </trkpt>
      <trkpt lat="29.6853595041" lon="106.520103514">
        <ele>336.4</ele>
        <time>2026-10-03T09:27:57+0800</time>
        <extensions>
          <gpxtpx:TrackPointExtension>
            <gpxtpx:hr>170</gpxtpx:hr>
            <gpxtpx:cad>89</gpxtpx:cad>
          </gpxtpx:TrackPointExtension>
        </extensions>
      </trkpt>
      <trkpt lat="29.6853774413" lon="106.52011198">
        <ele>336.4</ele>
        <time>2026-10-03T09:27:58+0800</time>
        <extensions>
          <gpxtpx:TrackPointExtension>
            <gpxtpx:hr>170</gpxtpx:hr>
            <gpxtpx:cad>89</gpxtpx:cad>
          </gpxtpx:TrackPointExtension>
        </extensions>
      </trkpt>
      <trkpt lat="29.6853872482" lon="106.520122793">
        <ele>336.4</ele>
        <time>2026-10-03T09:27:59+0800</time>
        <extensions>
          <gpxtpx:TrackPointExtension>
            <gpxtpx:hr>170</gpxtpx:hr>
            <gpxtpx:cad>89</gpxtpx:cad>
          </gpxtpx:TrackPointExtension>
        </extensions>
      </trkpt>
      <trkpt lat="29.6854111366" lon="106.520132432">
        <ele>336.4</ele>
        <time>2026-10-03T09:28:00+0800</time>
        <extensions>
          <gpxtpx:TrackPointExtension>
            <gpxtpx:hr>170</gpxtpx:hr>
            <gpxtpx:cad>89</gpxtpx:cad>
          </gpxtpx:TrackPointExtension>
        </extensions>
      </trkpt>
      <trkpt lat="29.6854204405" lon="106.52014601">
        <ele>336.4</ele>
        <time>2026-10-03T09:28:01+0800</time>
        <extensions>
          <gpxtpx:TrackPointExtension>
            <gpxtpx:hr>170</gpxtpx:hr>
            <gpxtpx:cad>91</gpxtpx:cad>
          </gpxtpx:TrackPointExtension>
        </extensions>
      </trkpt>
      <trkpt lat="29.6854380425" lon="106.520155147">
        <ele>336.4</ele>
        <time>2026-10-03T09:28:02+0800</time>
        <extensions>
          <gpxtpx:TrackPointExtension>
            <gpxtpx:hr>170</gpxtpx:hr>
            <gpxtpx:cad>91</gpxtpx:cad>
          </gpxtpx:TrackPointExtension>
        </extensions>
      </trkpt>
      <trkpt lat="29.6854514536" lon="106.520164283">
        <ele>336.6</ele>
        <time>2026-10-03T09:28:03+0800</time>
        <extensions>
          <gpxtpx:TrackPointExtension>
            <gpxtpx:hr>170</gpxtpx:hr>
            <gpxtpx:cad>91</gpxtpx:cad>
          </gpxtpx:TrackPointExtension>
        </extensions>
      </trkpt>
      <trkpt lat="29.6854667086" lon="106.520170905">
        <ele>336.6</ele>
        <time>2026-10-03T09:28:04+0800</time>
        <extensions>
          <gpxtpx:TrackPointExtension>
            <gpxtpx:hr>170</gpxtpx:hr>
            <gpxtpx:cad>91</gpxtpx:cad>
          </gpxtpx:TrackPointExtension>
        </extensions>
      </trkpt>
      <trkpt lat="29.6854802873" lon="106.520182304">
        <ele>336.6</ele>
        <time>2026-10-03T09:28:05+0800</time>
        <extensions>
          <gpxtpx:TrackPointExtension>
            <gpxtpx:hr>170</gpxtpx:hr>
            <gpxtpx:cad>89</gpxtpx:cad>
          </gpxtpx:TrackPointExtension>
        </extensions>
      </trkpt>
      <trkpt lat="29.685499398" lon="106.520188674">
        <ele>336.8</ele>
        <time>2026-10-03T09:28:06+0800</time>
        <extensions>
          <gpxtpx:TrackPointExtension>
            <gpxtpx:hr>170</gpxtpx:hr>
            <gpxtpx:cad>89</gpxtpx:cad>
          </gpxtpx:TrackPointExtension>
        </extensions>
      </trkpt>
      <trkpt lat="29.6855123062" lon="106.520192865">
        <ele>336.8</ele>
        <time>2026-10-03T09:28:07+0800</time>
        <extensions>
          <gpxtpx:TrackPointExtension>
            <gpxtpx:hr>171</gpxtpx:hr>
            <gpxtpx:cad>90</gpxtpx:cad>
          </gpxtpx:TrackPointExtension>
        </extensions>
      </trkpt>
      <trkpt lat="29.6855352726" lon="106.520197224">
        <ele>336.8</ele>
        <time>2026-10-03T09:28:08+0800</time>
        <extensions>
          <gpxtpx:TrackPointExtension>
            <gpxtpx:hr>170</gpxtpx:hr>
            <gpxtpx:cad>90</gpxtpx:cad>
          </gpxtpx:TrackPointExtension>
        </extensions>
      </trkpt>
      <trkpt lat="29.6855511982" lon="106.520205857">
        <ele>336.8</ele>
        <time>2026-10-03T09:28:09+0800</time>
        <extensions>
          <gpxtpx:TrackPointExtension>
            <gpxtpx:hr>170</gpxtpx:hr>
            <gpxtpx:cad>90</gpxtpx:cad>
          </gpxtpx:TrackPointExtension>
        </extensions>
      </trkpt>
      <trkpt lat="29.6855665371" lon="106.520210551">
        <ele>336.8</ele>
        <time>2026-10-03T09:28:10+0800</time>
        <extensions>
          <gpxtpx:TrackPointExtension>
            <gpxtpx:hr>170</gpxtpx:hr>
            <gpxtpx:cad>90</gpxtpx:cad>
          </gpxtpx:TrackPointExtension>
        </extensions>
      </trkpt>
      <trkpt lat="29.6855754219" lon="106.520210467">
        <ele>336.8</ele>
        <time>2026-10-03T09:28:11+0800</time>
        <extensions>
          <gpxtpx:TrackPointExtension>
            <gpxtpx:hr>170</gpxtpx:hr>
            <gpxtpx:cad>90</gpxtpx:cad>
          </gpxtpx:TrackPointExtension>
        </extensions>
      </trkpt>
      <trkpt lat="29.6855859831" lon="106.520216586">
        <ele>337.0</ele>
        <time>2026-10-03T09:28:12+0800</time>
        <extensions>
          <gpxtpx:TrackPointExtension>
            <gpxtpx:hr>171</gpxtpx:hr>
            <gpxtpx:cad>88</gpxtpx:cad>
          </gpxtpx:TrackPointExtension>
        </extensions>
      </trkpt>
      <trkpt lat="29.6855998132" lon="106.520215329">
        <ele>337.0</ele>
        <time>2026-10-03T09:28:13+0800</time>
        <extensions>
          <gpxtpx:TrackPointExtension>
            <gpxtpx:hr>171</gpxtpx:hr>
            <gpxtpx:cad>88</gpxtpx:cad>
          </gpxtpx:TrackPointExtension>
        </extensions>
      </trkpt>
      <trkpt lat="29.6856026631" lon="106.52022413">
        <ele>337.0</ele>
        <time>2026-10-03T09:28:14+0800</time>
        <extensions>
          <gpxtpx:TrackPointExtension>
            <gpxtpx:hr>170</gpxtpx:hr>
            <gpxtpx:cad>88</gpxtpx:cad>
          </gpxtpx:TrackPointExtension>
        </extensions>
      </trkpt>
      <trkpt lat="29.6856111288" lon="106.520232344">
        <ele>337.0</ele>
        <time>2026-10-03T09:28:15+0800</time>
        <extensions>
          <gpxtpx:TrackPointExtension>
            <gpxtpx:hr>170</gpxtpx:hr>
            <gpxtpx:cad>88</gpxtpx:cad>
          </gpxtpx:TrackPointExtension>
        </extensions>
      </trkpt>
      <trkpt lat="29.6856211871" lon="106.520236535">
        <ele>337.0</ele>
        <time>2026-10-03T09:28:16+0800</time>
        <extensions>
          <gpxtpx:TrackPointExtension>
            <gpxtpx:hr>170</gpxtpx:hr>
            <gpxtpx:cad>88</gpxtpx:cad>
          </gpxtpx:TrackPointExtension>
        </extensions>
      </trkpt>
      <trkpt lat="29.6856285632" lon="106.520241397">
        <ele>337.2</ele>
        <time>2026-10-03T09:28:17+0800</time>
        <extensions>
          <gpxtpx:TrackPointExtension>
            <gpxtpx:hr>169</gpxtpx:hr>
            <gpxtpx:cad>88</gpxtpx:cad>
          </gpxtpx:TrackPointExtension>
        </extensions>
      </trkpt>
      <trkpt lat="29.6856339276" lon="106.520247012">
        <ele>337.2</ele>
        <time>2026-10-03T09:28:18+0800</time>
        <extensions>
          <gpxtpx:TrackPointExtension>
            <gpxtpx:hr>168</gpxtpx:hr>
            <gpxtpx:cad>88</gpxtpx:cad>
          </gpxtpx:TrackPointExtension>
        </extensions>
      </trkpt>
      <trkpt lat="29.685652284" lon="106.520249024">
        <ele>337.2</ele>
        <time>2026-10-03T09:28:19+0800</time>
        <extensions>
          <gpxtpx:TrackPointExtension>
            <gpxtpx:hr>167</gpxtpx:hr>
            <gpxtpx:cad>88</gpxtpx:cad>
          </gpxtpx:TrackPointExtension>
        </extensions>
      </trkpt>
      <trkpt lat="29.6856640186" lon="106.520257322">
        <ele>337.4</ele>
        <time>2026-10-03T09:28:20+0800</time>
        <extensions>
          <gpxtpx:TrackPointExtension>
            <gpxtpx:hr>167</gpxtpx:hr>
            <gpxtpx:cad>88</gpxtpx:cad>
          </gpxtpx:TrackPointExtension>
        </extensions>
      </trkpt>
      <trkpt lat="29.6856784355" lon="106.520255562">
        <ele>337.6</ele>
        <time>2026-10-03T09:28:21+0800</time>
        <extensions>
          <gpxtpx:TrackPointExtension>
            <gpxtpx:hr>166</gpxtpx:hr>
            <gpxtpx:cad>88</gpxtpx:cad>
          </gpxtpx:TrackPointExtension>
        </extensions>
      </trkpt>
      <trkpt lat="29.6856845543" lon="106.520263944">
        <ele>337.6</ele>
        <time>2026-10-03T09:28:22+0800</time>
        <extensions>
          <gpxtpx:TrackPointExtension>
            <gpxtpx:hr>166</gpxtpx:hr>
            <gpxtpx:cad>88</gpxtpx:cad>
          </gpxtpx:TrackPointExtension>
        </extensions>
      </trkpt>
      <trkpt lat="29.6856947802" lon="106.520269727">
        <ele>337.6</ele>
        <time>2026-10-03T09:28:23+0800</time>
        <extensions>
          <gpxtpx:TrackPointExtension>
            <gpxtpx:hr>166</gpxtpx:hr>
            <gpxtpx:cad>88</gpxtpx:cad>
          </gpxtpx:TrackPointExtension>
        </extensions>
      </trkpt>
      <trkpt lat="29.6857144777" lon="106.52027593">
        <ele>337.8</ele>
        <time>2026-10-03T09:28:24+0800</time>
        <extensions>
          <gpxtpx:TrackPointExtension>
            <gpxtpx:hr>165</gpxtpx:hr>
            <gpxtpx:cad>0</gpxtpx:cad>
          </gpxtpx:TrackPointExtension>
        </extensions>
      </trkpt>
      <trkpt lat="29.6857279725" lon="106.52028054">
        <ele>337.8</ele>
        <time>2026-10-03T09:28:25+0800</time>
        <extensions>
          <gpxtpx:TrackPointExtension>
            <gpxtpx:hr>165</gpxtpx:hr>
            <gpxtpx:cad>0</gpxtpx:cad>
          </gpxtpx:TrackPointExtension>
        </extensions>
      </trkpt>
      <trkpt lat="29.6857378632" lon="106.520288084">
        <ele>337.8</ele>
        <time>2026-10-03T09:28:26+0800</time>
        <extensions>
          <gpxtpx:TrackPointExtension>
            <gpxtpx:hr>165</gpxtpx:hr>
            <gpxtpx:cad>0</gpxtpx:cad>
          </gpxtpx:TrackPointExtension>
        </extensions>
      </trkpt>
      <trkpt lat="29.6857535373" lon="106.520284228">
        <ele>337.8</ele>
        <time>2026-10-03T09:28:27+0800</time>
        <extensions>
          <gpxtpx:TrackPointExtension>
            <gpxtpx:hr>164</gpxtpx:hr>
            <gpxtpx:cad>79</gpxtpx:cad>
          </gpxtpx:TrackPointExtension>
        </extensions>
      </trkpt>
      <trkpt lat="29.6857628413" lon="106.52029546">
        <ele>338.0</ele>
        <time>2026-10-03T09:28:28+0800</time>
        <extensions>
          <gpxtpx:TrackPointExtension>
            <gpxtpx:hr>164</gpxtpx:hr>
            <gpxtpx:cad>79</gpxtpx:cad>
          </gpxtpx:TrackPointExtension>
        </extensions>
      </trkpt>
      <trkpt lat="29.6857809462" lon="106.520300992">
        <ele>337.8</ele>
        <time>2026-10-03T09:28:29+0800</time>
        <extensions>
          <gpxtpx:TrackPointExtension>
            <gpxtpx:hr>164</gpxtpx:hr>
            <gpxtpx:cad>79</gpxtpx:cad>
          </gpxtpx:TrackPointExtension>
        </extensions>
      </trkpt>
      <trkpt lat="29.6857887413" lon="106.520308452">
        <ele>337.8</ele>
        <time>2026-10-03T09:28:30+0800</time>
        <extensions>
          <gpxtpx:TrackPointExtension>
            <gpxtpx:hr>164</gpxtpx:hr>
            <gpxtpx:cad>80</gpxtpx:cad>
          </gpxtpx:TrackPointExtension>
        </extensions>
      </trkpt>
      <trkpt lat="29.6857959498" lon="106.520311385">
        <ele>337.8</ele>
        <time>2026-10-03T09:28:31+0800</time>
        <extensions>
          <gpxtpx:TrackPointExtension>
            <gpxtpx:hr>164</gpxtpx:hr>
            <gpxtpx:cad>81</gpxtpx:cad>
          </gpxtpx:TrackPointExtension>
        </extensions>
      </trkpt>
      <trkpt lat="29.6858070977" lon="106.520318259">
        <ele>338.0</ele>
        <time>2026-10-03T09:28:32+0800</time>
        <extensions>
          <gpxtpx:TrackPointExtension>
            <gpxtpx:hr>163</gpxtpx:hr>
            <gpxtpx:cad>83</gpxtpx:cad>
          </gpxtpx:TrackPointExtension>
        </extensions>
      </trkpt>
      <trkpt lat="29.685817156" lon="106.520319935">
        <ele>338.0</ele>
        <time>2026-10-03T09:28:33+0800</time>
        <extensions>
          <gpxtpx:TrackPointExtension>
            <gpxtpx:hr>163</gpxtpx:hr>
            <gpxtpx:cad>85</gpxtpx:cad>
          </gpxtpx:TrackPointExtension>
        </extensions>
      </trkpt>
      <trkpt lat="29.6858254541" lon="106.520324796">
        <ele>338.0</ele>
        <time>2026-10-03T09:28:34+0800</time>
        <extensions>
          <gpxtpx:TrackPointExtension>
            <gpxtpx:hr>163</gpxtpx:hr>
            <gpxtpx:cad>85</gpxtpx:cad>
          </gpxtpx:TrackPointExtension>
        </extensions>
      </trkpt>
      <trkpt lat="29.6858371049" lon="106.520331167">
        <ele>338.0</ele>
        <time>2026-10-03T09:28:35+0800</time>
        <extensions>
          <gpxtpx:TrackPointExtension>
            <gpxtpx:hr>163</gpxtpx:hr>
            <gpxtpx:cad>85</gpxtpx:cad>
          </gpxtpx:TrackPointExtension>
        </extensions>
      </trkpt>
      <trkpt lat="29.6858490072" lon="106.520335022">
        <ele>338.0</ele>
        <time>2026-10-03T09:28:36+0800</time>
        <extensions>
          <gpxtpx:TrackPointExtension>
            <gpxtpx:hr>163</gpxtpx:hr>
            <gpxtpx:cad>85</gpxtpx:cad>
          </gpxtpx:TrackPointExtension>
        </extensions>
      </trkpt>
      <trkpt lat="29.6858536173" lon="106.520337788">
        <ele>338.0</ele>
        <time>2026-10-03T09:28:37+0800</time>
        <extensions>
          <gpxtpx:TrackPointExtension>
            <gpxtpx:hr>163</gpxtpx:hr>
            <gpxtpx:cad>85</gpxtpx:cad>
          </gpxtpx:TrackPointExtension>
        </extensions>
      </trkpt>
      <trkpt lat="29.6858550422" lon="106.520348182">
        <ele>338.0</ele>
        <time>2026-10-03T09:28:38+0800</time>
        <extensions>
          <gpxtpx:TrackPointExtension>
            <gpxtpx:hr>162</gpxtpx:hr>
            <gpxtpx:cad>85</gpxtpx:cad>
          </gpxtpx:TrackPointExtension>
        </extensions>
      </trkpt>
      <trkpt lat="29.6858670283" lon="106.520355307">
        <ele>338.0</ele>
        <time>2026-10-03T09:28:39+0800</time>
        <extensions>
          <gpxtpx:TrackPointExtension>
            <gpxtpx:hr>162</gpxtpx:hr>
            <gpxtpx:cad>85</gpxtpx:cad>
          </gpxtpx:TrackPointExtension>
        </extensions>
      </trkpt>
      <trkpt lat="29.6858779248" lon="106.520357486">
        <ele>338.0</ele>
        <time>2026-10-03T09:28:40+0800</time>
        <extensions>
          <gpxtpx:TrackPointExtension>
            <gpxtpx:hr>162</gpxtpx:hr>
            <gpxtpx:cad>77</gpxtpx:cad>
          </gpxtpx:TrackPointExtension>
        </extensions>
      </trkpt>
      <trkpt lat="29.685887564" lon="106.520363437">
        <ele>338.0</ele>
        <time>2026-10-03T09:28:41+0800</time>
        <extensions>
          <gpxtpx:TrackPointExtension>
            <gpxtpx:hr>161</gpxtpx:hr>
            <gpxtpx:cad>77</gpxtpx:cad>
          </gpxtpx:TrackPointExtension>
        </extensions>
      </trkpt>
      <trkpt lat="29.6858970355" lon="106.520367125">
        <ele>338.2</ele>
        <time>2026-10-03T09:28:42+0800</time>
        <extensions>
          <gpxtpx:TrackPointExtension>
            <gpxtpx:hr>161</gpxtpx:hr>
            <gpxtpx:cad>77</gpxtpx:cad>
          </gpxtpx:TrackPointExtension>
        </extensions>
      </trkpt>
      <trkpt lat="29.6859072614" lon="106.520370645">
        <ele>338.2</ele>
        <time>2026-10-03T09:28:43+0800</time>
        <extensions>
          <gpxtpx:TrackPointExtension>
            <gpxtpx:hr>160</gpxtpx:hr>
            <gpxtpx:cad>76</gpxtpx:cad>
          </gpxtpx:TrackPointExtension>
        </extensions>
      </trkpt>
      <trkpt lat="29.6859171521" lon="106.520371903">
        <ele>338.4</ele>
        <time>2026-10-03T09:28:44+0800</time>
        <extensions>
          <gpxtpx:TrackPointExtension>
            <gpxtpx:hr>160</gpxtpx:hr>
            <gpxtpx:cad>76</gpxtpx:cad>
          </gpxtpx:TrackPointExtension>
        </extensions>
      </trkpt>
      <trkpt lat="29.685924612" lon="106.520376094">
        <ele>338.4</ele>
        <time>2026-10-03T09:28:45+0800</time>
        <extensions>
          <gpxtpx:TrackPointExtension>
            <gpxtpx:hr>160</gpxtpx:hr>
            <gpxtpx:cad>76</gpxtpx:cad>
          </gpxtpx:TrackPointExtension>
        </extensions>
      </trkpt>
      <trkpt lat="29.6859420463" lon="106.52037668">
        <ele>338.4</ele>
        <time>2026-10-03T09:28:46+0800</time>
        <extensions>
          <gpxtpx:TrackPointExtension>
            <gpxtpx:hr>159</gpxtpx:hr>
            <gpxtpx:cad>76</gpxtpx:cad>
          </gpxtpx:TrackPointExtension>
        </extensions>
      </trkpt>
      <trkpt lat="29.6859560441" lon="106.520372573">
        <ele>338.4</ele>
        <time>2026-10-03T09:28:47+0800</time>
        <extensions>
          <gpxtpx:TrackPointExtension>
            <gpxtpx:hr>159</gpxtpx:hr>
            <gpxtpx:cad>76</gpxtpx:cad>
          </gpxtpx:TrackPointExtension>
        </extensions>
      </trkpt>
      <trkpt lat="29.6859676111" lon="106.520373663">
        <ele>338.4</ele>
        <time>2026-10-03T09:28:48+0800</time>
        <extensions>
          <gpxtpx:TrackPointExtension>
            <gpxtpx:hr>158</gpxtpx:hr>
            <gpxtpx:cad>76</gpxtpx:cad>
          </gpxtpx:TrackPointExtension>
        </extensions>
      </trkpt>
      <trkpt lat="29.6859768312" lon="106.520361844">
        <ele>338.4</ele>
        <time>2026-10-03T09:28:49+0800</time>
        <extensions>
          <gpxtpx:TrackPointExtension>
            <gpxtpx:hr>158</gpxtpx:hr>
            <gpxtpx:cad>76</gpxtpx:cad>
          </gpxtpx:TrackPointExtension>
        </extensions>
      </trkpt>
      <trkpt lat="29.6859821957" lon="106.520348685">
        <ele>338.2</ele>
        <time>2026-10-03T09:28:50+0800</time>
        <extensions>
          <gpxtpx:TrackPointExtension>
            <gpxtpx:hr>157</gpxtpx:hr>
            <gpxtpx:cad>77</gpxtpx:cad>
          </gpxtpx:TrackPointExtension>
        </extensions>
      </trkpt>
      <trkpt lat="29.6859927569" lon="106.520336866">
        <ele>338.2</ele>
        <time>2026-10-03T09:28:51+0800</time>
        <extensions>
          <gpxtpx:TrackPointExtension>
            <gpxtpx:hr>157</gpxtpx:hr>
            <gpxtpx:cad>77</gpxtpx:cad>
          </gpxtpx:TrackPointExtension>
        </extensions>
      </trkpt>
      <trkpt lat="29.6860159747" lon="106.520315995">
        <ele>338.0</ele>
        <time>2026-10-03T09:28:52+0800</time>
        <extensions>
          <gpxtpx:TrackPointExtension>
            <gpxtpx:hr>157</gpxtpx:hr>
            <gpxtpx:cad>77</gpxtpx:cad>
          </gpxtpx:TrackPointExtension>
        </extensions>
      </trkpt>
      <trkpt lat="29.6860294696" lon="106.520313481">
        <ele>338.0</ele>
        <time>2026-10-03T09:28:53+0800</time>
        <extensions>
          <gpxtpx:TrackPointExtension>
            <gpxtpx:hr>156</gpxtpx:hr>
            <gpxtpx:cad>77</gpxtpx:cad>
          </gpxtpx:TrackPointExtension>
        </extensions>
      </trkpt>
      <trkpt lat="29.6860489994" lon="106.520312894">
        <ele>338.2</ele>
        <time>2026-10-03T09:28:54+0800</time>
        <extensions>
          <gpxtpx:TrackPointExtension>
            <gpxtpx:hr>156</gpxtpx:hr>
            <gpxtpx:cad>0</gpxtpx:cad>
          </gpxtpx:TrackPointExtension>
        </extensions>
      </trkpt>
      <trkpt lat="29.6860583033" lon="106.520316079">
        <ele>338.4</ele>
        <time>2026-10-03T09:28:55+0800</time>
        <extensions>
          <gpxtpx:TrackPointExtension>
            <gpxtpx:hr>156</gpxtpx:hr>
            <gpxtpx:cad>0</gpxtpx:cad>
          </gpxtpx:TrackPointExtension>
        </extensions>
      </trkpt>
      <trkpt lat="29.6860754862" lon="106.52031742">
        <ele>338.4</ele>
        <time>2026-10-03T09:28:56+0800</time>
        <extensions>
          <gpxtpx:TrackPointExtension>
            <gpxtpx:hr>155</gpxtpx:hr>
            <gpxtpx:cad>0</gpxtpx:cad>
          </gpxtpx:TrackPointExtension>
        </extensions>
      </trkpt>
      <trkpt lat="29.6860821918" lon="106.520327814">
        <ele>338.6</ele>
        <time>2026-10-03T09:28:57+0800</time>
        <extensions>
          <gpxtpx:TrackPointExtension>
            <gpxtpx:hr>155</gpxtpx:hr>
            <gpxtpx:cad>0</gpxtpx:cad>
          </gpxtpx:TrackPointExtension>
        </extensions>
      </trkpt>
      <trkpt lat="29.6860966086" lon="106.520326808">
        <ele>338.6</ele>
        <time>2026-10-03T09:28:58+0800</time>
        <extensions>
          <gpxtpx:TrackPointExtension>
            <gpxtpx:hr>154</gpxtpx:hr>
            <gpxtpx:cad>0</gpxtpx:cad>
          </gpxtpx:TrackPointExtension>
        </extensions>
      </trkpt>
      <trkpt lat="29.6861057449" lon="106.520332508">
        <ele>338.8</ele>
        <time>2026-10-03T09:28:59+0800</time>
        <extensions>
          <gpxtpx:TrackPointExtension>
            <gpxtpx:hr>154</gpxtpx:hr>
            <gpxtpx:cad>0</gpxtpx:cad>
          </gpxtpx:TrackPointExtension>
        </extensions>
      </trkpt>
      <trkpt lat="29.6861171443" lon="106.520337453">
        <ele>338.8</ele>
        <time>2026-10-03T09:29:00+0800</time>
        <extensions>
          <gpxtpx:TrackPointExtension>
            <gpxtpx:hr>153</gpxtpx:hr>
            <gpxtpx:cad>0</gpxtpx:cad>
          </gpxtpx:TrackPointExtension>
        </extensions>
      </trkpt>
      <trkpt lat="29.6861298848" lon="106.52034089">
        <ele>339.0</ele>
        <time>2026-10-03T09:29:01+0800</time>
        <extensions>
          <gpxtpx:TrackPointExtension>
            <gpxtpx:hr>153</gpxtpx:hr>
            <gpxtpx:cad>85</gpxtpx:cad>
          </gpxtpx:TrackPointExtension>
        </extensions>
      </trkpt>
      <trkpt lat="29.686136255" lon="106.520353043">
        <ele>339.0</ele>
        <time>2026-10-03T09:29:02+0800</time>
        <extensions>
          <gpxtpx:TrackPointExtension>
            <gpxtpx:hr>153</gpxtpx:hr>
            <gpxtpx:cad>85</gpxtpx:cad>
          </gpxtpx:TrackPointExtension>
        </extensions>
      </trkpt>
      <trkpt lat="29.6861524321" lon="106.520356648">
        <ele>339.0</ele>
        <time>2026-10-03T09:29:03+0800</time>
        <extensions>
          <gpxtpx:TrackPointExtension>
            <gpxtpx:hr>152</gpxtpx:hr>
            <gpxtpx:cad>85</gpxtpx:cad>
          </gpxtpx:TrackPointExtension>
        </extensions>
      </trkpt>
      <trkpt lat="29.6861666813" lon="106.52035933">
        <ele>339.0</ele>
        <time>2026-10-03T09:29:04+0800</time>
        <extensions>
          <gpxtpx:TrackPointExtension>
            <gpxtpx:hr>153</gpxtpx:hr>
            <gpxtpx:cad>85</gpxtpx:cad>
          </gpxtpx:TrackPointExtension>
        </extensions>
      </trkpt>
      <trkpt lat="29.6861745603" lon="106.5203714">
        <ele>339.0</ele>
        <time>2026-10-03T09:29:05+0800</time>
        <extensions>
          <gpxtpx:TrackPointExtension>
            <gpxtpx:hr>153</gpxtpx:hr>
            <gpxtpx:cad>85</gpxtpx:cad>
          </gpxtpx:TrackPointExtension>
        </extensions>
      </trkpt>
      <trkpt lat="29.6861904021" lon="106.520380368">
        <ele>339.0</ele>
        <time>2026-10-03T09:29:06+0800</time>
        <extensions>
          <gpxtpx:TrackPointExtension>
            <gpxtpx:hr>152</gpxtpx:hr>
            <gpxtpx:cad>83</gpxtpx:cad>
          </gpxtpx:TrackPointExtension>
        </extensions>
      </trkpt>
      <trkpt lat="29.6861965209" lon="106.520383134">
        <ele>339.2</ele>
        <time>2026-10-03T09:29:07+0800</time>
        <extensions>
          <gpxtpx:TrackPointExtension>
            <gpxtpx:hr>152</gpxtpx:hr>
            <gpxtpx:cad>82</gpxtpx:cad>
          </gpxtpx:TrackPointExtension>
        </extensions>
      </trkpt>
      <trkpt lat="29.6862100158" lon="106.520389924">
        <ele>339.2</ele>
        <time>2026-10-03T09:29:08+0800</time>
        <extensions>
          <gpxtpx:TrackPointExtension>
            <gpxtpx:hr>152</gpxtpx:hr>
            <gpxtpx:cad>81</gpxtpx:cad>
          </gpxtpx:TrackPointExtension>
        </extensions>
      </trkpt>
      <trkpt lat="29.6862217505" lon="106.520393696">
        <ele>339.4</ele>
        <time>2026-10-03T09:29:09+0800</time>
        <extensions>
          <gpxtpx:TrackPointExtension>
            <gpxtpx:hr>152</gpxtpx:hr>
            <gpxtpx:cad>81</gpxtpx:cad>
          </gpxtpx:TrackPointExtension>
        </extensions>
      </trkpt>
      <trkpt lat="29.6862301324" lon="106.520399479">
        <ele>339.4</ele>
        <time>2026-10-03T09:29:10+0800</time>
        <extensions>
          <gpxtpx:TrackPointExtension>
            <gpxtpx:hr>152</gpxtpx:hr>
            <gpxtpx:cad>81</gpxtpx:cad>
          </gpxtpx:TrackPointExtension>
        </extensions>
      </trkpt>
      <trkpt lat="29.6862428728" lon="106.520401994">
        <ele>339.4</ele>
        <time>2026-10-03T09:29:11+0800</time>
        <extensions>
          <gpxtpx:TrackPointExtension>
            <gpxtpx:hr>152</gpxtpx:hr>
            <gpxtpx:cad>83</gpxtpx:cad>
          </gpxtpx:TrackPointExtension>
        </extensions>
      </trkpt>
      <trkpt lat="29.6862530988" lon="106.520399563">
        <ele>339.4</ele>
        <time>2026-10-03T09:29:12+0800</time>
        <extensions>
          <gpxtpx:TrackPointExtension>
            <gpxtpx:hr>152</gpxtpx:hr>
            <gpxtpx:cad>83</gpxtpx:cad>
          </gpxtpx:TrackPointExtension>
        </extensions>
      </trkpt>
      <trkpt lat="29.6862671804" lon="106.520408196">
        <ele>339.4</ele>
        <time>2026-10-03T09:29:13+0800</time>
        <extensions>
          <gpxtpx:TrackPointExtension>
            <gpxtpx:hr>152</gpxtpx:hr>
            <gpxtpx:cad>83</gpxtpx:cad>
          </gpxtpx:TrackPointExtension>
        </extensions>
      </trkpt>
      <trkpt lat="29.6862787474" lon="106.520414315">
        <ele>339.2</ele>
        <time>2026-10-03T09:29:14+0800</time>
        <extensions>
          <gpxtpx:TrackPointExtension>
            <gpxtpx:hr>151</gpxtpx:hr>
            <gpxtpx:cad>82</gpxtpx:cad>
          </gpxtpx:TrackPointExtension>
        </extensions>
      </trkpt>
      <trkpt lat="29.6862921584" lon="106.520413226">
        <ele>339.2</ele>
        <time>2026-10-03T09:29:15+0800</time>
        <extensions>
          <gpxtpx:TrackPointExtension>
            <gpxtpx:hr>151</gpxtpx:hr>
            <gpxtpx:cad>82</gpxtpx:cad>
          </gpxtpx:TrackPointExtension>
        </extensions>
      </trkpt>
      <trkpt lat="29.6863064915" lon="106.520424457">
        <ele>339.2</ele>
        <time>2026-10-03T09:29:16+0800</time>
        <extensions>
          <gpxtpx:TrackPointExtension>
            <gpxtpx:hr>151</gpxtpx:hr>
            <gpxtpx:cad>82</gpxtpx:cad>
          </gpxtpx:TrackPointExtension>
        </extensions>
      </trkpt>
      <trkpt lat="29.6863157954" lon="106.520431163">
        <ele>339.4</ele>
        <time>2026-10-03T09:29:17+0800</time>
        <extensions>
          <gpxtpx:TrackPointExtension>
            <gpxtpx:hr>151</gpxtpx:hr>
            <gpxtpx:cad>82</gpxtpx:cad>
          </gpxtpx:TrackPointExtension>
        </extensions>
      </trkpt>
      <trkpt lat="29.6863281168" lon="106.520435857">
        <ele>339.6</ele>
        <time>2026-10-03T09:29:18+0800</time>
        <extensions>
          <gpxtpx:TrackPointExtension>
            <gpxtpx:hr>151</gpxtpx:hr>
            <gpxtpx:cad>82</gpxtpx:cad>
          </gpxtpx:TrackPointExtension>
        </extensions>
      </trkpt>
      <trkpt lat="29.6863394324" lon="106.520442562">
        <ele>339.8</ele>
        <time>2026-10-03T09:29:19+0800</time>
        <extensions>
          <gpxtpx:TrackPointExtension>
            <gpxtpx:hr>151</gpxtpx:hr>
            <gpxtpx:cad>81</gpxtpx:cad>
          </gpxtpx:TrackPointExtension>
        </extensions>
      </trkpt>
      <trkpt lat="29.6863524243" lon="106.520440383">
        <ele>339.8</ele>
        <time>2026-10-03T09:29:20+0800</time>
        <extensions>
          <gpxtpx:TrackPointExtension>
            <gpxtpx:hr>151</gpxtpx:hr>
            <gpxtpx:cad>81</gpxtpx:cad>
          </gpxtpx:TrackPointExtension>
        </extensions>
      </trkpt>
      <trkpt lat="29.6863634046" lon="106.520448346">
        <ele>340.0</ele>
        <time>2026-10-03T09:29:21+0800</time>
        <extensions>
          <gpxtpx:TrackPointExtension>
            <gpxtpx:hr>151</gpxtpx:hr>
            <gpxtpx:cad>81</gpxtpx:cad>
          </gpxtpx:TrackPointExtension>
        </extensions>
      </trkpt>
      <trkpt lat="29.6863754746" lon="106.520454884">
        <ele>340.0</ele>
        <time>2026-10-03T09:29:22+0800</time>
        <extensions>
          <gpxtpx:TrackPointExtension>
            <gpxtpx:hr>151</gpxtpx:hr>
            <gpxtpx:cad>79</gpxtpx:cad>
          </gpxtpx:TrackPointExtension>
        </extensions>
      </trkpt>
      <trkpt lat="29.6863924898" lon="106.520461673">
        <ele>340.0</ele>
        <time>2026-10-03T09:29:23+0800</time>
        <extensions>
          <gpxtpx:TrackPointExtension>
            <gpxtpx:hr>151</gpxtpx:hr>
            <gpxtpx:cad>79</gpxtpx:cad>
          </gpxtpx:TrackPointExtension>
        </extensions>
      </trkpt>
      <trkpt lat="29.686402129" lon="106.520466786">
        <ele>340.2</ele>
        <time>2026-10-03T09:29:24+0800</time>
        <extensions>
          <gpxtpx:TrackPointExtension>
            <gpxtpx:hr>151</gpxtpx:hr>
            <gpxtpx:cad>79</gpxtpx:cad>
          </gpxtpx:TrackPointExtension>
        </extensions>
      </trkpt>
      <trkpt lat="29.686419731" lon="106.520470474">
        <ele>340.2</ele>
        <time>2026-10-03T09:29:25+0800</time>
        <extensions>
          <gpxtpx:TrackPointExtension>
            <gpxtpx:hr>152</gpxtpx:hr>
            <gpxtpx:cad>85</gpxtpx:cad>
          </gpxtpx:TrackPointExtension>
        </extensions>
      </trkpt>
      <trkpt lat="29.6864277776" lon="106.520478437">
        <ele>340.2</ele>
        <time>2026-10-03T09:29:26+0800</time>
        <extensions>
          <gpxtpx:TrackPointExtension>
            <gpxtpx:hr>153</gpxtpx:hr>
            <gpxtpx:cad>85</gpxtpx:cad>
          </gpxtpx:TrackPointExtension>
        </extensions>
      </trkpt>
      <trkpt lat="29.6864450444" lon="106.520483634">
        <ele>340.2</ele>
        <time>2026-10-03T09:29:27+0800</time>
        <extensions>
          <gpxtpx:TrackPointExtension>
            <gpxtpx:hr>153</gpxtpx:hr>
            <gpxtpx:cad>85</gpxtpx:cad>
          </gpxtpx:TrackPointExtension>
        </extensions>
      </trkpt>
      <trkpt lat="29.6864565276" lon="106.520492183">
        <ele>340.4</ele>
        <time>2026-10-03T09:29:28+0800</time>
        <extensions>
          <gpxtpx:TrackPointExtension>
            <gpxtpx:hr>154</gpxtpx:hr>
            <gpxtpx:cad>85</gpxtpx:cad>
          </gpxtpx:TrackPointExtension>
        </extensions>
      </trkpt>
      <trkpt lat="29.6864710283" lon="106.520501152">
        <ele>340.4</ele>
        <time>2026-10-03T09:29:29+0800</time>
        <extensions>
          <gpxtpx:TrackPointExtension>
            <gpxtpx:hr>154</gpxtpx:hr>
            <gpxtpx:cad>86</gpxtpx:cad>
          </gpxtpx:TrackPointExtension>
        </extensions>
      </trkpt>
      <trkpt lat="29.6864856128" lon="106.520505343">
        <ele>340.6</ele>
        <time>2026-10-03T09:29:30+0800</time>
        <extensions>
          <gpxtpx:TrackPointExtension>
            <gpxtpx:hr>154</gpxtpx:hr>
            <gpxtpx:cad>87</gpxtpx:cad>
          </gpxtpx:TrackPointExtension>
        </extensions>
      </trkpt>
      <trkpt lat="29.6864971798" lon="106.520512048">
        <ele>340.6</ele>
        <time>2026-10-03T09:29:31+0800</time>
        <extensions>
          <gpxtpx:TrackPointExtension>
            <gpxtpx:hr>155</gpxtpx:hr>
            <gpxtpx:cad>87</gpxtpx:cad>
          </gpxtpx:TrackPointExtension>
        </extensions>
      </trkpt>
      <trkpt lat="29.686512854" lon="106.520516742">
        <ele>340.6</ele>
        <time>2026-10-03T09:29:32+0800</time>
        <extensions>
          <gpxtpx:TrackPointExtension>
            <gpxtpx:hr>154</gpxtpx:hr>
            <gpxtpx:cad>86</gpxtpx:cad>
          </gpxtpx:TrackPointExtension>
        </extensions>
      </trkpt>
      <trkpt lat="29.6865210682" lon="106.520522861">
        <ele>340.6</ele>
        <time>2026-10-03T09:29:33+0800</time>
        <extensions>
          <gpxtpx:TrackPointExtension>
            <gpxtpx:hr>155</gpxtpx:hr>
            <gpxtpx:cad>86</gpxtpx:cad>
          </gpxtpx:TrackPointExtension>
        </extensions>
      </trkpt>
      <trkpt lat="29.6865390893" lon="106.520530572">
        <ele>340.8</ele>
        <time>2026-10-03T09:29:34+0800</time>
        <extensions>
          <gpxtpx:TrackPointExtension>
            <gpxtpx:hr>155</gpxtpx:hr>
            <gpxtpx:cad>87</gpxtpx:cad>
          </gpxtpx:TrackPointExtension>
        </extensions>
      </trkpt>
      <trkpt lat="29.6865488961" lon="106.5205382">
        <ele>340.8</ele>
        <time>2026-10-03T09:29:35+0800</time>
        <extensions>
          <gpxtpx:TrackPointExtension>
            <gpxtpx:hr>154</gpxtpx:hr>
            <gpxtpx:cad>87</gpxtpx:cad>
          </gpxtpx:TrackPointExtension>
        </extensions>
      </trkpt>
      <trkpt lat="29.6865666658" lon="106.520538954">
        <ele>341.0</ele>
        <time>2026-10-03T09:29:36+0800</time>
        <extensions>
          <gpxtpx:TrackPointExtension>
            <gpxtpx:hr>154</gpxtpx:hr>
            <gpxtpx:cad>87</gpxtpx:cad>
          </gpxtpx:TrackPointExtension>
        </extensions>
      </trkpt>
      <trkpt lat="29.6865755506" lon="106.520548509">
        <ele>341.0</ele>
        <time>2026-10-03T09:29:37+0800</time>
        <extensions>
          <gpxtpx:TrackPointExtension>
            <gpxtpx:hr>154</gpxtpx:hr>
            <gpxtpx:cad>88</gpxtpx:cad>
          </gpxtpx:TrackPointExtension>
        </extensions>
      </trkpt>
      <trkpt lat="29.686593404" lon="106.520550856">
        <ele>341.2</ele>
        <time>2026-10-03T09:29:38+0800</time>
        <extensions>
          <gpxtpx:TrackPointExtension>
            <gpxtpx:hr>154</gpxtpx:hr>
            <gpxtpx:cad>88</gpxtpx:cad>
          </gpxtpx:TrackPointExtension>
        </extensions>
      </trkpt>
      <trkpt lat="29.6866011992" lon="106.520555047">
        <ele>341.2</ele>
        <time>2026-10-03T09:29:39+0800</time>
        <extensions>
          <gpxtpx:TrackPointExtension>
            <gpxtpx:hr>154</gpxtpx:hr>
            <gpxtpx:cad>88</gpxtpx:cad>
          </gpxtpx:TrackPointExtension>
        </extensions>
      </trkpt>
      <trkpt lat="29.686616119" lon="106.52056125">
        <ele>341.4</ele>
        <time>2026-10-03T09:29:40+0800</time>
        <extensions>
          <gpxtpx:TrackPointExtension>
            <gpxtpx:hr>154</gpxtpx:hr>
            <gpxtpx:cad>88</gpxtpx:cad>
          </gpxtpx:TrackPointExtension>
        </extensions>
      </trkpt>
      <trkpt lat="29.6866262611" lon="106.520566698">
        <ele>341.4</ele>
        <time>2026-10-03T09:29:41+0800</time>
        <extensions>
          <gpxtpx:TrackPointExtension>
            <gpxtpx:hr>154</gpxtpx:hr>
            <gpxtpx:cad>89</gpxtpx:cad>
          </gpxtpx:TrackPointExtension>
        </extensions>
      </trkpt>
      <trkpt lat="29.6866407618" lon="106.52057156">
        <ele>341.4</ele>
        <time>2026-10-03T09:29:42+0800</time>
        <extensions>
          <gpxtpx:TrackPointExtension>
            <gpxtpx:hr>155</gpxtpx:hr>
            <gpxtpx:cad>88</gpxtpx:cad>
          </gpxtpx:TrackPointExtension>
        </extensions>
      </trkpt>
      <trkpt lat="29.686657358" lon="106.520572901">
        <ele>341.4</ele>
        <time>2026-10-03T09:29:43+0800</time>
        <extensions>
          <gpxtpx:TrackPointExtension>
            <gpxtpx:hr>155</gpxtpx:hr>
            <gpxtpx:cad>88</gpxtpx:cad>
          </gpxtpx:TrackPointExtension>
        </extensions>
      </trkpt>
      <trkpt lat="29.6866686735" lon="106.520580947">
        <ele>341.4</ele>
        <time>2026-10-03T09:29:44+0800</time>
        <extensions>
          <gpxtpx:TrackPointExtension>
            <gpxtpx:hr>155</gpxtpx:hr>
            <gpxtpx:cad>88</gpxtpx:cad>
          </gpxtpx:TrackPointExtension>
        </extensions>
      </trkpt>
      <trkpt lat="29.6866791509" lon="106.520581031">
        <ele>341.6</ele>
        <time>2026-10-03T09:29:45+0800</time>
        <extensions>
          <gpxtpx:TrackPointExtension>
            <gpxtpx:hr>155</gpxtpx:hr>
            <gpxtpx:cad>86</gpxtpx:cad>
          </gpxtpx:TrackPointExtension>
        </extensions>
      </trkpt>
      <trkpt lat="29.6866884548" lon="106.520584468">
        <ele>341.8</ele>
        <time>2026-10-03T09:29:46+0800</time>
        <extensions>
          <gpxtpx:TrackPointExtension>
            <gpxtpx:hr>155</gpxtpx:hr>
            <gpxtpx:cad>85</gpxtpx:cad>
          </gpxtpx:TrackPointExtension>
        </extensions>
      </trkpt>
      <trkpt lat="29.686702285" lon="106.520588323">
        <ele>342.0</ele>
        <time>2026-10-03T09:29:47+0800</time>
        <extensions>
          <gpxtpx:TrackPointExtension>
            <gpxtpx:hr>154</gpxtpx:hr>
            <gpxtpx:cad>85</gpxtpx:cad>
          </gpxtpx:TrackPointExtension>
        </extensions>
      </trkpt>
      <trkpt lat="29.686716618" lon="106.520590922">
        <ele>342.0</ele>
        <time>2026-10-03T09:29:48+0800</time>
        <extensions>
          <gpxtpx:TrackPointExtension>
            <gpxtpx:hr>155</gpxtpx:hr>
            <gpxtpx:cad>85</gpxtpx:cad>
          </gpxtpx:TrackPointExtension>
        </extensions>
      </trkpt>
      <trkpt lat="29.6867249999" lon="106.520595113">
        <ele>342.2</ele>
        <time>2026-10-03T09:29:49+0800</time>
        <extensions>
          <gpxtpx:TrackPointExtension>
            <gpxtpx:hr>155</gpxtpx:hr>
            <gpxtpx:cad>85</gpxtpx:cad>
          </gpxtpx:TrackPointExtension>
        </extensions>
      </trkpt>
      <trkpt lat="29.6867457032" lon="106.520602237">
        <ele>342.2</ele>
        <time>2026-10-03T09:29:50+0800</time>
        <extensions>
          <gpxtpx:TrackPointExtension>
            <gpxtpx:hr>155</gpxtpx:hr>
            <gpxtpx:cad>85</gpxtpx:cad>
          </gpxtpx:TrackPointExtension>
        </extensions>
      </trkpt>
      <trkpt lat="29.6867576893" lon="106.520606009">
        <ele>342.2</ele>
        <time>2026-10-03T09:29:51+0800</time>
        <extensions>
          <gpxtpx:TrackPointExtension>
            <gpxtpx:hr>155</gpxtpx:hr>
            <gpxtpx:cad>85</gpxtpx:cad>
          </gpxtpx:TrackPointExtension>
        </extensions>
      </trkpt>
      <trkpt lat="29.6867713518" lon="106.520612799">
        <ele>342.0</ele>
        <time>2026-10-03T09:29:52+0800</time>
        <extensions>
          <gpxtpx:TrackPointExtension>
            <gpxtpx:hr>155</gpxtpx:hr>
            <gpxtpx:cad>85</gpxtpx:cad>
          </gpxtpx:TrackPointExtension>
        </extensions>
      </trkpt>
      <trkpt lat="29.6867865231" lon="106.520613721">
        <ele>342.2</ele>
        <time>2026-10-03T09:29:53+0800</time>
        <extensions>
          <gpxtpx:TrackPointExtension>
            <gpxtpx:hr>155</gpxtpx:hr>
            <gpxtpx:cad>85</gpxtpx:cad>
          </gpxtpx:TrackPointExtension>
        </extensions>
      </trkpt>
      <trkpt lat="29.6867952403" lon="106.520621432">
        <ele>342.2</ele>
        <time>2026-10-03T09:29:54+0800</time>
        <extensions>
          <gpxtpx:TrackPointExtension>
            <gpxtpx:hr>156</gpxtpx:hr>
            <gpxtpx:cad>85</gpxtpx:cad>
          </gpxtpx:TrackPointExtension>
        </extensions>
      </trkpt>
      <trkpt lat="29.6868066397" lon="106.520628976">
        <ele>342.2</ele>
        <time>2026-10-03T09:29:55+0800</time>
        <extensions>
          <gpxtpx:TrackPointExtension>
            <gpxtpx:hr>157</gpxtpx:hr>
            <gpxtpx:cad>85</gpxtpx:cad>
          </gpxtpx:TrackPointExtension>
        </extensions>
      </trkpt>
      <trkpt lat="29.6868156083" lon="106.520635933">
        <ele>342.4</ele>
        <time>2026-10-03T09:29:56+0800</time>
        <extensions>
          <gpxtpx:TrackPointExtension>
            <gpxtpx:hr>161</gpxtpx:hr>
            <gpxtpx:cad>85</gpxtpx:cad>
          </gpxtpx:TrackPointExtension>
        </extensions>
      </trkpt>
      <trkpt lat="29.6868248284" lon="106.520642135">
        <ele>342.4</ele>
        <time>2026-10-03T09:29:57+0800</time>
        <extensions>
          <gpxtpx:TrackPointExtension>
            <gpxtpx:hr>171</gpxtpx:hr>
            <gpxtpx:cad>85</gpxtpx:cad>
          </gpxtpx:TrackPointExtension>
        </extensions>
      </trkpt>
      <trkpt lat="29.6868436038" lon="106.5206475">
        <ele>342.4</ele>
        <time>2026-10-03T09:29:58+0800</time>
        <extensions>
          <gpxtpx:TrackPointExtension>
            <gpxtpx:hr>181</gpxtpx:hr>
            <gpxtpx:cad>85</gpxtpx:cad>
          </gpxtpx:TrackPointExtension>
        </extensions>
      </trkpt>
      <trkpt lat="29.6868522372" lon="106.520650769">
        <ele>342.6</ele>
        <time>2026-10-03T09:29:59+0800</time>
        <extensions>
          <gpxtpx:TrackPointExtension>
            <gpxtpx:hr>182</gpxtpx:hr>
            <gpxtpx:cad>85</gpxtpx:cad>
          </gpxtpx:TrackPointExtension>
        </extensions>
      </trkpt>
      <trkpt lat="29.6868665703" lon="106.520655295">
        <ele>342.6</ele>
        <time>2026-10-03T09:30:00+0800</time>
        <extensions>
          <gpxtpx:TrackPointExtension>
            <gpxtpx:hr>183</gpxtpx:hr>
            <gpxtpx:cad>85</gpxtpx:cad>
          </gpxtpx:TrackPointExtension>
        </extensions>
      </trkpt>
      <trkpt lat="29.6868851781" lon="106.520656552">
        <ele>342.6</ele>
        <time>2026-10-03T09:30:01+0800</time>
        <extensions>
          <gpxtpx:TrackPointExtension>
            <gpxtpx:hr>183</gpxtpx:hr>
            <gpxtpx:cad>85</gpxtpx:cad>
          </gpxtpx:TrackPointExtension>
        </extensions>
      </trkpt>
      <trkpt lat="29.6868912969" lon="106.520660743">
        <ele>342.8</ele>
        <time>2026-10-03T09:30:02+0800</time>
        <extensions>
          <gpxtpx:TrackPointExtension>
            <gpxtpx:hr>183</gpxtpx:hr>
            <gpxtpx:cad>85</gpxtpx:cad>
          </gpxtpx:TrackPointExtension>
        </extensions>
      </trkpt>
      <trkpt lat="29.6869075578" lon="106.520666946">
        <ele>342.8</ele>
        <time>2026-10-03T09:30:03+0800</time>
        <extensions>
          <gpxtpx:TrackPointExtension>
            <gpxtpx:hr>183</gpxtpx:hr>
            <gpxtpx:cad>85</gpxtpx:cad>
          </gpxtpx:TrackPointExtension>
        </extensions>
      </trkpt>
      <trkpt lat="29.6869187895" lon="106.520674238">
        <ele>343.0</ele>
        <time>2026-10-03T09:30:04+0800</time>
        <extensions>
          <gpxtpx:TrackPointExtension>
            <gpxtpx:hr>183</gpxtpx:hr>
            <gpxtpx:cad>85</gpxtpx:cad>
          </gpxtpx:TrackPointExtension>
        </extensions>
      </trkpt>
      <trkpt lat="29.6869259141" lon="106.520679602">
        <ele>343.2</ele>
        <time>2026-10-03T09:30:05+0800</time>
        <extensions>
          <gpxtpx:TrackPointExtension>
            <gpxtpx:hr>184</gpxtpx:hr>
            <gpxtpx:cad>85</gpxtpx:cad>
          </gpxtpx:TrackPointExtension>
        </extensions>
      </trkpt>
      <trkpt lat="29.6869392414" lon="106.520684883">
        <ele>343.2</ele>
        <time>2026-10-03T09:30:06+0800</time>
        <extensions>
          <gpxtpx:TrackPointExtension>
            <gpxtpx:hr>183</gpxtpx:hr>
            <gpxtpx:cad>85</gpxtpx:cad>
          </gpxtpx:TrackPointExtension>
        </extensions>
      </trkpt>
      <trkpt lat="29.6869538259" lon="106.520688487">
        <ele>343.2</ele>
        <time>2026-10-03T09:30:07+0800</time>
        <extensions>
          <gpxtpx:TrackPointExtension>
            <gpxtpx:hr>183</gpxtpx:hr>
            <gpxtpx:cad>85</gpxtpx:cad>
          </gpxtpx:TrackPointExtension>
        </extensions>
      </trkpt>
      <trkpt lat="29.6869602799" lon="106.520692175">
        <ele>343.4</ele>
        <time>2026-10-03T09:30:08+0800</time>
        <extensions>
          <gpxtpx:TrackPointExtension>
            <gpxtpx:hr>183</gpxtpx:hr>
            <gpxtpx:cad>85</gpxtpx:cad>
          </gpxtpx:TrackPointExtension>
        </extensions>
      </trkpt>
      <trkpt lat="29.6869693324" lon="106.520695109">
        <ele>343.4</ele>
        <time>2026-10-03T09:30:09+0800</time>
        <extensions>
          <gpxtpx:TrackPointExtension>
            <gpxtpx:hr>183</gpxtpx:hr>
            <gpxtpx:cad>85</gpxtpx:cad>
          </gpxtpx:TrackPointExtension>
        </extensions>
      </trkpt>
      <trkpt lat="29.6869840007" lon="106.520697037">
        <ele>343.4</ele>
        <time>2026-10-03T09:30:10+0800</time>
        <extensions>
          <gpxtpx:TrackPointExtension>
            <gpxtpx:hr>183</gpxtpx:hr>
            <gpxtpx:cad>85</gpxtpx:cad>
          </gpxtpx:TrackPointExtension>
        </extensions>
      </trkpt>
      <trkpt lat="29.6869933885" lon="106.520700892">
        <ele>343.6</ele>
        <time>2026-10-03T09:30:11+0800</time>
        <extensions>
          <gpxtpx:TrackPointExtension>
            <gpxtpx:hr>184</gpxtpx:hr>
            <gpxtpx:cad>85</gpxtpx:cad>
          </gpxtpx:TrackPointExtension>
        </extensions>
      </trkpt>
      <trkpt lat="29.6870036982" lon="106.520710113">
        <ele>343.6</ele>
        <time>2026-10-03T09:30:12+0800</time>
        <extensions>
          <gpxtpx:TrackPointExtension>
            <gpxtpx:hr>184</gpxtpx:hr>
            <gpxtpx:cad>85</gpxtpx:cad>
          </gpxtpx:TrackPointExtension>
        </extensions>
      </trkpt>
      <trkpt lat="29.6870188694" lon="106.520717237">
        <ele>343.8</ele>
        <time>2026-10-03T09:30:13+0800</time>
        <extensions>
          <gpxtpx:TrackPointExtension>
            <gpxtpx:hr>184</gpxtpx:hr>
            <gpxtpx:cad>85</gpxtpx:cad>
          </gpxtpx:TrackPointExtension>
        </extensions>
      </trkpt>
      <trkpt lat="29.6870321967" lon="106.520722015">
        <ele>343.8</ele>
        <time>2026-10-03T09:30:14+0800</time>
        <extensions>
          <gpxtpx:TrackPointExtension>
            <gpxtpx:hr>183</gpxtpx:hr>
            <gpxtpx:cad>85</gpxtpx:cad>
          </gpxtpx:TrackPointExtension>
        </extensions>
      </trkpt>
      <trkpt lat="29.6870423388" lon="106.520728553">
        <ele>343.8</ele>
        <time>2026-10-03T09:30:15+0800</time>
        <extensions>
          <gpxtpx:TrackPointExtension>
            <gpxtpx:hr>183</gpxtpx:hr>
            <gpxtpx:cad>85</gpxtpx:cad>
          </gpxtpx:TrackPointExtension>
        </extensions>
      </trkpt>
      <trkpt lat="29.6870572586" lon="106.520734672">
        <ele>344.0</ele>
        <time>2026-10-03T09:30:16+0800</time>
        <extensions>
          <gpxtpx:TrackPointExtension>
            <gpxtpx:hr>183</gpxtpx:hr>
            <gpxtpx:cad>88</gpxtpx:cad>
          </gpxtpx:TrackPointExtension>
        </extensions>
      </trkpt>
      <trkpt lat="29.6870705858" lon="106.520742718">
        <ele>344.0</ele>
        <time>2026-10-03T09:30:17+0800</time>
        <extensions>
          <gpxtpx:TrackPointExtension>
            <gpxtpx:hr>184</gpxtpx:hr>
            <gpxtpx:cad>88</gpxtpx:cad>
          </gpxtpx:TrackPointExtension>
        </extensions>
      </trkpt>
      <trkpt lat="29.6870824881" lon="106.520750262">
        <ele>344.2</ele>
        <time>2026-10-03T09:30:18+0800</time>
        <extensions>
          <gpxtpx:TrackPointExtension>
            <gpxtpx:hr>183</gpxtpx:hr>
            <gpxtpx:cad>88</gpxtpx:cad>
          </gpxtpx:TrackPointExtension>
        </extensions>
      </trkpt>
      <trkpt lat="29.6870948933" lon="106.520750262">
        <ele>344.2</ele>
        <time>2026-10-03T09:30:19+0800</time>
        <extensions>
          <gpxtpx:TrackPointExtension>
            <gpxtpx:hr>183</gpxtpx:hr>
            <gpxtpx:cad>88</gpxtpx:cad>
          </gpxtpx:TrackPointExtension>
        </extensions>
      </trkpt>
      <trkpt lat="29.6871029399" lon="106.520757973">
        <ele>344.2</ele>
        <time>2026-10-03T09:30:20+0800</time>
        <extensions>
          <gpxtpx:TrackPointExtension>
            <gpxtpx:hr>183</gpxtpx:hr>
            <gpxtpx:cad>88</gpxtpx:cad>
          </gpxtpx:TrackPointExtension>
        </extensions>
      </trkpt>
      <trkpt lat="29.687114507" lon="106.520757051">
        <ele>344.2</ele>
        <time>2026-10-03T09:30:21+0800</time>
        <extensions>
          <gpxtpx:TrackPointExtension>
            <gpxtpx:hr>183</gpxtpx:hr>
            <gpxtpx:cad>88</gpxtpx:cad>
          </gpxtpx:TrackPointExtension>
        </extensions>
      </trkpt>
      <trkpt lat="29.6871249843" lon="106.520759985">
        <ele>344.4</ele>
        <time>2026-10-03T09:30:22+0800</time>
        <extensions>
          <gpxtpx:TrackPointExtension>
            <gpxtpx:hr>182</gpxtpx:hr>
            <gpxtpx:cad>88</gpxtpx:cad>
          </gpxtpx:TrackPointExtension>
        </extensions>
      </trkpt>
      <trkpt lat="29.6871345397" lon="106.52077063">
        <ele>344.4</ele>
        <time>2026-10-03T09:30:23+0800</time>
        <extensions>
          <gpxtpx:TrackPointExtension>
            <gpxtpx:hr>182</gpxtpx:hr>
            <gpxtpx:cad>88</gpxtpx:cad>
          </gpxtpx:TrackPointExtension>
        </extensions>
      </trkpt>
      <trkpt lat="29.6871470287" lon="106.520779599">
        <ele>344.4</ele>
        <time>2026-10-03T09:30:24+0800</time>
        <extensions>
          <gpxtpx:TrackPointExtension>
            <gpxtpx:hr>182</gpxtpx:hr>
            <gpxtpx:cad>88</gpxtpx:cad>
          </gpxtpx:TrackPointExtension>
        </extensions>
      </trkpt>
      <trkpt lat="29.6871575899" lon="106.520786472">
        <ele>344.6</ele>
        <time>2026-10-03T09:30:25+0800</time>
        <extensions>
          <gpxtpx:TrackPointExtension>
            <gpxtpx:hr>182</gpxtpx:hr>
            <gpxtpx:cad>88</gpxtpx:cad>
          </gpxtpx:TrackPointExtension>
        </extensions>
      </trkpt>
      <trkpt lat="29.6871694084" lon="106.520793512">
        <ele>344.6</ele>
        <time>2026-10-03T09:30:26+0800</time>
        <extensions>
          <gpxtpx:TrackPointExtension>
            <gpxtpx:hr>181</gpxtpx:hr>
            <gpxtpx:cad>88</gpxtpx:cad>
          </gpxtpx:TrackPointExtension>
        </extensions>
      </trkpt>
      <trkpt lat="29.6871790476" lon="106.520799883">
        <ele>344.6</ele>
        <time>2026-10-03T09:30:27+0800</time>
        <extensions>
          <gpxtpx:TrackPointExtension>
            <gpxtpx:hr>181</gpxtpx:hr>
            <gpxtpx:cad>77</gpxtpx:cad>
          </gpxtpx:TrackPointExtension>
        </extensions>
      </trkpt>
      <trkpt lat="29.6871912014" lon="106.520808265">
        <ele>344.6</ele>
        <time>2026-10-03T09:30:28+0800</time>
        <extensions>
          <gpxtpx:TrackPointExtension>
            <gpxtpx:hr>181</gpxtpx:hr>
            <gpxtpx:cad>77</gpxtpx:cad>
          </gpxtpx:TrackPointExtension>
        </extensions>
      </trkpt>
      <trkpt lat="29.6872044448" lon="106.52081606">
        <ele>344.6</ele>
        <time>2026-10-03T09:30:29+0800</time>
        <extensions>
          <gpxtpx:TrackPointExtension>
            <gpxtpx:hr>181</gpxtpx:hr>
            <gpxtpx:cad>77</gpxtpx:cad>
          </gpxtpx:TrackPointExtension>
        </extensions>
      </trkpt>
      <trkpt lat="29.6872136649" lon="106.520822933">
        <ele>344.6</ele>
        <time>2026-10-03T09:30:30+0800</time>
        <extensions>
          <gpxtpx:TrackPointExtension>
            <gpxtpx:hr>181</gpxtpx:hr>
            <gpxtpx:cad>77</gpxtpx:cad>
          </gpxtpx:TrackPointExtension>
        </extensions>
      </trkpt>
      <trkpt lat="29.6872257348" lon="106.520828214">
        <ele>344.6</ele>
        <time>2026-10-03T09:30:31+0800</time>
        <extensions>
          <gpxtpx:TrackPointExtension>
            <gpxtpx:hr>180</gpxtpx:hr>
            <gpxtpx:cad>78</gpxtpx:cad>
          </gpxtpx:TrackPointExtension>
        </extensions>
      </trkpt>
      <trkpt lat="29.6872357931" lon="106.520836763">
        <ele>344.8</ele>
        <time>2026-10-03T09:30:32+0800</time>
        <extensions>
          <gpxtpx:TrackPointExtension>
            <gpxtpx:hr>180</gpxtpx:hr>
            <gpxtpx:cad>79</gpxtpx:cad>
          </gpxtpx:TrackPointExtension>
        </extensions>
      </trkpt>
      <trkpt lat="29.6872488689" lon="106.520843133">
        <ele>344.8</ele>
        <time>2026-10-03T09:30:33+0800</time>
        <extensions>
          <gpxtpx:TrackPointExtension>
            <gpxtpx:hr>179</gpxtpx:hr>
            <gpxtpx:cad>80</gpxtpx:cad>
          </gpxtpx:TrackPointExtension>
        </extensions>
      </trkpt>
      <trkpt lat="29.6872572508" lon="106.520854784">
        <ele>345.0</ele>
        <time>2026-10-03T09:30:34+0800</time>
        <extensions>
          <gpxtpx:TrackPointExtension>
            <gpxtpx:hr>178</gpxtpx:hr>
            <gpxtpx:cad>80</gpxtpx:cad>
          </gpxtpx:TrackPointExtension>
        </extensions>
      </trkpt>
      <trkpt lat="29.6872685663" lon="106.520864088">
        <ele>345.2</ele>
        <time>2026-10-03T09:30:35+0800</time>
        <extensions>
          <gpxtpx:TrackPointExtension>
            <gpxtpx:hr>178</gpxtpx:hr>
            <gpxtpx:cad>82</gpxtpx:cad>
          </gpxtpx:TrackPointExtension>
        </extensions>
      </trkpt>
      <trkpt lat="29.6872844081" lon="106.520874482">
        <ele>345.2</ele>
        <time>2026-10-03T09:30:36+0800</time>
        <extensions>
          <gpxtpx:TrackPointExtension>
            <gpxtpx:hr>178</gpxtpx:hr>
            <gpxtpx:cad>84</gpxtpx:cad>
          </gpxtpx:TrackPointExtension>
        </extensions>
      </trkpt>
      <trkpt lat="29.6872911137" lon="106.520886803">
        <ele>345.2</ele>
        <time>2026-10-03T09:30:37+0800</time>
        <extensions>
          <gpxtpx:TrackPointExtension>
            <gpxtpx:hr>178</gpxtpx:hr>
            <gpxtpx:cad>84</gpxtpx:cad>
          </gpxtpx:TrackPointExtension>
        </extensions>
      </trkpt>
      <trkpt lat="29.687300669" lon="106.520897448">
        <ele>345.4</ele>
        <time>2026-10-03T09:30:38+0800</time>
        <extensions>
          <gpxtpx:TrackPointExtension>
            <gpxtpx:hr>177</gpxtpx:hr>
            <gpxtpx:cad>84</gpxtpx:cad>
          </gpxtpx:TrackPointExtension>
        </extensions>
      </trkpt>
      <trkpt lat="29.6873119008" lon="106.520906165">
        <ele>345.4</ele>
        <time>2026-10-03T09:30:39+0800</time>
        <extensions>
          <gpxtpx:TrackPointExtension>
            <gpxtpx:hr>177</gpxtpx:hr>
            <gpxtpx:cad>83</gpxtpx:cad>
          </gpxtpx:TrackPointExtension>
        </extensions>
      </trkpt>
      <trkpt lat="29.6873204503" lon="106.520920917">
        <ele>345.4</ele>
        <time>2026-10-03T09:30:40+0800</time>
        <extensions>
          <gpxtpx:TrackPointExtension>
            <gpxtpx:hr>176</gpxtpx:hr>
            <gpxtpx:cad>83</gpxtpx:cad>
          </gpxtpx:TrackPointExtension>
        </extensions>
      </trkpt>
      <trkpt lat="29.687332185" lon="106.520930137">
        <ele>345.6</ele>
        <time>2026-10-03T09:30:41+0800</time>
        <extensions>
          <gpxtpx:TrackPointExtension>
            <gpxtpx:hr>176</gpxtpx:hr>
            <gpxtpx:cad>82</gpxtpx:cad>
          </gpxtpx:TrackPointExtension>
        </extensions>
      </trkpt>
      <trkpt lat="29.6873453446" lon="106.520941872">
        <ele>345.6</ele>
        <time>2026-10-03T09:30:42+0800</time>
        <extensions>
          <gpxtpx:TrackPointExtension>
            <gpxtpx:hr>176</gpxtpx:hr>
            <gpxtpx:cad>82</gpxtpx:cad>
          </gpxtpx:TrackPointExtension>
        </extensions>
      </trkpt>
      <trkpt lat="29.6873548999" lon="106.520955283">
        <ele>345.8</ele>
        <time>2026-10-03T09:30:43+0800</time>
        <extensions>
          <gpxtpx:TrackPointExtension>
            <gpxtpx:hr>176</gpxtpx:hr>
            <gpxtpx:cad>81</gpxtpx:cad>
          </gpxtpx:TrackPointExtension>
        </extensions>
      </trkpt>
      <trkpt lat="29.6873676404" lon="106.520961486">
        <ele>346.0</ele>
        <time>2026-10-03T09:30:44+0800</time>
        <extensions>
          <gpxtpx:TrackPointExtension>
            <gpxtpx:hr>176</gpxtpx:hr>
            <gpxtpx:cad>81</gpxtpx:cad>
          </gpxtpx:TrackPointExtension>
        </extensions>
      </trkpt>
      <trkpt lat="29.6873802133" lon="106.520970874">
        <ele>346.0</ele>
        <time>2026-10-03T09:30:45+0800</time>
        <extensions>
          <gpxtpx:TrackPointExtension>
            <gpxtpx:hr>176</gpxtpx:hr>
            <gpxtpx:cad>81</gpxtpx:cad>
          </gpxtpx:TrackPointExtension>
        </extensions>
      </trkpt>
      <trkpt lat="29.6873873379" lon="106.520977411">
        <ele>346.0</ele>
        <time>2026-10-03T09:30:46+0800</time>
        <extensions>
          <gpxtpx:TrackPointExtension>
            <gpxtpx:hr>176</gpxtpx:hr>
            <gpxtpx:cad>83</gpxtpx:cad>
          </gpxtpx:TrackPointExtension>
        </extensions>
      </trkpt>
      <trkpt lat="29.6874010842" lon="106.520987889">
        <ele>346.0</ele>
        <time>2026-10-03T09:30:47+0800</time>
        <extensions>
          <gpxtpx:TrackPointExtension>
            <gpxtpx:hr>176</gpxtpx:hr>
            <gpxtpx:cad>83</gpxtpx:cad>
          </gpxtpx:TrackPointExtension>
        </extensions>
      </trkpt>
      <trkpt lat="29.6874078736" lon="106.520994427">
        <ele>346.2</ele>
        <time>2026-10-03T09:30:48+0800</time>
        <extensions>
          <gpxtpx:TrackPointExtension>
            <gpxtpx:hr>176</gpxtpx:hr>
            <gpxtpx:cad>83</gpxtpx:cad>
          </gpxtpx:TrackPointExtension>
        </extensions>
      </trkpt>
      <trkpt lat="29.6874172613" lon="106.521002809">
        <ele>346.2</ele>
        <time>2026-10-03T09:30:49+0800</time>
        <extensions>
          <gpxtpx:TrackPointExtension>
            <gpxtpx:hr>176</gpxtpx:hr>
            <gpxtpx:cad>83</gpxtpx:cad>
          </gpxtpx:TrackPointExtension>
        </extensions>
      </trkpt>
      <trkpt lat="29.6874305885" lon="106.521016387">
        <ele>346.4</ele>
        <time>2026-10-03T09:30:50+0800</time>
        <extensions>
          <gpxtpx:TrackPointExtension>
            <gpxtpx:hr>176</gpxtpx:hr>
            <gpxtpx:cad>78</gpxtpx:cad>
          </gpxtpx:TrackPointExtension>
        </extensions>
      </trkpt>
      <trkpt lat="29.6874391381" lon="106.521027116">
        <ele>346.4</ele>
        <time>2026-10-03T09:30:51+0800</time>
        <extensions>
          <gpxtpx:TrackPointExtension>
            <gpxtpx:hr>176</gpxtpx:hr>
            <gpxtpx:cad>78</gpxtpx:cad>
          </gpxtpx:TrackPointExtension>
        </extensions>
      </trkpt>
      <trkpt lat="29.6874467656" lon="106.521038851">
        <ele>346.6</ele>
        <time>2026-10-03T09:30:52+0800</time>
        <extensions>
          <gpxtpx:TrackPointExtension>
            <gpxtpx:hr>177</gpxtpx:hr>
            <gpxtpx:cad>78</gpxtpx:cad>
          </gpxtpx:TrackPointExtension>
        </extensions>
      </trkpt>
      <trkpt lat="29.6874577459" lon="106.521048825">
        <ele>346.6</ele>
        <time>2026-10-03T09:30:53+0800</time>
        <extensions>
          <gpxtpx:TrackPointExtension>
            <gpxtpx:hr>177</gpxtpx:hr>
            <gpxtpx:cad>78</gpxtpx:cad>
          </gpxtpx:TrackPointExtension>
        </extensions>
      </trkpt>
      <trkpt lat="29.6874689776" lon="106.521058213">
        <ele>346.8</ele>
        <time>2026-10-03T09:30:54+0800</time>
        <extensions>
          <gpxtpx:TrackPointExtension>
            <gpxtpx:hr>177</gpxtpx:hr>
            <gpxtpx:cad>78</gpxtpx:cad>
          </gpxtpx:TrackPointExtension>
        </extensions>
      </trkpt>
      <trkpt lat="29.6874751803" lon="106.521067433">
        <ele>346.8</ele>
        <time>2026-10-03T09:30:55+0800</time>
        <extensions>
          <gpxtpx:TrackPointExtension>
            <gpxtpx:hr>177</gpxtpx:hr>
            <gpxtpx:cad>78</gpxtpx:cad>
          </gpxtpx:TrackPointExtension>
        </extensions>
      </trkpt>
      <trkpt lat="29.6874901" lon="106.521076066">
        <ele>346.8</ele>
        <time>2026-10-03T09:30:56+0800</time>
        <extensions>
          <gpxtpx:TrackPointExtension>
            <gpxtpx:hr>177</gpxtpx:hr>
            <gpxtpx:cad>79</gpxtpx:cad>
          </gpxtpx:TrackPointExtension>
        </extensions>
      </trkpt>
      <trkpt lat="29.6874948777" lon="106.521087131">
        <ele>346.8</ele>
        <time>2026-10-03T09:30:57+0800</time>
        <extensions>
          <gpxtpx:TrackPointExtension>
            <gpxtpx:hr>177</gpxtpx:hr>
            <gpxtpx:cad>79</gpxtpx:cad>
          </gpxtpx:TrackPointExtension>
        </extensions>
      </trkpt>
      <trkpt lat="29.6875025053" lon="106.521097943">
        <ele>347.0</ele>
        <time>2026-10-03T09:30:58+0800</time>
        <extensions>
          <gpxtpx:TrackPointExtension>
            <gpxtpx:hr>177</gpxtpx:hr>
            <gpxtpx:cad>79</gpxtpx:cad>
          </gpxtpx:TrackPointExtension>
        </extensions>
      </trkpt>
      <trkpt lat="29.687514659" lon="106.521105655">
        <ele>347.0</ele>
        <time>2026-10-03T09:30:59+0800</time>
        <extensions>
          <gpxtpx:TrackPointExtension>
            <gpxtpx:hr>177</gpxtpx:hr>
            <gpxtpx:cad>79</gpxtpx:cad>
          </gpxtpx:TrackPointExtension>
        </extensions>
      </trkpt>
      <trkpt lat="29.6875196043" lon="106.521115797">
        <ele>347.2</ele>
        <time>2026-10-03T09:31:00+0800</time>
        <extensions>
          <gpxtpx:TrackPointExtension>
            <gpxtpx:hr>178</gpxtpx:hr>
            <gpxtpx:cad>79</gpxtpx:cad>
          </gpxtpx:TrackPointExtension>
        </extensions>
      </trkpt>
      <trkpt lat="29.6875294112" lon="106.521122754">
        <ele>347.2</ele>
        <time>2026-10-03T09:31:01+0800</time>
        <extensions>
          <gpxtpx:TrackPointExtension>
            <gpxtpx:hr>178</gpxtpx:hr>
            <gpxtpx:cad>82</gpxtpx:cad>
          </gpxtpx:TrackPointExtension>
        </extensions>
      </trkpt>
      <trkpt lat="29.6875349432" lon="106.521135829">
        <ele>347.2</ele>
        <time>2026-10-03T09:31:02+0800</time>
        <extensions>
          <gpxtpx:TrackPointExtension>
            <gpxtpx:hr>179</gpxtpx:hr>
            <gpxtpx:cad>83</gpxtpx:cad>
          </gpxtpx:TrackPointExtension>
        </extensions>
      </trkpt>
      <trkpt lat="29.6875473484" lon="106.521149408">
        <ele>347.4</ele>
        <time>2026-10-03T09:31:03+0800</time>
        <extensions>
          <gpxtpx:TrackPointExtension>
            <gpxtpx:hr>179</gpxtpx:hr>
            <gpxtpx:cad>85</gpxtpx:cad>
          </gpxtpx:TrackPointExtension>
        </extensions>
      </trkpt>
      <trkpt lat="29.6875502821" lon="106.521162065">
        <ele>347.4</ele>
        <time>2026-10-03T09:31:04+0800</time>
        <extensions>
          <gpxtpx:TrackPointExtension>
            <gpxtpx:hr>179</gpxtpx:hr>
            <gpxtpx:cad>85</gpxtpx:cad>
          </gpxtpx:TrackPointExtension>
        </extensions>
      </trkpt>
      <trkpt lat="29.6875569876" lon="106.521176985">
        <ele>347.4</ele>
        <time>2026-10-03T09:31:05+0800</time>
        <extensions>
          <gpxtpx:TrackPointExtension>
            <gpxtpx:hr>180</gpxtpx:hr>
            <gpxtpx:cad>85</gpxtpx:cad>
          </gpxtpx:TrackPointExtension>
        </extensions>
      </trkpt>
      <trkpt lat="29.6875636932" lon="106.521192826">
        <ele>347.6</ele>
        <time>2026-10-03T09:31:06+0800</time>
        <extensions>
          <gpxtpx:TrackPointExtension>
            <gpxtpx:hr>182</gpxtpx:hr>
            <gpxtpx:cad>85</gpxtpx:cad>
          </gpxtpx:TrackPointExtension>
        </extensions>
      </trkpt>
      <trkpt lat="29.6875735" lon="106.521206237">
        <ele>347.6</ele>
        <time>2026-10-03T09:31:07+0800</time>
        <extensions>
          <gpxtpx:TrackPointExtension>
            <gpxtpx:hr>182</gpxtpx:hr>
            <gpxtpx:cad>85</gpxtpx:cad>
          </gpxtpx:TrackPointExtension>
        </extensions>
      </trkpt>
      <trkpt lat="29.687585067" lon="106.52121881">
        <ele>347.6</ele>
        <time>2026-10-03T09:31:08+0800</time>
        <extensions>
          <gpxtpx:TrackPointExtension>
            <gpxtpx:hr>183</gpxtpx:hr>
            <gpxtpx:cad>85</gpxtpx:cad>
          </gpxtpx:TrackPointExtension>
        </extensions>
      </trkpt>
      <trkpt lat="29.6875924431" lon="106.521229036">
        <ele>347.8</ele>
        <time>2026-10-03T09:31:09+0800</time>
        <extensions>
          <gpxtpx:TrackPointExtension>
            <gpxtpx:hr>182</gpxtpx:hr>
            <gpxtpx:cad>70</gpxtpx:cad>
          </gpxtpx:TrackPointExtension>
        </extensions>
      </trkpt>
      <trkpt lat="29.6875994839" lon="106.521242615">
        <ele>347.8</ele>
        <time>2026-10-03T09:31:10+0800</time>
        <extensions>
          <gpxtpx:TrackPointExtension>
            <gpxtpx:hr>181</gpxtpx:hr>
            <gpxtpx:cad>67</gpxtpx:cad>
          </gpxtpx:TrackPointExtension>
        </extensions>
      </trkpt>
      <trkpt lat="29.6876041777" lon="106.52125502">
        <ele>347.8</ele>
        <time>2026-10-03T09:31:11+0800</time>
        <extensions>
          <gpxtpx:TrackPointExtension>
            <gpxtpx:hr>181</gpxtpx:hr>
            <gpxtpx:cad>67</gpxtpx:cad>
          </gpxtpx:TrackPointExtension>
        </extensions>
      </trkpt>
      <trkpt lat="29.687609626" lon="106.521264995">
        <ele>347.8</ele>
        <time>2026-10-03T09:31:12+0800</time>
        <extensions>
          <gpxtpx:TrackPointExtension>
            <gpxtpx:hr>180</gpxtpx:hr>
            <gpxtpx:cad>67</gpxtpx:cad>
          </gpxtpx:TrackPointExtension>
        </extensions>
      </trkpt>
      <trkpt lat="29.6876139008" lon="106.521275556">
        <ele>348.0</ele>
        <time>2026-10-03T09:31:13+0800</time>
        <extensions>
          <gpxtpx:TrackPointExtension>
            <gpxtpx:hr>180</gpxtpx:hr>
            <gpxtpx:cad>74</gpxtpx:cad>
          </gpxtpx:TrackPointExtension>
        </extensions>
      </trkpt>
      <trkpt lat="29.6876206901" lon="106.521284524">
        <ele>348.0</ele>
        <time>2026-10-03T09:31:14+0800</time>
        <extensions>
          <gpxtpx:TrackPointExtension>
            <gpxtpx:hr>179</gpxtpx:hr>
            <gpxtpx:cad>75</gpxtpx:cad>
          </gpxtpx:TrackPointExtension>
        </extensions>
      </trkpt>
      <trkpt lat="29.687629994" lon="106.521297935">
        <ele>348.2</ele>
        <time>2026-10-03T09:31:15+0800</time>
        <extensions>
          <gpxtpx:TrackPointExtension>
            <gpxtpx:hr>179</gpxtpx:hr>
            <gpxtpx:cad>75</gpxtpx:cad>
          </gpxtpx:TrackPointExtension>
        </extensions>
      </trkpt>
      <trkpt lat="29.6876352746" lon="106.521304222">
        <ele>348.4</ele>
        <time>2026-10-03T09:31:16+0800</time>
        <extensions>
          <gpxtpx:TrackPointExtension>
            <gpxtpx:hr>179</gpxtpx:hr>
            <gpxtpx:cad>75</gpxtpx:cad>
          </gpxtpx:TrackPointExtension>
        </extensions>
      </trkpt>
      <trkpt lat="29.6876477636" lon="106.52131889">
        <ele>348.4</ele>
        <time>2026-10-03T09:31:17+0800</time>
        <extensions>
          <gpxtpx:TrackPointExtension>
            <gpxtpx:hr>179</gpxtpx:hr>
            <gpxtpx:cad>75</gpxtpx:cad>
          </gpxtpx:TrackPointExtension>
        </extensions>
      </trkpt>
      <trkpt lat="29.6876553912" lon="106.52131998">
        <ele>348.6</ele>
        <time>2026-10-03T09:31:18+0800</time>
        <extensions>
          <gpxtpx:TrackPointExtension>
            <gpxtpx:hr>178</gpxtpx:hr>
            <gpxtpx:cad>0</gpxtpx:cad>
          </gpxtpx:TrackPointExtension>
        </extensions>
      </trkpt>
      <trkpt lat="29.6876652818" lon="106.521334564">
        <ele>348.6</ele>
        <time>2026-10-03T09:31:19+0800</time>
        <extensions>
          <gpxtpx:TrackPointExtension>
            <gpxtpx:hr>178</gpxtpx:hr>
            <gpxtpx:cad>0</gpxtpx:cad>
          </gpxtpx:TrackPointExtension>
        </extensions>
      </trkpt>
      <trkpt lat="29.6876733284" lon="106.521343701">
        <ele>348.6</ele>
        <time>2026-10-03T09:31:20+0800</time>
        <extensions>
          <gpxtpx:TrackPointExtension>
            <gpxtpx:hr>177</gpxtpx:hr>
            <gpxtpx:cad>0</gpxtpx:cad>
          </gpxtpx:TrackPointExtension>
        </extensions>
      </trkpt>
      <trkpt lat="29.6876831353" lon="106.521357531">
        <ele>348.6</ele>
        <time>2026-10-03T09:31:21+0800</time>
        <extensions>
          <gpxtpx:TrackPointExtension>
            <gpxtpx:hr>177</gpxtpx:hr>
            <gpxtpx:cad>0</gpxtpx:cad>
          </gpxtpx:TrackPointExtension>
        </extensions>
      </trkpt>
      <trkpt lat="29.6876920201" lon="106.521371109">
        <ele>348.6</ele>
        <time>2026-10-03T09:31:22+0800</time>
        <extensions>
          <gpxtpx:TrackPointExtension>
            <gpxtpx:hr>177</gpxtpx:hr>
            <gpxtpx:cad>0</gpxtpx:cad>
          </gpxtpx:TrackPointExtension>
        </extensions>
      </trkpt>
      <trkpt lat="29.6876972169" lon="106.521383263">
        <ele>348.6</ele>
        <time>2026-10-03T09:31:23+0800</time>
        <extensions>
          <gpxtpx:TrackPointExtension>
            <gpxtpx:hr>178</gpxtpx:hr>
            <gpxtpx:cad>0</gpxtpx:cad>
          </gpxtpx:TrackPointExtension>
        </extensions>
      </trkpt>
      <trkpt lat="29.6877049282" lon="106.521397345">
        <ele>348.6</ele>
        <time>2026-10-03T09:31:24+0800</time>
        <extensions>
          <gpxtpx:TrackPointExtension>
            <gpxtpx:hr>178</gpxtpx:hr>
            <gpxtpx:cad>0</gpxtpx:cad>
          </gpxtpx:TrackPointExtension>
        </extensions>
      </trkpt>
      <trkpt lat="29.6877111308" lon="106.521411259">
        <ele>348.8</ele>
        <time>2026-10-03T09:31:25+0800</time>
        <extensions>
          <gpxtpx:TrackPointExtension>
            <gpxtpx:hr>177</gpxtpx:hr>
            <gpxtpx:cad>0</gpxtpx:cad>
          </gpxtpx:TrackPointExtension>
        </extensions>
      </trkpt>
      <trkpt lat="29.687721692" lon="106.521425759">
        <ele>349.0</ele>
        <time>2026-10-03T09:31:26+0800</time>
        <extensions>
          <gpxtpx:TrackPointExtension>
            <gpxtpx:hr>177</gpxtpx:hr>
            <gpxtpx:cad>0</gpxtpx:cad>
          </gpxtpx:TrackPointExtension>
        </extensions>
      </trkpt>
      <trkpt lat="29.6877285652" lon="106.52143565">
        <ele>349.2</ele>
        <time>2026-10-03T09:31:27+0800</time>
        <extensions>
          <gpxtpx:TrackPointExtension>
            <gpxtpx:hr>177</gpxtpx:hr>
            <gpxtpx:cad>87</gpxtpx:cad>
          </gpxtpx:TrackPointExtension>
        </extensions>
      </trkpt>
      <trkpt lat="29.687731415" lon="106.521448391">
        <ele>349.4</ele>
        <time>2026-10-03T09:31:28+0800</time>
        <extensions>
          <gpxtpx:TrackPointExtension>
            <gpxtpx:hr>177</gpxtpx:hr>
            <gpxtpx:cad>87</gpxtpx:cad>
          </gpxtpx:TrackPointExtension>
        </extensions>
      </trkpt>
      <trkpt lat="29.6877352707" lon="106.521460041">
        <ele>349.4</ele>
        <time>2026-10-03T09:31:29+0800</time>
        <extensions>
          <gpxtpx:TrackPointExtension>
            <gpxtpx:hr>177</gpxtpx:hr>
            <gpxtpx:cad>88</gpxtpx:cad>
          </gpxtpx:TrackPointExtension>
        </extensions>
      </trkpt>
      <trkpt lat="29.6877394617" lon="106.521473369">
        <ele>349.6</ele>
        <time>2026-10-03T09:31:30+0800</time>
        <extensions>
          <gpxtpx:TrackPointExtension>
            <gpxtpx:hr>177</gpxtpx:hr>
            <gpxtpx:cad>88</gpxtpx:cad>
          </gpxtpx:TrackPointExtension>
        </extensions>
      </trkpt>
      <trkpt lat="29.6877567284" lon="106.521483175">
        <ele>349.6</ele>
        <time>2026-10-03T09:31:31+0800</time>
        <extensions>
          <gpxtpx:TrackPointExtension>
            <gpxtpx:hr>177</gpxtpx:hr>
            <gpxtpx:cad>87</gpxtpx:cad>
          </gpxtpx:TrackPointExtension>
        </extensions>
      </trkpt>
      <trkpt lat="29.6877574828" lon="106.521495078">
        <ele>349.8</ele>
        <time>2026-10-03T09:31:32+0800</time>
        <extensions>
          <gpxtpx:TrackPointExtension>
            <gpxtpx:hr>177</gpxtpx:hr>
            <gpxtpx:cad>87</gpxtpx:cad>
          </gpxtpx:TrackPointExtension>
        </extensions>
      </trkpt>
      <trkpt lat="29.6877661161" lon="106.521511003">
        <ele>349.8</ele>
        <time>2026-10-03T09:31:33+0800</time>
        <extensions>
          <gpxtpx:TrackPointExtension>
            <gpxtpx:hr>178</gpxtpx:hr>
            <gpxtpx:cad>86</gpxtpx:cad>
          </gpxtpx:TrackPointExtension>
        </extensions>
      </trkpt>
      <trkpt lat="29.6877740789" lon="106.521522319">
        <ele>349.8</ele>
        <time>2026-10-03T09:31:34+0800</time>
        <extensions>
          <gpxtpx:TrackPointExtension>
            <gpxtpx:hr>178</gpxtpx:hr>
            <gpxtpx:cad>86</gpxtpx:cad>
          </gpxtpx:TrackPointExtension>
        </extensions>
      </trkpt>
      <trkpt lat="29.6877825446" lon="106.52153464">
        <ele>349.8</ele>
        <time>2026-10-03T09:31:35+0800</time>
        <extensions>
          <gpxtpx:TrackPointExtension>
            <gpxtpx:hr>179</gpxtpx:hr>
            <gpxtpx:cad>86</gpxtpx:cad>
          </gpxtpx:TrackPointExtension>
        </extensions>
      </trkpt>
      <trkpt lat="29.6877923515" lon="106.521546291">
        <ele>350.0</ele>
        <time>2026-10-03T09:31:36+0800</time>
        <extensions>
          <gpxtpx:TrackPointExtension>
            <gpxtpx:hr>179</gpxtpx:hr>
            <gpxtpx:cad>84</gpxtpx:cad>
          </gpxtpx:TrackPointExtension>
        </extensions>
      </trkpt>
      <trkpt lat="29.6877969615" lon="106.521556685">
        <ele>350.0</ele>
        <time>2026-10-03T09:31:37+0800</time>
        <extensions>
          <gpxtpx:TrackPointExtension>
            <gpxtpx:hr>179</gpxtpx:hr>
            <gpxtpx:cad>84</gpxtpx:cad>
          </gpxtpx:TrackPointExtension>
        </extensions>
      </trkpt>
      <trkpt lat="29.687809702" lon="106.521568">
        <ele>350.2</ele>
        <time>2026-10-03T09:31:38+0800</time>
        <extensions>
          <gpxtpx:TrackPointExtension>
            <gpxtpx:hr>179</gpxtpx:hr>
            <gpxtpx:cad>85</gpxtpx:cad>
          </gpxtpx:TrackPointExtension>
        </extensions>
      </trkpt>
      <trkpt lat="29.6878105402" lon="106.521578142">
        <ele>350.2</ele>
        <time>2026-10-03T09:31:39+0800</time>
        <extensions>
          <gpxtpx:TrackPointExtension>
            <gpxtpx:hr>179</gpxtpx:hr>
            <gpxtpx:cad>87</gpxtpx:cad>
          </gpxtpx:TrackPointExtension>
        </extensions>
      </trkpt>
      <trkpt lat="29.6878213529" lon="106.521590799">
        <ele>350.4</ele>
        <time>2026-10-03T09:31:40+0800</time>
        <extensions>
          <gpxtpx:TrackPointExtension>
            <gpxtpx:hr>180</gpxtpx:hr>
            <gpxtpx:cad>88</gpxtpx:cad>
          </gpxtpx:TrackPointExtension>
        </extensions>
      </trkpt>
      <trkpt lat="29.6878252923" lon="106.521602869">
        <ele>350.4</ele>
        <time>2026-10-03T09:31:41+0800</time>
        <extensions>
          <gpxtpx:TrackPointExtension>
            <gpxtpx:hr>180</gpxtpx:hr>
            <gpxtpx:cad>88</gpxtpx:cad>
          </gpxtpx:TrackPointExtension>
        </extensions>
      </trkpt>
      <trkpt lat="29.687837949" lon="106.52161519">
        <ele>350.6</ele>
        <time>2026-10-03T09:31:42+0800</time>
        <extensions>
          <gpxtpx:TrackPointExtension>
            <gpxtpx:hr>181</gpxtpx:hr>
            <gpxtpx:cad>88</gpxtpx:cad>
          </gpxtpx:TrackPointExtension>
        </extensions>
      </trkpt>
      <trkpt lat="29.687839793" lon="106.521626171">
        <ele>350.6</ele>
        <time>2026-10-03T09:31:43+0800</time>
        <extensions>
          <gpxtpx:TrackPointExtension>
            <gpxtpx:hr>181</gpxtpx:hr>
            <gpxtpx:cad>88</gpxtpx:cad>
          </gpxtpx:TrackPointExtension>
        </extensions>
      </trkpt>
      <trkpt lat="29.687849097" lon="106.521640839">
        <ele>350.6</ele>
        <time>2026-10-03T09:31:44+0800</time>
        <extensions>
          <gpxtpx:TrackPointExtension>
            <gpxtpx:hr>181</gpxtpx:hr>
            <gpxtpx:cad>89</gpxtpx:cad>
          </gpxtpx:TrackPointExtension>
        </extensions>
      </trkpt>
      <trkpt lat="29.687856473" lon="106.521651819">
        <ele>350.8</ele>
        <time>2026-10-03T09:31:45+0800</time>
        <extensions>
          <gpxtpx:TrackPointExtension>
            <gpxtpx:hr>181</gpxtpx:hr>
            <gpxtpx:cad>89</gpxtpx:cad>
          </gpxtpx:TrackPointExtension>
        </extensions>
      </trkpt>
      <trkpt lat="29.6878683753" lon="106.521665649">
        <ele>350.8</ele>
        <time>2026-10-03T09:31:46+0800</time>
        <extensions>
          <gpxtpx:TrackPointExtension>
            <gpxtpx:hr>180</gpxtpx:hr>
            <gpxtpx:cad>89</gpxtpx:cad>
          </gpxtpx:TrackPointExtension>
        </extensions>
      </trkpt>
      <trkpt lat="29.6878715605" lon="106.521674534">
        <ele>351.0</ele>
        <time>2026-10-03T09:31:47+0800</time>
        <extensions>
          <gpxtpx:TrackPointExtension>
            <gpxtpx:hr>180</gpxtpx:hr>
            <gpxtpx:cad>89</gpxtpx:cad>
          </gpxtpx:TrackPointExtension>
        </extensions>
      </trkpt>
      <trkpt lat="29.6878788527" lon="106.521691214">
        <ele>351.0</ele>
        <time>2026-10-03T09:31:48+0800</time>
        <extensions>
          <gpxtpx:TrackPointExtension>
            <gpxtpx:hr>180</gpxtpx:hr>
            <gpxtpx:cad>88</gpxtpx:cad>
          </gpxtpx:TrackPointExtension>
        </extensions>
      </trkpt>
      <trkpt lat="29.6878839657" lon="106.521703955">
        <ele>351.0</ele>
        <time>2026-10-03T09:31:49+0800</time>
        <extensions>
          <gpxtpx:TrackPointExtension>
            <gpxtpx:hr>180</gpxtpx:hr>
            <gpxtpx:cad>88</gpxtpx:cad>
          </gpxtpx:TrackPointExtension>
        </extensions>
      </trkpt>
      <trkpt lat="29.6878909227" lon="106.521717617">
        <ele>351.2</ele>
        <time>2026-10-03T09:31:50+0800</time>
        <extensions>
          <gpxtpx:TrackPointExtension>
            <gpxtpx:hr>180</gpxtpx:hr>
            <gpxtpx:cad>88</gpxtpx:cad>
          </gpxtpx:TrackPointExtension>
        </extensions>
      </trkpt>
      <trkpt lat="29.6879010648" lon="106.521730274">
        <ele>351.2</ele>
        <time>2026-10-03T09:31:51+0800</time>
        <extensions>
          <gpxtpx:TrackPointExtension>
            <gpxtpx:hr>180</gpxtpx:hr>
            <gpxtpx:cad>88</gpxtpx:cad>
          </gpxtpx:TrackPointExtension>
        </extensions>
      </trkpt>
      <trkpt lat="29.6879105363" lon="106.521738907">
        <ele>351.2</ele>
        <time>2026-10-03T09:31:52+0800</time>
        <extensions>
          <gpxtpx:TrackPointExtension>
            <gpxtpx:hr>179</gpxtpx:hr>
            <gpxtpx:cad>88</gpxtpx:cad>
          </gpxtpx:TrackPointExtension>
        </extensions>
      </trkpt>
      <trkpt lat="29.6879178286" lon="106.521748882">
        <ele>351.2</ele>
        <time>2026-10-03T09:31:53+0800</time>
        <extensions>
          <gpxtpx:TrackPointExtension>
            <gpxtpx:hr>179</gpxtpx:hr>
            <gpxtpx:cad>88</gpxtpx:cad>
          </gpxtpx:TrackPointExtension>
        </extensions>
      </trkpt>
      <trkpt lat="29.687925959" lon="106.521762125">
        <ele>351.4</ele>
        <time>2026-10-03T09:31:54+0800</time>
        <extensions>
          <gpxtpx:TrackPointExtension>
            <gpxtpx:hr>178</gpxtpx:hr>
            <gpxtpx:cad>87</gpxtpx:cad>
          </gpxtpx:TrackPointExtension>
        </extensions>
      </trkpt>
      <trkpt lat="29.687938448" lon="106.521772519">
        <ele>351.4</ele>
        <time>2026-10-03T09:31:55+0800</time>
        <extensions>
          <gpxtpx:TrackPointExtension>
            <gpxtpx:hr>178</gpxtpx:hr>
            <gpxtpx:cad>87</gpxtpx:cad>
          </gpxtpx:TrackPointExtension>
        </extensions>
      </trkpt>
      <trkpt lat="29.6879469138" lon="106.521785343">
        <ele>351.4</ele>
        <time>2026-10-03T09:31:56+0800</time>
        <extensions>
          <gpxtpx:TrackPointExtension>
            <gpxtpx:hr>177</gpxtpx:hr>
            <gpxtpx:cad>87</gpxtpx:cad>
          </gpxtpx:TrackPointExtension>
        </extensions>
      </trkpt>
      <trkpt lat="29.6879580617" lon="106.521800766">
        <ele>351.6</ele>
        <time>2026-10-03T09:31:57+0800</time>
        <extensions>
          <gpxtpx:TrackPointExtension>
            <gpxtpx:hr>176</gpxtpx:hr>
            <gpxtpx:cad>87</gpxtpx:cad>
          </gpxtpx:TrackPointExtension>
        </extensions>
      </trkpt>
      <trkpt lat="29.6879635099" lon="106.521808393">
        <ele>351.6</ele>
        <time>2026-10-03T09:31:58+0800</time>
        <extensions>
          <gpxtpx:TrackPointExtension>
            <gpxtpx:hr>176</gpxtpx:hr>
            <gpxtpx:cad>87</gpxtpx:cad>
          </gpxtpx:TrackPointExtension>
        </extensions>
      </trkpt>
      <trkpt lat="29.6879739873" lon="106.521821469">
        <ele>351.8</ele>
        <time>2026-10-03T09:31:59+0800</time>
        <extensions>
          <gpxtpx:TrackPointExtension>
            <gpxtpx:hr>176</gpxtpx:hr>
            <gpxtpx:cad>87</gpxtpx:cad>
          </gpxtpx:TrackPointExtension>
        </extensions>
      </trkpt>
      <trkpt lat="29.6879777592" lon="106.521829935">
        <ele>351.8</ele>
        <time>2026-10-03T09:32:00+0800</time>
        <extensions>
          <gpxtpx:TrackPointExtension>
            <gpxtpx:hr>175</gpxtpx:hr>
            <gpxtpx:cad>87</gpxtpx:cad>
          </gpxtpx:TrackPointExtension>
        </extensions>
      </trkpt>
      <trkpt lat="29.6879879013" lon="106.521844016">
        <ele>352.0</ele>
        <time>2026-10-03T09:32:01+0800</time>
        <extensions>
          <gpxtpx:TrackPointExtension>
            <gpxtpx:hr>175</gpxtpx:hr>
            <gpxtpx:cad>87</gpxtpx:cad>
          </gpxtpx:TrackPointExtension>
        </extensions>
      </trkpt>
      <trkpt lat="29.6879930981" lon="106.521855919">
        <ele>352.0</ele>
        <time>2026-10-03T09:32:02+0800</time>
        <extensions>
          <gpxtpx:TrackPointExtension>
            <gpxtpx:hr>175</gpxtpx:hr>
            <gpxtpx:cad>87</gpxtpx:cad>
          </gpxtpx:TrackPointExtension>
        </extensions>
      </trkpt>
      <trkpt lat="29.6879994683" lon="106.521866983">
        <ele>352.2</ele>
        <time>2026-10-03T09:32:03+0800</time>
        <extensions>
          <gpxtpx:TrackPointExtension>
            <gpxtpx:hr>175</gpxtpx:hr>
            <gpxtpx:cad>87</gpxtpx:cad>
          </gpxtpx:TrackPointExtension>
        </extensions>
      </trkpt>
      <trkpt lat="29.6880055033" lon="106.521880645">
        <ele>352.2</ele>
        <time>2026-10-03T09:32:04+0800</time>
        <extensions>
          <gpxtpx:TrackPointExtension>
            <gpxtpx:hr>175</gpxtpx:hr>
            <gpxtpx:cad>87</gpxtpx:cad>
          </gpxtpx:TrackPointExtension>
        </extensions>
      </trkpt>
      <trkpt lat="29.6880117059" lon="106.521894895">
        <ele>352.6</ele>
        <time>2026-10-03T09:32:05+0800</time>
        <extensions>
          <gpxtpx:TrackPointExtension>
            <gpxtpx:hr>175</gpxtpx:hr>
            <gpxtpx:cad>87</gpxtpx:cad>
          </gpxtpx:TrackPointExtension>
        </extensions>
      </trkpt>
      <trkpt lat="29.6880233567" lon="106.521908473">
        <ele>352.8</ele>
        <time>2026-10-03T09:32:06+0800</time>
        <extensions>
          <gpxtpx:TrackPointExtension>
            <gpxtpx:hr>175</gpxtpx:hr>
            <gpxtpx:cad>88</gpxtpx:cad>
          </gpxtpx:TrackPointExtension>
        </extensions>
      </trkpt>
      <trkpt lat="29.6880271286" lon="106.521918112">
        <ele>352.8</ele>
        <time>2026-10-03T09:32:07+0800</time>
        <extensions>
          <gpxtpx:TrackPointExtension>
            <gpxtpx:hr>175</gpxtpx:hr>
            <gpxtpx:cad>88</gpxtpx:cad>
          </gpxtpx:TrackPointExtension>
        </extensions>
      </trkpt>
      <trkpt lat="29.6880347561" lon="106.521931272">
        <ele>353.0</ele>
        <time>2026-10-03T09:32:08+0800</time>
        <extensions>
          <gpxtpx:TrackPointExtension>
            <gpxtpx:hr>175</gpxtpx:hr>
            <gpxtpx:cad>88</gpxtpx:cad>
          </gpxtpx:TrackPointExtension>
        </extensions>
      </trkpt>
      <trkpt lat="29.6880386956" lon="106.521942085">
        <ele>353.0</ele>
        <time>2026-10-03T09:32:09+0800</time>
        <extensions>
          <gpxtpx:TrackPointExtension>
            <gpxtpx:hr>175</gpxtpx:hr>
            <gpxtpx:cad>88</gpxtpx:cad>
          </gpxtpx:TrackPointExtension>
        </extensions>
      </trkpt>
      <trkpt lat="29.688043138" lon="106.521953484">
        <ele>353.2</ele>
        <time>2026-10-03T09:32:10+0800</time>
        <extensions>
          <gpxtpx:TrackPointExtension>
            <gpxtpx:hr>175</gpxtpx:hr>
            <gpxtpx:cad>88</gpxtpx:cad>
          </gpxtpx:TrackPointExtension>
        </extensions>
      </trkpt>
      <trkpt lat="29.6880531125" lon="106.52196723">
        <ele>353.2</ele>
        <time>2026-10-03T09:32:11+0800</time>
        <extensions>
          <gpxtpx:TrackPointExtension>
            <gpxtpx:hr>175</gpxtpx:hr>
            <gpxtpx:cad>88</gpxtpx:cad>
          </gpxtpx:TrackPointExtension>
        </extensions>
      </trkpt>
      <trkpt lat="29.6880558785" lon="106.521977205">
        <ele>353.2</ele>
        <time>2026-10-03T09:32:12+0800</time>
        <extensions>
          <gpxtpx:TrackPointExtension>
            <gpxtpx:hr>176</gpxtpx:hr>
            <gpxtpx:cad>85</gpxtpx:cad>
          </gpxtpx:TrackPointExtension>
        </extensions>
      </trkpt>
      <trkpt lat="29.6880647633" lon="106.521988269">
        <ele>353.2</ele>
        <time>2026-10-03T09:32:13+0800</time>
        <extensions>
          <gpxtpx:TrackPointExtension>
            <gpxtpx:hr>176</gpxtpx:hr>
            <gpxtpx:cad>83</gpxtpx:cad>
          </gpxtpx:TrackPointExtension>
        </extensions>
      </trkpt>
      <trkpt lat="29.6880718879" lon="106.52200277">
        <ele>353.4</ele>
        <time>2026-10-03T09:32:14+0800</time>
        <extensions>
          <gpxtpx:TrackPointExtension>
            <gpxtpx:hr>177</gpxtpx:hr>
            <gpxtpx:cad>83</gpxtpx:cad>
          </gpxtpx:TrackPointExtension>
        </extensions>
      </trkpt>
      <trkpt lat="29.688081108" lon="106.522016013">
        <ele>353.4</ele>
        <time>2026-10-03T09:32:15+0800</time>
        <extensions>
          <gpxtpx:TrackPointExtension>
            <gpxtpx:hr>177</gpxtpx:hr>
            <gpxtpx:cad>83</gpxtpx:cad>
          </gpxtpx:TrackPointExtension>
        </extensions>
      </trkpt>
      <trkpt lat="29.688088065" lon="106.522026155">
        <ele>353.6</ele>
        <time>2026-10-03T09:32:16+0800</time>
        <extensions>
          <gpxtpx:TrackPointExtension>
            <gpxtpx:hr>177</gpxtpx:hr>
            <gpxtpx:cad>84</gpxtpx:cad>
          </gpxtpx:TrackPointExtension>
        </extensions>
      </trkpt>
      <trkpt lat="29.6880946029" lon="106.522037974">
        <ele>353.6</ele>
        <time>2026-10-03T09:32:17+0800</time>
        <extensions>
          <gpxtpx:TrackPointExtension>
            <gpxtpx:hr>177</gpxtpx:hr>
            <gpxtpx:cad>85</gpxtpx:cad>
          </gpxtpx:TrackPointExtension>
        </extensions>
      </trkpt>
      <trkpt lat="29.688107511" lon="106.522049038">
        <ele>353.4</ele>
        <time>2026-10-03T09:32:18+0800</time>
        <extensions>
          <gpxtpx:TrackPointExtension>
            <gpxtpx:hr>177</gpxtpx:hr>
            <gpxtpx:cad>85</gpxtpx:cad>
          </gpxtpx:TrackPointExtension>
        </extensions>
      </trkpt>
      <trkpt lat="29.6881151386" lon="106.5220627">
        <ele>353.4</ele>
        <time>2026-10-03T09:32:19+0800</time>
        <extensions>
          <gpxtpx:TrackPointExtension>
            <gpxtpx:hr>177</gpxtpx:hr>
            <gpxtpx:cad>85</gpxtpx:cad>
          </gpxtpx:TrackPointExtension>
        </extensions>
      </trkpt>
      <trkpt lat="29.6881222632" lon="106.522074016">
        <ele>353.4</ele>
        <time>2026-10-03T09:32:20+0800</time>
        <extensions>
          <gpxtpx:TrackPointExtension>
            <gpxtpx:hr>177</gpxtpx:hr>
            <gpxtpx:cad>85</gpxtpx:cad>
          </gpxtpx:TrackPointExtension>
        </extensions>
      </trkpt>
      <trkpt lat="29.6881309804" lon="106.522086337">
        <ele>353.6</ele>
        <time>2026-10-03T09:32:21+0800</time>
        <extensions>
          <gpxtpx:TrackPointExtension>
            <gpxtpx:hr>177</gpxtpx:hr>
            <gpxtpx:cad>84</gpxtpx:cad>
          </gpxtpx:TrackPointExtension>
        </extensions>
      </trkpt>
      <trkpt lat="29.6881363448" lon="106.522098072">
        <ele>353.6</ele>
        <time>2026-10-03T09:32:22+0800</time>
        <extensions>
          <gpxtpx:TrackPointExtension>
            <gpxtpx:hr>177</gpxtpx:hr>
            <gpxtpx:cad>84</gpxtpx:cad>
          </gpxtpx:TrackPointExtension>
        </extensions>
      </trkpt>
      <trkpt lat="29.6881514322" lon="106.522109723">
        <ele>353.8</ele>
        <time>2026-10-03T09:32:23+0800</time>
        <extensions>
          <gpxtpx:TrackPointExtension>
            <gpxtpx:hr>177</gpxtpx:hr>
            <gpxtpx:cad>85</gpxtpx:cad>
          </gpxtpx:TrackPointExtension>
        </extensions>
      </trkpt>
      <trkpt lat="29.6881554555" lon="106.522124726">
        <ele>353.8</ele>
        <time>2026-10-03T09:32:24+0800</time>
        <extensions>
          <gpxtpx:TrackPointExtension>
            <gpxtpx:hr>177</gpxtpx:hr>
            <gpxtpx:cad>85</gpxtpx:cad>
          </gpxtpx:TrackPointExtension>
        </extensions>
      </trkpt>
      <trkpt lat="29.6881645918" lon="106.522141239">
        <ele>354.0</ele>
        <time>2026-10-03T09:32:25+0800</time>
        <extensions>
          <gpxtpx:TrackPointExtension>
            <gpxtpx:hr>177</gpxtpx:hr>
            <gpxtpx:cad>84</gpxtpx:cad>
          </gpxtpx:TrackPointExtension>
        </extensions>
      </trkpt>
      <trkpt lat="29.6881693695" lon="106.522154482">
        <ele>354.0</ele>
        <time>2026-10-03T09:32:26+0800</time>
        <extensions>
          <gpxtpx:TrackPointExtension>
            <gpxtpx:hr>177</gpxtpx:hr>
            <gpxtpx:cad>84</gpxtpx:cad>
          </gpxtpx:TrackPointExtension>
        </extensions>
      </trkpt>
      <trkpt lat="29.6881775837" lon="106.522169821">
        <ele>354.0</ele>
        <time>2026-10-03T09:32:27+0800</time>
        <extensions>
          <gpxtpx:TrackPointExtension>
            <gpxtpx:hr>176</gpxtpx:hr>
            <gpxtpx:cad>85</gpxtpx:cad>
          </gpxtpx:TrackPointExtension>
        </extensions>
      </trkpt>
      <trkpt lat="29.688183032" lon="106.522184992">
        <ele>354.2</ele>
        <time>2026-10-03T09:32:28+0800</time>
        <extensions>
          <gpxtpx:TrackPointExtension>
            <gpxtpx:hr>176</gpxtpx:hr>
            <gpxtpx:cad>85</gpxtpx:cad>
          </gpxtpx:TrackPointExtension>
        </extensions>
      </trkpt>
      <trkpt lat="29.6881946828" lon="106.522200834">
        <ele>354.4</ele>
        <time>2026-10-03T09:32:29+0800</time>
        <extensions>
          <gpxtpx:TrackPointExtension>
            <gpxtpx:hr>176</gpxtpx:hr>
            <gpxtpx:cad>85</gpxtpx:cad>
          </gpxtpx:TrackPointExtension>
        </extensions>
      </trkpt>
      <trkpt lat="29.6882013883" lon="106.522216005">
        <ele>354.4</ele>
        <time>2026-10-03T09:32:30+0800</time>
        <extensions>
          <gpxtpx:TrackPointExtension>
            <gpxtpx:hr>176</gpxtpx:hr>
            <gpxtpx:cad>86</gpxtpx:cad>
          </gpxtpx:TrackPointExtension>
        </extensions>
      </trkpt>
      <trkpt lat="29.6882134583" lon="106.522225309">
        <ele>354.6</ele>
        <time>2026-10-03T09:32:31+0800</time>
        <extensions>
          <gpxtpx:TrackPointExtension>
            <gpxtpx:hr>176</gpxtpx:hr>
            <gpxtpx:cad>87</gpxtpx:cad>
          </gpxtpx:TrackPointExtension>
        </extensions>
      </trkpt>
      <trkpt lat="29.6882201638" lon="106.522237044">
        <ele>354.8</ele>
        <time>2026-10-03T09:32:32+0800</time>
        <extensions>
          <gpxtpx:TrackPointExtension>
            <gpxtpx:hr>176</gpxtpx:hr>
            <gpxtpx:cad>87</gpxtpx:cad>
          </gpxtpx:TrackPointExtension>
        </extensions>
      </trkpt>
      <trkpt lat="29.6882281266" lon="106.522250706">
        <ele>354.8</ele>
        <time>2026-10-03T09:32:33+0800</time>
        <extensions>
          <gpxtpx:TrackPointExtension>
            <gpxtpx:hr>176</gpxtpx:hr>
            <gpxtpx:cad>89</gpxtpx:cad>
          </gpxtpx:TrackPointExtension>
        </extensions>
      </trkpt>
      <trkpt lat="29.6882377658" lon="106.522264285">
        <ele>355.0</ele>
        <time>2026-10-03T09:32:34+0800</time>
        <extensions>
          <gpxtpx:TrackPointExtension>
            <gpxtpx:hr>176</gpxtpx:hr>
            <gpxtpx:cad>89</gpxtpx:cad>
          </gpxtpx:TrackPointExtension>
        </extensions>
      </trkpt>
      <trkpt lat="29.6882412862" lon="106.522276271">
        <ele>355.0</ele>
        <time>2026-10-03T09:32:35+0800</time>
        <extensions>
          <gpxtpx:TrackPointExtension>
            <gpxtpx:hr>177</gpxtpx:hr>
            <gpxtpx:cad>89</gpxtpx:cad>
          </gpxtpx:TrackPointExtension>
        </extensions>
      </trkpt>
      <trkpt lat="29.6882538591" lon="106.522288928">
        <ele>355.2</ele>
        <time>2026-10-03T09:32:36+0800</time>
        <extensions>
          <gpxtpx:TrackPointExtension>
            <gpxtpx:hr>177</gpxtpx:hr>
            <gpxtpx:cad>89</gpxtpx:cad>
          </gpxtpx:TrackPointExtension>
        </extensions>
      </trkpt>
      <trkpt lat="29.6882614028" lon="106.522300495">
        <ele>355.2</ele>
        <time>2026-10-03T09:32:37+0800</time>
        <extensions>
          <gpxtpx:TrackPointExtension>
            <gpxtpx:hr>177</gpxtpx:hr>
            <gpxtpx:cad>89</gpxtpx:cad>
          </gpxtpx:TrackPointExtension>
        </extensions>
      </trkpt>
      <trkpt lat="29.6882709581" lon="106.522314744">
        <ele>355.2</ele>
        <time>2026-10-03T09:32:38+0800</time>
        <extensions>
          <gpxtpx:TrackPointExtension>
            <gpxtpx:hr>179</gpxtpx:hr>
            <gpxtpx:cad>89</gpxtpx:cad>
          </gpxtpx:TrackPointExtension>
        </extensions>
      </trkpt>
      <trkpt lat="29.6882758196" lon="106.522325138">
        <ele>355.4</ele>
        <time>2026-10-03T09:32:39+0800</time>
        <extensions>
          <gpxtpx:TrackPointExtension>
            <gpxtpx:hr>180</gpxtpx:hr>
            <gpxtpx:cad>89</gpxtpx:cad>
          </gpxtpx:TrackPointExtension>
        </extensions>
      </trkpt>
      <trkpt lat="29.6882878058" lon="106.522341063">
        <ele>355.4</ele>
        <time>2026-10-03T09:32:40+0800</time>
        <extensions>
          <gpxtpx:TrackPointExtension>
            <gpxtpx:hr>181</gpxtpx:hr>
            <gpxtpx:cad>89</gpxtpx:cad>
          </gpxtpx:TrackPointExtension>
        </extensions>
      </trkpt>
      <trkpt lat="29.6882914938" lon="106.522353301">
        <ele>355.6</ele>
        <time>2026-10-03T09:32:41+0800</time>
        <extensions>
          <gpxtpx:TrackPointExtension>
            <gpxtpx:hr>181</gpxtpx:hr>
            <gpxtpx:cad>89</gpxtpx:cad>
          </gpxtpx:TrackPointExtension>
        </extensions>
      </trkpt>
      <trkpt lat="29.6883030608" lon="106.522366125">
        <ele>355.6</ele>
        <time>2026-10-03T09:32:42+0800</time>
        <extensions>
          <gpxtpx:TrackPointExtension>
            <gpxtpx:hr>181</gpxtpx:hr>
            <gpxtpx:cad>89</gpxtpx:cad>
          </gpxtpx:TrackPointExtension>
        </extensions>
      </trkpt>
      <trkpt lat="29.6883095987" lon="106.52237786">
        <ele>355.6</ele>
        <time>2026-10-03T09:32:43+0800</time>
        <extensions>
          <gpxtpx:TrackPointExtension>
            <gpxtpx:hr>180</gpxtpx:hr>
            <gpxtpx:cad>88</gpxtpx:cad>
          </gpxtpx:TrackPointExtension>
        </extensions>
      </trkpt>
      <trkpt lat="29.6883207466" lon="106.522391019">
        <ele>355.8</ele>
        <time>2026-10-03T09:32:44+0800</time>
        <extensions>
          <gpxtpx:TrackPointExtension>
            <gpxtpx:hr>179</gpxtpx:hr>
            <gpxtpx:cad>88</gpxtpx:cad>
          </gpxtpx:TrackPointExtension>
        </extensions>
      </trkpt>
      <trkpt lat="29.688334493" lon="106.522400659">
        <ele>355.8</ele>
        <time>2026-10-03T09:32:45+0800</time>
        <extensions>
          <gpxtpx:TrackPointExtension>
            <gpxtpx:hr>179</gpxtpx:hr>
            <gpxtpx:cad>88</gpxtpx:cad>
          </gpxtpx:TrackPointExtension>
        </extensions>
      </trkpt>
      <trkpt lat="29.6883412823" lon="106.52241189">
        <ele>356.0</ele>
        <time>2026-10-03T09:32:46+0800</time>
        <extensions>
          <gpxtpx:TrackPointExtension>
            <gpxtpx:hr>179</gpxtpx:hr>
            <gpxtpx:cad>88</gpxtpx:cad>
          </gpxtpx:TrackPointExtension>
        </extensions>
      </trkpt>
      <trkpt lat="29.6883544419" lon="106.522423876">
        <ele>356.0</ele>
        <time>2026-10-03T09:32:47+0800</time>
        <extensions>
          <gpxtpx:TrackPointExtension>
            <gpxtpx:hr>179</gpxtpx:hr>
            <gpxtpx:cad>88</gpxtpx:cad>
          </gpxtpx:TrackPointExtension>
        </extensions>
      </trkpt>
      <trkpt lat="29.6883581299" lon="106.522435695">
        <ele>356.0</ele>
        <time>2026-10-03T09:32:48+0800</time>
        <extensions>
          <gpxtpx:TrackPointExtension>
            <gpxtpx:hr>180</gpxtpx:hr>
            <gpxtpx:cad>87</gpxtpx:cad>
          </gpxtpx:TrackPointExtension>
        </extensions>
      </trkpt>
      <trkpt lat="29.6883709542" lon="106.522449274">
        <ele>356.2</ele>
        <time>2026-10-03T09:32:49+0800</time>
        <extensions>
          <gpxtpx:TrackPointExtension>
            <gpxtpx:hr>180</gpxtpx:hr>
            <gpxtpx:cad>86</gpxtpx:cad>
          </gpxtpx:TrackPointExtension>
        </extensions>
      </trkpt>
      <trkpt lat="29.6883801743" lon="106.522458997">
        <ele>356.2</ele>
        <time>2026-10-03T09:32:50+0800</time>
        <extensions>
          <gpxtpx:TrackPointExtension>
            <gpxtpx:hr>180</gpxtpx:hr>
            <gpxtpx:cad>86</gpxtpx:cad>
          </gpxtpx:TrackPointExtension>
        </extensions>
      </trkpt>
      <trkpt lat="29.6883908194" lon="106.522472827">
        <ele>356.2</ele>
        <time>2026-10-03T09:32:51+0800</time>
        <extensions>
          <gpxtpx:TrackPointExtension>
            <gpxtpx:hr>180</gpxtpx:hr>
            <gpxtpx:cad>86</gpxtpx:cad>
          </gpxtpx:TrackPointExtension>
        </extensions>
      </trkpt>
      <trkpt lat="29.6883923281" lon="106.522488249">
        <ele>356.2</ele>
        <time>2026-10-03T09:32:52+0800</time>
        <extensions>
          <gpxtpx:TrackPointExtension>
            <gpxtpx:hr>180</gpxtpx:hr>
            <gpxtpx:cad>86</gpxtpx:cad>
          </gpxtpx:TrackPointExtension>
        </extensions>
      </trkpt>
      <trkpt lat="29.6883984469" lon="106.522502163">
        <ele>356.4</ele>
        <time>2026-10-03T09:32:53+0800</time>
        <extensions>
          <gpxtpx:TrackPointExtension>
            <gpxtpx:hr>180</gpxtpx:hr>
            <gpxtpx:cad>86</gpxtpx:cad>
          </gpxtpx:TrackPointExtension>
        </extensions>
      </trkpt>
      <trkpt lat="29.6884080023" lon="106.522513898">
        <ele>356.4</ele>
        <time>2026-10-03T09:32:54+0800</time>
        <extensions>
          <gpxtpx:TrackPointExtension>
            <gpxtpx:hr>180</gpxtpx:hr>
            <gpxtpx:cad>87</gpxtpx:cad>
          </gpxtpx:TrackPointExtension>
        </extensions>
      </trkpt>
      <trkpt lat="29.6884152107" lon="106.522524795">
        <ele>356.6</ele>
        <time>2026-10-03T09:32:55+0800</time>
        <extensions>
          <gpxtpx:TrackPointExtension>
            <gpxtpx:hr>180</gpxtpx:hr>
            <gpxtpx:cad>88</gpxtpx:cad>
          </gpxtpx:TrackPointExtension>
        </extensions>
      </trkpt>
      <trkpt lat="29.6884267777" lon="106.522538122">
        <ele>356.8</ele>
        <time>2026-10-03T09:32:56+0800</time>
        <extensions>
          <gpxtpx:TrackPointExtension>
            <gpxtpx:hr>179</gpxtpx:hr>
            <gpxtpx:cad>88</gpxtpx:cad>
          </gpxtpx:TrackPointExtension>
        </extensions>
      </trkpt>
      <trkpt lat="29.688434992" lon="106.522553209">
        <ele>356.8</ele>
        <time>2026-10-03T09:32:57+0800</time>
        <extensions>
          <gpxtpx:TrackPointExtension>
            <gpxtpx:hr>180</gpxtpx:hr>
            <gpxtpx:cad>88</gpxtpx:cad>
          </gpxtpx:TrackPointExtension>
        </extensions>
      </trkpt>
      <trkpt lat="29.6884457208" lon="106.522564525">
        <ele>357.0</ele>
        <time>2026-10-03T09:32:58+0800</time>
        <extensions>
          <gpxtpx:TrackPointExtension>
            <gpxtpx:hr>180</gpxtpx:hr>
            <gpxtpx:cad>87</gpxtpx:cad>
          </gpxtpx:TrackPointExtension>
        </extensions>
      </trkpt>
      <trkpt lat="29.6884522587" lon="106.522579025">
        <ele>357.2</ele>
        <time>2026-10-03T09:32:59+0800</time>
        <extensions>
          <gpxtpx:TrackPointExtension>
            <gpxtpx:hr>179</gpxtpx:hr>
            <gpxtpx:cad>87</gpxtpx:cad>
          </gpxtpx:TrackPointExtension>
        </extensions>
      </trkpt>
      <trkpt lat="29.688462317" lon="106.522593778">
        <ele>357.4</ele>
        <time>2026-10-03T09:33:00+0800</time>
        <extensions>
          <gpxtpx:TrackPointExtension>
            <gpxtpx:hr>179</gpxtpx:hr>
            <gpxtpx:cad>88</gpxtpx:cad>
          </gpxtpx:TrackPointExtension>
        </extensions>
      </trkpt>
      <trkpt lat="29.6884639096" lon="106.522607021">
        <ele>357.4</ele>
        <time>2026-10-03T09:33:01+0800</time>
        <extensions>
          <gpxtpx:TrackPointExtension>
            <gpxtpx:hr>179</gpxtpx:hr>
            <gpxtpx:cad>88</gpxtpx:cad>
          </gpxtpx:TrackPointExtension>
        </extensions>
      </trkpt>
      <trkpt lat="29.6884738002" lon="106.522619762">
        <ele>357.4</ele>
        <time>2026-10-03T09:33:02+0800</time>
        <extensions>
          <gpxtpx:TrackPointExtension>
            <gpxtpx:hr>178</gpxtpx:hr>
            <gpxtpx:cad>89</gpxtpx:cad>
          </gpxtpx:TrackPointExtension>
        </extensions>
      </trkpt>
      <trkpt lat="29.6884746384" lon="106.522637783">
        <ele>357.6</ele>
        <time>2026-10-03T09:33:03+0800</time>
        <extensions>
          <gpxtpx:TrackPointExtension>
            <gpxtpx:hr>178</gpxtpx:hr>
            <gpxtpx:cad>90</gpxtpx:cad>
          </gpxtpx:TrackPointExtension>
        </extensions>
      </trkpt>
      <trkpt lat="29.6884839423" lon="106.522659073">
        <ele>357.8</ele>
        <time>2026-10-03T09:33:04+0800</time>
        <extensions>
          <gpxtpx:TrackPointExtension>
            <gpxtpx:hr>177</gpxtpx:hr>
            <gpxtpx:cad>90</gpxtpx:cad>
          </gpxtpx:TrackPointExtension>
        </extensions>
      </trkpt>
      <trkpt lat="29.6884870436" lon="106.522679022">
        <ele>357.8</ele>
        <time>2026-10-03T09:33:05+0800</time>
        <extensions>
          <gpxtpx:TrackPointExtension>
            <gpxtpx:hr>177</gpxtpx:hr>
            <gpxtpx:cad>90</gpxtpx:cad>
          </gpxtpx:TrackPointExtension>
        </extensions>
      </trkpt>
      <trkpt lat="29.6884934139" lon="106.522688745">
        <ele>358.0</ele>
        <time>2026-10-03T09:33:06+0800</time>
        <extensions>
          <gpxtpx:TrackPointExtension>
            <gpxtpx:hr>178</gpxtpx:hr>
            <gpxtpx:cad>90</gpxtpx:cad>
          </gpxtpx:TrackPointExtension>
        </extensions>
      </trkpt>
      <trkpt lat="29.6884997003" lon="106.522695785">
        <ele>358.0</ele>
        <time>2026-10-03T09:33:07+0800</time>
        <extensions>
          <gpxtpx:TrackPointExtension>
            <gpxtpx:hr>178</gpxtpx:hr>
            <gpxtpx:cad>90</gpxtpx:cad>
          </gpxtpx:TrackPointExtension>
        </extensions>
      </trkpt>
      <trkpt lat="29.6885079145" lon="106.522706933">
        <ele>358.0</ele>
        <time>2026-10-03T09:33:08+0800</time>
        <extensions>
          <gpxtpx:TrackPointExtension>
            <gpxtpx:hr>178</gpxtpx:hr>
            <gpxtpx:cad>85</gpxtpx:cad>
          </gpxtpx:TrackPointExtension>
        </extensions>
      </trkpt>
      <trkpt lat="29.6885078307" lon="106.522717411">
        <ele>358.0</ele>
        <time>2026-10-03T09:33:09+0800</time>
        <extensions>
          <gpxtpx:TrackPointExtension>
            <gpxtpx:hr>178</gpxtpx:hr>
            <gpxtpx:cad>85</gpxtpx:cad>
          </gpxtpx:TrackPointExtension>
        </extensions>
      </trkpt>
      <trkpt lat="29.6885141172" lon="106.522730151">
        <ele>358.0</ele>
        <time>2026-10-03T09:33:10+0800</time>
        <extensions>
          <gpxtpx:TrackPointExtension>
            <gpxtpx:hr>178</gpxtpx:hr>
            <gpxtpx:cad>85</gpxtpx:cad>
          </gpxtpx:TrackPointExtension>
        </extensions>
      </trkpt>
      <trkpt lat="29.6885186434" lon="106.522746747">
        <ele>358.0</ele>
        <time>2026-10-03T09:33:11+0800</time>
        <extensions>
          <gpxtpx:TrackPointExtension>
            <gpxtpx:hr>178</gpxtpx:hr>
            <gpxtpx:cad>87</gpxtpx:cad>
          </gpxtpx:TrackPointExtension>
        </extensions>
      </trkpt>
      <trkpt lat="29.6885195654" lon="106.522763008">
        <ele>358.2</ele>
        <time>2026-10-03T09:33:12+0800</time>
        <extensions>
          <gpxtpx:TrackPointExtension>
            <gpxtpx:hr>178</gpxtpx:hr>
            <gpxtpx:cad>87</gpxtpx:cad>
          </gpxtpx:TrackPointExtension>
        </extensions>
      </trkpt>
      <trkpt lat="29.6885217447" lon="106.522778096">
        <ele>358.4</ele>
        <time>2026-10-03T09:33:13+0800</time>
        <extensions>
          <gpxtpx:TrackPointExtension>
            <gpxtpx:hr>178</gpxtpx:hr>
            <gpxtpx:cad>87</gpxtpx:cad>
          </gpxtpx:TrackPointExtension>
        </extensions>
      </trkpt>
      <trkpt lat="29.6885224152" lon="106.522791842">
        <ele>358.6</ele>
        <time>2026-10-03T09:33:14+0800</time>
        <extensions>
          <gpxtpx:TrackPointExtension>
            <gpxtpx:hr>179</gpxtpx:hr>
            <gpxtpx:cad>87</gpxtpx:cad>
          </gpxtpx:TrackPointExtension>
        </extensions>
      </trkpt>
      <trkpt lat="29.6885321382" lon="106.522813803">
        <ele>358.6</ele>
        <time>2026-10-03T09:33:15+0800</time>
        <extensions>
          <gpxtpx:TrackPointExtension>
            <gpxtpx:hr>179</gpxtpx:hr>
            <gpxtpx:cad>87</gpxtpx:cad>
          </gpxtpx:TrackPointExtension>
        </extensions>
      </trkpt>
      <trkpt lat="29.6885311324" lon="106.522828806">
        <ele>358.8</ele>
        <time>2026-10-03T09:33:16+0800</time>
        <extensions>
          <gpxtpx:TrackPointExtension>
            <gpxtpx:hr>179</gpxtpx:hr>
            <gpxtpx:cad>87</gpxtpx:cad>
          </gpxtpx:TrackPointExtension>
        </extensions>
      </trkpt>
      <trkpt lat="29.6885370836" lon="106.522847749">
        <ele>358.8</ele>
        <time>2026-10-03T09:33:17+0800</time>
        <extensions>
          <gpxtpx:TrackPointExtension>
            <gpxtpx:hr>178</gpxtpx:hr>
            <gpxtpx:cad>87</gpxtpx:cad>
          </gpxtpx:TrackPointExtension>
        </extensions>
      </trkpt>
      <trkpt lat="29.6885358263" lon="106.522863172">
        <ele>358.8</ele>
        <time>2026-10-03T09:33:18+0800</time>
        <extensions>
          <gpxtpx:TrackPointExtension>
            <gpxtpx:hr>179</gpxtpx:hr>
            <gpxtpx:cad>87</gpxtpx:cad>
          </gpxtpx:TrackPointExtension>
        </extensions>
      </trkpt>
      <trkpt lat="29.6885395981" lon="106.522886055">
        <ele>358.8</ele>
        <time>2026-10-03T09:33:19+0800</time>
        <extensions>
          <gpxtpx:TrackPointExtension>
            <gpxtpx:hr>179</gpxtpx:hr>
            <gpxtpx:cad>87</gpxtpx:cad>
          </gpxtpx:TrackPointExtension>
        </extensions>
      </trkpt>
      <trkpt lat="29.6885389276" lon="106.522906674">
        <ele>359.0</ele>
        <time>2026-10-03T09:33:20+0800</time>
        <extensions>
          <gpxtpx:TrackPointExtension>
            <gpxtpx:hr>178</gpxtpx:hr>
            <gpxtpx:cad>87</gpxtpx:cad>
          </gpxtpx:TrackPointExtension>
        </extensions>
      </trkpt>
      <trkpt lat="29.6885430347" lon="106.522928299">
        <ele>359.0</ele>
        <time>2026-10-03T09:33:21+0800</time>
        <extensions>
          <gpxtpx:TrackPointExtension>
            <gpxtpx:hr>179</gpxtpx:hr>
            <gpxtpx:cad>91</gpxtpx:cad>
          </gpxtpx:TrackPointExtension>
        </extensions>
      </trkpt>
      <trkpt lat="29.6885435376" lon="106.522946153">
        <ele>359.0</ele>
        <time>2026-10-03T09:33:22+0800</time>
        <extensions>
          <gpxtpx:TrackPointExtension>
            <gpxtpx:hr>179</gpxtpx:hr>
            <gpxtpx:cad>91</gpxtpx:cad>
          </gpxtpx:TrackPointExtension>
        </extensions>
      </trkpt>
      <trkpt lat="29.6885440405" lon="106.522965766">
        <ele>359.0</ele>
        <time>2026-10-03T09:33:23+0800</time>
        <extensions>
          <gpxtpx:TrackPointExtension>
            <gpxtpx:hr>180</gpxtpx:hr>
            <gpxtpx:cad>91</gpxtpx:cad>
          </gpxtpx:TrackPointExtension>
        </extensions>
      </trkpt>
      <trkpt lat="29.6885401849" lon="106.522978758">
        <ele>359.2</ele>
        <time>2026-10-03T09:33:24+0800</time>
        <extensions>
          <gpxtpx:TrackPointExtension>
            <gpxtpx:hr>181</gpxtpx:hr>
            <gpxtpx:cad>91</gpxtpx:cad>
          </gpxtpx:TrackPointExtension>
        </extensions>
      </trkpt>
      <trkpt lat="29.6885426994" lon="106.522999629">
        <ele>359.4</ele>
        <time>2026-10-03T09:33:25+0800</time>
        <extensions>
          <gpxtpx:TrackPointExtension>
            <gpxtpx:hr>181</gpxtpx:hr>
            <gpxtpx:cad>90</gpxtpx:cad>
          </gpxtpx:TrackPointExtension>
        </extensions>
      </trkpt>
      <trkpt lat="29.6885412745" lon="106.523016645">
        <ele>359.4</ele>
        <time>2026-10-03T09:33:26+0800</time>
        <extensions>
          <gpxtpx:TrackPointExtension>
            <gpxtpx:hr>181</gpxtpx:hr>
            <gpxtpx:cad>90</gpxtpx:cad>
          </gpxtpx:TrackPointExtension>
        </extensions>
      </trkpt>
      <trkpt lat="29.6885425318" lon="106.523040449">
        <ele>359.6</ele>
        <time>2026-10-03T09:33:27+0800</time>
        <extensions>
          <gpxtpx:TrackPointExtension>
            <gpxtpx:hr>180</gpxtpx:hr>
            <gpxtpx:cad>90</gpxtpx:cad>
          </gpxtpx:TrackPointExtension>
        </extensions>
      </trkpt>
      <trkpt lat="29.6885383409" lon="106.523053944">
        <ele>359.8</ele>
        <time>2026-10-03T09:33:28+0800</time>
        <extensions>
          <gpxtpx:TrackPointExtension>
            <gpxtpx:hr>180</gpxtpx:hr>
            <gpxtpx:cad>89</gpxtpx:cad>
          </gpxtpx:TrackPointExtension>
        </extensions>
      </trkpt>
      <trkpt lat="29.6885412745" lon="106.523072049">
        <ele>359.8</ele>
        <time>2026-10-03T09:33:29+0800</time>
        <extensions>
          <gpxtpx:TrackPointExtension>
            <gpxtpx:hr>180</gpxtpx:hr>
            <gpxtpx:cad>89</gpxtpx:cad>
          </gpxtpx:TrackPointExtension>
        </extensions>
      </trkpt>
      <trkpt lat="29.6885378379" lon="106.523082862">
        <ele>360.0</ele>
        <time>2026-10-03T09:33:30+0800</time>
        <extensions>
          <gpxtpx:TrackPointExtension>
            <gpxtpx:hr>181</gpxtpx:hr>
            <gpxtpx:cad>89</gpxtpx:cad>
          </gpxtpx:TrackPointExtension>
        </extensions>
      </trkpt>
      <trkpt lat="29.6885328088" lon="106.523093758">
        <ele>360.0</ele>
        <time>2026-10-03T09:33:31+0800</time>
        <extensions>
          <gpxtpx:TrackPointExtension>
            <gpxtpx:hr>181</gpxtpx:hr>
            <gpxtpx:cad>89</gpxtpx:cad>
          </gpxtpx:TrackPointExtension>
        </extensions>
      </trkpt>
      <trkpt lat="29.6885300428" lon="106.523108426">
        <ele>360.2</ele>
        <time>2026-10-03T09:33:32+0800</time>
        <extensions>
          <gpxtpx:TrackPointExtension>
            <gpxtpx:hr>181</gpxtpx:hr>
            <gpxtpx:cad>89</gpxtpx:cad>
          </gpxtpx:TrackPointExtension>
        </extensions>
      </trkpt>
      <trkpt lat="29.6885254327" lon="106.523118066">
        <ele>360.2</ele>
        <time>2026-10-03T09:33:33+0800</time>
        <extensions>
          <gpxtpx:TrackPointExtension>
            <gpxtpx:hr>182</gpxtpx:hr>
            <gpxtpx:cad>89</gpxtpx:cad>
          </gpxtpx:TrackPointExtension>
        </extensions>
      </trkpt>
      <trkpt lat="29.6885270253" lon="106.523134494">
        <ele>360.4</ele>
        <time>2026-10-03T09:33:34+0800</time>
        <extensions>
          <gpxtpx:TrackPointExtension>
            <gpxtpx:hr>182</gpxtpx:hr>
            <gpxtpx:cad>89</gpxtpx:cad>
          </gpxtpx:TrackPointExtension>
        </extensions>
      </trkpt>
      <trkpt lat="29.6885224991" lon="106.523149079">
        <ele>360.4</ele>
        <time>2026-10-03T09:33:35+0800</time>
        <extensions>
          <gpxtpx:TrackPointExtension>
            <gpxtpx:hr>183</gpxtpx:hr>
            <gpxtpx:cad>89</gpxtpx:cad>
          </gpxtpx:TrackPointExtension>
        </extensions>
      </trkpt>
      <trkpt lat="29.6885147039" lon="106.523157209">
        <ele>360.4</ele>
        <time>2026-10-03T09:33:36+0800</time>
        <extensions>
          <gpxtpx:TrackPointExtension>
            <gpxtpx:hr>184</gpxtpx:hr>
            <gpxtpx:cad>84</gpxtpx:cad>
          </gpxtpx:TrackPointExtension>
        </extensions>
      </trkpt>
      <trkpt lat="29.6885144524" lon="106.523174224">
        <ele>360.6</ele>
        <time>2026-10-03T09:33:37+0800</time>
        <extensions>
          <gpxtpx:TrackPointExtension>
            <gpxtpx:hr>184</gpxtpx:hr>
            <gpxtpx:cad>82</gpxtpx:cad>
          </gpxtpx:TrackPointExtension>
        </extensions>
      </trkpt>
      <trkpt lat="29.6885085851" lon="106.523185959">
        <ele>360.6</ele>
        <time>2026-10-03T09:33:38+0800</time>
        <extensions>
          <gpxtpx:TrackPointExtension>
            <gpxtpx:hr>184</gpxtpx:hr>
            <gpxtpx:cad>82</gpxtpx:cad>
          </gpxtpx:TrackPointExtension>
        </extensions>
      </trkpt>
      <trkpt lat="29.6885054838" lon="106.523206243">
        <ele>360.6</ele>
        <time>2026-10-03T09:33:39+0800</time>
        <extensions>
          <gpxtpx:TrackPointExtension>
            <gpxtpx:hr>185</gpxtpx:hr>
            <gpxtpx:cad>82</gpxtpx:cad>
          </gpxtpx:TrackPointExtension>
        </extensions>
      </trkpt>
      <trkpt lat="29.6885029692" lon="106.523218229">
        <ele>360.8</ele>
        <time>2026-10-03T09:33:40+0800</time>
        <extensions>
          <gpxtpx:TrackPointExtension>
            <gpxtpx:hr>184</gpxtpx:hr>
            <gpxtpx:cad>83</gpxtpx:cad>
          </gpxtpx:TrackPointExtension>
        </extensions>
      </trkpt>
      <trkpt lat="29.6884986944" lon="106.523230635">
        <ele>360.8</ele>
        <time>2026-10-03T09:33:41+0800</time>
        <extensions>
          <gpxtpx:TrackPointExtension>
            <gpxtpx:hr>184</gpxtpx:hr>
            <gpxtpx:cad>83</gpxtpx:cad>
          </gpxtpx:TrackPointExtension>
        </extensions>
      </trkpt>
      <trkpt lat="29.6884950902" lon="106.523247566">
        <ele>360.8</ele>
        <time>2026-10-03T09:33:42+0800</time>
        <extensions>
          <gpxtpx:TrackPointExtension>
            <gpxtpx:hr>184</gpxtpx:hr>
            <gpxtpx:cad>83</gpxtpx:cad>
          </gpxtpx:TrackPointExtension>
        </extensions>
      </trkpt>
      <trkpt lat="29.6884861216" lon="106.52325511">
        <ele>361.0</ele>
        <time>2026-10-03T09:33:43+0800</time>
        <extensions>
          <gpxtpx:TrackPointExtension>
            <gpxtpx:hr>184</gpxtpx:hr>
            <gpxtpx:cad>83</gpxtpx:cad>
          </gpxtpx:TrackPointExtension>
        </extensions>
      </trkpt>
      <trkpt lat="29.6884792484" lon="106.523275897">
        <ele>361.0</ele>
        <time>2026-10-03T09:33:44+0800</time>
        <extensions>
          <gpxtpx:TrackPointExtension>
            <gpxtpx:hr>184</gpxtpx:hr>
            <gpxtpx:cad>83</gpxtpx:cad>
          </gpxtpx:TrackPointExtension>
        </extensions>
      </trkpt>
      <trkpt lat="29.6884758957" lon="106.52328738">
        <ele>361.2</ele>
        <time>2026-10-03T09:33:45+0800</time>
        <extensions>
          <gpxtpx:TrackPointExtension>
            <gpxtpx:hr>184</gpxtpx:hr>
            <gpxtpx:cad>83</gpxtpx:cad>
          </gpxtpx:TrackPointExtension>
        </extensions>
      </trkpt>
      <trkpt lat="29.6884722076" lon="106.523300288">
        <ele>361.2</ele>
        <time>2026-10-03T09:33:46+0800</time>
        <extensions>
          <gpxtpx:TrackPointExtension>
            <gpxtpx:hr>183</gpxtpx:hr>
            <gpxtpx:cad>83</gpxtpx:cad>
          </gpxtpx:TrackPointExtension>
        </extensions>
      </trkpt>
      <trkpt lat="29.6884670109" lon="106.523311017">
        <ele>361.2</ele>
        <time>2026-10-03T09:33:47+0800</time>
        <extensions>
          <gpxtpx:TrackPointExtension>
            <gpxtpx:hr>183</gpxtpx:hr>
            <gpxtpx:cad>83</gpxtpx:cad>
          </gpxtpx:TrackPointExtension>
        </extensions>
      </trkpt>
      <trkpt lat="29.6884594671" lon="106.523321327">
        <ele>361.2</ele>
        <time>2026-10-03T09:33:48+0800</time>
        <extensions>
          <gpxtpx:TrackPointExtension>
            <gpxtpx:hr>183</gpxtpx:hr>
            <gpxtpx:cad>83</gpxtpx:cad>
          </gpxtpx:TrackPointExtension>
        </extensions>
      </trkpt>
      <trkpt lat="29.6884486545" lon="106.523340773">
        <ele>361.4</ele>
        <time>2026-10-03T09:33:49+0800</time>
        <extensions>
          <gpxtpx:TrackPointExtension>
            <gpxtpx:hr>183</gpxtpx:hr>
            <gpxtpx:cad>86</gpxtpx:cad>
          </gpxtpx:TrackPointExtension>
        </extensions>
      </trkpt>
      <trkpt lat="29.6884427033" lon="106.523355022">
        <ele>361.4</ele>
        <time>2026-10-03T09:33:50+0800</time>
        <extensions>
          <gpxtpx:TrackPointExtension>
            <gpxtpx:hr>183</gpxtpx:hr>
            <gpxtpx:cad>86</gpxtpx:cad>
          </gpxtpx:TrackPointExtension>
        </extensions>
      </trkpt>
      <trkpt lat="29.6884399373" lon="106.523373881">
        <ele>361.4</ele>
        <time>2026-10-03T09:33:51+0800</time>
        <extensions>
          <gpxtpx:TrackPointExtension>
            <gpxtpx:hr>183</gpxtpx:hr>
            <gpxtpx:cad>85</gpxtpx:cad>
          </gpxtpx:TrackPointExtension>
        </extensions>
      </trkpt>
      <trkpt lat="29.688430801" lon="106.523381425">
        <ele>361.4</ele>
        <time>2026-10-03T09:33:52+0800</time>
        <extensions>
          <gpxtpx:TrackPointExtension>
            <gpxtpx:hr>183</gpxtpx:hr>
            <gpxtpx:cad>85</gpxtpx:cad>
          </gpxtpx:TrackPointExtension>
        </extensions>
      </trkpt>
      <trkpt lat="29.6884235926" lon="106.523395758">
        <ele>361.4</ele>
        <time>2026-10-03T09:33:53+0800</time>
        <extensions>
          <gpxtpx:TrackPointExtension>
            <gpxtpx:hr>183</gpxtpx:hr>
            <gpxtpx:cad>85</gpxtpx:cad>
          </gpxtpx:TrackPointExtension>
        </extensions>
      </trkpt>
      <trkpt lat="29.6884178091" lon="106.523405984">
        <ele>361.6</ele>
        <time>2026-10-03T09:33:54+0800</time>
        <extensions>
          <gpxtpx:TrackPointExtension>
            <gpxtpx:hr>182</gpxtpx:hr>
            <gpxtpx:cad>87</gpxtpx:cad>
          </gpxtpx:TrackPointExtension>
        </extensions>
      </trkpt>
      <trkpt lat="29.6884157136" lon="106.523429537">
        <ele>361.6</ele>
        <time>2026-10-03T09:33:55+0800</time>
        <extensions>
          <gpxtpx:TrackPointExtension>
            <gpxtpx:hr>182</gpxtpx:hr>
            <gpxtpx:cad>87</gpxtpx:cad>
          </gpxtpx:TrackPointExtension>
        </extensions>
      </trkpt>
      <trkpt lat="29.6884052362" lon="106.523431465">
        <ele>361.6</ele>
        <time>2026-10-03T09:33:56+0800</time>
        <extensions>
          <gpxtpx:TrackPointExtension>
            <gpxtpx:hr>183</gpxtpx:hr>
            <gpxtpx:cad>87</gpxtpx:cad>
          </gpxtpx:TrackPointExtension>
        </extensions>
      </trkpt>
      <trkpt lat="29.6883949265" lon="106.523445379">
        <ele>361.8</ele>
        <time>2026-10-03T09:33:57+0800</time>
        <extensions>
          <gpxtpx:TrackPointExtension>
            <gpxtpx:hr>183</gpxtpx:hr>
            <gpxtpx:cad>87</gpxtpx:cad>
          </gpxtpx:TrackPointExtension>
        </extensions>
      </trkpt>
      <trkpt lat="29.6883875504" lon="106.523453761">
        <ele>362.0</ele>
        <time>2026-10-03T09:33:58+0800</time>
        <extensions>
          <gpxtpx:TrackPointExtension>
            <gpxtpx:hr>183</gpxtpx:hr>
            <gpxtpx:cad>88</gpxtpx:cad>
          </gpxtpx:TrackPointExtension>
        </extensions>
      </trkpt>
      <trkpt lat="29.6883764863" lon="106.52346449">
        <ele>362.0</ele>
        <time>2026-10-03T09:33:59+0800</time>
        <extensions>
          <gpxtpx:TrackPointExtension>
            <gpxtpx:hr>183</gpxtpx:hr>
            <gpxtpx:cad>89</gpxtpx:cad>
          </gpxtpx:TrackPointExtension>
        </extensions>
      </trkpt>
      <trkpt lat="29.688369194" lon="106.523479745">
        <ele>362.2</ele>
        <time>2026-10-03T09:34:00+0800</time>
        <extensions>
          <gpxtpx:TrackPointExtension>
            <gpxtpx:hr>183</gpxtpx:hr>
            <gpxtpx:cad>89</gpxtpx:cad>
          </gpxtpx:TrackPointExtension>
        </extensions>
      </trkpt>
      <trkpt lat="29.6883629914" lon="106.523492318">
        <ele>362.2</ele>
        <time>2026-10-03T09:34:01+0800</time>
        <extensions>
          <gpxtpx:TrackPointExtension>
            <gpxtpx:hr>183</gpxtpx:hr>
            <gpxtpx:cad>89</gpxtpx:cad>
          </gpxtpx:TrackPointExtension>
        </extensions>
      </trkpt>
      <trkpt lat="29.6883593034" lon="106.52350883">
        <ele>362.2</ele>
        <time>2026-10-03T09:34:02+0800</time>
        <extensions>
          <gpxtpx:TrackPointExtension>
            <gpxtpx:hr>183</gpxtpx:hr>
            <gpxtpx:cad>87</gpxtpx:cad>
          </gpxtpx:TrackPointExtension>
        </extensions>
      </trkpt>
      <trkpt lat="29.6883531008" lon="106.523514949">
        <ele>362.4</ele>
        <time>2026-10-03T09:34:03+0800</time>
        <extensions>
          <gpxtpx:TrackPointExtension>
            <gpxtpx:hr>183</gpxtpx:hr>
            <gpxtpx:cad>86</gpxtpx:cad>
          </gpxtpx:TrackPointExtension>
        </extensions>
      </trkpt>
      <trkpt lat="29.6883515082" lon="106.523533389">
        <ele>362.4</ele>
        <time>2026-10-03T09:34:04+0800</time>
        <extensions>
          <gpxtpx:TrackPointExtension>
            <gpxtpx:hr>183</gpxtpx:hr>
            <gpxtpx:cad>86</gpxtpx:cad>
          </gpxtpx:TrackPointExtension>
        </extensions>
      </trkpt>
      <trkpt lat="29.6883439645" lon="106.523539675">
        <ele>362.4</ele>
        <time>2026-10-03T09:34:05+0800</time>
        <extensions>
          <gpxtpx:TrackPointExtension>
            <gpxtpx:hr>183</gpxtpx:hr>
            <gpxtpx:cad>86</gpxtpx:cad>
          </gpxtpx:TrackPointExtension>
        </extensions>
      </trkpt>
      <trkpt lat="29.6883364208" lon="106.523561971">
        <ele>362.4</ele>
        <time>2026-10-03T09:34:06+0800</time>
        <extensions>
          <gpxtpx:TrackPointExtension>
            <gpxtpx:hr>183</gpxtpx:hr>
            <gpxtpx:cad>87</gpxtpx:cad>
          </gpxtpx:TrackPointExtension>
        </extensions>
      </trkpt>
      <trkpt lat="29.6883282904" lon="106.523568677">
        <ele>362.6</ele>
        <time>2026-10-03T09:34:07+0800</time>
        <extensions>
          <gpxtpx:TrackPointExtension>
            <gpxtpx:hr>183</gpxtpx:hr>
            <gpxtpx:cad>87</gpxtpx:cad>
          </gpxtpx:TrackPointExtension>
        </extensions>
      </trkpt>
      <trkpt lat="29.6883220877" lon="106.523584938">
        <ele>362.6</ele>
        <time>2026-10-03T09:34:08+0800</time>
        <extensions>
          <gpxtpx:TrackPointExtension>
            <gpxtpx:hr>182</gpxtpx:hr>
            <gpxtpx:cad>88</gpxtpx:cad>
          </gpxtpx:TrackPointExtension>
        </extensions>
      </trkpt>
      <trkpt lat="29.6883142926" lon="106.523592984">
        <ele>362.6</ele>
        <time>2026-10-03T09:34:09+0800</time>
        <extensions>
          <gpxtpx:TrackPointExtension>
            <gpxtpx:hr>183</gpxtpx:hr>
            <gpxtpx:cad>88</gpxtpx:cad>
          </gpxtpx:TrackPointExtension>
        </extensions>
      </trkpt>
      <trkpt lat="29.6883101854" lon="106.523613436">
        <ele>362.8</ele>
        <time>2026-10-03T09:34:10+0800</time>
        <extensions>
          <gpxtpx:TrackPointExtension>
            <gpxtpx:hr>183</gpxtpx:hr>
            <gpxtpx:cad>88</gpxtpx:cad>
          </gpxtpx:TrackPointExtension>
        </extensions>
      </trkpt>
      <trkpt lat="29.6883001272" lon="106.523616705">
        <ele>362.8</ele>
        <time>2026-10-03T09:34:11+0800</time>
        <extensions>
          <gpxtpx:TrackPointExtension>
            <gpxtpx:hr>183</gpxtpx:hr>
            <gpxtpx:cad>88</gpxtpx:cad>
          </gpxtpx:TrackPointExtension>
        </extensions>
      </trkpt>
      <trkpt lat="29.6882882249" lon="106.52362559">
        <ele>362.8</ele>
        <time>2026-10-03T09:34:12+0800</time>
        <extensions>
          <gpxtpx:TrackPointExtension>
            <gpxtpx:hr>182</gpxtpx:hr>
            <gpxtpx:cad>89</gpxtpx:cad>
          </gpxtpx:TrackPointExtension>
        </extensions>
      </trkpt>
      <trkpt lat="29.6882839501" lon="106.523641348">
        <ele>362.8</ele>
        <time>2026-10-03T09:34:13+0800</time>
        <extensions>
          <gpxtpx:TrackPointExtension>
            <gpxtpx:hr>182</gpxtpx:hr>
            <gpxtpx:cad>89</gpxtpx:cad>
          </gpxtpx:TrackPointExtension>
        </extensions>
      </trkpt>
      <trkpt lat="29.6882790048" lon="106.523656016">
        <ele>363.0</ele>
        <time>2026-10-03T09:34:14+0800</time>
        <extensions>
          <gpxtpx:TrackPointExtension>
            <gpxtpx:hr>181</gpxtpx:hr>
            <gpxtpx:cad>89</gpxtpx:cad>
          </gpxtpx:TrackPointExtension>
        </extensions>
      </trkpt>
      <trkpt lat="29.6882707905" lon="106.523670349">
        <ele>363.0</ele>
        <time>2026-10-03T09:34:15+0800</time>
        <extensions>
          <gpxtpx:TrackPointExtension>
            <gpxtpx:hr>181</gpxtpx:hr>
            <gpxtpx:cad>89</gpxtpx:cad>
          </gpxtpx:TrackPointExtension>
        </extensions>
      </trkpt>
      <trkpt lat="29.688258972" lon="106.523688203">
        <ele>363.0</ele>
        <time>2026-10-03T09:34:16+0800</time>
        <extensions>
          <gpxtpx:TrackPointExtension>
            <gpxtpx:hr>180</gpxtpx:hr>
            <gpxtpx:cad>89</gpxtpx:cad>
          </gpxtpx:TrackPointExtension>
        </extensions>
      </trkpt>
      <trkpt lat="29.6882479079" lon="106.523700273">
        <ele>363.0</ele>
        <time>2026-10-03T09:34:17+0800</time>
        <extensions>
          <gpxtpx:TrackPointExtension>
            <gpxtpx:hr>179</gpxtpx:hr>
            <gpxtpx:cad>88</gpxtpx:cad>
          </gpxtpx:TrackPointExtension>
        </extensions>
      </trkpt>
      <trkpt lat="29.6882405318" lon="106.523712929">
        <ele>363.0</ele>
        <time>2026-10-03T09:34:18+0800</time>
        <extensions>
          <gpxtpx:TrackPointExtension>
            <gpxtpx:hr>179</gpxtpx:hr>
            <gpxtpx:cad>88</gpxtpx:cad>
          </gpxtpx:TrackPointExtension>
        </extensions>
      </trkpt>
      <trkpt lat="29.6882321499" lon="106.523725502">
        <ele>363.0</ele>
        <time>2026-10-03T09:34:19+0800</time>
        <extensions>
          <gpxtpx:TrackPointExtension>
            <gpxtpx:hr>179</gpxtpx:hr>
            <gpxtpx:cad>88</gpxtpx:cad>
          </gpxtpx:TrackPointExtension>
        </extensions>
      </trkpt>
      <trkpt lat="29.6882239357" lon="106.52374126">
        <ele>363.2</ele>
        <time>2026-10-03T09:34:20+0800</time>
        <extensions>
          <gpxtpx:TrackPointExtension>
            <gpxtpx:hr>179</gpxtpx:hr>
            <gpxtpx:cad>89</gpxtpx:cad>
          </gpxtpx:TrackPointExtension>
        </extensions>
      </trkpt>
      <trkpt lat="29.6882146318" lon="106.523752492">
        <ele>363.2</ele>
        <time>2026-10-03T09:34:21+0800</time>
        <extensions>
          <gpxtpx:TrackPointExtension>
            <gpxtpx:hr>180</gpxtpx:hr>
            <gpxtpx:cad>89</gpxtpx:cad>
          </gpxtpx:TrackPointExtension>
        </extensions>
      </trkpt>
      <trkpt lat="29.6882065851" lon="106.523772273">
        <ele>363.4</ele>
        <time>2026-10-03T09:34:22+0800</time>
        <extensions>
          <gpxtpx:TrackPointExtension>
            <gpxtpx:hr>179</gpxtpx:hr>
            <gpxtpx:cad>90</gpxtpx:cad>
          </gpxtpx:TrackPointExtension>
        </extensions>
      </trkpt>
      <trkpt lat="29.6881966945" lon="106.523783505">
        <ele>363.4</ele>
        <time>2026-10-03T09:34:23+0800</time>
        <extensions>
          <gpxtpx:TrackPointExtension>
            <gpxtpx:hr>179</gpxtpx:hr>
            <gpxtpx:cad>92</gpxtpx:cad>
          </gpxtpx:TrackPointExtension>
        </extensions>
      </trkpt>
      <trkpt lat="29.6881859656" lon="106.523800939">
        <ele>363.4</ele>
        <time>2026-10-03T09:34:24+0800</time>
        <extensions>
          <gpxtpx:TrackPointExtension>
            <gpxtpx:hr>179</gpxtpx:hr>
            <gpxtpx:cad>92</gpxtpx:cad>
          </gpxtpx:TrackPointExtension>
        </extensions>
      </trkpt>
      <trkpt lat="29.6881814394" lon="106.523819044">
        <ele>363.4</ele>
        <time>2026-10-03T09:34:25+0800</time>
        <extensions>
          <gpxtpx:TrackPointExtension>
            <gpxtpx:hr>179</gpxtpx:hr>
            <gpxtpx:cad>92</gpxtpx:cad>
          </gpxtpx:TrackPointExtension>
        </extensions>
      </trkpt>
      <trkpt lat="29.688170962" lon="106.523825666">
        <ele>363.4</ele>
        <time>2026-10-03T09:34:26+0800</time>
        <extensions>
          <gpxtpx:TrackPointExtension>
            <gpxtpx:hr>179</gpxtpx:hr>
            <gpxtpx:cad>92</gpxtpx:cad>
          </gpxtpx:TrackPointExtension>
        </extensions>
      </trkpt>
      <trkpt lat="29.6881628316" lon="106.523841089">
        <ele>363.4</ele>
        <time>2026-10-03T09:34:27+0800</time>
        <extensions>
          <gpxtpx:TrackPointExtension>
            <gpxtpx:hr>179</gpxtpx:hr>
            <gpxtpx:cad>87</gpxtpx:cad>
          </gpxtpx:TrackPointExtension>
        </extensions>
      </trkpt>
      <trkpt lat="29.6881555393" lon="106.523851566">
        <ele>363.2</ele>
        <time>2026-10-03T09:34:28+0800</time>
        <extensions>
          <gpxtpx:TrackPointExtension>
            <gpxtpx:hr>179</gpxtpx:hr>
            <gpxtpx:cad>87</gpxtpx:cad>
          </gpxtpx:TrackPointExtension>
        </extensions>
      </trkpt>
      <trkpt lat="29.6881482471" lon="106.523866234">
        <ele>363.4</ele>
        <time>2026-10-03T09:34:29+0800</time>
        <extensions>
          <gpxtpx:TrackPointExtension>
            <gpxtpx:hr>179</gpxtpx:hr>
            <gpxtpx:cad>87</gpxtpx:cad>
          </gpxtpx:TrackPointExtension>
        </extensions>
      </trkpt>
      <trkpt lat="29.6881391108" lon="106.52387646">
        <ele>363.4</ele>
        <time>2026-10-03T09:34:30+0800</time>
        <extensions>
          <gpxtpx:TrackPointExtension>
            <gpxtpx:hr>178</gpxtpx:hr>
            <gpxtpx:cad>87</gpxtpx:cad>
          </gpxtpx:TrackPointExtension>
        </extensions>
      </trkpt>
      <trkpt lat="29.6881298069" lon="106.523894398">
        <ele>363.4</ele>
        <time>2026-10-03T09:34:31+0800</time>
        <extensions>
          <gpxtpx:TrackPointExtension>
            <gpxtpx:hr>179</gpxtpx:hr>
            <gpxtpx:cad>83</gpxtpx:cad>
          </gpxtpx:TrackPointExtension>
        </extensions>
      </trkpt>
      <trkpt lat="29.6881210897" lon="106.523905462">
        <ele>363.4</ele>
        <time>2026-10-03T09:34:32+0800</time>
        <extensions>
          <gpxtpx:TrackPointExtension>
            <gpxtpx:hr>179</gpxtpx:hr>
            <gpxtpx:cad>83</gpxtpx:cad>
          </gpxtpx:TrackPointExtension>
        </extensions>
      </trkpt>
      <trkpt lat="29.6881039906" lon="106.523914933">
        <ele>363.4</ele>
        <time>2026-10-03T09:34:33+0800</time>
        <extensions>
          <gpxtpx:TrackPointExtension>
            <gpxtpx:hr>179</gpxtpx:hr>
            <gpxtpx:cad>83</gpxtpx:cad>
          </gpxtpx:TrackPointExtension>
        </extensions>
      </trkpt>
      <trkpt lat="29.6880937647" lon="106.523925159">
        <ele>363.4</ele>
        <time>2026-10-03T09:34:34+0800</time>
        <extensions>
          <gpxtpx:TrackPointExtension>
            <gpxtpx:hr>179</gpxtpx:hr>
            <gpxtpx:cad>90</gpxtpx:cad>
          </gpxtpx:TrackPointExtension>
        </extensions>
      </trkpt>
      <trkpt lat="29.6880992129" lon="106.5239524">
        <ele>363.4</ele>
        <time>2026-10-03T09:34:35+0800</time>
        <extensions>
          <gpxtpx:TrackPointExtension>
            <gpxtpx:hr>179</gpxtpx:hr>
            <gpxtpx:cad>90</gpxtpx:cad>
          </gpxtpx:TrackPointExtension>
        </extensions>
      </trkpt>
      <trkpt lat="29.6880910825" lon="106.523965728">
        <ele>363.4</ele>
        <time>2026-10-03T09:34:36+0800</time>
        <extensions>
          <gpxtpx:TrackPointExtension>
            <gpxtpx:hr>179</gpxtpx:hr>
            <gpxtpx:cad>90</gpxtpx:cad>
          </gpxtpx:TrackPointExtension>
        </extensions>
      </trkpt>
      <trkpt lat="29.6880835388" lon="106.523981653">
        <ele>363.4</ele>
        <time>2026-10-03T09:34:37+0800</time>
        <extensions>
          <gpxtpx:TrackPointExtension>
            <gpxtpx:hr>179</gpxtpx:hr>
            <gpxtpx:cad>90</gpxtpx:cad>
          </gpxtpx:TrackPointExtension>
        </extensions>
      </trkpt>
      <trkpt lat="29.6880724747" lon="106.523991628">
        <ele>363.4</ele>
        <time>2026-10-03T09:34:38+0800</time>
        <extensions>
          <gpxtpx:TrackPointExtension>
            <gpxtpx:hr>179</gpxtpx:hr>
            <gpxtpx:cad>90</gpxtpx:cad>
          </gpxtpx:TrackPointExtension>
        </extensions>
      </trkpt>
      <trkpt lat="29.6880638413" lon="106.524002943">
        <ele>363.4</ele>
        <time>2026-10-03T09:34:39+0800</time>
        <extensions>
          <gpxtpx:TrackPointExtension>
            <gpxtpx:hr>179</gpxtpx:hr>
            <gpxtpx:cad>90</gpxtpx:cad>
          </gpxtpx:TrackPointExtension>
        </extensions>
      </trkpt>
      <trkpt lat="29.6880536154" lon="106.524014343">
        <ele>363.4</ele>
        <time>2026-10-03T09:34:40+0800</time>
        <extensions>
          <gpxtpx:TrackPointExtension>
            <gpxtpx:hr>179</gpxtpx:hr>
            <gpxtpx:cad>90</gpxtpx:cad>
          </gpxtpx:TrackPointExtension>
        </extensions>
      </trkpt>
      <trkpt lat="29.6880503464" lon="106.524020378">
        <ele>363.4</ele>
        <time>2026-10-03T09:34:41+0800</time>
        <extensions>
          <gpxtpx:TrackPointExtension>
            <gpxtpx:hr>178</gpxtpx:hr>
            <gpxtpx:cad>90</gpxtpx:cad>
          </gpxtpx:TrackPointExtension>
        </extensions>
      </trkpt>
      <trkpt lat="29.6880452335" lon="106.524027418">
        <ele>363.4</ele>
        <time>2026-10-03T09:34:42+0800</time>
        <extensions>
          <gpxtpx:TrackPointExtension>
            <gpxtpx:hr>178</gpxtpx:hr>
            <gpxtpx:cad>90</gpxtpx:cad>
          </gpxtpx:TrackPointExtension>
        </extensions>
      </trkpt>
      <trkpt lat="29.6880402043" lon="106.524040829">
        <ele>363.4</ele>
        <time>2026-10-03T09:34:43+0800</time>
        <extensions>
          <gpxtpx:TrackPointExtension>
            <gpxtpx:hr>178</gpxtpx:hr>
            <gpxtpx:cad>0</gpxtpx:cad>
          </gpxtpx:TrackPointExtension>
        </extensions>
      </trkpt>
      <trkpt lat="29.6880337503" lon="106.524051307">
        <ele>363.6</ele>
        <time>2026-10-03T09:34:44+0800</time>
        <extensions>
          <gpxtpx:TrackPointExtension>
            <gpxtpx:hr>178</gpxtpx:hr>
            <gpxtpx:cad>0</gpxtpx:cad>
          </gpxtpx:TrackPointExtension>
        </extensions>
      </trkpt>
      <trkpt lat="29.6880262904" lon="106.524059437">
        <ele>363.6</ele>
        <time>2026-10-03T09:34:45+0800</time>
        <extensions>
          <gpxtpx:TrackPointExtension>
            <gpxtpx:hr>177</gpxtpx:hr>
            <gpxtpx:cad>0</gpxtpx:cad>
          </gpxtpx:TrackPointExtension>
        </extensions>
      </trkpt>
      <trkpt lat="29.6880184952" lon="106.524071004">
        <ele>363.6</ele>
        <time>2026-10-03T09:34:46+0800</time>
        <extensions>
          <gpxtpx:TrackPointExtension>
            <gpxtpx:hr>176</gpxtpx:hr>
            <gpxtpx:cad>0</gpxtpx:cad>
          </gpxtpx:TrackPointExtension>
        </extensions>
      </trkpt>
      <trkpt lat="29.6880112868" lon="106.524082571">
        <ele>363.6</ele>
        <time>2026-10-03T09:34:47+0800</time>
        <extensions>
          <gpxtpx:TrackPointExtension>
            <gpxtpx:hr>176</gpxtpx:hr>
            <gpxtpx:cad>0</gpxtpx:cad>
          </gpxtpx:TrackPointExtension>
        </extensions>
      </trkpt>
      <trkpt lat="29.6880096104" lon="106.52409439">
        <ele>363.6</ele>
        <time>2026-10-03T09:34:48+0800</time>
        <extensions>
          <gpxtpx:TrackPointExtension>
            <gpxtpx:hr>176</gpxtpx:hr>
            <gpxtpx:cad>83</gpxtpx:cad>
          </gpxtpx:TrackPointExtension>
        </extensions>
      </trkpt>
      <trkpt lat="29.6880083531" lon="106.52410931">
        <ele>363.6</ele>
        <time>2026-10-03T09:34:49+0800</time>
        <extensions>
          <gpxtpx:TrackPointExtension>
            <gpxtpx:hr>175</gpxtpx:hr>
            <gpxtpx:cad>83</gpxtpx:cad>
          </gpxtpx:TrackPointExtension>
        </extensions>
      </trkpt>
      <trkpt lat="29.6879989654" lon="106.524117943">
        <ele>363.6</ele>
        <time>2026-10-03T09:34:50+0800</time>
        <extensions>
          <gpxtpx:TrackPointExtension>
            <gpxtpx:hr>175</gpxtpx:hr>
            <gpxtpx:cad>81</gpxtpx:cad>
          </gpxtpx:TrackPointExtension>
        </extensions>
      </trkpt>
      <trkpt lat="29.6879895777" lon="106.524134539">
        <ele>363.6</ele>
        <time>2026-10-03T09:34:51+0800</time>
        <extensions>
          <gpxtpx:TrackPointExtension>
            <gpxtpx:hr>175</gpxtpx:hr>
            <gpxtpx:cad>81</gpxtpx:cad>
          </gpxtpx:TrackPointExtension>
        </extensions>
      </trkpt>
      <trkpt lat="29.6879809443" lon="106.524143675">
        <ele>363.6</ele>
        <time>2026-10-03T09:34:52+0800</time>
        <extensions>
          <gpxtpx:TrackPointExtension>
            <gpxtpx:hr>174</gpxtpx:hr>
            <gpxtpx:cad>81</gpxtpx:cad>
          </gpxtpx:TrackPointExtension>
        </extensions>
      </trkpt>
      <trkpt lat="29.6879728977" lon="106.524154656">
        <ele>363.6</ele>
        <time>2026-10-03T09:34:53+0800</time>
        <extensions>
          <gpxtpx:TrackPointExtension>
            <gpxtpx:hr>174</gpxtpx:hr>
            <gpxtpx:cad>81</gpxtpx:cad>
          </gpxtpx:TrackPointExtension>
        </extensions>
      </trkpt>
      <trkpt lat="29.6879606601" lon="106.524169156">
        <ele>363.4</ele>
        <time>2026-10-03T09:34:54+0800</time>
        <extensions>
          <gpxtpx:TrackPointExtension>
            <gpxtpx:hr>174</gpxtpx:hr>
            <gpxtpx:cad>81</gpxtpx:cad>
          </gpxtpx:TrackPointExtension>
        </extensions>
      </trkpt>
      <trkpt lat="29.68795144" lon="106.524183238">
        <ele>363.4</ele>
        <time>2026-10-03T09:34:55+0800</time>
        <extensions>
          <gpxtpx:TrackPointExtension>
            <gpxtpx:hr>174</gpxtpx:hr>
            <gpxtpx:cad>84</gpxtpx:cad>
          </gpxtpx:TrackPointExtension>
        </extensions>
      </trkpt>
      <trkpt lat="29.6879437286" lon="106.524200002">
        <ele>363.6</ele>
        <time>2026-10-03T09:34:56+0800</time>
        <extensions>
          <gpxtpx:TrackPointExtension>
            <gpxtpx:hr>175</gpxtpx:hr>
            <gpxtpx:cad>84</gpxtpx:cad>
          </gpxtpx:TrackPointExtension>
        </extensions>
      </trkpt>
      <trkpt lat="29.6879342571" lon="106.524210731">
        <ele>363.6</ele>
        <time>2026-10-03T09:34:57+0800</time>
        <extensions>
          <gpxtpx:TrackPointExtension>
            <gpxtpx:hr>174</gpxtpx:hr>
            <gpxtpx:cad>84</gpxtpx:cad>
          </gpxtpx:TrackPointExtension>
        </extensions>
      </trkpt>
      <trkpt lat="29.6879212651" lon="106.524227159">
        <ele>363.4</ele>
        <time>2026-10-03T09:34:58+0800</time>
        <extensions>
          <gpxtpx:TrackPointExtension>
            <gpxtpx:hr>174</gpxtpx:hr>
            <gpxtpx:cad>84</gpxtpx:cad>
          </gpxtpx:TrackPointExtension>
        </extensions>
      </trkpt>
      <trkpt lat="29.6879129671" lon="106.524242163">
        <ele>363.4</ele>
        <time>2026-10-03T09:34:59+0800</time>
        <extensions>
          <gpxtpx:TrackPointExtension>
            <gpxtpx:hr>174</gpxtpx:hr>
            <gpxtpx:cad>87</gpxtpx:cad>
          </gpxtpx:TrackPointExtension>
        </extensions>
      </trkpt>
      <trkpt lat="29.6879055072" lon="106.524260854">
        <ele>363.6</ele>
        <time>2026-10-03T09:35:00+0800</time>
        <extensions>
          <gpxtpx:TrackPointExtension>
            <gpxtpx:hr>173</gpxtpx:hr>
            <gpxtpx:cad>87</gpxtpx:cad>
          </gpxtpx:TrackPointExtension>
        </extensions>
      </trkpt>
      <trkpt lat="29.6878988855" lon="106.524276026">
        <ele>363.4</ele>
        <time>2026-10-03T09:35:01+0800</time>
        <extensions>
          <gpxtpx:TrackPointExtension>
            <gpxtpx:hr>173</gpxtpx:hr>
            <gpxtpx:cad>87</gpxtpx:cad>
          </gpxtpx:TrackPointExtension>
        </extensions>
      </trkpt>
      <trkpt lat="29.6878912579" lon="106.524287174">
        <ele>363.4</ele>
        <time>2026-10-03T09:35:02+0800</time>
        <extensions>
          <gpxtpx:TrackPointExtension>
            <gpxtpx:hr>173</gpxtpx:hr>
            <gpxtpx:cad>87</gpxtpx:cad>
          </gpxtpx:TrackPointExtension>
        </extensions>
      </trkpt>
      <trkpt lat="29.6878841333" lon="106.524299243">
        <ele>363.4</ele>
        <time>2026-10-03T09:35:03+0800</time>
        <extensions>
          <gpxtpx:TrackPointExtension>
            <gpxtpx:hr>173</gpxtpx:hr>
            <gpxtpx:cad>87</gpxtpx:cad>
          </gpxtpx:TrackPointExtension>
        </extensions>
      </trkpt>
      <trkpt lat="29.6878793556" lon="106.524306452">
        <ele>363.6</ele>
        <time>2026-10-03T09:35:04+0800</time>
        <extensions>
          <gpxtpx:TrackPointExtension>
            <gpxtpx:hr>172</gpxtpx:hr>
            <gpxtpx:cad>87</gpxtpx:cad>
          </gpxtpx:TrackPointExtension>
        </extensions>
      </trkpt>
      <trkpt lat="29.6878734045" lon="106.524317935">
        <ele>363.6</ele>
        <time>2026-10-03T09:35:05+0800</time>
        <extensions>
          <gpxtpx:TrackPointExtension>
            <gpxtpx:hr>172</gpxtpx:hr>
            <gpxtpx:cad>87</gpxtpx:cad>
          </gpxtpx:TrackPointExtension>
        </extensions>
      </trkpt>
      <trkpt lat="29.6878721472" lon="106.524333693">
        <ele>363.6</ele>
        <time>2026-10-03T09:35:06+0800</time>
        <extensions>
          <gpxtpx:TrackPointExtension>
            <gpxtpx:hr>172</gpxtpx:hr>
            <gpxtpx:cad>83</gpxtpx:cad>
          </gpxtpx:TrackPointExtension>
        </extensions>
      </trkpt>
      <trkpt lat="29.6878670342" lon="106.524343584">
        <ele>363.8</ele>
        <time>2026-10-03T09:35:07+0800</time>
        <extensions>
          <gpxtpx:TrackPointExtension>
            <gpxtpx:hr>172</gpxtpx:hr>
            <gpxtpx:cad>82</gpxtpx:cad>
          </gpxtpx:TrackPointExtension>
        </extensions>
      </trkpt>
      <trkpt lat="29.687860664" lon="106.524353055">
        <ele>363.8</ele>
        <time>2026-10-03T09:35:08+0800</time>
        <extensions>
          <gpxtpx:TrackPointExtension>
            <gpxtpx:hr>172</gpxtpx:hr>
            <gpxtpx:cad>79</gpxtpx:cad>
          </gpxtpx:TrackPointExtension>
        </extensions>
      </trkpt>
      <trkpt lat="29.6878547966" lon="106.524367137">
        <ele>363.8</ele>
        <time>2026-10-03T09:35:09+0800</time>
        <extensions>
          <gpxtpx:TrackPointExtension>
            <gpxtpx:hr>172</gpxtpx:hr>
            <gpxtpx:cad>79</gpxtpx:cad>
          </gpxtpx:TrackPointExtension>
        </extensions>
      </trkpt>
      <trkpt lat="29.6878487617" lon="106.524377698">
        <ele>363.8</ele>
        <time>2026-10-03T09:35:10+0800</time>
        <extensions>
          <gpxtpx:TrackPointExtension>
            <gpxtpx:hr>172</gpxtpx:hr>
            <gpxtpx:cad>79</gpxtpx:cad>
          </gpxtpx:TrackPointExtension>
        </extensions>
      </trkpt>
      <trkpt lat="29.6878464986" lon="106.52439639">
        <ele>363.8</ele>
        <time>2026-10-03T09:35:11+0800</time>
        <extensions>
          <gpxtpx:TrackPointExtension>
            <gpxtpx:hr>173</gpxtpx:hr>
            <gpxtpx:cad>79</gpxtpx:cad>
          </gpxtpx:TrackPointExtension>
        </extensions>
      </trkpt>
      <trkpt lat="29.6878389549" lon="106.524403514">
        <ele>363.6</ele>
        <time>2026-10-03T09:35:12+0800</time>
        <extensions>
          <gpxtpx:TrackPointExtension>
            <gpxtpx:hr>173</gpxtpx:hr>
            <gpxtpx:cad>79</gpxtpx:cad>
          </gpxtpx:TrackPointExtension>
        </extensions>
      </trkpt>
      <trkpt lat="29.6878320817" lon="106.524421284">
        <ele>363.6</ele>
        <time>2026-10-03T09:35:13+0800</time>
        <extensions>
          <gpxtpx:TrackPointExtension>
            <gpxtpx:hr>173</gpxtpx:hr>
            <gpxtpx:cad>79</gpxtpx:cad>
          </gpxtpx:TrackPointExtension>
        </extensions>
      </trkpt>
      <trkpt lat="29.6878226101" lon="106.524433522">
        <ele>363.4</ele>
        <time>2026-10-03T09:35:14+0800</time>
        <extensions>
          <gpxtpx:TrackPointExtension>
            <gpxtpx:hr>172</gpxtpx:hr>
            <gpxtpx:cad>87</gpxtpx:cad>
          </gpxtpx:TrackPointExtension>
        </extensions>
      </trkpt>
      <trkpt lat="29.6878130548" lon="106.524450202">
        <ele>363.4</ele>
        <time>2026-10-03T09:35:15+0800</time>
        <extensions>
          <gpxtpx:TrackPointExtension>
            <gpxtpx:hr>172</gpxtpx:hr>
            <gpxtpx:cad>87</gpxtpx:cad>
          </gpxtpx:TrackPointExtension>
        </extensions>
      </trkpt>
      <trkpt lat="29.6878033318" lon="106.524461098">
        <ele>363.4</ele>
        <time>2026-10-03T09:35:16+0800</time>
        <extensions>
          <gpxtpx:TrackPointExtension>
            <gpxtpx:hr>172</gpxtpx:hr>
            <gpxtpx:cad>87</gpxtpx:cad>
          </gpxtpx:TrackPointExtension>
        </extensions>
      </trkpt>
      <trkpt lat="29.6877934411" lon="106.524476102">
        <ele>363.4</ele>
        <time>2026-10-03T09:35:17+0800</time>
        <extensions>
          <gpxtpx:TrackPointExtension>
            <gpxtpx:hr>172</gpxtpx:hr>
            <gpxtpx:cad>88</gpxtpx:cad>
          </gpxtpx:TrackPointExtension>
        </extensions>
      </trkpt>
      <trkpt lat="29.6877877414" lon="106.524492949">
        <ele>363.6</ele>
        <time>2026-10-03T09:35:18+0800</time>
        <extensions>
          <gpxtpx:TrackPointExtension>
            <gpxtpx:hr>172</gpxtpx:hr>
            <gpxtpx:cad>88</gpxtpx:cad>
          </gpxtpx:TrackPointExtension>
        </extensions>
      </trkpt>
      <trkpt lat="29.6877798624" lon="106.524504935">
        <ele>363.6</ele>
        <time>2026-10-03T09:35:19+0800</time>
        <extensions>
          <gpxtpx:TrackPointExtension>
            <gpxtpx:hr>172</gpxtpx:hr>
            <gpxtpx:cad>86</gpxtpx:cad>
          </gpxtpx:TrackPointExtension>
        </extensions>
      </trkpt>
      <trkpt lat="29.6877736598" lon="106.524520526">
        <ele>363.6</ele>
        <time>2026-10-03T09:35:20+0800</time>
        <extensions>
          <gpxtpx:TrackPointExtension>
            <gpxtpx:hr>171</gpxtpx:hr>
            <gpxtpx:cad>86</gpxtpx:cad>
          </gpxtpx:TrackPointExtension>
        </extensions>
      </trkpt>
      <trkpt lat="29.6877676249" lon="106.524534607">
        <ele>363.6</ele>
        <time>2026-10-03T09:35:21+0800</time>
        <extensions>
          <gpxtpx:TrackPointExtension>
            <gpxtpx:hr>167</gpxtpx:hr>
            <gpxtpx:cad>85</gpxtpx:cad>
          </gpxtpx:TrackPointExtension>
        </extensions>
      </trkpt>
      <trkpt lat="29.687762009" lon="106.524546258">
        <ele>363.6</ele>
        <time>2026-10-03T09:35:22+0800</time>
        <extensions>
          <gpxtpx:TrackPointExtension>
            <gpxtpx:hr>166</gpxtpx:hr>
            <gpxtpx:cad>84</gpxtpx:cad>
          </gpxtpx:TrackPointExtension>
        </extensions>
      </trkpt>
      <trkpt lat="29.6877573989" lon="106.524565704">
        <ele>363.6</ele>
        <time>2026-10-03T09:35:23+0800</time>
        <extensions>
          <gpxtpx:TrackPointExtension>
            <gpxtpx:hr>165</gpxtpx:hr>
            <gpxtpx:cad>83</gpxtpx:cad>
          </gpxtpx:TrackPointExtension>
        </extensions>
      </trkpt>
      <trkpt lat="29.687751364" lon="106.524575176">
        <ele>363.6</ele>
        <time>2026-10-03T09:35:24+0800</time>
        <extensions>
          <gpxtpx:TrackPointExtension>
            <gpxtpx:hr>164</gpxtpx:hr>
            <gpxtpx:cad>83</gpxtpx:cad>
          </gpxtpx:TrackPointExtension>
        </extensions>
      </trkpt>
      <trkpt lat="29.6877461672" lon="106.524598813">
        <ele>363.6</ele>
        <time>2026-10-03T09:35:25+0800</time>
        <extensions>
          <gpxtpx:TrackPointExtension>
            <gpxtpx:hr>163</gpxtpx:hr>
            <gpxtpx:cad>83</gpxtpx:cad>
          </gpxtpx:TrackPointExtension>
        </extensions>
      </trkpt>
      <trkpt lat="29.687742563" lon="106.524611637">
        <ele>363.6</ele>
        <time>2026-10-03T09:35:26+0800</time>
        <extensions>
          <gpxtpx:TrackPointExtension>
            <gpxtpx:hr>162</gpxtpx:hr>
            <gpxtpx:cad>84</gpxtpx:cad>
          </gpxtpx:TrackPointExtension>
        </extensions>
      </trkpt>
      <trkpt lat="29.6877379529" lon="106.524628401">
        <ele>363.8</ele>
        <time>2026-10-03T09:35:27+0800</time>
        <extensions>
          <gpxtpx:TrackPointExtension>
            <gpxtpx:hr>161</gpxtpx:hr>
            <gpxtpx:cad>84</gpxtpx:cad>
          </gpxtpx:TrackPointExtension>
        </extensions>
      </trkpt>
      <trkpt lat="29.6877342649" lon="106.524648014">
        <ele>363.8</ele>
        <time>2026-10-03T09:35:28+0800</time>
        <extensions>
          <gpxtpx:TrackPointExtension>
            <gpxtpx:hr>161</gpxtpx:hr>
            <gpxtpx:cad>84</gpxtpx:cad>
          </gpxtpx:TrackPointExtension>
        </extensions>
      </trkpt>
      <trkpt lat="29.6877304092" lon="106.524658743">
        <ele>363.6</ele>
        <time>2026-10-03T09:35:29+0800</time>
        <extensions>
          <gpxtpx:TrackPointExtension>
            <gpxtpx:hr>162</gpxtpx:hr>
            <gpxtpx:cad>84</gpxtpx:cad>
          </gpxtpx:TrackPointExtension>
        </extensions>
      </trkpt>
      <trkpt lat="29.6877232846" lon="106.524678441">
        <ele>363.6</ele>
        <time>2026-10-03T09:35:30+0800</time>
        <extensions>
          <gpxtpx:TrackPointExtension>
            <gpxtpx:hr>162</gpxtpx:hr>
            <gpxtpx:cad>85</gpxtpx:cad>
          </gpxtpx:TrackPointExtension>
        </extensions>
      </trkpt>
      <trkpt lat="29.6877190098" lon="106.524695959">
        <ele>363.6</ele>
        <time>2026-10-03T09:35:31+0800</time>
        <extensions>
          <gpxtpx:TrackPointExtension>
            <gpxtpx:hr>162</gpxtpx:hr>
            <gpxtpx:cad>84</gpxtpx:cad>
          </gpxtpx:TrackPointExtension>
        </extensions>
      </trkpt>
      <trkpt lat="29.6877157409" lon="106.52470937">
        <ele>363.6</ele>
        <time>2026-10-03T09:35:32+0800</time>
        <extensions>
          <gpxtpx:TrackPointExtension>
            <gpxtpx:hr>162</gpxtpx:hr>
            <gpxtpx:cad>83</gpxtpx:cad>
          </gpxtpx:TrackPointExtension>
        </extensions>
      </trkpt>
      <trkpt lat="29.6877120528" lon="106.524733007">
        <ele>363.6</ele>
        <time>2026-10-03T09:35:33+0800</time>
        <extensions>
          <gpxtpx:TrackPointExtension>
            <gpxtpx:hr>163</gpxtpx:hr>
            <gpxtpx:cad>82</gpxtpx:cad>
          </gpxtpx:TrackPointExtension>
        </extensions>
      </trkpt>
      <trkpt lat="29.6877048444" lon="106.524743903">
        <ele>363.4</ele>
        <time>2026-10-03T09:35:34+0800</time>
        <extensions>
          <gpxtpx:TrackPointExtension>
            <gpxtpx:hr>162</gpxtpx:hr>
            <gpxtpx:cad>82</gpxtpx:cad>
          </gpxtpx:TrackPointExtension>
        </extensions>
      </trkpt>
      <trkpt lat="29.6877051797" lon="106.524764774">
        <ele>363.4</ele>
        <time>2026-10-03T09:35:35+0800</time>
        <extensions>
          <gpxtpx:TrackPointExtension>
            <gpxtpx:hr>162</gpxtpx:hr>
            <gpxtpx:cad>82</gpxtpx:cad>
          </gpxtpx:TrackPointExtension>
        </extensions>
      </trkpt>
      <trkpt lat="29.6877029166" lon="106.524780113">
        <ele>363.6</ele>
        <time>2026-10-03T09:35:36+0800</time>
        <extensions>
          <gpxtpx:TrackPointExtension>
            <gpxtpx:hr>162</gpxtpx:hr>
            <gpxtpx:cad>82</gpxtpx:cad>
          </gpxtpx:TrackPointExtension>
        </extensions>
      </trkpt>
      <trkpt lat="29.6877009887" lon="106.524794614">
        <ele>363.6</ele>
        <time>2026-10-03T09:35:37+0800</time>
        <extensions>
          <gpxtpx:TrackPointExtension>
            <gpxtpx:hr>162</gpxtpx:hr>
            <gpxtpx:cad>85</gpxtpx:cad>
          </gpxtpx:TrackPointExtension>
        </extensions>
      </trkpt>
      <trkpt lat="29.6877028327" lon="106.52481406">
        <ele>363.6</ele>
        <time>2026-10-03T09:35:38+0800</time>
        <extensions>
          <gpxtpx:TrackPointExtension>
            <gpxtpx:hr>163</gpxtpx:hr>
            <gpxtpx:cad>86</gpxtpx:cad>
          </gpxtpx:TrackPointExtension>
        </extensions>
      </trkpt>
      <trkpt lat="29.6876992285" lon="106.524827639">
        <ele>363.6</ele>
        <time>2026-10-03T09:35:39+0800</time>
        <extensions>
          <gpxtpx:TrackPointExtension>
            <gpxtpx:hr>163</gpxtpx:hr>
            <gpxtpx:cad>86</gpxtpx:cad>
          </gpxtpx:TrackPointExtension>
        </extensions>
      </trkpt>
      <trkpt lat="29.6877007373" lon="106.52485488">
        <ele>363.6</ele>
        <time>2026-10-03T09:35:40+0800</time>
        <extensions>
          <gpxtpx:TrackPointExtension>
            <gpxtpx:hr>163</gpxtpx:hr>
            <gpxtpx:cad>86</gpxtpx:cad>
          </gpxtpx:TrackPointExtension>
        </extensions>
      </trkpt>
      <trkpt lat="29.6876980551" lon="106.524867285">
        <ele>363.6</ele>
        <time>2026-10-03T09:35:41+0800</time>
        <extensions>
          <gpxtpx:TrackPointExtension>
            <gpxtpx:hr>163</gpxtpx:hr>
            <gpxtpx:cad>85</gpxtpx:cad>
          </gpxtpx:TrackPointExtension>
        </extensions>
      </trkpt>
      <trkpt lat="29.6876979712" lon="106.524885725">
        <ele>363.6</ele>
        <time>2026-10-03T09:35:42+0800</time>
        <extensions>
          <gpxtpx:TrackPointExtension>
            <gpxtpx:hr>164</gpxtpx:hr>
            <gpxtpx:cad>85</gpxtpx:cad>
          </gpxtpx:TrackPointExtension>
        </extensions>
      </trkpt>
      <trkpt lat="29.6876957081" lon="106.524899052">
        <ele>363.6</ele>
        <time>2026-10-03T09:35:43+0800</time>
        <extensions>
          <gpxtpx:TrackPointExtension>
            <gpxtpx:hr>165</gpxtpx:hr>
            <gpxtpx:cad>85</gpxtpx:cad>
          </gpxtpx:TrackPointExtension>
        </extensions>
      </trkpt>
      <trkpt lat="29.6876973007" lon="106.524919085">
        <ele>363.6</ele>
        <time>2026-10-03T09:35:44+0800</time>
        <extensions>
          <gpxtpx:TrackPointExtension>
            <gpxtpx:hr>165</gpxtpx:hr>
            <gpxtpx:cad>85</gpxtpx:cad>
          </gpxtpx:TrackPointExtension>
        </extensions>
      </trkpt>
      <trkpt lat="29.6877002344" lon="106.524936017">
        <ele>363.8</ele>
        <time>2026-10-03T09:35:45+0800</time>
        <extensions>
          <gpxtpx:TrackPointExtension>
            <gpxtpx:hr>165</gpxtpx:hr>
            <gpxtpx:cad>86</gpxtpx:cad>
          </gpxtpx:TrackPointExtension>
        </extensions>
      </trkpt>
      <trkpt lat="29.6877005696" lon="106.524950014">
        <ele>363.6</ele>
        <time>2026-10-03T09:35:46+0800</time>
        <extensions>
          <gpxtpx:TrackPointExtension>
            <gpxtpx:hr>165</gpxtpx:hr>
            <gpxtpx:cad>86</gpxtpx:cad>
          </gpxtpx:TrackPointExtension>
        </extensions>
      </trkpt>
      <trkpt lat="29.6877071913" lon="106.524967449">
        <ele>363.6</ele>
        <time>2026-10-03T09:35:47+0800</time>
        <extensions>
          <gpxtpx:TrackPointExtension>
            <gpxtpx:hr>165</gpxtpx:hr>
            <gpxtpx:cad>86</gpxtpx:cad>
          </gpxtpx:TrackPointExtension>
        </extensions>
      </trkpt>
      <trkpt lat="29.6877035871" lon="106.524981363">
        <ele>363.6</ele>
        <time>2026-10-03T09:35:48+0800</time>
        <extensions>
          <gpxtpx:TrackPointExtension>
            <gpxtpx:hr>165</gpxtpx:hr>
            <gpxtpx:cad>86</gpxtpx:cad>
          </gpxtpx:TrackPointExtension>
        </extensions>
      </trkpt>
      <trkpt lat="29.6877072752" lon="106.524999887">
        <ele>363.8</ele>
        <time>2026-10-03T09:35:49+0800</time>
        <extensions>
          <gpxtpx:TrackPointExtension>
            <gpxtpx:hr>166</gpxtpx:hr>
            <gpxtpx:cad>86</gpxtpx:cad>
          </gpxtpx:TrackPointExtension>
        </extensions>
      </trkpt>
      <trkpt lat="29.6877072752" lon="106.525015226">
        <ele>363.6</ele>
        <time>2026-10-03T09:35:50+0800</time>
        <extensions>
          <gpxtpx:TrackPointExtension>
            <gpxtpx:hr>166</gpxtpx:hr>
            <gpxtpx:cad>86</gpxtpx:cad>
          </gpxtpx:TrackPointExtension>
        </extensions>
      </trkpt>
      <trkpt lat="29.6877081133" lon="106.525039868">
        <ele>363.8</ele>
        <time>2026-10-03T09:35:51+0800</time>
        <extensions>
          <gpxtpx:TrackPointExtension>
            <gpxtpx:hr>167</gpxtpx:hr>
            <gpxtpx:cad>86</gpxtpx:cad>
          </gpxtpx:TrackPointExtension>
        </extensions>
      </trkpt>
      <trkpt lat="29.6877051797" lon="106.525056716">
        <ele>363.6</ele>
        <time>2026-10-03T09:35:52+0800</time>
        <extensions>
          <gpxtpx:TrackPointExtension>
            <gpxtpx:hr>167</gpxtpx:hr>
            <gpxtpx:cad>86</gpxtpx:cad>
          </gpxtpx:TrackPointExtension>
        </extensions>
      </trkpt>
      <trkpt lat="29.6877096221" lon="106.52507524">
        <ele>363.6</ele>
        <time>2026-10-03T09:35:53+0800</time>
        <extensions>
          <gpxtpx:TrackPointExtension>
            <gpxtpx:hr>168</gpxtpx:hr>
            <gpxtpx:cad>87</gpxtpx:cad>
          </gpxtpx:TrackPointExtension>
        </extensions>
      </trkpt>
      <trkpt lat="29.6877117176" lon="106.525092088">
        <ele>363.6</ele>
        <time>2026-10-03T09:35:54+0800</time>
        <extensions>
          <gpxtpx:TrackPointExtension>
            <gpxtpx:hr>168</gpxtpx:hr>
            <gpxtpx:cad>87</gpxtpx:cad>
          </gpxtpx:TrackPointExtension>
        </extensions>
      </trkpt>
      <trkpt lat="29.6877156571" lon="106.525106924">
        <ele>363.6</ele>
        <time>2026-10-03T09:35:55+0800</time>
        <extensions>
          <gpxtpx:TrackPointExtension>
            <gpxtpx:hr>168</gpxtpx:hr>
            <gpxtpx:cad>87</gpxtpx:cad>
          </gpxtpx:TrackPointExtension>
        </extensions>
      </trkpt>
      <trkpt lat="29.6877244581" lon="106.525125951">
        <ele>363.6</ele>
        <time>2026-10-03T09:35:56+0800</time>
        <extensions>
          <gpxtpx:TrackPointExtension>
            <gpxtpx:hr>168</gpxtpx:hr>
            <gpxtpx:cad>88</gpxtpx:cad>
          </gpxtpx:TrackPointExtension>
        </extensions>
      </trkpt>
      <trkpt lat="29.6877256315" lon="106.525140535">
        <ele>363.8</ele>
        <time>2026-10-03T09:35:57+0800</time>
        <extensions>
          <gpxtpx:TrackPointExtension>
            <gpxtpx:hr>169</gpxtpx:hr>
            <gpxtpx:cad>88</gpxtpx:cad>
          </gpxtpx:TrackPointExtension>
        </extensions>
      </trkpt>
      <trkpt lat="29.6877285652" lon="106.525161657">
        <ele>363.8</ele>
        <time>2026-10-03T09:35:58+0800</time>
        <extensions>
          <gpxtpx:TrackPointExtension>
            <gpxtpx:hr>169</gpxtpx:hr>
            <gpxtpx:cad>88</gpxtpx:cad>
          </gpxtpx:TrackPointExtension>
        </extensions>
      </trkpt>
      <trkpt lat="29.6877273079" lon="106.525177499">
        <ele>363.8</ele>
        <time>2026-10-03T09:35:59+0800</time>
        <extensions>
          <gpxtpx:TrackPointExtension>
            <gpxtpx:hr>169</gpxtpx:hr>
            <gpxtpx:cad>86</gpxtpx:cad>
          </gpxtpx:TrackPointExtension>
        </extensions>
      </trkpt>
      <trkpt lat="29.6877326723" lon="106.525196442">
        <ele>363.8</ele>
        <time>2026-10-03T09:36:00+0800</time>
        <extensions>
          <gpxtpx:TrackPointExtension>
            <gpxtpx:hr>168</gpxtpx:hr>
            <gpxtpx:cad>86</gpxtpx:cad>
          </gpxtpx:TrackPointExtension>
        </extensions>
      </trkpt>
      <trkpt lat="29.6877321694" lon="106.525213122">
        <ele>363.8</ele>
        <time>2026-10-03T09:36:01+0800</time>
        <extensions>
          <gpxtpx:TrackPointExtension>
            <gpxtpx:hr>169</gpxtpx:hr>
            <gpxtpx:cad>86</gpxtpx:cad>
          </gpxtpx:TrackPointExtension>
        </extensions>
      </trkpt>
      <trkpt lat="29.6877367795" lon="106.52523349">
        <ele>363.8</ele>
        <time>2026-10-03T09:36:02+0800</time>
        <extensions>
          <gpxtpx:TrackPointExtension>
            <gpxtpx:hr>169</gpxtpx:hr>
            <gpxtpx:cad>86</gpxtpx:cad>
          </gpxtpx:TrackPointExtension>
        </extensions>
      </trkpt>
      <trkpt lat="29.6877403837" lon="106.525249584">
        <ele>363.8</ele>
        <time>2026-10-03T09:36:03+0800</time>
        <extensions>
          <gpxtpx:TrackPointExtension>
            <gpxtpx:hr>169</gpxtpx:hr>
            <gpxtpx:cad>87</gpxtpx:cad>
          </gpxtpx:TrackPointExtension>
        </extensions>
      </trkpt>
      <trkpt lat="29.6877444908" lon="106.525268778">
        <ele>363.8</ele>
        <time>2026-10-03T09:36:04+0800</time>
        <extensions>
          <gpxtpx:TrackPointExtension>
            <gpxtpx:hr>169</gpxtpx:hr>
            <gpxtpx:cad>87</gpxtpx:cad>
          </gpxtpx:TrackPointExtension>
        </extensions>
      </trkpt>
      <trkpt lat="29.6877511125" lon="106.525289398">
        <ele>364.0</ele>
        <time>2026-10-03T09:36:05+0800</time>
        <extensions>
          <gpxtpx:TrackPointExtension>
            <gpxtpx:hr>169</gpxtpx:hr>
            <gpxtpx:cad>87</gpxtpx:cad>
          </gpxtpx:TrackPointExtension>
        </extensions>
      </trkpt>
      <trkpt lat="29.6877515316" lon="106.525307419">
        <ele>364.2</ele>
        <time>2026-10-03T09:36:06+0800</time>
        <extensions>
          <gpxtpx:TrackPointExtension>
            <gpxtpx:hr>169</gpxtpx:hr>
            <gpxtpx:cad>87</gpxtpx:cad>
          </gpxtpx:TrackPointExtension>
        </extensions>
      </trkpt>
      <trkpt lat="29.6877573151" lon="106.525326362">
        <ele>364.2</ele>
        <time>2026-10-03T09:36:07+0800</time>
        <extensions>
          <gpxtpx:TrackPointExtension>
            <gpxtpx:hr>170</gpxtpx:hr>
            <gpxtpx:cad>88</gpxtpx:cad>
          </gpxtpx:TrackPointExtension>
        </extensions>
      </trkpt>
      <trkpt lat="29.68775874" lon="106.525344215">
        <ele>364.2</ele>
        <time>2026-10-03T09:36:08+0800</time>
        <extensions>
          <gpxtpx:TrackPointExtension>
            <gpxtpx:hr>169</gpxtpx:hr>
            <gpxtpx:cad>88</gpxtpx:cad>
          </gpxtpx:TrackPointExtension>
        </extensions>
      </trkpt>
      <trkpt lat="29.6877651941" lon="106.525365924">
        <ele>364.2</ele>
        <time>2026-10-03T09:36:09+0800</time>
        <extensions>
          <gpxtpx:TrackPointExtension>
            <gpxtpx:hr>170</gpxtpx:hr>
            <gpxtpx:cad>89</gpxtpx:cad>
          </gpxtpx:TrackPointExtension>
        </extensions>
      </trkpt>
      <trkpt lat="29.6877686307" lon="106.525377324">
        <ele>364.0</ele>
        <time>2026-10-03T09:36:10+0800</time>
        <extensions>
          <gpxtpx:TrackPointExtension>
            <gpxtpx:hr>170</gpxtpx:hr>
            <gpxtpx:cad>89</gpxtpx:cad>
          </gpxtpx:TrackPointExtension>
        </extensions>
      </trkpt>
      <trkpt lat="29.6877780184" lon="106.525395932">
        <ele>363.8</ele>
        <time>2026-10-03T09:36:11+0800</time>
        <extensions>
          <gpxtpx:TrackPointExtension>
            <gpxtpx:hr>170</gpxtpx:hr>
            <gpxtpx:cad>89</gpxtpx:cad>
          </gpxtpx:TrackPointExtension>
        </extensions>
      </trkpt>
      <trkpt lat="29.6877750847" lon="106.525403308">
        <ele>363.8</ele>
        <time>2026-10-03T09:36:12+0800</time>
        <extensions>
          <gpxtpx:TrackPointExtension>
            <gpxtpx:hr>170</gpxtpx:hr>
            <gpxtpx:cad>88</gpxtpx:cad>
          </gpxtpx:TrackPointExtension>
        </extensions>
      </trkpt>
      <trkpt lat="29.6877794433" lon="106.525426777">
        <ele>363.8</ele>
        <time>2026-10-03T09:36:13+0800</time>
        <extensions>
          <gpxtpx:TrackPointExtension>
            <gpxtpx:hr>170</gpxtpx:hr>
            <gpxtpx:cad>88</gpxtpx:cad>
          </gpxtpx:TrackPointExtension>
        </extensions>
      </trkpt>
      <trkpt lat="29.6877871547" lon="106.52544681">
        <ele>364.0</ele>
        <time>2026-10-03T09:36:14+0800</time>
        <extensions>
          <gpxtpx:TrackPointExtension>
            <gpxtpx:hr>170</gpxtpx:hr>
            <gpxtpx:cad>88</gpxtpx:cad>
          </gpxtpx:TrackPointExtension>
        </extensions>
      </trkpt>
      <trkpt lat="29.6877890825" lon="106.525460389">
        <ele>364.0</ele>
        <time>2026-10-03T09:36:15+0800</time>
        <extensions>
          <gpxtpx:TrackPointExtension>
            <gpxtpx:hr>170</gpxtpx:hr>
            <gpxtpx:cad>88</gpxtpx:cad>
          </gpxtpx:TrackPointExtension>
        </extensions>
      </trkpt>
      <trkpt lat="29.6877946984" lon="106.525479248">
        <ele>364.0</ele>
        <time>2026-10-03T09:36:16+0800</time>
        <extensions>
          <gpxtpx:TrackPointExtension>
            <gpxtpx:hr>170</gpxtpx:hr>
            <gpxtpx:cad>88</gpxtpx:cad>
          </gpxtpx:TrackPointExtension>
        </extensions>
      </trkpt>
      <trkpt lat="29.687799057" lon="106.525499867">
        <ele>364.0</ele>
        <time>2026-10-03T09:36:17+0800</time>
        <extensions>
          <gpxtpx:TrackPointExtension>
            <gpxtpx:hr>170</gpxtpx:hr>
            <gpxtpx:cad>88</gpxtpx:cad>
          </gpxtpx:TrackPointExtension>
        </extensions>
      </trkpt>
      <trkpt lat="29.6878009848" lon="106.525516631">
        <ele>364.0</ele>
        <time>2026-10-03T09:36:18+0800</time>
        <extensions>
          <gpxtpx:TrackPointExtension>
            <gpxtpx:hr>171</gpxtpx:hr>
            <gpxtpx:cad>88</gpxtpx:cad>
          </gpxtpx:TrackPointExtension>
        </extensions>
      </trkpt>
      <trkpt lat="29.6878064331" lon="106.52553306">
        <ele>364.0</ele>
        <time>2026-10-03T09:36:19+0800</time>
        <extensions>
          <gpxtpx:TrackPointExtension>
            <gpxtpx:hr>170</gpxtpx:hr>
            <gpxtpx:cad>88</gpxtpx:cad>
          </gpxtpx:TrackPointExtension>
        </extensions>
      </trkpt>
      <trkpt lat="29.6878109593" lon="106.525548818">
        <ele>364.0</ele>
        <time>2026-10-03T09:36:20+0800</time>
        <extensions>
          <gpxtpx:TrackPointExtension>
            <gpxtpx:hr>170</gpxtpx:hr>
            <gpxtpx:cad>88</gpxtpx:cad>
          </gpxtpx:TrackPointExtension>
        </extensions>
      </trkpt>
      <trkpt lat="29.687810624" lon="106.525564576">
        <ele>364.0</ele>
        <time>2026-10-03T09:36:21+0800</time>
        <extensions>
          <gpxtpx:TrackPointExtension>
            <gpxtpx:hr>170</gpxtpx:hr>
            <gpxtpx:cad>88</gpxtpx:cad>
          </gpxtpx:TrackPointExtension>
        </extensions>
      </trkpt>
      <trkpt lat="29.6878176648" lon="106.52558486">
        <ele>364.0</ele>
        <time>2026-10-03T09:36:22+0800</time>
        <extensions>
          <gpxtpx:TrackPointExtension>
            <gpxtpx:hr>170</gpxtpx:hr>
            <gpxtpx:cad>88</gpxtpx:cad>
          </gpxtpx:TrackPointExtension>
        </extensions>
      </trkpt>
      <trkpt lat="29.6878179163" lon="106.525600366">
        <ele>364.0</ele>
        <time>2026-10-03T09:36:23+0800</time>
        <extensions>
          <gpxtpx:TrackPointExtension>
            <gpxtpx:hr>170</gpxtpx:hr>
            <gpxtpx:cad>89</gpxtpx:cad>
          </gpxtpx:TrackPointExtension>
        </extensions>
      </trkpt>
      <trkpt lat="29.6878211014" lon="106.525620734">
        <ele>364.0</ele>
        <time>2026-10-03T09:36:24+0800</time>
        <extensions>
          <gpxtpx:TrackPointExtension>
            <gpxtpx:hr>170</gpxtpx:hr>
            <gpxtpx:cad>89</gpxtpx:cad>
          </gpxtpx:TrackPointExtension>
        </extensions>
      </trkpt>
      <trkpt lat="29.6878206823" lon="106.525633894">
        <ele>364.0</ele>
        <time>2026-10-03T09:36:25+0800</time>
        <extensions>
          <gpxtpx:TrackPointExtension>
            <gpxtpx:hr>170</gpxtpx:hr>
            <gpxtpx:cad>89</gpxtpx:cad>
          </gpxtpx:TrackPointExtension>
        </extensions>
      </trkpt>
      <trkpt lat="29.6878242027" lon="106.525651077">
        <ele>364.0</ele>
        <time>2026-10-03T09:36:26+0800</time>
        <extensions>
          <gpxtpx:TrackPointExtension>
            <gpxtpx:hr>170</gpxtpx:hr>
            <gpxtpx:cad>89</gpxtpx:cad>
          </gpxtpx:TrackPointExtension>
        </extensions>
      </trkpt>
      <trkpt lat="29.687822191" lon="106.525665578">
        <ele>364.0</ele>
        <time>2026-10-03T09:36:27+0800</time>
        <extensions>
          <gpxtpx:TrackPointExtension>
            <gpxtpx:hr>170</gpxtpx:hr>
            <gpxtpx:cad>87</gpxtpx:cad>
          </gpxtpx:TrackPointExtension>
        </extensions>
      </trkpt>
      <trkpt lat="29.6878262144" lon="106.525686784">
        <ele>364.0</ele>
        <time>2026-10-03T09:36:28+0800</time>
        <extensions>
          <gpxtpx:TrackPointExtension>
            <gpxtpx:hr>169</gpxtpx:hr>
            <gpxtpx:cad>87</gpxtpx:cad>
          </gpxtpx:TrackPointExtension>
        </extensions>
      </trkpt>
      <trkpt lat="29.6878252085" lon="106.525704805">
        <ele>364.0</ele>
        <time>2026-10-03T09:36:29+0800</time>
        <extensions>
          <gpxtpx:TrackPointExtension>
            <gpxtpx:hr>168</gpxtpx:hr>
            <gpxtpx:cad>87</gpxtpx:cad>
          </gpxtpx:TrackPointExtension>
        </extensions>
      </trkpt>
      <trkpt lat="29.6878288127" lon="106.525728861">
        <ele>364.0</ele>
        <time>2026-10-03T09:36:30+0800</time>
        <extensions>
          <gpxtpx:TrackPointExtension>
            <gpxtpx:hr>168</gpxtpx:hr>
            <gpxtpx:cad>88</gpxtpx:cad>
          </gpxtpx:TrackPointExtension>
        </extensions>
      </trkpt>
      <trkpt lat="29.6878306568" lon="106.525742859">
        <ele>364.0</ele>
        <time>2026-10-03T09:36:31+0800</time>
        <extensions>
          <gpxtpx:TrackPointExtension>
            <gpxtpx:hr>167</gpxtpx:hr>
            <gpxtpx:cad>87</gpxtpx:cad>
          </gpxtpx:TrackPointExtension>
        </extensions>
      </trkpt>
      <trkpt lat="29.6878350154" lon="106.525762388">
        <ele>364.0</ele>
        <time>2026-10-03T09:36:32+0800</time>
        <extensions>
          <gpxtpx:TrackPointExtension>
            <gpxtpx:hr>167</gpxtpx:hr>
            <gpxtpx:cad>87</gpxtpx:cad>
          </gpxtpx:TrackPointExtension>
        </extensions>
      </trkpt>
      <trkpt lat="29.6878363565" lon="106.525777811">
        <ele>364.2</ele>
        <time>2026-10-03T09:36:33+0800</time>
        <extensions>
          <gpxtpx:TrackPointExtension>
            <gpxtpx:hr>167</gpxtpx:hr>
            <gpxtpx:cad>87</gpxtpx:cad>
          </gpxtpx:TrackPointExtension>
        </extensions>
      </trkpt>
      <trkpt lat="29.6878355183" lon="106.525793066">
        <ele>364.2</ele>
        <time>2026-10-03T09:36:34+0800</time>
        <extensions>
          <gpxtpx:TrackPointExtension>
            <gpxtpx:hr>167</gpxtpx:hr>
            <gpxtpx:cad>87</gpxtpx:cad>
          </gpxtpx:TrackPointExtension>
        </extensions>
      </trkpt>
      <trkpt lat="29.6878331713" lon="106.525812345">
        <ele>364.4</ele>
        <time>2026-10-03T09:36:35+0800</time>
        <extensions>
          <gpxtpx:TrackPointExtension>
            <gpxtpx:hr>167</gpxtpx:hr>
            <gpxtpx:cad>87</gpxtpx:cad>
          </gpxtpx:TrackPointExtension>
        </extensions>
      </trkpt>
      <trkpt lat="29.6878347639" lon="106.525823576">
        <ele>364.4</ele>
        <time>2026-10-03T09:36:36+0800</time>
        <extensions>
          <gpxtpx:TrackPointExtension>
            <gpxtpx:hr>167</gpxtpx:hr>
            <gpxtpx:cad>87</gpxtpx:cad>
          </gpxtpx:TrackPointExtension>
        </extensions>
      </trkpt>
      <trkpt lat="29.6878366917" lon="106.525843944">
        <ele>364.4</ele>
        <time>2026-10-03T09:36:37+0800</time>
        <extensions>
          <gpxtpx:TrackPointExtension>
            <gpxtpx:hr>167</gpxtpx:hr>
            <gpxtpx:cad>87</gpxtpx:cad>
          </gpxtpx:TrackPointExtension>
        </extensions>
      </trkpt>
      <trkpt lat="29.6878369432" lon="106.525856433">
        <ele>364.2</ele>
        <time>2026-10-03T09:36:38+0800</time>
        <extensions>
          <gpxtpx:TrackPointExtension>
            <gpxtpx:hr>167</gpxtpx:hr>
            <gpxtpx:cad>87</gpxtpx:cad>
          </gpxtpx:TrackPointExtension>
        </extensions>
      </trkpt>
      <trkpt lat="29.6878407989" lon="106.525875712">
        <ele>364.2</ele>
        <time>2026-10-03T09:36:39+0800</time>
        <extensions>
          <gpxtpx:TrackPointExtension>
            <gpxtpx:hr>167</gpxtpx:hr>
            <gpxtpx:cad>87</gpxtpx:cad>
          </gpxtpx:TrackPointExtension>
        </extensions>
      </trkpt>
      <trkpt lat="29.6878387872" lon="106.525889877">
        <ele>364.2</ele>
        <time>2026-10-03T09:36:40+0800</time>
        <extensions>
          <gpxtpx:TrackPointExtension>
            <gpxtpx:hr>167</gpxtpx:hr>
            <gpxtpx:cad>87</gpxtpx:cad>
          </gpxtpx:TrackPointExtension>
        </extensions>
      </trkpt>
      <trkpt lat="29.6878437325" lon="106.525909994">
        <ele>364.2</ele>
        <time>2026-10-03T09:36:41+0800</time>
        <extensions>
          <gpxtpx:TrackPointExtension>
            <gpxtpx:hr>168</gpxtpx:hr>
            <gpxtpx:cad>87</gpxtpx:cad>
          </gpxtpx:TrackPointExtension>
        </extensions>
      </trkpt>
      <trkpt lat="29.6878398769" lon="106.525926758">
        <ele>364.2</ele>
        <time>2026-10-03T09:36:42+0800</time>
        <extensions>
          <gpxtpx:TrackPointExtension>
            <gpxtpx:hr>168</gpxtpx:hr>
            <gpxtpx:cad>88</gpxtpx:cad>
          </gpxtpx:TrackPointExtension>
        </extensions>
      </trkpt>
      <trkpt lat="29.6878431458" lon="106.525947126">
        <ele>364.2</ele>
        <time>2026-10-03T09:36:43+0800</time>
        <extensions>
          <gpxtpx:TrackPointExtension>
            <gpxtpx:hr>168</gpxtpx:hr>
            <gpxtpx:cad>90</gpxtpx:cad>
          </gpxtpx:TrackPointExtension>
        </extensions>
      </trkpt>
      <trkpt lat="29.6878418047" lon="106.525963973">
        <ele>364.2</ele>
        <time>2026-10-03T09:36:44+0800</time>
        <extensions>
          <gpxtpx:TrackPointExtension>
            <gpxtpx:hr>168</gpxtpx:hr>
            <gpxtpx:cad>90</gpxtpx:cad>
          </gpxtpx:TrackPointExtension>
        </extensions>
      </trkpt>
      <trkpt lat="29.6878392063" lon="106.525988868">
        <ele>364.2</ele>
        <time>2026-10-03T09:36:45+0800</time>
        <extensions>
          <gpxtpx:TrackPointExtension>
            <gpxtpx:hr>167</gpxtpx:hr>
            <gpxtpx:cad>90</gpxtpx:cad>
          </gpxtpx:TrackPointExtension>
        </extensions>
      </trkpt>
      <trkpt lat="29.6878366917" lon="106.526003033">
        <ele>364.2</ele>
        <time>2026-10-03T09:36:46+0800</time>
        <extensions>
          <gpxtpx:TrackPointExtension>
            <gpxtpx:hr>168</gpxtpx:hr>
            <gpxtpx:cad>90</gpxtpx:cad>
          </gpxtpx:TrackPointExtension>
        </extensions>
      </trkpt>
      <trkpt lat="29.6878392901" lon="106.526021641">
        <ele>364.2</ele>
        <time>2026-10-03T09:36:47+0800</time>
        <extensions>
          <gpxtpx:TrackPointExtension>
            <gpxtpx:hr>168</gpxtpx:hr>
            <gpxtpx:cad>90</gpxtpx:cad>
          </gpxtpx:TrackPointExtension>
        </extensions>
      </trkpt>
      <trkpt lat="29.6878382005" lon="106.526039075">
        <ele>364.2</ele>
        <time>2026-10-03T09:36:48+0800</time>
        <extensions>
          <gpxtpx:TrackPointExtension>
            <gpxtpx:hr>168</gpxtpx:hr>
            <gpxtpx:cad>89</gpxtpx:cad>
          </gpxtpx:TrackPointExtension>
        </extensions>
      </trkpt>
      <trkpt lat="29.6878376137" lon="106.526059527">
        <ele>364.2</ele>
        <time>2026-10-03T09:36:49+0800</time>
        <extensions>
          <gpxtpx:TrackPointExtension>
            <gpxtpx:hr>169</gpxtpx:hr>
            <gpxtpx:cad>88</gpxtpx:cad>
          </gpxtpx:TrackPointExtension>
        </extensions>
      </trkpt>
      <trkpt lat="29.6878363565" lon="106.526077129">
        <ele>364.2</ele>
        <time>2026-10-03T09:36:50+0800</time>
        <extensions>
          <gpxtpx:TrackPointExtension>
            <gpxtpx:hr>170</gpxtpx:hr>
            <gpxtpx:cad>88</gpxtpx:cad>
          </gpxtpx:TrackPointExtension>
        </extensions>
      </trkpt>
      <trkpt lat="29.6878392901" lon="106.526099844">
        <ele>364.0</ele>
        <time>2026-10-03T09:36:51+0800</time>
        <extensions>
          <gpxtpx:TrackPointExtension>
            <gpxtpx:hr>170</gpxtpx:hr>
            <gpxtpx:cad>88</gpxtpx:cad>
          </gpxtpx:TrackPointExtension>
        </extensions>
      </trkpt>
      <trkpt lat="29.6878372785" lon="106.526117027">
        <ele>364.0</ele>
        <time>2026-10-03T09:36:52+0800</time>
        <extensions>
          <gpxtpx:TrackPointExtension>
            <gpxtpx:hr>169</gpxtpx:hr>
            <gpxtpx:cad>89</gpxtpx:cad>
          </gpxtpx:TrackPointExtension>
        </extensions>
      </trkpt>
      <trkpt lat="29.6878434811" lon="106.526134377">
        <ele>364.0</ele>
        <time>2026-10-03T09:36:53+0800</time>
        <extensions>
          <gpxtpx:TrackPointExtension>
            <gpxtpx:hr>169</gpxtpx:hr>
            <gpxtpx:cad>90</gpxtpx:cad>
          </gpxtpx:TrackPointExtension>
        </extensions>
      </trkpt>
      <trkpt lat="29.687854629" lon="106.526149381">
        <ele>364.2</ele>
        <time>2026-10-03T09:36:54+0800</time>
        <extensions>
          <gpxtpx:TrackPointExtension>
            <gpxtpx:hr>168</gpxtpx:hr>
            <gpxtpx:cad>90</gpxtpx:cad>
          </gpxtpx:TrackPointExtension>
        </extensions>
      </trkpt>
      <trkpt lat="29.6878755838" lon="106.526165558">
        <ele>364.2</ele>
        <time>2026-10-03T09:36:55+0800</time>
        <extensions>
          <gpxtpx:TrackPointExtension>
            <gpxtpx:hr>168</gpxtpx:hr>
            <gpxtpx:cad>90</gpxtpx:cad>
          </gpxtpx:TrackPointExtension>
        </extensions>
      </trkpt>
      <trkpt lat="29.6878885757" lon="106.526171761">
        <ele>364.4</ele>
        <time>2026-10-03T09:36:56+0800</time>
        <extensions>
          <gpxtpx:TrackPointExtension>
            <gpxtpx:hr>167</gpxtpx:hr>
            <gpxtpx:cad>91</gpxtpx:cad>
          </gpxtpx:TrackPointExtension>
        </extensions>
      </trkpt>
      <trkpt lat="29.6878998913" lon="106.526180394">
        <ele>364.4</ele>
        <time>2026-10-03T09:36:57+0800</time>
        <extensions>
          <gpxtpx:TrackPointExtension>
            <gpxtpx:hr>167</gpxtpx:hr>
            <gpxtpx:cad>91</gpxtpx:cad>
          </gpxtpx:TrackPointExtension>
        </extensions>
      </trkpt>
      <trkpt lat="29.6878990531" lon="106.526180143">
        <ele>364.6</ele>
        <time>2026-10-03T09:36:58+0800</time>
        <extensions>
          <gpxtpx:TrackPointExtension>
            <gpxtpx:hr>167</gpxtpx:hr>
            <gpxtpx:cad>91</gpxtpx:cad>
          </gpxtpx:TrackPointExtension>
        </extensions>
      </trkpt>
      <trkpt lat="29.6879019868" lon="106.526189027">
        <ele>364.8</ele>
        <time>2026-10-03T09:36:59+0800</time>
        <extensions>
          <gpxtpx:TrackPointExtension>
            <gpxtpx:hr>167</gpxtpx:hr>
            <gpxtpx:cad>91</gpxtpx:cad>
          </gpxtpx:TrackPointExtension>
        </extensions>
      </trkpt>
      <trkpt lat="29.6879019868" lon="106.526205875">
        <ele>364.6</ele>
        <time>2026-10-03T09:37:00+0800</time>
        <extensions>
          <gpxtpx:TrackPointExtension>
            <gpxtpx:hr>168</gpxtpx:hr>
            <gpxtpx:cad>91</gpxtpx:cad>
          </gpxtpx:TrackPointExtension>
        </extensions>
      </trkpt>
      <trkpt lat="29.6879103687" lon="106.526224818">
        <ele>364.6</ele>
        <time>2026-10-03T09:37:01+0800</time>
        <extensions>
          <gpxtpx:TrackPointExtension>
            <gpxtpx:hr>168</gpxtpx:hr>
            <gpxtpx:cad>0</gpxtpx:cad>
          </gpxtpx:TrackPointExtension>
        </extensions>
      </trkpt>
      <trkpt lat="29.6879087761" lon="106.526236301">
        <ele>364.4</ele>
        <time>2026-10-03T09:37:02+0800</time>
        <extensions>
          <gpxtpx:TrackPointExtension>
            <gpxtpx:hr>169</gpxtpx:hr>
            <gpxtpx:cad>0</gpxtpx:cad>
          </gpxtpx:TrackPointExtension>
        </extensions>
      </trkpt>
      <trkpt lat="29.6879034955" lon="106.526258178">
        <ele>364.4</ele>
        <time>2026-10-03T09:37:03+0800</time>
        <extensions>
          <gpxtpx:TrackPointExtension>
            <gpxtpx:hr>169</gpxtpx:hr>
            <gpxtpx:cad>0</gpxtpx:cad>
          </gpxtpx:TrackPointExtension>
        </extensions>
      </trkpt>
      <trkpt lat="29.6878943592" lon="106.526268991">
        <ele>364.4</ele>
        <time>2026-10-03T09:37:04+0800</time>
        <extensions>
          <gpxtpx:TrackPointExtension>
            <gpxtpx:hr>169</gpxtpx:hr>
            <gpxtpx:cad>0</gpxtpx:cad>
          </gpxtpx:TrackPointExtension>
        </extensions>
      </trkpt>
      <trkpt lat="29.687886145" lon="106.526286677">
        <ele>364.4</ele>
        <time>2026-10-03T09:37:05+0800</time>
        <extensions>
          <gpxtpx:TrackPointExtension>
            <gpxtpx:hr>169</gpxtpx:hr>
            <gpxtpx:cad>0</gpxtpx:cad>
          </gpxtpx:TrackPointExtension>
        </extensions>
      </trkpt>
      <trkpt lat="29.6878779307" lon="106.526290029">
        <ele>364.6</ele>
        <time>2026-10-03T09:37:06+0800</time>
        <extensions>
          <gpxtpx:TrackPointExtension>
            <gpxtpx:hr>170</gpxtpx:hr>
            <gpxtpx:cad>0</gpxtpx:cad>
          </gpxtpx:TrackPointExtension>
        </extensions>
      </trkpt>
      <trkpt lat="29.6878675371" lon="106.526295813">
        <ele>364.8</ele>
        <time>2026-10-03T09:37:07+0800</time>
        <extensions>
          <gpxtpx:TrackPointExtension>
            <gpxtpx:hr>169</gpxtpx:hr>
            <gpxtpx:cad>89</gpxtpx:cad>
          </gpxtpx:TrackPointExtension>
        </extensions>
      </trkpt>
      <trkpt lat="29.6878565568" lon="106.526313582">
        <ele>364.8</ele>
        <time>2026-10-03T09:37:08+0800</time>
        <extensions>
          <gpxtpx:TrackPointExtension>
            <gpxtpx:hr>170</gpxtpx:hr>
            <gpxtpx:cad>89</gpxtpx:cad>
          </gpxtpx:TrackPointExtension>
        </extensions>
      </trkpt>
      <trkpt lat="29.6878520306" lon="106.526308805">
        <ele>364.8</ele>
        <time>2026-10-03T09:37:09+0800</time>
        <extensions>
          <gpxtpx:TrackPointExtension>
            <gpxtpx:hr>170</gpxtpx:hr>
            <gpxtpx:cad>89</gpxtpx:cad>
          </gpxtpx:TrackPointExtension>
        </extensions>
      </trkpt>
      <trkpt lat="29.6878289804" lon="106.526310146">
        <ele>364.6</ele>
        <time>2026-10-03T09:37:10+0800</time>
        <extensions>
          <gpxtpx:TrackPointExtension>
            <gpxtpx:hr>170</gpxtpx:hr>
            <gpxtpx:cad>0</gpxtpx:cad>
          </gpxtpx:TrackPointExtension>
        </extensions>
      </trkpt>
      <trkpt lat="29.68781339" lon="106.526322216">
        <ele>364.4</ele>
        <time>2026-10-03T09:37:11+0800</time>
        <extensions>
          <gpxtpx:TrackPointExtension>
            <gpxtpx:hr>170</gpxtpx:hr>
            <gpxtpx:cad>0</gpxtpx:cad>
          </gpxtpx:TrackPointExtension>
        </extensions>
      </trkpt>
      <trkpt lat="29.6878107917" lon="106.526348116">
        <ele>364.2</ele>
        <time>2026-10-03T09:37:12+0800</time>
        <extensions>
          <gpxtpx:TrackPointExtension>
            <gpxtpx:hr>170</gpxtpx:hr>
            <gpxtpx:cad>0</gpxtpx:cad>
          </gpxtpx:TrackPointExtension>
        </extensions>
      </trkpt>
      <trkpt lat="29.6878048405" lon="106.526364125">
        <ele>364.2</ele>
        <time>2026-10-03T09:37:13+0800</time>
        <extensions>
          <gpxtpx:TrackPointExtension>
            <gpxtpx:hr>170</gpxtpx:hr>
            <gpxtpx:cad>0</gpxtpx:cad>
          </gpxtpx:TrackPointExtension>
        </extensions>
      </trkpt>
      <trkpt lat="29.687806936" lon="106.526382063">
        <ele>364.2</ele>
        <time>2026-10-03T09:37:14+0800</time>
        <extensions>
          <gpxtpx:TrackPointExtension>
            <gpxtpx:hr>171</gpxtpx:hr>
            <gpxtpx:cad>0</gpxtpx:cad>
          </gpxtpx:TrackPointExtension>
        </extensions>
      </trkpt>
      <trkpt lat="29.6877988894" lon="106.526390025">
        <ele>364.4</ele>
        <time>2026-10-03T09:37:15+0800</time>
        <extensions>
          <gpxtpx:TrackPointExtension>
            <gpxtpx:hr>172</gpxtpx:hr>
            <gpxtpx:cad>0</gpxtpx:cad>
          </gpxtpx:TrackPointExtension>
        </extensions>
      </trkpt>
      <trkpt lat="29.6877979673" lon="106.52641098">
        <ele>364.6</ele>
        <time>2026-10-03T09:37:16+0800</time>
        <extensions>
          <gpxtpx:TrackPointExtension>
            <gpxtpx:hr>172</gpxtpx:hr>
            <gpxtpx:cad>0</gpxtpx:cad>
          </gpxtpx:TrackPointExtension>
        </extensions>
      </trkpt>
      <trkpt lat="29.6878023259" lon="106.526428247">
        <ele>364.6</ele>
        <time>2026-10-03T09:37:17+0800</time>
        <extensions>
          <gpxtpx:TrackPointExtension>
            <gpxtpx:hr>172</gpxtpx:hr>
            <gpxtpx:cad>0</gpxtpx:cad>
          </gpxtpx:TrackPointExtension>
        </extensions>
      </trkpt>
      <trkpt lat="29.6878180001" lon="106.526425565">
        <ele>364.6</ele>
        <time>2026-10-03T09:37:18+0800</time>
        <extensions>
          <gpxtpx:TrackPointExtension>
            <gpxtpx:hr>171</gpxtpx:hr>
            <gpxtpx:cad>90</gpxtpx:cad>
          </gpxtpx:TrackPointExtension>
        </extensions>
      </trkpt>
      <trkpt lat="29.6878286451" lon="106.526431013">
        <ele>364.6</ele>
        <time>2026-10-03T09:37:19+0800</time>
        <extensions>
          <gpxtpx:TrackPointExtension>
            <gpxtpx:hr>172</gpxtpx:hr>
            <gpxtpx:cad>90</gpxtpx:cad>
          </gpxtpx:TrackPointExtension>
        </extensions>
      </trkpt>
      <trkpt lat="29.6878472529" lon="106.526426068">
        <ele>364.4</ele>
        <time>2026-10-03T09:37:20+0800</time>
        <extensions>
          <gpxtpx:TrackPointExtension>
            <gpxtpx:hr>172</gpxtpx:hr>
            <gpxtpx:cad>89</gpxtpx:cad>
          </gpxtpx:TrackPointExtension>
        </extensions>
      </trkpt>
      <trkpt lat="29.6878598258" lon="106.526426906">
        <ele>364.4</ele>
        <time>2026-10-03T09:37:21+0800</time>
        <extensions>
          <gpxtpx:TrackPointExtension>
            <gpxtpx:hr>172</gpxtpx:hr>
            <gpxtpx:cad>89</gpxtpx:cad>
          </gpxtpx:TrackPointExtension>
        </extensions>
      </trkpt>
      <trkpt lat="29.687881032" lon="106.526416261">
        <ele>364.4</ele>
        <time>2026-10-03T09:37:22+0800</time>
        <extensions>
          <gpxtpx:TrackPointExtension>
            <gpxtpx:hr>171</gpxtpx:hr>
            <gpxtpx:cad>89</gpxtpx:cad>
          </gpxtpx:TrackPointExtension>
        </extensions>
      </trkpt>
      <trkpt lat="29.687892599" lon="106.52641031">
        <ele>364.6</ele>
        <time>2026-10-03T09:37:23+0800</time>
        <extensions>
          <gpxtpx:TrackPointExtension>
            <gpxtpx:hr>171</gpxtpx:hr>
            <gpxtpx:cad>89</gpxtpx:cad>
          </gpxtpx:TrackPointExtension>
        </extensions>
      </trkpt>
      <trkpt lat="29.6879041661" lon="106.526397821">
        <ele>364.6</ele>
        <time>2026-10-03T09:37:24+0800</time>
        <extensions>
          <gpxtpx:TrackPointExtension>
            <gpxtpx:hr>171</gpxtpx:hr>
            <gpxtpx:cad>89</gpxtpx:cad>
          </gpxtpx:TrackPointExtension>
        </extensions>
      </trkpt>
      <trkpt lat="29.6879182477" lon="106.526387092">
        <ele>364.6</ele>
        <time>2026-10-03T09:37:25+0800</time>
        <extensions>
          <gpxtpx:TrackPointExtension>
            <gpxtpx:hr>171</gpxtpx:hr>
            <gpxtpx:cad>90</gpxtpx:cad>
          </gpxtpx:TrackPointExtension>
        </extensions>
      </trkpt>
      <trkpt lat="29.6879326645" lon="106.526370915">
        <ele>364.8</ele>
        <time>2026-10-03T09:37:26+0800</time>
        <extensions>
          <gpxtpx:TrackPointExtension>
            <gpxtpx:hr>172</gpxtpx:hr>
            <gpxtpx:cad>90</gpxtpx:cad>
          </gpxtpx:TrackPointExtension>
        </extensions>
      </trkpt>
      <trkpt lat="29.6879465785" lon="106.526362617">
        <ele>364.8</ele>
        <time>2026-10-03T09:37:27+0800</time>
        <extensions>
          <gpxtpx:TrackPointExtension>
            <gpxtpx:hr>172</gpxtpx:hr>
            <gpxtpx:cad>90</gpxtpx:cad>
          </gpxtpx:TrackPointExtension>
        </extensions>
      </trkpt>
      <trkpt lat="29.6879637614" lon="106.526345015">
        <ele>364.8</ele>
        <time>2026-10-03T09:37:28+0800</time>
        <extensions>
          <gpxtpx:TrackPointExtension>
            <gpxtpx:hr>172</gpxtpx:hr>
            <gpxtpx:cad>90</gpxtpx:cad>
          </gpxtpx:TrackPointExtension>
        </extensions>
      </trkpt>
      <trkpt lat="29.6879757475" lon="106.526339147">
        <ele>364.8</ele>
        <time>2026-10-03T09:37:29+0800</time>
        <extensions>
          <gpxtpx:TrackPointExtension>
            <gpxtpx:hr>172</gpxtpx:hr>
            <gpxtpx:cad>93</gpxtpx:cad>
          </gpxtpx:TrackPointExtension>
        </extensions>
      </trkpt>
      <trkpt lat="29.6879956126" lon="106.526321797">
        <ele>364.8</ele>
        <time>2026-10-03T09:37:30+0800</time>
        <extensions>
          <gpxtpx:TrackPointExtension>
            <gpxtpx:hr>173</gpxtpx:hr>
            <gpxtpx:cad>93</gpxtpx:cad>
          </gpxtpx:TrackPointExtension>
        </extensions>
      </trkpt>
      <trkpt lat="29.6880057547" lon="106.526323054">
        <ele>365.0</ele>
        <time>2026-10-03T09:37:31+0800</time>
        <extensions>
          <gpxtpx:TrackPointExtension>
            <gpxtpx:hr>173</gpxtpx:hr>
            <gpxtpx:cad>93</gpxtpx:cad>
          </gpxtpx:TrackPointExtension>
        </extensions>
      </trkpt>
      <trkpt lat="29.6880257037" lon="106.526318192">
        <ele>365.0</ele>
        <time>2026-10-03T09:37:32+0800</time>
        <extensions>
          <gpxtpx:TrackPointExtension>
            <gpxtpx:hr>173</gpxtpx:hr>
            <gpxtpx:cad>92</gpxtpx:cad>
          </gpxtpx:TrackPointExtension>
        </extensions>
      </trkpt>
      <trkpt lat="29.6880331635" lon="106.526318863">
        <ele>365.0</ele>
        <time>2026-10-03T09:37:33+0800</time>
        <extensions>
          <gpxtpx:TrackPointExtension>
            <gpxtpx:hr>173</gpxtpx:hr>
            <gpxtpx:cad>92</gpxtpx:cad>
          </gpxtpx:TrackPointExtension>
        </extensions>
      </trkpt>
      <trkpt lat="29.6880312357" lon="106.52633219">
        <ele>365.0</ele>
        <time>2026-10-03T09:37:34+0800</time>
        <extensions>
          <gpxtpx:TrackPointExtension>
            <gpxtpx:hr>174</gpxtpx:hr>
            <gpxtpx:cad>92</gpxtpx:cad>
          </gpxtpx:TrackPointExtension>
        </extensions>
      </trkpt>
      <trkpt lat="29.6880454011" lon="106.526350714">
        <ele>364.8</ele>
        <time>2026-10-03T09:37:35+0800</time>
        <extensions>
          <gpxtpx:TrackPointExtension>
            <gpxtpx:hr>174</gpxtpx:hr>
            <gpxtpx:cad>92</gpxtpx:cad>
          </gpxtpx:TrackPointExtension>
        </extensions>
      </trkpt>
      <trkpt lat="29.6880557947" lon="106.526361443">
        <ele>364.6</ele>
        <time>2026-10-03T09:37:36+0800</time>
        <extensions>
          <gpxtpx:TrackPointExtension>
            <gpxtpx:hr>174</gpxtpx:hr>
            <gpxtpx:cad>92</gpxtpx:cad>
          </gpxtpx:TrackPointExtension>
        </extensions>
      </trkpt>
      <trkpt lat="29.6880731452" lon="106.526373597">
        <ele>364.6</ele>
        <time>2026-10-03T09:37:37+0800</time>
        <extensions>
          <gpxtpx:TrackPointExtension>
            <gpxtpx:hr>174</gpxtpx:hr>
            <gpxtpx:cad>92</gpxtpx:cad>
          </gpxtpx:TrackPointExtension>
        </extensions>
      </trkpt>
      <trkpt lat="29.6880816948" lon="106.526383907">
        <ele>364.6</ele>
        <time>2026-10-03T09:37:38+0800</time>
        <extensions>
          <gpxtpx:TrackPointExtension>
            <gpxtpx:hr>174</gpxtpx:hr>
            <gpxtpx:cad>92</gpxtpx:cad>
          </gpxtpx:TrackPointExtension>
        </extensions>
      </trkpt>
      <trkpt lat="29.6880868077" lon="106.52639539">
        <ele>364.4</ele>
        <time>2026-10-03T09:37:39+0800</time>
        <extensions>
          <gpxtpx:TrackPointExtension>
            <gpxtpx:hr>175</gpxtpx:hr>
            <gpxtpx:cad>92</gpxtpx:cad>
          </gpxtpx:TrackPointExtension>
        </extensions>
      </trkpt>
      <trkpt lat="29.6880853828" lon="106.52641031">
        <ele>364.6</ele>
        <time>2026-10-03T09:37:40+0800</time>
        <extensions>
          <gpxtpx:TrackPointExtension>
            <gpxtpx:hr>175</gpxtpx:hr>
            <gpxtpx:cad>92</gpxtpx:cad>
          </gpxtpx:TrackPointExtension>
        </extensions>
      </trkpt>
      <trkpt lat="29.688075576" lon="106.526409555">
        <ele>364.6</ele>
        <time>2026-10-03T09:37:41+0800</time>
        <extensions>
          <gpxtpx:TrackPointExtension>
            <gpxtpx:hr>175</gpxtpx:hr>
            <gpxtpx:cad>92</gpxtpx:cad>
          </gpxtpx:TrackPointExtension>
        </extensions>
      </trkpt>
      <trkpt lat="29.6880734805" lon="106.526424643">
        <ele>364.8</ele>
        <time>2026-10-03T09:37:42+0800</time>
        <extensions>
          <gpxtpx:TrackPointExtension>
            <gpxtpx:hr>175</gpxtpx:hr>
            <gpxtpx:cad>92</gpxtpx:cad>
          </gpxtpx:TrackPointExtension>
        </extensions>
      </trkpt>
      <trkpt lat="29.6880718041" lon="106.526438221">
        <ele>364.8</ele>
        <time>2026-10-03T09:37:43+0800</time>
        <extensions>
          <gpxtpx:TrackPointExtension>
            <gpxtpx:hr>175</gpxtpx:hr>
            <gpxtpx:cad>92</gpxtpx:cad>
          </gpxtpx:TrackPointExtension>
        </extensions>
      </trkpt>
      <trkpt lat="29.688064931" lon="106.526445849">
        <ele>364.8</ele>
        <time>2026-10-03T09:37:44+0800</time>
        <extensions>
          <gpxtpx:TrackPointExtension>
            <gpxtpx:hr>174</gpxtpx:hr>
            <gpxtpx:cad>92</gpxtpx:cad>
          </gpxtpx:TrackPointExtension>
        </extensions>
      </trkpt>
      <trkpt lat="29.6880594827" lon="106.526467055">
        <ele>364.8</ele>
        <time>2026-10-03T09:37:45+0800</time>
        <extensions>
          <gpxtpx:TrackPointExtension>
            <gpxtpx:hr>174</gpxtpx:hr>
            <gpxtpx:cad>92</gpxtpx:cad>
          </gpxtpx:TrackPointExtension>
        </extensions>
      </trkpt>
      <trkpt lat="29.6880518552" lon="106.526482394">
        <ele>364.6</ele>
        <time>2026-10-03T09:37:46+0800</time>
        <extensions>
          <gpxtpx:TrackPointExtension>
            <gpxtpx:hr>174</gpxtpx:hr>
            <gpxtpx:cad>92</gpxtpx:cad>
          </gpxtpx:TrackPointExtension>
        </extensions>
      </trkpt>
      <trkpt lat="29.6880451497" lon="106.526486082">
        <ele>364.6</ele>
        <time>2026-10-03T09:37:47+0800</time>
        <extensions>
          <gpxtpx:TrackPointExtension>
            <gpxtpx:hr>173</gpxtpx:hr>
            <gpxtpx:cad>92</gpxtpx:cad>
          </gpxtpx:TrackPointExtension>
        </extensions>
      </trkpt>
      <trkpt lat="29.688037606" lon="106.526482562">
        <ele>364.8</ele>
        <time>2026-10-03T09:37:48+0800</time>
        <extensions>
          <gpxtpx:TrackPointExtension>
            <gpxtpx:hr>172</gpxtpx:hr>
            <gpxtpx:cad>92</gpxtpx:cad>
          </gpxtpx:TrackPointExtension>
        </extensions>
      </trkpt>
      <trkpt lat="29.6880307328" lon="106.52648625">
        <ele>364.8</ele>
        <time>2026-10-03T09:37:49+0800</time>
        <extensions>
          <gpxtpx:TrackPointExtension>
            <gpxtpx:hr>172</gpxtpx:hr>
            <gpxtpx:cad>92</gpxtpx:cad>
          </gpxtpx:TrackPointExtension>
        </extensions>
      </trkpt>
      <trkpt lat="29.6880257037" lon="106.526505612">
        <ele>364.8</ele>
        <time>2026-10-03T09:37:50+0800</time>
        <extensions>
          <gpxtpx:TrackPointExtension>
            <gpxtpx:hr>172</gpxtpx:hr>
            <gpxtpx:cad>92</gpxtpx:cad>
          </gpxtpx:TrackPointExtension>
        </extensions>
      </trkpt>
      <trkpt lat="29.6880128793" lon="106.526526147">
        <ele>364.8</ele>
        <time>2026-10-03T09:37:51+0800</time>
        <extensions>
          <gpxtpx:TrackPointExtension>
            <gpxtpx:hr>171</gpxtpx:hr>
            <gpxtpx:cad>92</gpxtpx:cad>
          </gpxtpx:TrackPointExtension>
        </extensions>
      </trkpt>
      <trkpt lat="29.6879964508" lon="106.526555652">
        <ele>364.6</ele>
        <time>2026-10-03T09:37:52+0800</time>
        <extensions>
          <gpxtpx:TrackPointExtension>
            <gpxtpx:hr>171</gpxtpx:hr>
            <gpxtpx:cad>92</gpxtpx:cad>
          </gpxtpx:TrackPointExtension>
        </extensions>
      </trkpt>
      <trkpt lat="29.6879836265" lon="106.526569566">
        <ele>364.4</ele>
        <time>2026-10-03T09:37:53+0800</time>
        <extensions>
          <gpxtpx:TrackPointExtension>
            <gpxtpx:hr>170</gpxtpx:hr>
            <gpxtpx:cad>92</gpxtpx:cad>
          </gpxtpx:TrackPointExtension>
        </extensions>
      </trkpt>
      <trkpt lat="29.6879696287" lon="106.526594795">
        <ele>364.4</ele>
        <time>2026-10-03T09:37:54+0800</time>
        <extensions>
          <gpxtpx:TrackPointExtension>
            <gpxtpx:hr>170</gpxtpx:hr>
            <gpxtpx:cad>92</gpxtpx:cad>
          </gpxtpx:TrackPointExtension>
        </extensions>
      </trkpt>
      <trkpt lat="29.6879575588" lon="106.526612984">
        <ele>364.4</ele>
        <time>2026-10-03T09:37:55+0800</time>
        <extensions>
          <gpxtpx:TrackPointExtension>
            <gpxtpx:hr>170</gpxtpx:hr>
            <gpxtpx:cad>92</gpxtpx:cad>
          </gpxtpx:TrackPointExtension>
        </extensions>
      </trkpt>
      <trkpt lat="29.687956553" lon="106.526639471">
        <ele>364.4</ele>
        <time>2026-10-03T09:37:56+0800</time>
        <extensions>
          <gpxtpx:TrackPointExtension>
            <gpxtpx:hr>169</gpxtpx:hr>
            <gpxtpx:cad>92</gpxtpx:cad>
          </gpxtpx:TrackPointExtension>
        </extensions>
      </trkpt>
      <trkpt lat="29.6879516914" lon="106.526655396">
        <ele>364.4</ele>
        <time>2026-10-03T09:37:57+0800</time>
        <extensions>
          <gpxtpx:TrackPointExtension>
            <gpxtpx:hr>169</gpxtpx:hr>
            <gpxtpx:cad>92</gpxtpx:cad>
          </gpxtpx:TrackPointExtension>
        </extensions>
      </trkpt>
      <trkpt lat="29.6879492607" lon="106.52667325">
        <ele>364.4</ele>
        <time>2026-10-03T09:37:58+0800</time>
        <extensions>
          <gpxtpx:TrackPointExtension>
            <gpxtpx:hr>168</gpxtpx:hr>
            <gpxtpx:cad>92</gpxtpx:cad>
          </gpxtpx:TrackPointExtension>
        </extensions>
      </trkpt>
      <trkpt lat="29.6879403759" lon="106.526689008">
        <ele>364.4</ele>
        <time>2026-10-03T09:37:59+0800</time>
        <extensions>
          <gpxtpx:TrackPointExtension>
            <gpxtpx:hr>168</gpxtpx:hr>
            <gpxtpx:cad>92</gpxtpx:cad>
          </gpxtpx:TrackPointExtension>
        </extensions>
      </trkpt>
      <trkpt lat="29.6879252885" lon="106.526708202">
        <ele>364.4</ele>
        <time>2026-10-03T09:38:00+0800</time>
        <extensions>
          <gpxtpx:TrackPointExtension>
            <gpxtpx:hr>168</gpxtpx:hr>
            <gpxtpx:cad>92</gpxtpx:cad>
          </gpxtpx:TrackPointExtension>
        </extensions>
      </trkpt>
      <trkpt lat="29.6879170742" lon="106.526720859">
        <ele>364.4</ele>
        <time>2026-10-03T09:38:01+0800</time>
        <extensions>
          <gpxtpx:TrackPointExtension>
            <gpxtpx:hr>168</gpxtpx:hr>
            <gpxtpx:cad>92</gpxtpx:cad>
          </gpxtpx:TrackPointExtension>
        </extensions>
      </trkpt>
      <trkpt lat="29.687921349" lon="106.526735611">
        <ele>364.4</ele>
        <time>2026-10-03T09:38:02+0800</time>
        <extensions>
          <gpxtpx:TrackPointExtension>
            <gpxtpx:hr>168</gpxtpx:hr>
            <gpxtpx:cad>91</gpxtpx:cad>
          </gpxtpx:TrackPointExtension>
        </extensions>
      </trkpt>
      <trkpt lat="29.6879239473" lon="106.526742401">
        <ele>364.4</ele>
        <time>2026-10-03T09:38:03+0800</time>
        <extensions>
          <gpxtpx:TrackPointExtension>
            <gpxtpx:hr>168</gpxtpx:hr>
            <gpxtpx:cad>91</gpxtpx:cad>
          </gpxtpx:TrackPointExtension>
        </extensions>
      </trkpt>
      <trkpt lat="29.6879151464" lon="106.526767295">
        <ele>364.4</ele>
        <time>2026-10-03T09:38:04+0800</time>
        <extensions>
          <gpxtpx:TrackPointExtension>
            <gpxtpx:hr>169</gpxtpx:hr>
            <gpxtpx:cad>91</gpxtpx:cad>
          </gpxtpx:TrackPointExtension>
        </extensions>
      </trkpt>
      <trkpt lat="29.6879017353" lon="106.526783807">
        <ele>364.6</ele>
        <time>2026-10-03T09:38:05+0800</time>
        <extensions>
          <gpxtpx:TrackPointExtension>
            <gpxtpx:hr>168</gpxtpx:hr>
            <gpxtpx:cad>91</gpxtpx:cad>
          </gpxtpx:TrackPointExtension>
        </extensions>
      </trkpt>
      <trkpt lat="29.6878879052" lon="106.526813563">
        <ele>364.6</ele>
        <time>2026-10-03T09:38:06+0800</time>
        <extensions>
          <gpxtpx:TrackPointExtension>
            <gpxtpx:hr>168</gpxtpx:hr>
            <gpxtpx:cad>91</gpxtpx:cad>
          </gpxtpx:TrackPointExtension>
        </extensions>
      </trkpt>
      <trkpt lat="29.6878780145" lon="106.526828567">
        <ele>364.6</ele>
        <time>2026-10-03T09:38:07+0800</time>
        <extensions>
          <gpxtpx:TrackPointExtension>
            <gpxtpx:hr>168</gpxtpx:hr>
            <gpxtpx:cad>91</gpxtpx:cad>
          </gpxtpx:TrackPointExtension>
        </extensions>
      </trkpt>
      <trkpt lat="29.6878673695" lon="106.52683435">
        <ele>364.6</ele>
        <time>2026-10-03T09:38:08+0800</time>
        <extensions>
          <gpxtpx:TrackPointExtension>
            <gpxtpx:hr>169</gpxtpx:hr>
            <gpxtpx:cad>81</gpxtpx:cad>
          </gpxtpx:TrackPointExtension>
        </extensions>
      </trkpt>
      <trkpt lat="29.6878512762" lon="106.526848683">
        <ele>364.4</ele>
        <time>2026-10-03T09:38:09+0800</time>
        <extensions>
          <gpxtpx:TrackPointExtension>
            <gpxtpx:hr>169</gpxtpx:hr>
            <gpxtpx:cad>81</gpxtpx:cad>
          </gpxtpx:TrackPointExtension>
        </extensions>
      </trkpt>
      <trkpt lat="29.6878330875" lon="106.526869722">
        <ele>364.4</ele>
        <time>2026-10-03T09:38:10+0800</time>
        <extensions>
          <gpxtpx:TrackPointExtension>
            <gpxtpx:hr>169</gpxtpx:hr>
            <gpxtpx:cad>81</gpxtpx:cad>
          </gpxtpx:TrackPointExtension>
        </extensions>
      </trkpt>
      <trkpt lat="29.6878217719" lon="106.52688087">
        <ele>364.2</ele>
        <time>2026-10-03T09:38:11+0800</time>
        <extensions>
          <gpxtpx:TrackPointExtension>
            <gpxtpx:hr>170</gpxtpx:hr>
            <gpxtpx:cad>81</gpxtpx:cad>
          </gpxtpx:TrackPointExtension>
        </extensions>
      </trkpt>
      <trkpt lat="29.6878114622" lon="106.526902411">
        <ele>364.2</ele>
        <time>2026-10-03T09:38:12+0800</time>
        <extensions>
          <gpxtpx:TrackPointExtension>
            <gpxtpx:hr>170</gpxtpx:hr>
            <gpxtpx:cad>81</gpxtpx:cad>
          </gpxtpx:TrackPointExtension>
        </extensions>
      </trkpt>
      <trkpt lat="29.6878063492" lon="106.526913559">
        <ele>364.2</ele>
        <time>2026-10-03T09:38:13+0800</time>
        <extensions>
          <gpxtpx:TrackPointExtension>
            <gpxtpx:hr>170</gpxtpx:hr>
            <gpxtpx:cad>81</gpxtpx:cad>
          </gpxtpx:TrackPointExtension>
        </extensions>
      </trkpt>
      <trkpt lat="29.6877998114" lon="106.526935268">
        <ele>364.4</ele>
        <time>2026-10-03T09:38:14+0800</time>
        <extensions>
          <gpxtpx:TrackPointExtension>
            <gpxtpx:hr>170</gpxtpx:hr>
            <gpxtpx:cad>81</gpxtpx:cad>
          </gpxtpx:TrackPointExtension>
        </extensions>
      </trkpt>
      <trkpt lat="29.6877969615" lon="106.526947338">
        <ele>364.4</ele>
        <time>2026-10-03T09:38:15+0800</time>
        <extensions>
          <gpxtpx:TrackPointExtension>
            <gpxtpx:hr>169</gpxtpx:hr>
            <gpxtpx:cad>81</gpxtpx:cad>
          </gpxtpx:TrackPointExtension>
        </extensions>
      </trkpt>
      <trkpt lat="29.6877982188" lon="106.526968209">
        <ele>364.4</ele>
        <time>2026-10-03T09:38:16+0800</time>
        <extensions>
          <gpxtpx:TrackPointExtension>
            <gpxtpx:hr>168</gpxtpx:hr>
            <gpxtpx:cad>93</gpxtpx:cad>
          </gpxtpx:TrackPointExtension>
        </extensions>
      </trkpt>
      <trkpt lat="29.6877951175" lon="106.526980866">
        <ele>364.4</ele>
        <time>2026-10-03T09:38:17+0800</time>
        <extensions>
          <gpxtpx:TrackPointExtension>
            <gpxtpx:hr>167</gpxtpx:hr>
            <gpxtpx:cad>93</gpxtpx:cad>
          </gpxtpx:TrackPointExtension>
        </extensions>
      </trkpt>
      <trkpt lat="29.6877964586" lon="106.526999557">
        <ele>364.4</ele>
        <time>2026-10-03T09:38:18+0800</time>
        <extensions>
          <gpxtpx:TrackPointExtension>
            <gpxtpx:hr>167</gpxtpx:hr>
            <gpxtpx:cad>92</gpxtpx:cad>
          </gpxtpx:TrackPointExtension>
        </extensions>
      </trkpt>
      <trkpt lat="29.6877905075" lon="106.527009029">
        <ele>364.4</ele>
        <time>2026-10-03T09:38:19+0800</time>
        <extensions>
          <gpxtpx:TrackPointExtension>
            <gpxtpx:hr>165</gpxtpx:hr>
            <gpxtpx:cad>90</gpxtpx:cad>
          </gpxtpx:TrackPointExtension>
        </extensions>
      </trkpt>
      <trkpt lat="29.6877858974" lon="106.52702814">
        <ele>364.6</ele>
        <time>2026-10-03T09:38:20+0800</time>
        <extensions>
          <gpxtpx:TrackPointExtension>
            <gpxtpx:hr>165</gpxtpx:hr>
            <gpxtpx:cad>90</gpxtpx:cad>
          </gpxtpx:TrackPointExtension>
        </extensions>
      </trkpt>
      <trkpt lat="29.687786065" lon="106.527040629">
        <ele>364.6</ele>
        <time>2026-10-03T09:38:21+0800</time>
        <extensions>
          <gpxtpx:TrackPointExtension>
            <gpxtpx:hr>165</gpxtpx:hr>
            <gpxtpx:cad>90</gpxtpx:cad>
          </gpxtpx:TrackPointExtension>
        </extensions>
      </trkpt>
      <trkpt lat="29.6877857298" lon="106.527062086">
        <ele>364.6</ele>
        <time>2026-10-03T09:38:22+0800</time>
        <extensions>
          <gpxtpx:TrackPointExtension>
            <gpxtpx:hr>165</gpxtpx:hr>
            <gpxtpx:cad>90</gpxtpx:cad>
          </gpxtpx:TrackPointExtension>
        </extensions>
      </trkpt>
      <trkpt lat="29.6877815388" lon="106.527077761">
        <ele>364.4</ele>
        <time>2026-10-03T09:38:23+0800</time>
        <extensions>
          <gpxtpx:TrackPointExtension>
            <gpxtpx:hr>164</gpxtpx:hr>
            <gpxtpx:cad>91</gpxtpx:cad>
          </gpxtpx:TrackPointExtension>
        </extensions>
      </trkpt>
      <trkpt lat="29.6877791081" lon="106.527098129">
        <ele>364.4</ele>
        <time>2026-10-03T09:38:24+0800</time>
        <extensions>
          <gpxtpx:TrackPointExtension>
            <gpxtpx:hr>164</gpxtpx:hr>
            <gpxtpx:cad>91</gpxtpx:cad>
          </gpxtpx:TrackPointExtension>
        </extensions>
      </trkpt>
      <trkpt lat="29.687781455" lon="106.527110618">
        <ele>364.4</ele>
        <time>2026-10-03T09:38:25+0800</time>
        <extensions>
          <gpxtpx:TrackPointExtension>
            <gpxtpx:hr>164</gpxtpx:hr>
            <gpxtpx:cad>92</gpxtpx:cad>
          </gpxtpx:TrackPointExtension>
        </extensions>
      </trkpt>
      <trkpt lat="29.6877917647" lon="106.527126459">
        <ele>364.4</ele>
        <time>2026-10-03T09:38:26+0800</time>
        <extensions>
          <gpxtpx:TrackPointExtension>
            <gpxtpx:hr>164</gpxtpx:hr>
            <gpxtpx:cad>92</gpxtpx:cad>
          </gpxtpx:TrackPointExtension>
        </extensions>
      </trkpt>
      <trkpt lat="29.6877908427" lon="106.527138865">
        <ele>364.4</ele>
        <time>2026-10-03T09:38:27+0800</time>
        <extensions>
          <gpxtpx:TrackPointExtension>
            <gpxtpx:hr>164</gpxtpx:hr>
            <gpxtpx:cad>91</gpxtpx:cad>
          </gpxtpx:TrackPointExtension>
        </extensions>
      </trkpt>
      <trkpt lat="29.6877982188" lon="106.527156215">
        <ele>364.6</ele>
        <time>2026-10-03T09:38:28+0800</time>
        <extensions>
          <gpxtpx:TrackPointExtension>
            <gpxtpx:hr>163</gpxtpx:hr>
            <gpxtpx:cad>91</gpxtpx:cad>
          </gpxtpx:TrackPointExtension>
        </extensions>
      </trkpt>
      <trkpt lat="29.687804589" lon="106.527171806">
        <ele>364.4</ele>
        <time>2026-10-03T09:38:29+0800</time>
        <extensions>
          <gpxtpx:TrackPointExtension>
            <gpxtpx:hr>163</gpxtpx:hr>
            <gpxtpx:cad>91</gpxtpx:cad>
          </gpxtpx:TrackPointExtension>
        </extensions>
      </trkpt>
      <trkpt lat="29.6878190059" lon="106.527184546">
        <ele>364.4</ele>
        <time>2026-10-03T09:38:30+0800</time>
        <extensions>
          <gpxtpx:TrackPointExtension>
            <gpxtpx:hr>163</gpxtpx:hr>
            <gpxtpx:cad>90</gpxtpx:cad>
          </gpxtpx:TrackPointExtension>
        </extensions>
      </trkpt>
      <trkpt lat="29.687822694" lon="106.527197789">
        <ele>364.4</ele>
        <time>2026-10-03T09:38:31+0800</time>
        <extensions>
          <gpxtpx:TrackPointExtension>
            <gpxtpx:hr>163</gpxtpx:hr>
            <gpxtpx:cad>90</gpxtpx:cad>
          </gpxtpx:TrackPointExtension>
        </extensions>
      </trkpt>
      <trkpt lat="29.6878353506" lon="106.527206423">
        <ele>364.4</ele>
        <time>2026-10-03T09:38:32+0800</time>
        <extensions>
          <gpxtpx:TrackPointExtension>
            <gpxtpx:hr>162</gpxtpx:hr>
            <gpxtpx:cad>90</gpxtpx:cad>
          </gpxtpx:TrackPointExtension>
        </extensions>
      </trkpt>
      <trkpt lat="29.6878495999" lon="106.527214972">
        <ele>364.4</ele>
        <time>2026-10-03T09:38:33+0800</time>
        <extensions>
          <gpxtpx:TrackPointExtension>
            <gpxtpx:hr>162</gpxtpx:hr>
            <gpxtpx:cad>90</gpxtpx:cad>
          </gpxtpx:TrackPointExtension>
        </extensions>
      </trkpt>
      <trkpt lat="29.6878631786" lon="106.527222935">
        <ele>364.4</ele>
        <time>2026-10-03T09:38:34+0800</time>
        <extensions>
          <gpxtpx:TrackPointExtension>
            <gpxtpx:hr>162</gpxtpx:hr>
            <gpxtpx:cad>90</gpxtpx:cad>
          </gpxtpx:TrackPointExtension>
        </extensions>
      </trkpt>
      <trkpt lat="29.6878775116" lon="106.527234334">
        <ele>364.4</ele>
        <time>2026-10-03T09:38:35+0800</time>
        <extensions>
          <gpxtpx:TrackPointExtension>
            <gpxtpx:hr>162</gpxtpx:hr>
            <gpxtpx:cad>90</gpxtpx:cad>
          </gpxtpx:TrackPointExtension>
        </extensions>
      </trkpt>
      <trkpt lat="29.6878867317" lon="106.527245063">
        <ele>364.2</ele>
        <time>2026-10-03T09:38:36+0800</time>
        <extensions>
          <gpxtpx:TrackPointExtension>
            <gpxtpx:hr>161</gpxtpx:hr>
            <gpxtpx:cad>91</gpxtpx:cad>
          </gpxtpx:TrackPointExtension>
        </extensions>
      </trkpt>
      <trkpt lat="29.6879014838" lon="106.527258223">
        <ele>364.2</ele>
        <time>2026-10-03T09:38:37+0800</time>
        <extensions>
          <gpxtpx:TrackPointExtension>
            <gpxtpx:hr>161</gpxtpx:hr>
            <gpxtpx:cad>94</gpxtpx:cad>
          </gpxtpx:TrackPointExtension>
        </extensions>
      </trkpt>
      <trkpt lat="29.6879148949" lon="106.527266437">
        <ele>364.2</ele>
        <time>2026-10-03T09:38:38+0800</time>
        <extensions>
          <gpxtpx:TrackPointExtension>
            <gpxtpx:hr>161</gpxtpx:hr>
            <gpxtpx:cad>94</gpxtpx:cad>
          </gpxtpx:TrackPointExtension>
        </extensions>
      </trkpt>
      <trkpt lat="29.6879299823" lon="106.527272556">
        <ele>364.4</ele>
        <time>2026-10-03T09:38:39+0800</time>
        <extensions>
          <gpxtpx:TrackPointExtension>
            <gpxtpx:hr>161</gpxtpx:hr>
            <gpxtpx:cad>93</gpxtpx:cad>
          </gpxtpx:TrackPointExtension>
        </extensions>
      </trkpt>
      <trkpt lat="29.6879485063" lon="106.52727901">
        <ele>364.4</ele>
        <time>2026-10-03T09:38:40+0800</time>
        <extensions>
          <gpxtpx:TrackPointExtension>
            <gpxtpx:hr>161</gpxtpx:hr>
            <gpxtpx:cad>91</gpxtpx:cad>
          </gpxtpx:TrackPointExtension>
        </extensions>
      </trkpt>
      <trkpt lat="29.6879643481" lon="106.527281692">
        <ele>364.4</ele>
        <time>2026-10-03T09:38:41+0800</time>
        <extensions>
          <gpxtpx:TrackPointExtension>
            <gpxtpx:hr>161</gpxtpx:hr>
            <gpxtpx:cad>90</gpxtpx:cad>
          </gpxtpx:TrackPointExtension>
        </extensions>
      </trkpt>
      <trkpt lat="29.6879805252" lon="106.527284123">
        <ele>364.4</ele>
        <time>2026-10-03T09:38:42+0800</time>
        <extensions>
          <gpxtpx:TrackPointExtension>
            <gpxtpx:hr>162</gpxtpx:hr>
            <gpxtpx:cad>89</gpxtpx:cad>
          </gpxtpx:TrackPointExtension>
        </extensions>
      </trkpt>
      <trkpt lat="29.6879981272" lon="106.527278339">
        <ele>364.4</ele>
        <time>2026-10-03T09:38:43+0800</time>
        <extensions>
          <gpxtpx:TrackPointExtension>
            <gpxtpx:hr>161</gpxtpx:hr>
            <gpxtpx:cad>89</gpxtpx:cad>
          </gpxtpx:TrackPointExtension>
        </extensions>
      </trkpt>
      <trkpt lat="29.6880159806" lon="106.52727792">
        <ele>364.6</ele>
        <time>2026-10-03T09:38:44+0800</time>
        <extensions>
          <gpxtpx:TrackPointExtension>
            <gpxtpx:hr>162</gpxtpx:hr>
            <gpxtpx:cad>89</gpxtpx:cad>
          </gpxtpx:TrackPointExtension>
        </extensions>
      </trkpt>
      <trkpt lat="29.6880345047" lon="106.527268114">
        <ele>364.6</ele>
        <time>2026-10-03T09:38:45+0800</time>
        <extensions>
          <gpxtpx:TrackPointExtension>
            <gpxtpx:hr>161</gpxtpx:hr>
            <gpxtpx:cad>90</gpxtpx:cad>
          </gpxtpx:TrackPointExtension>
        </extensions>
      </trkpt>
      <trkpt lat="29.6880496759" lon="106.527259229">
        <ele>364.4</ele>
        <time>2026-10-03T09:38:46+0800</time>
        <extensions>
          <gpxtpx:TrackPointExtension>
            <gpxtpx:hr>161</gpxtpx:hr>
            <gpxtpx:cad>90</gpxtpx:cad>
          </gpxtpx:TrackPointExtension>
        </extensions>
      </trkpt>
      <trkpt lat="29.6880575549" lon="106.527243471">
        <ele>364.4</ele>
        <time>2026-10-03T09:38:47+0800</time>
        <extensions>
          <gpxtpx:TrackPointExtension>
            <gpxtpx:hr>162</gpxtpx:hr>
            <gpxtpx:cad>90</gpxtpx:cad>
          </gpxtpx:TrackPointExtension>
        </extensions>
      </trkpt>
      <trkpt lat="29.6880681161" lon="106.527220672">
        <ele>364.4</ele>
        <time>2026-10-03T09:38:48+0800</time>
        <extensions>
          <gpxtpx:TrackPointExtension>
            <gpxtpx:hr>162</gpxtpx:hr>
            <gpxtpx:cad>89</gpxtpx:cad>
          </gpxtpx:TrackPointExtension>
        </extensions>
      </trkpt>
      <trkpt lat="29.6880832873" lon="106.527208099">
        <ele>364.4</ele>
        <time>2026-10-03T09:38:49+0800</time>
        <extensions>
          <gpxtpx:TrackPointExtension>
            <gpxtpx:hr>162</gpxtpx:hr>
            <gpxtpx:cad>89</gpxtpx:cad>
          </gpxtpx:TrackPointExtension>
        </extensions>
      </trkpt>
      <trkpt lat="29.6880945191" lon="106.527194185">
        <ele>364.6</ele>
        <time>2026-10-03T09:38:50+0800</time>
        <extensions>
          <gpxtpx:TrackPointExtension>
            <gpxtpx:hr>162</gpxtpx:hr>
            <gpxtpx:cad>89</gpxtpx:cad>
          </gpxtpx:TrackPointExtension>
        </extensions>
      </trkpt>
      <trkpt lat="29.6881070919" lon="106.52717784">
        <ele>364.6</ele>
        <time>2026-10-03T09:38:51+0800</time>
        <extensions>
          <gpxtpx:TrackPointExtension>
            <gpxtpx:hr>162</gpxtpx:hr>
            <gpxtpx:cad>89</gpxtpx:cad>
          </gpxtpx:TrackPointExtension>
        </extensions>
      </trkpt>
      <trkpt lat="29.6881167311" lon="106.527164513">
        <ele>364.6</ele>
        <time>2026-10-03T09:38:52+0800</time>
        <extensions>
          <gpxtpx:TrackPointExtension>
            <gpxtpx:hr>162</gpxtpx:hr>
            <gpxtpx:cad>85</gpxtpx:cad>
          </gpxtpx:TrackPointExtension>
        </extensions>
      </trkpt>
      <trkpt lat="29.68812746" lon="106.527148169">
        <ele>364.6</ele>
        <time>2026-10-03T09:38:53+0800</time>
        <extensions>
          <gpxtpx:TrackPointExtension>
            <gpxtpx:hr>163</gpxtpx:hr>
            <gpxtpx:cad>83</gpxtpx:cad>
          </gpxtpx:TrackPointExtension>
        </extensions>
      </trkpt>
      <trkpt lat="29.6881386917" lon="106.527138948">
        <ele>364.6</ele>
        <time>2026-10-03T09:38:54+0800</time>
        <extensions>
          <gpxtpx:TrackPointExtension>
            <gpxtpx:hr>163</gpxtpx:hr>
            <gpxtpx:cad>83</gpxtpx:cad>
          </gpxtpx:TrackPointExtension>
        </extensions>
      </trkpt>
      <trkpt lat="29.6881443914" lon="106.527122436">
        <ele>364.6</ele>
        <time>2026-10-03T09:38:55+0800</time>
        <extensions>
          <gpxtpx:TrackPointExtension>
            <gpxtpx:hr>163</gpxtpx:hr>
            <gpxtpx:cad>87</gpxtpx:cad>
          </gpxtpx:TrackPointExtension>
        </extensions>
      </trkpt>
      <trkpt lat="29.6881526057" lon="106.527108019">
        <ele>364.6</ele>
        <time>2026-10-03T09:38:56+0800</time>
        <extensions>
          <gpxtpx:TrackPointExtension>
            <gpxtpx:hr>163</gpxtpx:hr>
            <gpxtpx:cad>87</gpxtpx:cad>
          </gpxtpx:TrackPointExtension>
        </extensions>
      </trkpt>
      <trkpt lat="29.6881601494" lon="106.527089914">
        <ele>364.8</ele>
        <time>2026-10-03T09:38:57+0800</time>
        <extensions>
          <gpxtpx:TrackPointExtension>
            <gpxtpx:hr>163</gpxtpx:hr>
            <gpxtpx:cad>88</gpxtpx:cad>
          </gpxtpx:TrackPointExtension>
        </extensions>
      </trkpt>
      <trkpt lat="29.6881712135" lon="106.527076755">
        <ele>365.0</ele>
        <time>2026-10-03T09:38:58+0800</time>
        <extensions>
          <gpxtpx:TrackPointExtension>
            <gpxtpx:hr>163</gpxtpx:hr>
            <gpxtpx:cad>89</gpxtpx:cad>
          </gpxtpx:TrackPointExtension>
        </extensions>
      </trkpt>
      <trkpt lat="29.688180685" lon="106.527062757">
        <ele>365.0</ele>
        <time>2026-10-03T09:38:59+0800</time>
        <extensions>
          <gpxtpx:TrackPointExtension>
            <gpxtpx:hr>163</gpxtpx:hr>
            <gpxtpx:cad>89</gpxtpx:cad>
          </gpxtpx:TrackPointExtension>
        </extensions>
      </trkpt>
      <trkpt lat="29.6881858818" lon="106.52704658">
        <ele>365.2</ele>
        <time>2026-10-03T09:39:00+0800</time>
        <extensions>
          <gpxtpx:TrackPointExtension>
            <gpxtpx:hr>163</gpxtpx:hr>
            <gpxtpx:cad>89</gpxtpx:cad>
          </gpxtpx:TrackPointExtension>
        </extensions>
      </trkpt>
      <trkpt lat="29.6881937608" lon="106.527034175">
        <ele>365.2</ele>
        <time>2026-10-03T09:39:01+0800</time>
        <extensions>
          <gpxtpx:TrackPointExtension>
            <gpxtpx:hr>164</gpxtpx:hr>
            <gpxtpx:cad>89</gpxtpx:cad>
          </gpxtpx:TrackPointExtension>
        </extensions>
      </trkpt>
      <trkpt lat="29.688199712" lon="106.527022608">
        <ele>365.2</ele>
        <time>2026-10-03T09:39:02+0800</time>
        <extensions>
          <gpxtpx:TrackPointExtension>
            <gpxtpx:hr>163</gpxtpx:hr>
            <gpxtpx:cad>89</gpxtpx:cad>
          </gpxtpx:TrackPointExtension>
        </extensions>
      </trkpt>
      <trkpt lat="29.6882102732" lon="106.527008442">
        <ele>365.0</ele>
        <time>2026-10-03T09:39:03+0800</time>
        <extensions>
          <gpxtpx:TrackPointExtension>
            <gpxtpx:hr>162</gpxtpx:hr>
            <gpxtpx:cad>91</gpxtpx:cad>
          </gpxtpx:TrackPointExtension>
        </extensions>
      </trkpt>
      <trkpt lat="29.6882212535" lon="106.526994361">
        <ele>364.8</ele>
        <time>2026-10-03T09:39:04+0800</time>
        <extensions>
          <gpxtpx:TrackPointExtension>
            <gpxtpx:hr>159</gpxtpx:hr>
            <gpxtpx:cad>91</gpxtpx:cad>
          </gpxtpx:TrackPointExtension>
        </extensions>
      </trkpt>
      <trkpt lat="29.688231647" lon="106.526980028">
        <ele>364.8</ele>
        <time>2026-10-03T09:39:05+0800</time>
        <extensions>
          <gpxtpx:TrackPointExtension>
            <gpxtpx:hr>158</gpxtpx:hr>
            <gpxtpx:cad>91</gpxtpx:cad>
          </gpxtpx:TrackPointExtension>
        </extensions>
      </trkpt>
      <trkpt lat="29.6882422082" lon="106.526964772">
        <ele>364.6</ele>
        <time>2026-10-03T09:39:06+0800</time>
        <extensions>
          <gpxtpx:TrackPointExtension>
            <gpxtpx:hr>158</gpxtpx:hr>
            <gpxtpx:cad>91</gpxtpx:cad>
          </gpxtpx:TrackPointExtension>
        </extensions>
      </trkpt>
      <trkpt lat="29.6882526856" lon="106.526949937">
        <ele>364.8</ele>
        <time>2026-10-03T09:39:07+0800</time>
        <extensions>
          <gpxtpx:TrackPointExtension>
            <gpxtpx:hr>158</gpxtpx:hr>
            <gpxtpx:cad>91</gpxtpx:cad>
          </gpxtpx:TrackPointExtension>
        </extensions>
      </trkpt>
      <trkpt lat="29.6882644203" lon="106.526929904">
        <ele>364.8</ele>
        <time>2026-10-03T09:39:08+0800</time>
        <extensions>
          <gpxtpx:TrackPointExtension>
            <gpxtpx:hr>159</gpxtpx:hr>
            <gpxtpx:cad>91</gpxtpx:cad>
          </gpxtpx:TrackPointExtension>
        </extensions>
      </trkpt>
      <trkpt lat="29.688275652" lon="106.526914816">
        <ele>364.8</ele>
        <time>2026-10-03T09:39:09+0800</time>
        <extensions>
          <gpxtpx:TrackPointExtension>
            <gpxtpx:hr>159</gpxtpx:hr>
            <gpxtpx:cad>92</gpxtpx:cad>
          </gpxtpx:TrackPointExtension>
        </extensions>
      </trkpt>
      <trkpt lat="29.6882887278" lon="106.526896041">
        <ele>364.8</ele>
        <time>2026-10-03T09:39:10+0800</time>
        <extensions>
          <gpxtpx:TrackPointExtension>
            <gpxtpx:hr>159</gpxtpx:hr>
            <gpxtpx:cad>93</gpxtpx:cad>
          </gpxtpx:TrackPointExtension>
        </extensions>
      </trkpt>
      <trkpt lat="29.6882945951" lon="106.526878104">
        <ele>364.8</ele>
        <time>2026-10-03T09:39:11+0800</time>
        <extensions>
          <gpxtpx:TrackPointExtension>
            <gpxtpx:hr>159</gpxtpx:hr>
            <gpxtpx:cad>93</gpxtpx:cad>
          </gpxtpx:TrackPointExtension>
        </extensions>
      </trkpt>
      <trkpt lat="29.6882920805" lon="106.526860083">
        <ele>364.8</ele>
        <time>2026-10-03T09:39:12+0800</time>
        <extensions>
          <gpxtpx:TrackPointExtension>
            <gpxtpx:hr>159</gpxtpx:hr>
            <gpxtpx:cad>93</gpxtpx:cad>
          </gpxtpx:TrackPointExtension>
        </extensions>
      </trkpt>
      <trkpt lat="29.6882873029" lon="106.526838876">
        <ele>364.8</ele>
        <time>2026-10-03T09:39:13+0800</time>
        <extensions>
          <gpxtpx:TrackPointExtension>
            <gpxtpx:hr>160</gpxtpx:hr>
            <gpxtpx:cad>93</gpxtpx:cad>
          </gpxtpx:TrackPointExtension>
        </extensions>
      </trkpt>
      <trkpt lat="29.6882930864" lon="106.526819682">
        <ele>364.6</ele>
        <time>2026-10-03T09:39:14+0800</time>
        <extensions>
          <gpxtpx:TrackPointExtension>
            <gpxtpx:hr>161</gpxtpx:hr>
            <gpxtpx:cad>94</gpxtpx:cad>
          </gpxtpx:TrackPointExtension>
        </extensions>
      </trkpt>
      <trkpt lat="29.6883014683" lon="106.526799565">
        <ele>364.8</ele>
        <time>2026-10-03T09:39:15+0800</time>
        <extensions>
          <gpxtpx:TrackPointExtension>
            <gpxtpx:hr>161</gpxtpx:hr>
            <gpxtpx:cad>94</gpxtpx:cad>
          </gpxtpx:TrackPointExtension>
        </extensions>
      </trkpt>
      <trkpt lat="29.6883202437" lon="106.526799817">
        <ele>364.8</ele>
        <time>2026-10-03T09:39:16+0800</time>
        <extensions>
          <gpxtpx:TrackPointExtension>
            <gpxtpx:hr>161</gpxtpx:hr>
            <gpxtpx:cad>94</gpxtpx:cad>
          </gpxtpx:TrackPointExtension>
        </extensions>
      </trkpt>
      <trkpt lat="29.6883399412" lon="106.526808199">
        <ele>364.8</ele>
        <time>2026-10-03T09:39:17+0800</time>
        <extensions>
          <gpxtpx:TrackPointExtension>
            <gpxtpx:hr>162</gpxtpx:hr>
            <gpxtpx:cad>91</gpxtpx:cad>
          </gpxtpx:TrackPointExtension>
        </extensions>
      </trkpt>
      <trkpt lat="29.6883453056" lon="106.526825298">
        <ele>364.6</ele>
        <time>2026-10-03T09:39:18+0800</time>
        <extensions>
          <gpxtpx:TrackPointExtension>
            <gpxtpx:hr>162</gpxtpx:hr>
            <gpxtpx:cad>91</gpxtpx:cad>
          </gpxtpx:TrackPointExtension>
        </extensions>
      </trkpt>
      <trkpt lat="29.6883444674" lon="106.526846085">
        <ele>364.6</ele>
        <time>2026-10-03T09:39:19+0800</time>
        <extensions>
          <gpxtpx:TrackPointExtension>
            <gpxtpx:hr>163</gpxtpx:hr>
            <gpxtpx:cad>93</gpxtpx:cad>
          </gpxtpx:TrackPointExtension>
        </extensions>
      </trkpt>
      <trkpt lat="29.6883334871" lon="106.526857149">
        <ele>364.6</ele>
        <time>2026-10-03T09:39:20+0800</time>
        <extensions>
          <gpxtpx:TrackPointExtension>
            <gpxtpx:hr>164</gpxtpx:hr>
            <gpxtpx:cad>93</gpxtpx:cad>
          </gpxtpx:TrackPointExtension>
        </extensions>
      </trkpt>
      <trkpt lat="29.6883202437" lon="106.52686662">
        <ele>364.6</ele>
        <time>2026-10-03T09:39:21+0800</time>
        <extensions>
          <gpxtpx:TrackPointExtension>
            <gpxtpx:hr>165</gpxtpx:hr>
            <gpxtpx:cad>94</gpxtpx:cad>
          </gpxtpx:TrackPointExtension>
        </extensions>
      </trkpt>
      <trkpt lat="29.6883072518" lon="106.526873913">
        <ele>364.6</ele>
        <time>2026-10-03T09:39:22+0800</time>
        <extensions>
          <gpxtpx:TrackPointExtension>
            <gpxtpx:hr>169</gpxtpx:hr>
            <gpxtpx:cad>94</gpxtpx:cad>
          </gpxtpx:TrackPointExtension>
        </extensions>
      </trkpt>
      <trkpt lat="29.6882945951" lon="106.526882043">
        <ele>364.6</ele>
        <time>2026-10-03T09:39:23+0800</time>
        <extensions>
          <gpxtpx:TrackPointExtension>
            <gpxtpx:hr>172</gpxtpx:hr>
            <gpxtpx:cad>94</gpxtpx:cad>
          </gpxtpx:TrackPointExtension>
        </extensions>
      </trkpt>
      <trkpt lat="29.6882813517" lon="106.526894532">
        <ele>364.6</ele>
        <time>2026-10-03T09:39:24+0800</time>
        <extensions>
          <gpxtpx:TrackPointExtension>
            <gpxtpx:hr>172</gpxtpx:hr>
            <gpxtpx:cad>93</gpxtpx:cad>
          </gpxtpx:TrackPointExtension>
        </extensions>
      </trkpt>
      <trkpt lat="29.6882720478" lon="106.526906434">
        <ele>364.6</ele>
        <time>2026-10-03T09:39:25+0800</time>
        <extensions>
          <gpxtpx:TrackPointExtension>
            <gpxtpx:hr>173</gpxtpx:hr>
            <gpxtpx:cad>93</gpxtpx:cad>
          </gpxtpx:TrackPointExtension>
        </extensions>
      </trkpt>
      <trkpt lat="29.6882610675" lon="106.526923031">
        <ele>364.6</ele>
        <time>2026-10-03T09:39:26+0800</time>
        <extensions>
          <gpxtpx:TrackPointExtension>
            <gpxtpx:hr>173</gpxtpx:hr>
            <gpxtpx:cad>93</gpxtpx:cad>
          </gpxtpx:TrackPointExtension>
        </extensions>
      </trkpt>
      <trkpt lat="29.6882515959" lon="106.526936777">
        <ele>364.6</ele>
        <time>2026-10-03T09:39:27+0800</time>
        <extensions>
          <gpxtpx:TrackPointExtension>
            <gpxtpx:hr>173</gpxtpx:hr>
            <gpxtpx:cad>93</gpxtpx:cad>
          </gpxtpx:TrackPointExtension>
        </extensions>
      </trkpt>
      <trkpt lat="29.6882418729" lon="106.526948093">
        <ele>364.6</ele>
        <time>2026-10-03T09:39:28+0800</time>
        <extensions>
          <gpxtpx:TrackPointExtension>
            <gpxtpx:hr>174</gpxtpx:hr>
            <gpxtpx:cad>93</gpxtpx:cad>
          </gpxtpx:TrackPointExtension>
        </extensions>
      </trkpt>
      <trkpt lat="29.6882318147" lon="106.526964772">
        <ele>364.6</ele>
        <time>2026-10-03T09:39:29+0800</time>
        <extensions>
          <gpxtpx:TrackPointExtension>
            <gpxtpx:hr>174</gpxtpx:hr>
            <gpxtpx:cad>93</gpxtpx:cad>
          </gpxtpx:TrackPointExtension>
        </extensions>
      </trkpt>
      <trkpt lat="29.6882185712" lon="106.526985476">
        <ele>364.6</ele>
        <time>2026-10-03T09:39:30+0800</time>
        <extensions>
          <gpxtpx:TrackPointExtension>
            <gpxtpx:hr>174</gpxtpx:hr>
            <gpxtpx:cad>90</gpxtpx:cad>
          </gpxtpx:TrackPointExtension>
        </extensions>
      </trkpt>
      <trkpt lat="29.6882080939" lon="106.527001401">
        <ele>364.6</ele>
        <time>2026-10-03T09:39:31+0800</time>
        <extensions>
          <gpxtpx:TrackPointExtension>
            <gpxtpx:hr>174</gpxtpx:hr>
            <gpxtpx:cad>90</gpxtpx:cad>
          </gpxtpx:TrackPointExtension>
        </extensions>
      </trkpt>
      <trkpt lat="29.6881961916" lon="106.527017327">
        <ele>364.4</ele>
        <time>2026-10-03T09:39:32+0800</time>
        <extensions>
          <gpxtpx:TrackPointExtension>
            <gpxtpx:hr>175</gpxtpx:hr>
            <gpxtpx:cad>89</gpxtpx:cad>
          </gpxtpx:TrackPointExtension>
        </extensions>
      </trkpt>
      <trkpt lat="29.6881905757" lon="106.527035264">
        <ele>364.4</ele>
        <time>2026-10-03T09:39:33+0800</time>
        <extensions>
          <gpxtpx:TrackPointExtension>
            <gpxtpx:hr>175</gpxtpx:hr>
            <gpxtpx:cad>89</gpxtpx:cad>
          </gpxtpx:TrackPointExtension>
        </extensions>
      </trkpt>
      <trkpt lat="29.6881831996" lon="106.527051525">
        <ele>364.2</ele>
        <time>2026-10-03T09:39:34+0800</time>
        <extensions>
          <gpxtpx:TrackPointExtension>
            <gpxtpx:hr>174</gpxtpx:hr>
            <gpxtpx:cad>89</gpxtpx:cad>
          </gpxtpx:TrackPointExtension>
        </extensions>
      </trkpt>
      <trkpt lat="29.688175153" lon="106.527067702">
        <ele>364.2</ele>
        <time>2026-10-03T09:39:35+0800</time>
        <extensions>
          <gpxtpx:TrackPointExtension>
            <gpxtpx:hr>174</gpxtpx:hr>
            <gpxtpx:cad>90</gpxtpx:cad>
          </gpxtpx:TrackPointExtension>
        </extensions>
      </trkpt>
      <trkpt lat="29.688164508" lon="106.527083209">
        <ele>364.2</ele>
        <time>2026-10-03T09:39:36+0800</time>
        <extensions>
          <gpxtpx:TrackPointExtension>
            <gpxtpx:hr>175</gpxtpx:hr>
            <gpxtpx:cad>90</gpxtpx:cad>
          </gpxtpx:TrackPointExtension>
        </extensions>
      </trkpt>
      <trkpt lat="29.688156629" lon="106.527105588">
        <ele>364.2</ele>
        <time>2026-10-03T09:39:37+0800</time>
        <extensions>
          <gpxtpx:TrackPointExtension>
            <gpxtpx:hr>175</gpxtpx:hr>
            <gpxtpx:cad>90</gpxtpx:cad>
          </gpxtpx:TrackPointExtension>
        </extensions>
      </trkpt>
      <trkpt lat="29.6881479118" lon="106.527122101">
        <ele>364.2</ele>
        <time>2026-10-03T09:39:38+0800</time>
        <extensions>
          <gpxtpx:TrackPointExtension>
            <gpxtpx:hr>175</gpxtpx:hr>
            <gpxtpx:cad>91</gpxtpx:cad>
          </gpxtpx:TrackPointExtension>
        </extensions>
      </trkpt>
      <trkpt lat="29.6881369315" lon="106.527139368">
        <ele>364.2</ele>
        <time>2026-10-03T09:39:39+0800</time>
        <extensions>
          <gpxtpx:TrackPointExtension>
            <gpxtpx:hr>175</gpxtpx:hr>
            <gpxtpx:cad>91</gpxtpx:cad>
          </gpxtpx:TrackPointExtension>
        </extensions>
      </trkpt>
      <trkpt lat="29.6881259512" lon="106.527153784">
        <ele>364.2</ele>
        <time>2026-10-03T09:39:40+0800</time>
        <extensions>
          <gpxtpx:TrackPointExtension>
            <gpxtpx:hr>176</gpxtpx:hr>
            <gpxtpx:cad>88</gpxtpx:cad>
          </gpxtpx:TrackPointExtension>
        </extensions>
      </trkpt>
      <trkpt lat="29.6881204192" lon="106.527172392">
        <ele>364.2</ele>
        <time>2026-10-03T09:39:41+0800</time>
        <extensions>
          <gpxtpx:TrackPointExtension>
            <gpxtpx:hr>176</gpxtpx:hr>
            <gpxtpx:cad>88</gpxtpx:cad>
          </gpxtpx:TrackPointExtension>
        </extensions>
      </trkpt>
      <trkpt lat="29.6881111991" lon="106.527184714">
        <ele>364.2</ele>
        <time>2026-10-03T09:39:42+0800</time>
        <extensions>
          <gpxtpx:TrackPointExtension>
            <gpxtpx:hr>176</gpxtpx:hr>
            <gpxtpx:cad>90</gpxtpx:cad>
          </gpxtpx:TrackPointExtension>
        </extensions>
      </trkpt>
      <trkpt lat="29.6881068405" lon="106.527205333">
        <ele>364.4</ele>
        <time>2026-10-03T09:39:43+0800</time>
        <extensions>
          <gpxtpx:TrackPointExtension>
            <gpxtpx:hr>176</gpxtpx:hr>
            <gpxtpx:cad>90</gpxtpx:cad>
          </gpxtpx:TrackPointExtension>
        </extensions>
      </trkpt>
      <trkpt lat="29.6880963631" lon="106.527225701">
        <ele>364.4</ele>
        <time>2026-10-03T09:39:44+0800</time>
        <extensions>
          <gpxtpx:TrackPointExtension>
            <gpxtpx:hr>176</gpxtpx:hr>
            <gpxtpx:cad>91</gpxtpx:cad>
          </gpxtpx:TrackPointExtension>
        </extensions>
      </trkpt>
      <trkpt lat="29.688086221" lon="106.527241208">
        <ele>364.2</ele>
        <time>2026-10-03T09:39:45+0800</time>
        <extensions>
          <gpxtpx:TrackPointExtension>
            <gpxtpx:hr>175</gpxtpx:hr>
            <gpxtpx:cad>91</gpxtpx:cad>
          </gpxtpx:TrackPointExtension>
        </extensions>
      </trkpt>
      <trkpt lat="29.6880777553" lon="106.527258139">
        <ele>364.2</ele>
        <time>2026-10-03T09:39:46+0800</time>
        <extensions>
          <gpxtpx:TrackPointExtension>
            <gpxtpx:hr>175</gpxtpx:hr>
            <gpxtpx:cad>91</gpxtpx:cad>
          </gpxtpx:TrackPointExtension>
        </extensions>
      </trkpt>
      <trkpt lat="29.6880681999" lon="106.527274903">
        <ele>364.2</ele>
        <time>2026-10-03T09:39:47+0800</time>
        <extensions>
          <gpxtpx:TrackPointExtension>
            <gpxtpx:hr>174</gpxtpx:hr>
            <gpxtpx:cad>91</gpxtpx:cad>
          </gpxtpx:TrackPointExtension>
        </extensions>
      </trkpt>
      <trkpt lat="29.6880643442" lon="106.527298456">
        <ele>364.2</ele>
        <time>2026-10-03T09:39:48+0800</time>
        <extensions>
          <gpxtpx:TrackPointExtension>
            <gpxtpx:hr>173</gpxtpx:hr>
            <gpxtpx:cad>92</gpxtpx:cad>
          </gpxtpx:TrackPointExtension>
        </extensions>
      </trkpt>
      <trkpt lat="29.6880535316" lon="106.52731346">
        <ele>364.2</ele>
        <time>2026-10-03T09:39:49+0800</time>
        <extensions>
          <gpxtpx:TrackPointExtension>
            <gpxtpx:hr>173</gpxtpx:hr>
            <gpxtpx:cad>94</gpxtpx:cad>
          </gpxtpx:TrackPointExtension>
        </extensions>
      </trkpt>
      <trkpt lat="29.6880432218" lon="106.527334666">
        <ele>364.2</ele>
        <time>2026-10-03T09:39:50+0800</time>
        <extensions>
          <gpxtpx:TrackPointExtension>
            <gpxtpx:hr>173</gpxtpx:hr>
            <gpxtpx:cad>94</gpxtpx:cad>
          </gpxtpx:TrackPointExtension>
        </extensions>
      </trkpt>
      <trkpt lat="29.6880365163" lon="106.527354196">
        <ele>364.2</ele>
        <time>2026-10-03T09:39:51+0800</time>
        <extensions>
          <gpxtpx:TrackPointExtension>
            <gpxtpx:hr>173</gpxtpx:hr>
            <gpxtpx:cad>93</gpxtpx:cad>
          </gpxtpx:TrackPointExtension>
        </extensions>
      </trkpt>
      <trkpt lat="29.6880314872" lon="106.527381102">
        <ele>364.2</ele>
        <time>2026-10-03T09:39:52+0800</time>
        <extensions>
          <gpxtpx:TrackPointExtension>
            <gpxtpx:hr>173</gpxtpx:hr>
            <gpxtpx:cad>91</gpxtpx:cad>
          </gpxtpx:TrackPointExtension>
        </extensions>
      </trkpt>
      <trkpt lat="29.6880254522" lon="106.527398285">
        <ele>364.2</ele>
        <time>2026-10-03T09:39:53+0800</time>
        <extensions>
          <gpxtpx:TrackPointExtension>
            <gpxtpx:hr>173</gpxtpx:hr>
            <gpxtpx:cad>91</gpxtpx:cad>
          </gpxtpx:TrackPointExtension>
        </extensions>
      </trkpt>
      <trkpt lat="29.6880241949" lon="106.527419575">
        <ele>364.2</ele>
        <time>2026-10-03T09:39:54+0800</time>
        <extensions>
          <gpxtpx:TrackPointExtension>
            <gpxtpx:hr>172</gpxtpx:hr>
            <gpxtpx:cad>91</gpxtpx:cad>
          </gpxtpx:TrackPointExtension>
        </extensions>
      </trkpt>
      <trkpt lat="29.6880288888" lon="106.527434327">
        <ele>364.2</ele>
        <time>2026-10-03T09:39:55+0800</time>
        <extensions>
          <gpxtpx:TrackPointExtension>
            <gpxtpx:hr>173</gpxtpx:hr>
            <gpxtpx:cad>92</gpxtpx:cad>
          </gpxtpx:TrackPointExtension>
        </extensions>
      </trkpt>
      <trkpt lat="29.6880453173" lon="106.527445307">
        <ele>364.2</ele>
        <time>2026-10-03T09:39:56+0800</time>
        <extensions>
          <gpxtpx:TrackPointExtension>
            <gpxtpx:hr>172</gpxtpx:hr>
            <gpxtpx:cad>92</gpxtpx:cad>
          </gpxtpx:TrackPointExtension>
        </extensions>
      </trkpt>
      <trkpt lat="29.6880529448" lon="106.527456287">
        <ele>364.4</ele>
        <time>2026-10-03T09:39:57+0800</time>
        <extensions>
          <gpxtpx:TrackPointExtension>
            <gpxtpx:hr>172</gpxtpx:hr>
            <gpxtpx:cad>92</gpxtpx:cad>
          </gpxtpx:TrackPointExtension>
        </extensions>
      </trkpt>
      <trkpt lat="29.6880657692" lon="106.527470453">
        <ele>364.2</ele>
        <time>2026-10-03T09:39:58+0800</time>
        <extensions>
          <gpxtpx:TrackPointExtension>
            <gpxtpx:hr>172</gpxtpx:hr>
            <gpxtpx:cad>87</gpxtpx:cad>
          </gpxtpx:TrackPointExtension>
        </extensions>
      </trkpt>
      <trkpt lat="29.6880705468" lon="106.527479757">
        <ele>364.2</ele>
        <time>2026-10-03T09:39:59+0800</time>
        <extensions>
          <gpxtpx:TrackPointExtension>
            <gpxtpx:hr>172</gpxtpx:hr>
            <gpxtpx:cad>87</gpxtpx:cad>
          </gpxtpx:TrackPointExtension>
        </extensions>
      </trkpt>
      <trkpt lat="29.6880868077" lon="106.527493084">
        <ele>364.2</ele>
        <time>2026-10-03T09:40:00+0800</time>
        <extensions>
          <gpxtpx:TrackPointExtension>
            <gpxtpx:hr>173</gpxtpx:hr>
            <gpxtpx:cad>88</gpxtpx:cad>
          </gpxtpx:TrackPointExtension>
        </extensions>
      </trkpt>
      <trkpt lat="29.6880980395" lon="106.527506495">
        <ele>364.2</ele>
        <time>2026-10-03T09:40:01+0800</time>
        <extensions>
          <gpxtpx:TrackPointExtension>
            <gpxtpx:hr>172</gpxtpx:hr>
            <gpxtpx:cad>89</gpxtpx:cad>
          </gpxtpx:TrackPointExtension>
        </extensions>
      </trkpt>
      <trkpt lat="29.6881166473" lon="106.52751538">
        <ele>364.2</ele>
        <time>2026-10-03T09:40:02+0800</time>
        <extensions>
          <gpxtpx:TrackPointExtension>
            <gpxtpx:hr>172</gpxtpx:hr>
            <gpxtpx:cad>89</gpxtpx:cad>
          </gpxtpx:TrackPointExtension>
        </extensions>
      </trkpt>
      <trkpt lat="29.6881229337" lon="106.527528288">
        <ele>364.2</ele>
        <time>2026-10-03T09:40:03+0800</time>
        <extensions>
          <gpxtpx:TrackPointExtension>
            <gpxtpx:hr>172</gpxtpx:hr>
            <gpxtpx:cad>89</gpxtpx:cad>
          </gpxtpx:TrackPointExtension>
        </extensions>
      </trkpt>
      <trkpt lat="29.6881409548" lon="106.527538011">
        <ele>364.2</ele>
        <time>2026-10-03T09:40:04+0800</time>
        <extensions>
          <gpxtpx:TrackPointExtension>
            <gpxtpx:hr>171</gpxtpx:hr>
            <gpxtpx:cad>90</gpxtpx:cad>
          </gpxtpx:TrackPointExtension>
        </extensions>
      </trkpt>
      <trkpt lat="29.6881415416" lon="106.527554272">
        <ele>364.4</ele>
        <time>2026-10-03T09:40:05+0800</time>
        <extensions>
          <gpxtpx:TrackPointExtension>
            <gpxtpx:hr>171</gpxtpx:hr>
            <gpxtpx:cad>90</gpxtpx:cad>
          </gpxtpx:TrackPointExtension>
        </extensions>
      </trkpt>
      <trkpt lat="29.6881544497" lon="106.527566761">
        <ele>364.4</ele>
        <time>2026-10-03T09:40:06+0800</time>
        <extensions>
          <gpxtpx:TrackPointExtension>
            <gpxtpx:hr>172</gpxtpx:hr>
            <gpxtpx:cad>89</gpxtpx:cad>
          </gpxtpx:TrackPointExtension>
        </extensions>
      </trkpt>
      <trkpt lat="29.6881642565" lon="106.527579166">
        <ele>364.2</ele>
        <time>2026-10-03T09:40:07+0800</time>
        <extensions>
          <gpxtpx:TrackPointExtension>
            <gpxtpx:hr>172</gpxtpx:hr>
            <gpxtpx:cad>89</gpxtpx:cad>
          </gpxtpx:TrackPointExtension>
        </extensions>
      </trkpt>
      <trkpt lat="29.688175153" lon="106.527588889">
        <ele>364.2</ele>
        <time>2026-10-03T09:40:08+0800</time>
        <extensions>
          <gpxtpx:TrackPointExtension>
            <gpxtpx:hr>172</gpxtpx:hr>
            <gpxtpx:cad>88</gpxtpx:cad>
          </gpxtpx:TrackPointExtension>
        </extensions>
      </trkpt>
      <trkpt lat="29.6881900728" lon="106.527595427">
        <ele>364.2</ele>
        <time>2026-10-03T09:40:09+0800</time>
        <extensions>
          <gpxtpx:TrackPointExtension>
            <gpxtpx:hr>172</gpxtpx:hr>
            <gpxtpx:cad>88</gpxtpx:cad>
          </gpxtpx:TrackPointExtension>
        </extensions>
      </trkpt>
      <trkpt lat="29.6881983709" lon="106.52760582">
        <ele>364.2</ele>
        <time>2026-10-03T09:40:10+0800</time>
        <extensions>
          <gpxtpx:TrackPointExtension>
            <gpxtpx:hr>171</gpxtpx:hr>
            <gpxtpx:cad>86</gpxtpx:cad>
          </gpxtpx:TrackPointExtension>
        </extensions>
      </trkpt>
      <trkpt lat="29.6882187389" lon="106.527614538">
        <ele>364.2</ele>
        <time>2026-10-03T09:40:11+0800</time>
        <extensions>
          <gpxtpx:TrackPointExtension>
            <gpxtpx:hr>171</gpxtpx:hr>
            <gpxtpx:cad>86</gpxtpx:cad>
          </gpxtpx:TrackPointExtension>
        </extensions>
      </trkpt>
      <trkpt lat="29.6882287133" lon="106.52762929">
        <ele>364.2</ele>
        <time>2026-10-03T09:40:12+0800</time>
        <extensions>
          <gpxtpx:TrackPointExtension>
            <gpxtpx:hr>171</gpxtpx:hr>
            <gpxtpx:cad>87</gpxtpx:cad>
          </gpxtpx:TrackPointExtension>
        </extensions>
      </trkpt>
      <trkpt lat="29.6882461477" lon="106.527643455">
        <ele>364.2</ele>
        <time>2026-10-03T09:40:13+0800</time>
        <extensions>
          <gpxtpx:TrackPointExtension>
            <gpxtpx:hr>171</gpxtpx:hr>
            <gpxtpx:cad>87</gpxtpx:cad>
          </gpxtpx:TrackPointExtension>
        </extensions>
      </trkpt>
      <trkpt lat="29.6882490814" lon="106.527657537">
        <ele>364.2</ele>
        <time>2026-10-03T09:40:14+0800</time>
        <extensions>
          <gpxtpx:TrackPointExtension>
            <gpxtpx:hr>172</gpxtpx:hr>
            <gpxtpx:cad>87</gpxtpx:cad>
          </gpxtpx:TrackPointExtension>
        </extensions>
      </trkpt>
      <trkpt lat="29.6882625762" lon="106.527674804">
        <ele>364.2</ele>
        <time>2026-10-03T09:40:15+0800</time>
        <extensions>
          <gpxtpx:TrackPointExtension>
            <gpxtpx:hr>172</gpxtpx:hr>
            <gpxtpx:cad>87</gpxtpx:cad>
          </gpxtpx:TrackPointExtension>
        </extensions>
      </trkpt>
      <trkpt lat="29.6882707905" lon="106.527691316">
        <ele>364.2</ele>
        <time>2026-10-03T09:40:16+0800</time>
        <extensions>
          <gpxtpx:TrackPointExtension>
            <gpxtpx:hr>172</gpxtpx:hr>
            <gpxtpx:cad>87</gpxtpx:cad>
          </gpxtpx:TrackPointExtension>
        </extensions>
      </trkpt>
      <trkpt lat="29.6882864647" lon="106.527702799">
        <ele>364.2</ele>
        <time>2026-10-03T09:40:17+0800</time>
        <extensions>
          <gpxtpx:TrackPointExtension>
            <gpxtpx:hr>172</gpxtpx:hr>
            <gpxtpx:cad>88</gpxtpx:cad>
          </gpxtpx:TrackPointExtension>
        </extensions>
      </trkpt>
      <trkpt lat="29.6882968582" lon="106.527713779">
        <ele>364.2</ele>
        <time>2026-10-03T09:40:18+0800</time>
        <extensions>
          <gpxtpx:TrackPointExtension>
            <gpxtpx:hr>172</gpxtpx:hr>
            <gpxtpx:cad>88</gpxtpx:cad>
          </gpxtpx:TrackPointExtension>
        </extensions>
      </trkpt>
      <trkpt lat="29.6883139573" lon="106.527729202">
        <ele>364.2</ele>
        <time>2026-10-03T09:40:19+0800</time>
        <extensions>
          <gpxtpx:TrackPointExtension>
            <gpxtpx:hr>172</gpxtpx:hr>
            <gpxtpx:cad>88</gpxtpx:cad>
          </gpxtpx:TrackPointExtension>
        </extensions>
      </trkpt>
      <trkpt lat="29.6883308887" lon="106.527745128">
        <ele>364.0</ele>
        <time>2026-10-03T09:40:20+0800</time>
        <extensions>
          <gpxtpx:TrackPointExtension>
            <gpxtpx:hr>172</gpxtpx:hr>
            <gpxtpx:cad>88</gpxtpx:cad>
          </gpxtpx:TrackPointExtension>
        </extensions>
      </trkpt>
      <trkpt lat="29.6883471496" lon="106.527763903">
        <ele>364.0</ele>
        <time>2026-10-03T09:40:21+0800</time>
        <extensions>
          <gpxtpx:TrackPointExtension>
            <gpxtpx:hr>172</gpxtpx:hr>
            <gpxtpx:cad>88</gpxtpx:cad>
          </gpxtpx:TrackPointExtension>
        </extensions>
      </trkpt>
      <trkpt lat="29.6883606445" lon="106.527781673">
        <ele>364.0</ele>
        <time>2026-10-03T09:40:22+0800</time>
        <extensions>
          <gpxtpx:TrackPointExtension>
            <gpxtpx:hr>172</gpxtpx:hr>
            <gpxtpx:cad>88</gpxtpx:cad>
          </gpxtpx:TrackPointExtension>
        </extensions>
      </trkpt>
      <trkpt lat="29.6883754805" lon="106.527788127">
        <ele>364.2</ele>
        <time>2026-10-03T09:40:23+0800</time>
        <extensions>
          <gpxtpx:TrackPointExtension>
            <gpxtpx:hr>173</gpxtpx:hr>
            <gpxtpx:cad>88</gpxtpx:cad>
          </gpxtpx:TrackPointExtension>
        </extensions>
      </trkpt>
      <trkpt lat="29.68838403" lon="106.527798269">
        <ele>364.2</ele>
        <time>2026-10-03T09:40:24+0800</time>
        <extensions>
          <gpxtpx:TrackPointExtension>
            <gpxtpx:hr>173</gpxtpx:hr>
            <gpxtpx:cad>88</gpxtpx:cad>
          </gpxtpx:TrackPointExtension>
        </extensions>
      </trkpt>
      <trkpt lat="29.6883986145" lon="106.527802963">
        <ele>364.4</ele>
        <time>2026-10-03T09:40:25+0800</time>
        <extensions>
          <gpxtpx:TrackPointExtension>
            <gpxtpx:hr>173</gpxtpx:hr>
            <gpxtpx:cad>89</gpxtpx:cad>
          </gpxtpx:TrackPointExtension>
        </extensions>
      </trkpt>
      <trkpt lat="29.6884038113" lon="106.527812434">
        <ele>364.4</ele>
        <time>2026-10-03T09:40:26+0800</time>
        <extensions>
          <gpxtpx:TrackPointExtension>
            <gpxtpx:hr>173</gpxtpx:hr>
            <gpxtpx:cad>89</gpxtpx:cad>
          </gpxtpx:TrackPointExtension>
        </extensions>
      </trkpt>
      <trkpt lat="29.6884195693" lon="106.52782484">
        <ele>364.6</ele>
        <time>2026-10-03T09:40:27+0800</time>
        <extensions>
          <gpxtpx:TrackPointExtension>
            <gpxtpx:hr>173</gpxtpx:hr>
            <gpxtpx:cad>88</gpxtpx:cad>
          </gpxtpx:TrackPointExtension>
        </extensions>
      </trkpt>
      <trkpt lat="29.6884230897" lon="106.527838334">
        <ele>364.6</ele>
        <time>2026-10-03T09:40:28+0800</time>
        <extensions>
          <gpxtpx:TrackPointExtension>
            <gpxtpx:hr>172</gpxtpx:hr>
            <gpxtpx:cad>88</gpxtpx:cad>
          </gpxtpx:TrackPointExtension>
        </extensions>
      </trkpt>
      <trkpt lat="29.6884351596" lon="106.527850991">
        <ele>364.6</ele>
        <time>2026-10-03T09:40:29+0800</time>
        <extensions>
          <gpxtpx:TrackPointExtension>
            <gpxtpx:hr>172</gpxtpx:hr>
            <gpxtpx:cad>88</gpxtpx:cad>
          </gpxtpx:TrackPointExtension>
        </extensions>
      </trkpt>
      <trkpt lat="29.6884463076" lon="106.527861385">
        <ele>364.6</ele>
        <time>2026-10-03T09:40:30+0800</time>
        <extensions>
          <gpxtpx:TrackPointExtension>
            <gpxtpx:hr>172</gpxtpx:hr>
            <gpxtpx:cad>87</gpxtpx:cad>
          </gpxtpx:TrackPointExtension>
        </extensions>
      </trkpt>
      <trkpt lat="29.6884602215" lon="106.527873203">
        <ele>364.6</ele>
        <time>2026-10-03T09:40:31+0800</time>
        <extensions>
          <gpxtpx:TrackPointExtension>
            <gpxtpx:hr>172</gpxtpx:hr>
            <gpxtpx:cad>87</gpxtpx:cad>
          </gpxtpx:TrackPointExtension>
        </extensions>
      </trkpt>
      <trkpt lat="29.6884714533" lon="106.527887955">
        <ele>364.6</ele>
        <time>2026-10-03T09:40:32+0800</time>
        <extensions>
          <gpxtpx:TrackPointExtension>
            <gpxtpx:hr>172</gpxtpx:hr>
            <gpxtpx:cad>87</gpxtpx:cad>
          </gpxtpx:TrackPointExtension>
        </extensions>
      </trkpt>
      <trkpt lat="29.6884837747" lon="106.5278986">
        <ele>364.6</ele>
        <time>2026-10-03T09:40:33+0800</time>
        <extensions>
          <gpxtpx:TrackPointExtension>
            <gpxtpx:hr>172</gpxtpx:hr>
            <gpxtpx:cad>87</gpxtpx:cad>
          </gpxtpx:TrackPointExtension>
        </extensions>
      </trkpt>
      <trkpt lat="29.6884934977" lon="106.52791">
        <ele>364.6</ele>
        <time>2026-10-03T09:40:34+0800</time>
        <extensions>
          <gpxtpx:TrackPointExtension>
            <gpxtpx:hr>172</gpxtpx:hr>
            <gpxtpx:cad>87</gpxtpx:cad>
          </gpxtpx:TrackPointExtension>
        </extensions>
      </trkpt>
      <trkpt lat="29.6885050647" lon="106.527920058">
        <ele>364.6</ele>
        <time>2026-10-03T09:40:35+0800</time>
        <extensions>
          <gpxtpx:TrackPointExtension>
            <gpxtpx:hr>172</gpxtpx:hr>
            <gpxtpx:cad>89</gpxtpx:cad>
          </gpxtpx:TrackPointExtension>
        </extensions>
      </trkpt>
      <trkpt lat="29.6885152906" lon="106.52793196">
        <ele>364.6</ele>
        <time>2026-10-03T09:40:36+0800</time>
        <extensions>
          <gpxtpx:TrackPointExtension>
            <gpxtpx:hr>172</gpxtpx:hr>
            <gpxtpx:cad>90</gpxtpx:cad>
          </gpxtpx:TrackPointExtension>
        </extensions>
      </trkpt>
      <trkpt lat="29.6885252651" lon="106.527943946">
        <ele>364.6</ele>
        <time>2026-10-03T09:40:37+0800</time>
        <extensions>
          <gpxtpx:TrackPointExtension>
            <gpxtpx:hr>171</gpxtpx:hr>
            <gpxtpx:cad>91</gpxtpx:cad>
          </gpxtpx:TrackPointExtension>
        </extensions>
      </trkpt>
      <trkpt lat="29.6885434538" lon="106.52795149">
        <ele>364.6</ele>
        <time>2026-10-03T09:40:38+0800</time>
        <extensions>
          <gpxtpx:TrackPointExtension>
            <gpxtpx:hr>172</gpxtpx:hr>
            <gpxtpx:cad>91</gpxtpx:cad>
          </gpxtpx:TrackPointExtension>
        </extensions>
      </trkpt>
      <trkpt lat="29.6885551047" lon="106.52796356">
        <ele>364.6</ele>
        <time>2026-10-03T09:40:39+0800</time>
        <extensions>
          <gpxtpx:TrackPointExtension>
            <gpxtpx:hr>172</gpxtpx:hr>
            <gpxtpx:cad>91</gpxtpx:cad>
          </gpxtpx:TrackPointExtension>
        </extensions>
      </trkpt>
      <trkpt lat="29.6885692701" lon="106.527973451">
        <ele>364.6</ele>
        <time>2026-10-03T09:40:40+0800</time>
        <extensions>
          <gpxtpx:TrackPointExtension>
            <gpxtpx:hr>172</gpxtpx:hr>
            <gpxtpx:cad>90</gpxtpx:cad>
          </gpxtpx:TrackPointExtension>
        </extensions>
      </trkpt>
      <trkpt lat="29.6885820106" lon="106.527988538">
        <ele>364.6</ele>
        <time>2026-10-03T09:40:41+0800</time>
        <extensions>
          <gpxtpx:TrackPointExtension>
            <gpxtpx:hr>172</gpxtpx:hr>
            <gpxtpx:cad>89</gpxtpx:cad>
          </gpxtpx:TrackPointExtension>
        </extensions>
      </trkpt>
      <trkpt lat="29.6885916498" lon="106.528003039">
        <ele>364.8</ele>
        <time>2026-10-03T09:40:42+0800</time>
        <extensions>
          <gpxtpx:TrackPointExtension>
            <gpxtpx:hr>172</gpxtpx:hr>
            <gpxtpx:cad>86</gpxtpx:cad>
          </gpxtpx:TrackPointExtension>
        </extensions>
      </trkpt>
      <trkpt lat="29.6886064857" lon="106.52801712">
        <ele>364.8</ele>
        <time>2026-10-03T09:40:43+0800</time>
        <extensions>
          <gpxtpx:TrackPointExtension>
            <gpxtpx:hr>172</gpxtpx:hr>
            <gpxtpx:cad>86</gpxtpx:cad>
          </gpxtpx:TrackPointExtension>
        </extensions>
      </trkpt>
      <trkpt lat="29.6886260156" lon="106.528027514">
        <ele>364.8</ele>
        <time>2026-10-03T09:40:44+0800</time>
        <extensions>
          <gpxtpx:TrackPointExtension>
            <gpxtpx:hr>173</gpxtpx:hr>
            <gpxtpx:cad>86</gpxtpx:cad>
          </gpxtpx:TrackPointExtension>
        </extensions>
      </trkpt>
      <trkpt lat="29.688633224" lon="106.528038494">
        <ele>364.8</ele>
        <time>2026-10-03T09:40:45+0800</time>
        <extensions>
          <gpxtpx:TrackPointExtension>
            <gpxtpx:hr>173</gpxtpx:hr>
            <gpxtpx:cad>88</gpxtpx:cad>
          </gpxtpx:TrackPointExtension>
        </extensions>
      </trkpt>
      <trkpt lat="29.6886491496" lon="106.528051486">
        <ele>365.0</ele>
        <time>2026-10-03T09:40:46+0800</time>
        <extensions>
          <gpxtpx:TrackPointExtension>
            <gpxtpx:hr>174</gpxtpx:hr>
            <gpxtpx:cad>88</gpxtpx:cad>
          </gpxtpx:TrackPointExtension>
        </extensions>
      </trkpt>
      <trkpt lat="29.6886593755" lon="106.528060958">
        <ele>365.0</ele>
        <time>2026-10-03T09:40:47+0800</time>
        <extensions>
          <gpxtpx:TrackPointExtension>
            <gpxtpx:hr>176</gpxtpx:hr>
            <gpxtpx:cad>88</gpxtpx:cad>
          </gpxtpx:TrackPointExtension>
        </extensions>
      </trkpt>
      <trkpt lat="29.6886747144" lon="106.528072106">
        <ele>365.0</ele>
        <time>2026-10-03T09:40:48+0800</time>
        <extensions>
          <gpxtpx:TrackPointExtension>
            <gpxtpx:hr>177</gpxtpx:hr>
            <gpxtpx:cad>88</gpxtpx:cad>
          </gpxtpx:TrackPointExtension>
        </extensions>
      </trkpt>
      <trkpt lat="29.6886854433" lon="106.528085517">
        <ele>365.0</ele>
        <time>2026-10-03T09:40:49+0800</time>
        <extensions>
          <gpxtpx:TrackPointExtension>
            <gpxtpx:hr>177</gpxtpx:hr>
            <gpxtpx:cad>91</gpxtpx:cad>
          </gpxtpx:TrackPointExtension>
        </extensions>
      </trkpt>
      <trkpt lat="29.6887037996" lon="106.528096078">
        <ele>365.0</ele>
        <time>2026-10-03T09:40:50+0800</time>
        <extensions>
          <gpxtpx:TrackPointExtension>
            <gpxtpx:hr>178</gpxtpx:hr>
            <gpxtpx:cad>91</gpxtpx:cad>
          </gpxtpx:TrackPointExtension>
        </extensions>
      </trkpt>
      <trkpt lat="29.6887160372" lon="106.528109573">
        <ele>365.0</ele>
        <time>2026-10-03T09:40:51+0800</time>
        <extensions>
          <gpxtpx:TrackPointExtension>
            <gpxtpx:hr>178</gpxtpx:hr>
            <gpxtpx:cad>91</gpxtpx:cad>
          </gpxtpx:TrackPointExtension>
        </extensions>
      </trkpt>
      <trkpt lat="29.6887339745" lon="106.528119212">
        <ele>365.2</ele>
        <time>2026-10-03T09:40:52+0800</time>
        <extensions>
          <gpxtpx:TrackPointExtension>
            <gpxtpx:hr>178</gpxtpx:hr>
            <gpxtpx:cad>91</gpxtpx:cad>
          </gpxtpx:TrackPointExtension>
        </extensions>
      </trkpt>
      <trkpt lat="29.6887488943" lon="106.52813606">
        <ele>365.2</ele>
        <time>2026-10-03T09:40:53+0800</time>
        <extensions>
          <gpxtpx:TrackPointExtension>
            <gpxtpx:hr>178</gpxtpx:hr>
            <gpxtpx:cad>91</gpxtpx:cad>
          </gpxtpx:TrackPointExtension>
        </extensions>
      </trkpt>
      <trkpt lat="29.6887597907" lon="106.528146872">
        <ele>365.2</ele>
        <time>2026-10-03T09:40:54+0800</time>
        <extensions>
          <gpxtpx:TrackPointExtension>
            <gpxtpx:hr>179</gpxtpx:hr>
            <gpxtpx:cad>91</gpxtpx:cad>
          </gpxtpx:TrackPointExtension>
        </extensions>
      </trkpt>
      <trkpt lat="29.6887706872" lon="106.528155338">
        <ele>365.2</ele>
        <time>2026-10-03T09:40:55+0800</time>
        <extensions>
          <gpxtpx:TrackPointExtension>
            <gpxtpx:hr>179</gpxtpx:hr>
            <gpxtpx:cad>91</gpxtpx:cad>
          </gpxtpx:TrackPointExtension>
        </extensions>
      </trkpt>
      <trkpt lat="29.6887789015" lon="106.528166989">
        <ele>365.2</ele>
        <time>2026-10-03T09:40:56+0800</time>
        <extensions>
          <gpxtpx:TrackPointExtension>
            <gpxtpx:hr>179</gpxtpx:hr>
            <gpxtpx:cad>91</gpxtpx:cad>
          </gpxtpx:TrackPointExtension>
        </extensions>
      </trkpt>
      <trkpt lat="29.6887927316" lon="106.528171264">
        <ele>365.2</ele>
        <time>2026-10-03T09:40:57+0800</time>
        <extensions>
          <gpxtpx:TrackPointExtension>
            <gpxtpx:hr>179</gpxtpx:hr>
            <gpxtpx:cad>91</gpxtpx:cad>
          </gpxtpx:TrackPointExtension>
        </extensions>
      </trkpt>
      <trkpt lat="29.688799521" lon="106.528181322">
        <ele>365.4</ele>
        <time>2026-10-03T09:40:58+0800</time>
        <extensions>
          <gpxtpx:TrackPointExtension>
            <gpxtpx:hr>179</gpxtpx:hr>
            <gpxtpx:cad>91</gpxtpx:cad>
          </gpxtpx:TrackPointExtension>
        </extensions>
      </trkpt>
      <trkpt lat="29.6888125129" lon="106.528189704">
        <ele>365.4</ele>
        <time>2026-10-03T09:40:59+0800</time>
        <extensions>
          <gpxtpx:TrackPointExtension>
            <gpxtpx:hr>179</gpxtpx:hr>
            <gpxtpx:cad>91</gpxtpx:cad>
          </gpxtpx:TrackPointExtension>
        </extensions>
      </trkpt>
      <trkpt lat="29.6888216492" lon="106.528201355">
        <ele>365.4</ele>
        <time>2026-10-03T09:41:00+0800</time>
        <extensions>
          <gpxtpx:TrackPointExtension>
            <gpxtpx:hr>179</gpxtpx:hr>
            <gpxtpx:cad>91</gpxtpx:cad>
          </gpxtpx:TrackPointExtension>
        </extensions>
      </trkpt>
      <trkpt lat="29.6888345573" lon="106.528212922">
        <ele>365.4</ele>
        <time>2026-10-03T09:41:01+0800</time>
        <extensions>
          <gpxtpx:TrackPointExtension>
            <gpxtpx:hr>179</gpxtpx:hr>
            <gpxtpx:cad>87</gpxtpx:cad>
          </gpxtpx:TrackPointExtension>
        </extensions>
      </trkpt>
      <trkpt lat="29.6888484713" lon="106.528224992">
        <ele>365.4</ele>
        <time>2026-10-03T09:41:02+0800</time>
        <extensions>
          <gpxtpx:TrackPointExtension>
            <gpxtpx:hr>179</gpxtpx:hr>
            <gpxtpx:cad>86</gpxtpx:cad>
          </gpxtpx:TrackPointExtension>
        </extensions>
      </trkpt>
      <trkpt lat="29.6888599545" lon="106.52823857">
        <ele>365.4</ele>
        <time>2026-10-03T09:41:03+0800</time>
        <extensions>
          <gpxtpx:TrackPointExtension>
            <gpxtpx:hr>179</gpxtpx:hr>
            <gpxtpx:cad>86</gpxtpx:cad>
          </gpxtpx:TrackPointExtension>
        </extensions>
      </trkpt>
      <trkpt lat="29.6888793167" lon="106.528252317">
        <ele>365.4</ele>
        <time>2026-10-03T09:41:04+0800</time>
        <extensions>
          <gpxtpx:TrackPointExtension>
            <gpxtpx:hr>180</gpxtpx:hr>
            <gpxtpx:cad>85</gpxtpx:cad>
          </gpxtpx:TrackPointExtension>
        </extensions>
      </trkpt>
      <trkpt lat="29.6888864413" lon="106.528263967">
        <ele>365.6</ele>
        <time>2026-10-03T09:41:05+0800</time>
        <extensions>
          <gpxtpx:TrackPointExtension>
            <gpxtpx:hr>180</gpxtpx:hr>
            <gpxtpx:cad>85</gpxtpx:cad>
          </gpxtpx:TrackPointExtension>
        </extensions>
      </trkpt>
      <trkpt lat="29.6889001876" lon="106.528279809">
        <ele>365.6</ele>
        <time>2026-10-03T09:41:06+0800</time>
        <extensions>
          <gpxtpx:TrackPointExtension>
            <gpxtpx:hr>180</gpxtpx:hr>
            <gpxtpx:cad>85</gpxtpx:cad>
          </gpxtpx:TrackPointExtension>
        </extensions>
      </trkpt>
      <trkpt lat="29.6889066417" lon="106.528291795">
        <ele>365.6</ele>
        <time>2026-10-03T09:41:07+0800</time>
        <extensions>
          <gpxtpx:TrackPointExtension>
            <gpxtpx:hr>180</gpxtpx:hr>
            <gpxtpx:cad>85</gpxtpx:cad>
          </gpxtpx:TrackPointExtension>
        </extensions>
      </trkpt>
      <trkpt lat="29.6889220644" lon="106.528300596">
        <ele>365.6</ele>
        <time>2026-10-03T09:41:08+0800</time>
        <extensions>
          <gpxtpx:TrackPointExtension>
            <gpxtpx:hr>181</gpxtpx:hr>
            <gpxtpx:cad>87</gpxtpx:cad>
          </gpxtpx:TrackPointExtension>
        </extensions>
      </trkpt>
      <trkpt lat="29.6889337152" lon="106.528310906">
        <ele>365.4</ele>
        <time>2026-10-03T09:41:09+0800</time>
        <extensions>
          <gpxtpx:TrackPointExtension>
            <gpxtpx:hr>181</gpxtpx:hr>
            <gpxtpx:cad>88</gpxtpx:cad>
          </gpxtpx:TrackPointExtension>
        </extensions>
      </trkpt>
      <trkpt lat="29.6889571846" lon="106.528324652">
        <ele>365.4</ele>
        <time>2026-10-03T09:41:10+0800</time>
        <extensions>
          <gpxtpx:TrackPointExtension>
            <gpxtpx:hr>181</gpxtpx:hr>
            <gpxtpx:cad>88</gpxtpx:cad>
          </gpxtpx:TrackPointExtension>
        </extensions>
      </trkpt>
      <trkpt lat="29.6889693383" lon="106.528337728">
        <ele>365.4</ele>
        <time>2026-10-03T09:41:11+0800</time>
        <extensions>
          <gpxtpx:TrackPointExtension>
            <gpxtpx:hr>181</gpxtpx:hr>
            <gpxtpx:cad>88</gpxtpx:cad>
          </gpxtpx:TrackPointExtension>
        </extensions>
      </trkpt>
      <trkpt lat="29.6889809892" lon="106.52835072">
        <ele>365.6</ele>
        <time>2026-10-03T09:41:12+0800</time>
        <extensions>
          <gpxtpx:TrackPointExtension>
            <gpxtpx:hr>181</gpxtpx:hr>
            <gpxtpx:cad>88</gpxtpx:cad>
          </gpxtpx:TrackPointExtension>
        </extensions>
      </trkpt>
      <trkpt lat="29.688994484" lon="106.5283617">
        <ele>365.6</ele>
        <time>2026-10-03T09:41:13+0800</time>
        <extensions>
          <gpxtpx:TrackPointExtension>
            <gpxtpx:hr>181</gpxtpx:hr>
            <gpxtpx:cad>88</gpxtpx:cad>
          </gpxtpx:TrackPointExtension>
        </extensions>
      </trkpt>
      <trkpt lat="29.6890104935" lon="106.528374692">
        <ele>365.6</ele>
        <time>2026-10-03T09:41:14+0800</time>
        <extensions>
          <gpxtpx:TrackPointExtension>
            <gpxtpx:hr>180</gpxtpx:hr>
            <gpxtpx:cad>88</gpxtpx:cad>
          </gpxtpx:TrackPointExtension>
        </extensions>
      </trkpt>
      <trkpt lat="29.6890177857" lon="106.528390786">
        <ele>365.6</ele>
        <time>2026-10-03T09:41:15+0800</time>
        <extensions>
          <gpxtpx:TrackPointExtension>
            <gpxtpx:hr>181</gpxtpx:hr>
            <gpxtpx:cad>87</gpxtpx:cad>
          </gpxtpx:TrackPointExtension>
        </extensions>
      </trkpt>
      <trkpt lat="29.6890309453" lon="106.528402604">
        <ele>365.8</ele>
        <time>2026-10-03T09:41:16+0800</time>
        <extensions>
          <gpxtpx:TrackPointExtension>
            <gpxtpx:hr>181</gpxtpx:hr>
            <gpxtpx:cad>87</gpxtpx:cad>
          </gpxtpx:TrackPointExtension>
        </extensions>
      </trkpt>
      <trkpt lat="29.6890368126" lon="106.528415596">
        <ele>365.8</ele>
        <time>2026-10-03T09:41:17+0800</time>
        <extensions>
          <gpxtpx:TrackPointExtension>
            <gpxtpx:hr>181</gpxtpx:hr>
            <gpxtpx:cad>87</gpxtpx:cad>
          </gpxtpx:TrackPointExtension>
        </extensions>
      </trkpt>
      <trkpt lat="29.6890513971" lon="106.528426409">
        <ele>365.8</ele>
        <time>2026-10-03T09:41:18+0800</time>
        <extensions>
          <gpxtpx:TrackPointExtension>
            <gpxtpx:hr>180</gpxtpx:hr>
            <gpxtpx:cad>86</gpxtpx:cad>
          </gpxtpx:TrackPointExtension>
        </extensions>
      </trkpt>
      <trkpt lat="29.689057013" lon="106.528436886">
        <ele>365.8</ele>
        <time>2026-10-03T09:41:19+0800</time>
        <extensions>
          <gpxtpx:TrackPointExtension>
            <gpxtpx:hr>181</gpxtpx:hr>
            <gpxtpx:cad>86</gpxtpx:cad>
          </gpxtpx:TrackPointExtension>
        </extensions>
      </trkpt>
      <trkpt lat="29.6890720166" lon="106.528444849">
        <ele>366.0</ele>
        <time>2026-10-03T09:41:20+0800</time>
        <extensions>
          <gpxtpx:TrackPointExtension>
            <gpxtpx:hr>181</gpxtpx:hr>
            <gpxtpx:cad>86</gpxtpx:cad>
          </gpxtpx:TrackPointExtension>
        </extensions>
      </trkpt>
      <trkpt lat="29.6890810691" lon="106.528455326">
        <ele>366.0</ele>
        <time>2026-10-03T09:41:21+0800</time>
        <extensions>
          <gpxtpx:TrackPointExtension>
            <gpxtpx:hr>180</gpxtpx:hr>
            <gpxtpx:cad>92</gpxtpx:cad>
          </gpxtpx:TrackPointExtension>
        </extensions>
      </trkpt>
      <trkpt lat="29.6890956536" lon="106.528461697">
        <ele>366.0</ele>
        <time>2026-10-03T09:41:22+0800</time>
        <extensions>
          <gpxtpx:TrackPointExtension>
            <gpxtpx:hr>180</gpxtpx:hr>
            <gpxtpx:cad>90</gpxtpx:cad>
          </gpxtpx:TrackPointExtension>
        </extensions>
      </trkpt>
      <trkpt lat="29.6891065501" lon="106.528470498">
        <ele>366.0</ele>
        <time>2026-10-03T09:41:23+0800</time>
        <extensions>
          <gpxtpx:TrackPointExtension>
            <gpxtpx:hr>179</gpxtpx:hr>
            <gpxtpx:cad>90</gpxtpx:cad>
          </gpxtpx:TrackPointExtension>
        </extensions>
      </trkpt>
      <trkpt lat="29.6891216375" lon="106.528480221">
        <ele>366.0</ele>
        <time>2026-10-03T09:41:24+0800</time>
        <extensions>
          <gpxtpx:TrackPointExtension>
            <gpxtpx:hr>179</gpxtpx:hr>
            <gpxtpx:cad>89</gpxtpx:cad>
          </gpxtpx:TrackPointExtension>
        </extensions>
      </trkpt>
      <trkpt lat="29.6891303547" lon="106.528488686">
        <ele>366.0</ele>
        <time>2026-10-03T09:41:25+0800</time>
        <extensions>
          <gpxtpx:TrackPointExtension>
            <gpxtpx:hr>179</gpxtpx:hr>
            <gpxtpx:cad>89</gpxtpx:cad>
          </gpxtpx:TrackPointExtension>
        </extensions>
      </trkpt>
      <trkpt lat="29.6891432628" lon="106.528500086">
        <ele>366.0</ele>
        <time>2026-10-03T09:41:26+0800</time>
        <extensions>
          <gpxtpx:TrackPointExtension>
            <gpxtpx:hr>179</gpxtpx:hr>
            <gpxtpx:cad>89</gpxtpx:cad>
          </gpxtpx:TrackPointExtension>
        </extensions>
      </trkpt>
      <trkpt lat="29.6891633794" lon="106.528498074">
        <ele>366.0</ele>
        <time>2026-10-03T09:41:27+0800</time>
        <extensions>
          <gpxtpx:TrackPointExtension>
            <gpxtpx:hr>179</gpxtpx:hr>
            <gpxtpx:cad>89</gpxtpx:cad>
          </gpxtpx:TrackPointExtension>
        </extensions>
      </trkpt>
      <trkpt lat="29.6891737729" lon="106.528498996">
        <ele>366.0</ele>
        <time>2026-10-03T09:41:28+0800</time>
        <extensions>
          <gpxtpx:TrackPointExtension>
            <gpxtpx:hr>180</gpxtpx:hr>
            <gpxtpx:cad>89</gpxtpx:cad>
          </gpxtpx:TrackPointExtension>
        </extensions>
      </trkpt>
      <trkpt lat="29.6891926322" lon="106.528493883">
        <ele>366.2</ele>
        <time>2026-10-03T09:41:29+0800</time>
        <extensions>
          <gpxtpx:TrackPointExtension>
            <gpxtpx:hr>179</gpxtpx:hr>
            <gpxtpx:cad>89</gpxtpx:cad>
          </gpxtpx:TrackPointExtension>
        </extensions>
      </trkpt>
      <trkpt lat="29.6892046183" lon="106.528491871">
        <ele>366.2</ele>
        <time>2026-10-03T09:41:30+0800</time>
        <extensions>
          <gpxtpx:TrackPointExtension>
            <gpxtpx:hr>179</gpxtpx:hr>
            <gpxtpx:cad>89</gpxtpx:cad>
          </gpxtpx:TrackPointExtension>
        </extensions>
      </trkpt>
      <trkpt lat="29.6892195381" lon="106.528489357">
        <ele>366.2</ele>
        <time>2026-10-03T09:41:31+0800</time>
        <extensions>
          <gpxtpx:TrackPointExtension>
            <gpxtpx:hr>180</gpxtpx:hr>
            <gpxtpx:cad>89</gpxtpx:cad>
          </gpxtpx:TrackPointExtension>
        </extensions>
      </trkpt>
      <trkpt lat="29.6892318595" lon="106.528495811">
        <ele>366.2</ele>
        <time>2026-10-03T09:41:32+0800</time>
        <extensions>
          <gpxtpx:TrackPointExtension>
            <gpxtpx:hr>180</gpxtpx:hr>
            <gpxtpx:cad>87</gpxtpx:cad>
          </gpxtpx:TrackPointExtension>
        </extensions>
      </trkpt>
      <trkpt lat="29.689252479" lon="106.528482903">
        <ele>366.0</ele>
        <time>2026-10-03T09:41:33+0800</time>
        <extensions>
          <gpxtpx:TrackPointExtension>
            <gpxtpx:hr>180</gpxtpx:hr>
            <gpxtpx:cad>87</gpxtpx:cad>
          </gpxtpx:TrackPointExtension>
        </extensions>
      </trkpt>
      <trkpt lat="29.6892616991" lon="106.528483992">
        <ele>366.0</ele>
        <time>2026-10-03T09:41:34+0800</time>
        <extensions>
          <gpxtpx:TrackPointExtension>
            <gpxtpx:hr>179</gpxtpx:hr>
            <gpxtpx:cad>87</gpxtpx:cad>
          </gpxtpx:TrackPointExtension>
        </extensions>
      </trkpt>
      <trkpt lat="29.6892771218" lon="106.528470581">
        <ele>365.8</ele>
        <time>2026-10-03T09:41:35+0800</time>
        <extensions>
          <gpxtpx:TrackPointExtension>
            <gpxtpx:hr>180</gpxtpx:hr>
            <gpxtpx:cad>88</gpxtpx:cad>
          </gpxtpx:TrackPointExtension>
        </extensions>
      </trkpt>
      <trkpt lat="29.6892838273" lon="106.528461948">
        <ele>365.8</ele>
        <time>2026-10-03T09:41:36+0800</time>
        <extensions>
          <gpxtpx:TrackPointExtension>
            <gpxtpx:hr>179</gpxtpx:hr>
            <gpxtpx:cad>88</gpxtpx:cad>
          </gpxtpx:TrackPointExtension>
        </extensions>
      </trkpt>
      <trkpt lat="29.689293718" lon="106.528443843">
        <ele>365.6</ele>
        <time>2026-10-03T09:41:37+0800</time>
        <extensions>
          <gpxtpx:TrackPointExtension>
            <gpxtpx:hr>179</gpxtpx:hr>
            <gpxtpx:cad>89</gpxtpx:cad>
          </gpxtpx:TrackPointExtension>
        </extensions>
      </trkpt>
      <trkpt lat="29.6893069614" lon="106.528435545">
        <ele>365.6</ele>
        <time>2026-10-03T09:41:38+0800</time>
        <extensions>
          <gpxtpx:TrackPointExtension>
            <gpxtpx:hr>179</gpxtpx:hr>
            <gpxtpx:cad>88</gpxtpx:cad>
          </gpxtpx:TrackPointExtension>
        </extensions>
      </trkpt>
      <trkpt lat="29.6893181931" lon="106.528414674">
        <ele>365.6</ele>
        <time>2026-10-03T09:41:39+0800</time>
        <extensions>
          <gpxtpx:TrackPointExtension>
            <gpxtpx:hr>178</gpxtpx:hr>
            <gpxtpx:cad>87</gpxtpx:cad>
          </gpxtpx:TrackPointExtension>
        </extensions>
      </trkpt>
      <trkpt lat="29.6893303469" lon="106.528403107">
        <ele>365.4</ele>
        <time>2026-10-03T09:41:40+0800</time>
        <extensions>
          <gpxtpx:TrackPointExtension>
            <gpxtpx:hr>178</gpxtpx:hr>
            <gpxtpx:cad>87</gpxtpx:cad>
          </gpxtpx:TrackPointExtension>
        </extensions>
      </trkpt>
      <trkpt lat="29.6893438417" lon="106.528385086">
        <ele>365.4</ele>
        <time>2026-10-03T09:41:41+0800</time>
        <extensions>
          <gpxtpx:TrackPointExtension>
            <gpxtpx:hr>178</gpxtpx:hr>
            <gpxtpx:cad>88</gpxtpx:cad>
          </gpxtpx:TrackPointExtension>
        </extensions>
      </trkpt>
      <trkpt lat="29.689355325" lon="106.528370753">
        <ele>365.4</ele>
        <time>2026-10-03T09:41:42+0800</time>
        <extensions>
          <gpxtpx:TrackPointExtension>
            <gpxtpx:hr>178</gpxtpx:hr>
            <gpxtpx:cad>89</gpxtpx:cad>
          </gpxtpx:TrackPointExtension>
        </extensions>
      </trkpt>
      <trkpt lat="29.6893634554" lon="106.528357007">
        <ele>365.4</ele>
        <time>2026-10-03T09:41:43+0800</time>
        <extensions>
          <gpxtpx:TrackPointExtension>
            <gpxtpx:hr>178</gpxtpx:hr>
            <gpxtpx:cad>89</gpxtpx:cad>
          </gpxtpx:TrackPointExtension>
        </extensions>
      </trkpt>
      <trkpt lat="29.6893761121" lon="106.528350301">
        <ele>365.4</ele>
        <time>2026-10-03T09:41:44+0800</time>
        <extensions>
          <gpxtpx:TrackPointExtension>
            <gpxtpx:hr>177</gpxtpx:hr>
            <gpxtpx:cad>89</gpxtpx:cad>
          </gpxtpx:TrackPointExtension>
        </extensions>
      </trkpt>
      <trkpt lat="29.6893886011" lon="106.528331693">
        <ele>365.4</ele>
        <time>2026-10-03T09:41:45+0800</time>
        <extensions>
          <gpxtpx:TrackPointExtension>
            <gpxtpx:hr>178</gpxtpx:hr>
            <gpxtpx:cad>89</gpxtpx:cad>
          </gpxtpx:TrackPointExtension>
        </extensions>
      </trkpt>
      <trkpt lat="29.6893965639" lon="106.528319707">
        <ele>365.4</ele>
        <time>2026-10-03T09:41:46+0800</time>
        <extensions>
          <gpxtpx:TrackPointExtension>
            <gpxtpx:hr>177</gpxtpx:hr>
            <gpxtpx:cad>89</gpxtpx:cad>
          </gpxtpx:TrackPointExtension>
        </extensions>
      </trkpt>
      <trkpt lat="29.6894069575" lon="106.528303949">
        <ele>365.4</ele>
        <time>2026-10-03T09:41:47+0800</time>
        <extensions>
          <gpxtpx:TrackPointExtension>
            <gpxtpx:hr>177</gpxtpx:hr>
            <gpxtpx:cad>89</gpxtpx:cad>
          </gpxtpx:TrackPointExtension>
        </extensions>
      </trkpt>
      <trkpt lat="29.6894168481" lon="106.528288778">
        <ele>365.2</ele>
        <time>2026-10-03T09:41:48+0800</time>
        <extensions>
          <gpxtpx:TrackPointExtension>
            <gpxtpx:hr>177</gpxtpx:hr>
            <gpxtpx:cad>89</gpxtpx:cad>
          </gpxtpx:TrackPointExtension>
        </extensions>
      </trkpt>
      <trkpt lat="29.6894253138" lon="106.528277798">
        <ele>365.2</ele>
        <time>2026-10-03T09:41:49+0800</time>
        <extensions>
          <gpxtpx:TrackPointExtension>
            <gpxtpx:hr>177</gpxtpx:hr>
            <gpxtpx:cad>89</gpxtpx:cad>
          </gpxtpx:TrackPointExtension>
        </extensions>
      </trkpt>
      <trkpt lat="29.6894326899" lon="106.528257178">
        <ele>365.2</ele>
        <time>2026-10-03T09:41:50+0800</time>
        <extensions>
          <gpxtpx:TrackPointExtension>
            <gpxtpx:hr>178</gpxtpx:hr>
            <gpxtpx:cad>89</gpxtpx:cad>
          </gpxtpx:TrackPointExtension>
        </extensions>
      </trkpt>
      <trkpt lat="29.6894436702" lon="106.528248545">
        <ele>365.0</ele>
        <time>2026-10-03T09:41:51+0800</time>
        <extensions>
          <gpxtpx:TrackPointExtension>
            <gpxtpx:hr>177</gpxtpx:hr>
            <gpxtpx:cad>89</gpxtpx:cad>
          </gpxtpx:TrackPointExtension>
        </extensions>
      </trkpt>
      <trkpt lat="29.6894568298" lon="106.528226584">
        <ele>365.0</ele>
        <time>2026-10-03T09:41:52+0800</time>
        <extensions>
          <gpxtpx:TrackPointExtension>
            <gpxtpx:hr>177</gpxtpx:hr>
            <gpxtpx:cad>88</gpxtpx:cad>
          </gpxtpx:TrackPointExtension>
        </extensions>
      </trkpt>
      <trkpt lat="29.6894712467" lon="106.528206803">
        <ele>365.0</ele>
        <time>2026-10-03T09:41:53+0800</time>
        <extensions>
          <gpxtpx:TrackPointExtension>
            <gpxtpx:hr>177</gpxtpx:hr>
            <gpxtpx:cad>87</gpxtpx:cad>
          </gpxtpx:TrackPointExtension>
        </extensions>
      </trkpt>
      <trkpt lat="29.6894933749" lon="106.528177047">
        <ele>365.0</ele>
        <time>2026-10-03T09:41:54+0800</time>
        <extensions>
          <gpxtpx:TrackPointExtension>
            <gpxtpx:hr>177</gpxtpx:hr>
            <gpxtpx:cad>86</gpxtpx:cad>
          </gpxtpx:TrackPointExtension>
        </extensions>
      </trkpt>
      <trkpt lat="29.6895078756" lon="106.52816196">
        <ele>365.0</ele>
        <time>2026-10-03T09:41:55+0800</time>
        <extensions>
          <gpxtpx:TrackPointExtension>
            <gpxtpx:hr>177</gpxtpx:hr>
            <gpxtpx:cad>86</gpxtpx:cad>
          </gpxtpx:TrackPointExtension>
        </extensions>
      </trkpt>
      <trkpt lat="29.6895269025" lon="106.528132707">
        <ele>365.0</ele>
        <time>2026-10-03T09:41:56+0800</time>
        <extensions>
          <gpxtpx:TrackPointExtension>
            <gpxtpx:hr>177</gpxtpx:hr>
            <gpxtpx:cad>89</gpxtpx:cad>
          </gpxtpx:TrackPointExtension>
        </extensions>
      </trkpt>
      <trkpt lat="29.6895425767" lon="106.528114686">
        <ele>364.8</ele>
        <time>2026-10-03T09:41:57+0800</time>
        <extensions>
          <gpxtpx:TrackPointExtension>
            <gpxtpx:hr>177</gpxtpx:hr>
            <gpxtpx:cad>89</gpxtpx:cad>
          </gpxtpx:TrackPointExtension>
        </extensions>
      </trkpt>
      <trkpt lat="29.6895594243" lon="106.528084762">
        <ele>364.8</ele>
        <time>2026-10-03T09:41:58+0800</time>
        <extensions>
          <gpxtpx:TrackPointExtension>
            <gpxtpx:hr>176</gpxtpx:hr>
            <gpxtpx:cad>88</gpxtpx:cad>
          </gpxtpx:TrackPointExtension>
        </extensions>
      </trkpt>
      <trkpt lat="29.6895740088" lon="106.52806934">
        <ele>364.6</ele>
        <time>2026-10-03T09:41:59+0800</time>
        <extensions>
          <gpxtpx:TrackPointExtension>
            <gpxtpx:hr>175</gpxtpx:hr>
            <gpxtpx:cad>88</gpxtpx:cad>
          </gpxtpx:TrackPointExtension>
        </extensions>
      </trkpt>
      <trkpt lat="29.6895902697" lon="106.528036902">
        <ele>364.6</ele>
        <time>2026-10-03T09:42:00+0800</time>
        <extensions>
          <gpxtpx:TrackPointExtension>
            <gpxtpx:hr>175</gpxtpx:hr>
            <gpxtpx:cad>88</gpxtpx:cad>
          </gpxtpx:TrackPointExtension>
        </extensions>
      </trkpt>
      <trkpt lat="29.6896076202" lon="106.528019635">
        <ele>364.6</ele>
        <time>2026-10-03T09:42:01+0800</time>
        <extensions>
          <gpxtpx:TrackPointExtension>
            <gpxtpx:hr>175</gpxtpx:hr>
            <gpxtpx:cad>90</gpxtpx:cad>
          </gpxtpx:TrackPointExtension>
        </extensions>
      </trkpt>
      <trkpt lat="29.6896303352" lon="106.527991891">
        <ele>364.6</ele>
        <time>2026-10-03T09:42:02+0800</time>
        <extensions>
          <gpxtpx:TrackPointExtension>
            <gpxtpx:hr>174</gpxtpx:hr>
            <gpxtpx:cad>90</gpxtpx:cad>
          </gpxtpx:TrackPointExtension>
        </extensions>
      </trkpt>
      <trkpt lat="29.6896541398" lon="106.527969427">
        <ele>364.6</ele>
        <time>2026-10-03T09:42:03+0800</time>
        <extensions>
          <gpxtpx:TrackPointExtension>
            <gpxtpx:hr>174</gpxtpx:hr>
            <gpxtpx:cad>90</gpxtpx:cad>
          </gpxtpx:TrackPointExtension>
        </extensions>
      </trkpt>
      <trkpt lat="29.6896737535" lon="106.527959788">
        <ele>364.6</ele>
        <time>2026-10-03T09:42:04+0800</time>
        <extensions>
          <gpxtpx:TrackPointExtension>
            <gpxtpx:hr>174</gpxtpx:hr>
            <gpxtpx:cad>90</gpxtpx:cad>
          </gpxtpx:TrackPointExtension>
        </extensions>
      </trkpt>
      <trkpt lat="29.6896884218" lon="106.527945958">
        <ele>364.4</ele>
        <time>2026-10-03T09:42:05+0800</time>
        <extensions>
          <gpxtpx:TrackPointExtension>
            <gpxtpx:hr>174</gpxtpx:hr>
            <gpxtpx:cad>90</gpxtpx:cad>
          </gpxtpx:TrackPointExtension>
        </extensions>
      </trkpt>
      <trkpt lat="29.6897051018" lon="106.527931122">
        <ele>364.2</ele>
        <time>2026-10-03T09:42:06+0800</time>
        <extensions>
          <gpxtpx:TrackPointExtension>
            <gpxtpx:hr>176</gpxtpx:hr>
            <gpxtpx:cad>90</gpxtpx:cad>
          </gpxtpx:TrackPointExtension>
        </extensions>
      </trkpt>
      <trkpt lat="29.6897126455" lon="106.527904049">
        <ele>364.2</ele>
        <time>2026-10-03T09:42:07+0800</time>
        <extensions>
          <gpxtpx:TrackPointExtension>
            <gpxtpx:hr>177</gpxtpx:hr>
            <gpxtpx:cad>90</gpxtpx:cad>
          </gpxtpx:TrackPointExtension>
        </extensions>
      </trkpt>
      <trkpt lat="29.6897201054" lon="106.527885189">
        <ele>364.2</ele>
        <time>2026-10-03T09:42:08+0800</time>
        <extensions>
          <gpxtpx:TrackPointExtension>
            <gpxtpx:hr>177</gpxtpx:hr>
            <gpxtpx:cad>90</gpxtpx:cad>
          </gpxtpx:TrackPointExtension>
        </extensions>
      </trkpt>
      <trkpt lat="29.689730918" lon="106.527852667">
        <ele>364.2</ele>
        <time>2026-10-03T09:42:09+0800</time>
        <extensions>
          <gpxtpx:TrackPointExtension>
            <gpxtpx:hr>177</gpxtpx:hr>
            <gpxtpx:cad>90</gpxtpx:cad>
          </gpxtpx:TrackPointExtension>
        </extensions>
      </trkpt>
      <trkpt lat="29.6897391323" lon="106.527835233">
        <ele>364.2</ele>
        <time>2026-10-03T09:42:10+0800</time>
        <extensions>
          <gpxtpx:TrackPointExtension>
            <gpxtpx:hr>177</gpxtpx:hr>
            <gpxtpx:cad>90</gpxtpx:cad>
          </gpxtpx:TrackPointExtension>
        </extensions>
      </trkpt>
      <trkpt lat="29.6897515375" lon="106.527809752">
        <ele>364.2</ele>
        <time>2026-10-03T09:42:11+0800</time>
        <extensions>
          <gpxtpx:TrackPointExtension>
            <gpxtpx:hr>177</gpxtpx:hr>
            <gpxtpx:cad>90</gpxtpx:cad>
          </gpxtpx:TrackPointExtension>
        </extensions>
      </trkpt>
      <trkpt lat="29.6897632722" lon="106.527798772">
        <ele>364.2</ele>
        <time>2026-10-03T09:42:12+0800</time>
        <extensions>
          <gpxtpx:TrackPointExtension>
            <gpxtpx:hr>177</gpxtpx:hr>
            <gpxtpx:cad>90</gpxtpx:cad>
          </gpxtpx:TrackPointExtension>
        </extensions>
      </trkpt>
      <trkpt lat="29.689783724" lon="106.527771447">
        <ele>364.2</ele>
        <time>2026-10-03T09:42:13+0800</time>
        <extensions>
          <gpxtpx:TrackPointExtension>
            <gpxtpx:hr>178</gpxtpx:hr>
            <gpxtpx:cad>90</gpxtpx:cad>
          </gpxtpx:TrackPointExtension>
        </extensions>
      </trkpt>
      <trkpt lat="29.6898008231" lon="106.527753007">
        <ele>364.0</ele>
        <time>2026-10-03T09:42:14+0800</time>
        <extensions>
          <gpxtpx:TrackPointExtension>
            <gpxtpx:hr>178</gpxtpx:hr>
            <gpxtpx:cad>0</gpxtpx:cad>
          </gpxtpx:TrackPointExtension>
        </extensions>
      </trkpt>
      <trkpt lat="29.6898144018" lon="106.527735824">
        <ele>363.8</ele>
        <time>2026-10-03T09:42:15+0800</time>
        <extensions>
          <gpxtpx:TrackPointExtension>
            <gpxtpx:hr>178</gpxtpx:hr>
            <gpxtpx:cad>0</gpxtpx:cad>
          </gpxtpx:TrackPointExtension>
        </extensions>
      </trkpt>
      <trkpt lat="29.6898369491" lon="106.527706152">
        <ele>363.8</ele>
        <time>2026-10-03T09:42:16+0800</time>
        <extensions>
          <gpxtpx:TrackPointExtension>
            <gpxtpx:hr>179</gpxtpx:hr>
            <gpxtpx:cad>0</gpxtpx:cad>
          </gpxtpx:TrackPointExtension>
        </extensions>
      </trkpt>
      <trkpt lat="29.6898626816" lon="106.527681258">
        <ele>363.6</ele>
        <time>2026-10-03T09:42:17+0800</time>
        <extensions>
          <gpxtpx:TrackPointExtension>
            <gpxtpx:hr>179</gpxtpx:hr>
            <gpxtpx:cad>0</gpxtpx:cad>
          </gpxtpx:TrackPointExtension>
        </extensions>
      </trkpt>
      <trkpt lat="29.6898812894" lon="106.527648652">
        <ele>363.6</ele>
        <time>2026-10-03T09:42:18+0800</time>
        <extensions>
          <gpxtpx:TrackPointExtension>
            <gpxtpx:hr>178</gpxtpx:hr>
            <gpxtpx:cad>0</gpxtpx:cad>
          </gpxtpx:TrackPointExtension>
        </extensions>
      </trkpt>
      <trkpt lat="29.6899016574" lon="106.527609006">
        <ele>363.6</ele>
        <time>2026-10-03T09:42:19+0800</time>
        <extensions>
          <gpxtpx:TrackPointExtension>
            <gpxtpx:hr>178</gpxtpx:hr>
            <gpxtpx:cad>0</gpxtpx:cad>
          </gpxtpx:TrackPointExtension>
        </extensions>
      </trkpt>
      <trkpt lat="29.6899169125" lon="106.52758738">
        <ele>363.6</ele>
        <time>2026-10-03T09:42:20+0800</time>
        <extensions>
          <gpxtpx:TrackPointExtension>
            <gpxtpx:hr>177</gpxtpx:hr>
            <gpxtpx:cad>0</gpxtpx:cad>
          </gpxtpx:TrackPointExtension>
        </extensions>
      </trkpt>
      <trkpt lat="29.6899326704" lon="106.527564833">
        <ele>363.6</ele>
        <time>2026-10-03T09:42:21+0800</time>
        <extensions>
          <gpxtpx:TrackPointExtension>
            <gpxtpx:hr>177</gpxtpx:hr>
            <gpxtpx:cad>0</gpxtpx:cad>
          </gpxtpx:TrackPointExtension>
        </extensions>
      </trkpt>
      <trkpt lat="29.6899418067" lon="106.527554188">
        <ele>363.6</ele>
        <time>2026-10-03T09:42:22+0800</time>
        <extensions>
          <gpxtpx:TrackPointExtension>
            <gpxtpx:hr>176</gpxtpx:hr>
            <gpxtpx:cad>0</gpxtpx:cad>
          </gpxtpx:TrackPointExtension>
        </extensions>
      </trkpt>
      <trkpt lat="29.6899525356" lon="106.527533066">
        <ele>363.4</ele>
        <time>2026-10-03T09:42:23+0800</time>
        <extensions>
          <gpxtpx:TrackPointExtension>
            <gpxtpx:hr>175</gpxtpx:hr>
            <gpxtpx:cad>0</gpxtpx:cad>
          </gpxtpx:TrackPointExtension>
        </extensions>
      </trkpt>
      <trkpt lat="29.6899646055" lon="106.527517475">
        <ele>363.4</ele>
        <time>2026-10-03T09:42:24+0800</time>
        <extensions>
          <gpxtpx:TrackPointExtension>
            <gpxtpx:hr>175</gpxtpx:hr>
            <gpxtpx:cad>0</gpxtpx:cad>
          </gpxtpx:TrackPointExtension>
        </extensions>
      </trkpt>
      <trkpt lat="29.6899775136" lon="106.527492581">
        <ele>363.4</ele>
        <time>2026-10-03T09:42:25+0800</time>
        <extensions>
          <gpxtpx:TrackPointExtension>
            <gpxtpx:hr>175</gpxtpx:hr>
            <gpxtpx:cad>0</gpxtpx:cad>
          </gpxtpx:TrackPointExtension>
        </extensions>
      </trkpt>
      <trkpt lat="29.689987069" lon="106.527478835">
        <ele>363.4</ele>
        <time>2026-10-03T09:42:26+0800</time>
        <extensions>
          <gpxtpx:TrackPointExtension>
            <gpxtpx:hr>175</gpxtpx:hr>
            <gpxtpx:cad>0</gpxtpx:cad>
          </gpxtpx:TrackPointExtension>
        </extensions>
      </trkpt>
      <trkpt lat="29.6899992228" lon="106.527460227">
        <ele>363.6</ele>
        <time>2026-10-03T09:42:27+0800</time>
        <extensions>
          <gpxtpx:TrackPointExtension>
            <gpxtpx:hr>175</gpxtpx:hr>
            <gpxtpx:cad>0</gpxtpx:cad>
          </gpxtpx:TrackPointExtension>
        </extensions>
      </trkpt>
      <trkpt lat="29.6900090296" lon="106.527450923">
        <ele>363.6</ele>
        <time>2026-10-03T09:42:28+0800</time>
        <extensions>
          <gpxtpx:TrackPointExtension>
            <gpxtpx:hr>174</gpxtpx:hr>
            <gpxtpx:cad>89</gpxtpx:cad>
          </gpxtpx:TrackPointExtension>
        </extensions>
      </trkpt>
      <trkpt lat="29.6900201775" lon="106.527437596">
        <ele>363.4</ele>
        <time>2026-10-03T09:42:29+0800</time>
        <extensions>
          <gpxtpx:TrackPointExtension>
            <gpxtpx:hr>174</gpxtpx:hr>
            <gpxtpx:cad>90</gpxtpx:cad>
          </gpxtpx:TrackPointExtension>
        </extensions>
      </trkpt>
      <trkpt lat="29.6900288109" lon="106.527424771">
        <ele>363.4</ele>
        <time>2026-10-03T09:42:30+0800</time>
        <extensions>
          <gpxtpx:TrackPointExtension>
            <gpxtpx:hr>174</gpxtpx:hr>
            <gpxtpx:cad>92</gpxtpx:cad>
          </gpxtpx:TrackPointExtension>
        </extensions>
      </trkpt>
      <trkpt lat="29.6900379471" lon="106.527401302">
        <ele>363.2</ele>
        <time>2026-10-03T09:42:31+0800</time>
        <extensions>
          <gpxtpx:TrackPointExtension>
            <gpxtpx:hr>174</gpxtpx:hr>
            <gpxtpx:cad>92</gpxtpx:cad>
          </gpxtpx:TrackPointExtension>
        </extensions>
      </trkpt>
      <trkpt lat="29.690047754" lon="106.527390741">
        <ele>363.2</ele>
        <time>2026-10-03T09:42:32+0800</time>
        <extensions>
          <gpxtpx:TrackPointExtension>
            <gpxtpx:hr>172</gpxtpx:hr>
            <gpxtpx:cad>92</gpxtpx:cad>
          </gpxtpx:TrackPointExtension>
        </extensions>
      </trkpt>
      <trkpt lat="29.6900552139" lon="106.527369199">
        <ele>363.0</ele>
        <time>2026-10-03T09:42:33+0800</time>
        <extensions>
          <gpxtpx:TrackPointExtension>
            <gpxtpx:hr>171</gpxtpx:hr>
            <gpxtpx:cad>92</gpxtpx:cad>
          </gpxtpx:TrackPointExtension>
        </extensions>
      </trkpt>
      <trkpt lat="29.6900673676" lon="106.527360315">
        <ele>363.0</ele>
        <time>2026-10-03T09:42:34+0800</time>
        <extensions>
          <gpxtpx:TrackPointExtension>
            <gpxtpx:hr>169</gpxtpx:hr>
            <gpxtpx:cad>92</gpxtpx:cad>
          </gpxtpx:TrackPointExtension>
        </extensions>
      </trkpt>
      <trkpt lat="29.6900751628" lon="106.527344976">
        <ele>362.8</ele>
        <time>2026-10-03T09:42:35+0800</time>
        <extensions>
          <gpxtpx:TrackPointExtension>
            <gpxtpx:hr>169</gpxtpx:hr>
            <gpxtpx:cad>90</gpxtpx:cad>
          </gpxtpx:TrackPointExtension>
        </extensions>
      </trkpt>
      <trkpt lat="29.6900853887" lon="106.527335504">
        <ele>362.8</ele>
        <time>2026-10-03T09:42:36+0800</time>
        <extensions>
          <gpxtpx:TrackPointExtension>
            <gpxtpx:hr>168</gpxtpx:hr>
            <gpxtpx:cad>89</gpxtpx:cad>
          </gpxtpx:TrackPointExtension>
        </extensions>
      </trkpt>
      <trkpt lat="29.6900956985" lon="106.527317734">
        <ele>362.8</ele>
        <time>2026-10-03T09:42:37+0800</time>
        <extensions>
          <gpxtpx:TrackPointExtension>
            <gpxtpx:hr>167</gpxtpx:hr>
            <gpxtpx:cad>88</gpxtpx:cad>
          </gpxtpx:TrackPointExtension>
        </extensions>
      </trkpt>
      <trkpt lat="29.6901080199" lon="106.527302563">
        <ele>362.8</ele>
        <time>2026-10-03T09:42:38+0800</time>
        <extensions>
          <gpxtpx:TrackPointExtension>
            <gpxtpx:hr>167</gpxtpx:hr>
            <gpxtpx:cad>87</gpxtpx:cad>
          </gpxtpx:TrackPointExtension>
        </extensions>
      </trkpt>
      <trkpt lat="29.6901195031" lon="106.52728362">
        <ele>362.8</ele>
        <time>2026-10-03T09:42:39+0800</time>
        <extensions>
          <gpxtpx:TrackPointExtension>
            <gpxtpx:hr>167</gpxtpx:hr>
            <gpxtpx:cad>87</gpxtpx:cad>
          </gpxtpx:TrackPointExtension>
        </extensions>
      </trkpt>
      <trkpt lat="29.6901329141" lon="106.527268449">
        <ele>362.6</ele>
        <time>2026-10-03T09:42:40+0800</time>
        <extensions>
          <gpxtpx:TrackPointExtension>
            <gpxtpx:hr>166</gpxtpx:hr>
            <gpxtpx:cad>89</gpxtpx:cad>
          </gpxtpx:TrackPointExtension>
        </extensions>
      </trkpt>
      <trkpt lat="29.6901427209" lon="106.527245734">
        <ele>362.4</ele>
        <time>2026-10-03T09:42:41+0800</time>
        <extensions>
          <gpxtpx:TrackPointExtension>
            <gpxtpx:hr>167</gpxtpx:hr>
            <gpxtpx:cad>89</gpxtpx:cad>
          </gpxtpx:TrackPointExtension>
        </extensions>
      </trkpt>
      <trkpt lat="29.690156132" lon="106.527229389">
        <ele>362.4</ele>
        <time>2026-10-03T09:42:42+0800</time>
        <extensions>
          <gpxtpx:TrackPointExtension>
            <gpxtpx:hr>167</gpxtpx:hr>
            <gpxtpx:cad>89</gpxtpx:cad>
          </gpxtpx:TrackPointExtension>
        </extensions>
      </trkpt>
      <trkpt lat="29.690166777" lon="106.52720877">
        <ele>362.4</ele>
        <time>2026-10-03T09:42:43+0800</time>
        <extensions>
          <gpxtpx:TrackPointExtension>
            <gpxtpx:hr>166</gpxtpx:hr>
            <gpxtpx:cad>92</gpxtpx:cad>
          </gpxtpx:TrackPointExtension>
        </extensions>
      </trkpt>
      <trkpt lat="29.6901793499" lon="106.527196867">
        <ele>362.4</ele>
        <time>2026-10-03T09:42:44+0800</time>
        <extensions>
          <gpxtpx:TrackPointExtension>
            <gpxtpx:hr>167</gpxtpx:hr>
            <gpxtpx:cad>92</gpxtpx:cad>
          </gpxtpx:TrackPointExtension>
        </extensions>
      </trkpt>
      <trkpt lat="29.69019318" lon="106.527178846">
        <ele>362.4</ele>
        <time>2026-10-03T09:42:45+0800</time>
        <extensions>
          <gpxtpx:TrackPointExtension>
            <gpxtpx:hr>167</gpxtpx:hr>
            <gpxtpx:cad>92</gpxtpx:cad>
          </gpxtpx:TrackPointExtension>
        </extensions>
      </trkpt>
      <trkpt lat="29.690207513" lon="106.527169542">
        <ele>362.4</ele>
        <time>2026-10-03T09:42:46+0800</time>
        <extensions>
          <gpxtpx:TrackPointExtension>
            <gpxtpx:hr>166</gpxtpx:hr>
            <gpxtpx:cad>90</gpxtpx:cad>
          </gpxtpx:TrackPointExtension>
        </extensions>
      </trkpt>
      <trkpt lat="29.6902155597" lon="106.527153281">
        <ele>362.4</ele>
        <time>2026-10-03T09:42:47+0800</time>
        <extensions>
          <gpxtpx:TrackPointExtension>
            <gpxtpx:hr>167</gpxtpx:hr>
            <gpxtpx:cad>90</gpxtpx:cad>
          </gpxtpx:TrackPointExtension>
        </extensions>
      </trkpt>
      <trkpt lat="29.6902286354" lon="106.527141128">
        <ele>362.2</ele>
        <time>2026-10-03T09:42:48+0800</time>
        <extensions>
          <gpxtpx:TrackPointExtension>
            <gpxtpx:hr>167</gpxtpx:hr>
            <gpxtpx:cad>89</gpxtpx:cad>
          </gpxtpx:TrackPointExtension>
        </extensions>
      </trkpt>
      <trkpt lat="29.6902393643" lon="106.52711682">
        <ele>362.2</ele>
        <time>2026-10-03T09:42:49+0800</time>
        <extensions>
          <gpxtpx:TrackPointExtension>
            <gpxtpx:hr>166</gpxtpx:hr>
            <gpxtpx:cad>88</gpxtpx:cad>
          </gpxtpx:TrackPointExtension>
        </extensions>
      </trkpt>
      <trkpt lat="29.6902542841" lon="106.527104499">
        <ele>362.2</ele>
        <time>2026-10-03T09:42:50+0800</time>
        <extensions>
          <gpxtpx:TrackPointExtension>
            <gpxtpx:hr>166</gpxtpx:hr>
            <gpxtpx:cad>88</gpxtpx:cad>
          </gpxtpx:TrackPointExtension>
        </extensions>
      </trkpt>
      <trkpt lat="29.6902681142" lon="106.52708279">
        <ele>362.0</ele>
        <time>2026-10-03T09:42:51+0800</time>
        <extensions>
          <gpxtpx:TrackPointExtension>
            <gpxtpx:hr>166</gpxtpx:hr>
            <gpxtpx:cad>88</gpxtpx:cad>
          </gpxtpx:TrackPointExtension>
        </extensions>
      </trkpt>
      <trkpt lat="29.6902800165" lon="106.527070971">
        <ele>362.0</ele>
        <time>2026-10-03T09:42:52+0800</time>
        <extensions>
          <gpxtpx:TrackPointExtension>
            <gpxtpx:hr>166</gpxtpx:hr>
            <gpxtpx:cad>89</gpxtpx:cad>
          </gpxtpx:TrackPointExtension>
        </extensions>
      </trkpt>
      <trkpt lat="29.6902900748" lon="106.527048508">
        <ele>361.8</ele>
        <time>2026-10-03T09:42:53+0800</time>
        <extensions>
          <gpxtpx:TrackPointExtension>
            <gpxtpx:hr>166</gpxtpx:hr>
            <gpxtpx:cad>89</gpxtpx:cad>
          </gpxtpx:TrackPointExtension>
        </extensions>
      </trkpt>
      <trkpt lat="29.6903021447" lon="106.527031073">
        <ele>361.8</ele>
        <time>2026-10-03T09:42:54+0800</time>
        <extensions>
          <gpxtpx:TrackPointExtension>
            <gpxtpx:hr>166</gpxtpx:hr>
            <gpxtpx:cad>88</gpxtpx:cad>
          </gpxtpx:TrackPointExtension>
        </extensions>
      </trkpt>
      <trkpt lat="29.69031455" lon="106.527012298">
        <ele>361.6</ele>
        <time>2026-10-03T09:42:55+0800</time>
        <extensions>
          <gpxtpx:TrackPointExtension>
            <gpxtpx:hr>166</gpxtpx:hr>
            <gpxtpx:cad>87</gpxtpx:cad>
          </gpxtpx:TrackPointExtension>
        </extensions>
      </trkpt>
      <trkpt lat="29.6903255302" lon="106.527000228">
        <ele>361.6</ele>
        <time>2026-10-03T09:42:56+0800</time>
        <extensions>
          <gpxtpx:TrackPointExtension>
            <gpxtpx:hr>167</gpxtpx:hr>
            <gpxtpx:cad>87</gpxtpx:cad>
          </gpxtpx:TrackPointExtension>
        </extensions>
      </trkpt>
      <trkpt lat="29.690336762" lon="106.526978016">
        <ele>361.4</ele>
        <time>2026-10-03T09:42:57+0800</time>
        <extensions>
          <gpxtpx:TrackPointExtension>
            <gpxtpx:hr>166</gpxtpx:hr>
            <gpxtpx:cad>88</gpxtpx:cad>
          </gpxtpx:TrackPointExtension>
        </extensions>
      </trkpt>
      <trkpt lat="29.6903486643" lon="106.526964353">
        <ele>361.4</ele>
        <time>2026-10-03T09:42:58+0800</time>
        <extensions>
          <gpxtpx:TrackPointExtension>
            <gpxtpx:hr>166</gpxtpx:hr>
            <gpxtpx:cad>88</gpxtpx:cad>
          </gpxtpx:TrackPointExtension>
        </extensions>
      </trkpt>
      <trkpt lat="29.6903623268" lon="106.526942728">
        <ele>361.4</ele>
        <time>2026-10-03T09:42:59+0800</time>
        <extensions>
          <gpxtpx:TrackPointExtension>
            <gpxtpx:hr>166</gpxtpx:hr>
            <gpxtpx:cad>89</gpxtpx:cad>
          </gpxtpx:TrackPointExtension>
        </extensions>
      </trkpt>
      <trkpt lat="29.6903703734" lon="106.52692982">
        <ele>361.2</ele>
        <time>2026-10-03T09:43:00+0800</time>
        <extensions>
          <gpxtpx:TrackPointExtension>
            <gpxtpx:hr>166</gpxtpx:hr>
            <gpxtpx:cad>90</gpxtpx:cad>
          </gpxtpx:TrackPointExtension>
        </extensions>
      </trkpt>
      <trkpt lat="29.6903827786" lon="106.526909871">
        <ele>361.2</ele>
        <time>2026-10-03T09:43:01+0800</time>
        <extensions>
          <gpxtpx:TrackPointExtension>
            <gpxtpx:hr>166</gpxtpx:hr>
            <gpxtpx:cad>90</gpxtpx:cad>
          </gpxtpx:TrackPointExtension>
        </extensions>
      </trkpt>
      <trkpt lat="29.690397447" lon="106.526897382">
        <ele>361.2</ele>
        <time>2026-10-03T09:43:02+0800</time>
        <extensions>
          <gpxtpx:TrackPointExtension>
            <gpxtpx:hr>166</gpxtpx:hr>
            <gpxtpx:cad>89</gpxtpx:cad>
          </gpxtpx:TrackPointExtension>
        </extensions>
      </trkpt>
      <trkpt lat="29.6904098522" lon="106.526881959">
        <ele>361.2</ele>
        <time>2026-10-03T09:43:03+0800</time>
        <extensions>
          <gpxtpx:TrackPointExtension>
            <gpxtpx:hr>166</gpxtpx:hr>
            <gpxtpx:cad>89</gpxtpx:cad>
          </gpxtpx:TrackPointExtension>
        </extensions>
      </trkpt>
      <trkpt lat="29.690419659" lon="106.526862346">
        <ele>361.2</ele>
        <time>2026-10-03T09:43:04+0800</time>
        <extensions>
          <gpxtpx:TrackPointExtension>
            <gpxtpx:hr>166</gpxtpx:hr>
            <gpxtpx:cad>90</gpxtpx:cad>
          </gpxtpx:TrackPointExtension>
        </extensions>
      </trkpt>
      <trkpt lat="29.6904279571" lon="106.526845749">
        <ele>361.2</ele>
        <time>2026-10-03T09:43:05+0800</time>
        <extensions>
          <gpxtpx:TrackPointExtension>
            <gpxtpx:hr>166</gpxtpx:hr>
            <gpxtpx:cad>90</gpxtpx:cad>
          </gpxtpx:TrackPointExtension>
        </extensions>
      </trkpt>
      <trkpt lat="29.6904384345" lon="106.52682865">
        <ele>361.2</ele>
        <time>2026-10-03T09:43:06+0800</time>
        <extensions>
          <gpxtpx:TrackPointExtension>
            <gpxtpx:hr>166</gpxtpx:hr>
            <gpxtpx:cad>89</gpxtpx:cad>
          </gpxtpx:TrackPointExtension>
        </extensions>
      </trkpt>
      <trkpt lat="29.6904561203" lon="106.526809288">
        <ele>361.0</ele>
        <time>2026-10-03T09:43:07+0800</time>
        <extensions>
          <gpxtpx:TrackPointExtension>
            <gpxtpx:hr>167</gpxtpx:hr>
            <gpxtpx:cad>89</gpxtpx:cad>
          </gpxtpx:TrackPointExtension>
        </extensions>
      </trkpt>
      <trkpt lat="29.6904695313" lon="106.526792189">
        <ele>361.0</ele>
        <time>2026-10-03T09:43:08+0800</time>
        <extensions>
          <gpxtpx:TrackPointExtension>
            <gpxtpx:hr>166</gpxtpx:hr>
            <gpxtpx:cad>89</gpxtpx:cad>
          </gpxtpx:TrackPointExtension>
        </extensions>
      </trkpt>
      <trkpt lat="29.6904767398" lon="106.526773917">
        <ele>360.8</ele>
        <time>2026-10-03T09:43:09+0800</time>
        <extensions>
          <gpxtpx:TrackPointExtension>
            <gpxtpx:hr>166</gpxtpx:hr>
            <gpxtpx:cad>89</gpxtpx:cad>
          </gpxtpx:TrackPointExtension>
        </extensions>
      </trkpt>
      <trkpt lat="29.6904875524" lon="106.52676017">
        <ele>360.8</ele>
        <time>2026-10-03T09:43:10+0800</time>
        <extensions>
          <gpxtpx:TrackPointExtension>
            <gpxtpx:hr>166</gpxtpx:hr>
            <gpxtpx:cad>89</gpxtpx:cad>
          </gpxtpx:TrackPointExtension>
        </extensions>
      </trkpt>
      <trkpt lat="29.6904986165" lon="106.526742484">
        <ele>360.8</ele>
        <time>2026-10-03T09:43:11+0800</time>
        <extensions>
          <gpxtpx:TrackPointExtension>
            <gpxtpx:hr>166</gpxtpx:hr>
            <gpxtpx:cad>90</gpxtpx:cad>
          </gpxtpx:TrackPointExtension>
        </extensions>
      </trkpt>
      <trkpt lat="29.6905088425" lon="106.526729492">
        <ele>360.8</ele>
        <time>2026-10-03T09:43:12+0800</time>
        <extensions>
          <gpxtpx:TrackPointExtension>
            <gpxtpx:hr>166</gpxtpx:hr>
            <gpxtpx:cad>90</gpxtpx:cad>
          </gpxtpx:TrackPointExtension>
        </extensions>
      </trkpt>
      <trkpt lat="29.6905218344" lon="106.526706945">
        <ele>360.6</ele>
        <time>2026-10-03T09:43:13+0800</time>
        <extensions>
          <gpxtpx:TrackPointExtension>
            <gpxtpx:hr>166</gpxtpx:hr>
            <gpxtpx:cad>91</gpxtpx:cad>
          </gpxtpx:TrackPointExtension>
        </extensions>
      </trkpt>
      <trkpt lat="29.69053315" lon="106.526690265">
        <ele>360.6</ele>
        <time>2026-10-03T09:43:14+0800</time>
        <extensions>
          <gpxtpx:TrackPointExtension>
            <gpxtpx:hr>165</gpxtpx:hr>
            <gpxtpx:cad>91</gpxtpx:cad>
          </gpxtpx:TrackPointExtension>
        </extensions>
      </trkpt>
      <trkpt lat="29.6905396041" lon="106.526673334">
        <ele>360.6</ele>
        <time>2026-10-03T09:43:15+0800</time>
        <extensions>
          <gpxtpx:TrackPointExtension>
            <gpxtpx:hr>166</gpxtpx:hr>
            <gpxtpx:cad>91</gpxtpx:cad>
          </gpxtpx:TrackPointExtension>
        </extensions>
      </trkpt>
      <trkpt lat="29.6905506682" lon="106.526661012">
        <ele>360.6</ele>
        <time>2026-10-03T09:43:16+0800</time>
        <extensions>
          <gpxtpx:TrackPointExtension>
            <gpxtpx:hr>165</gpxtpx:hr>
            <gpxtpx:cad>91</gpxtpx:cad>
          </gpxtpx:TrackPointExtension>
        </extensions>
      </trkpt>
      <trkpt lat="29.6905608941" lon="106.526641902">
        <ele>360.4</ele>
        <time>2026-10-03T09:43:17+0800</time>
        <extensions>
          <gpxtpx:TrackPointExtension>
            <gpxtpx:hr>165</gpxtpx:hr>
            <gpxtpx:cad>91</gpxtpx:cad>
          </gpxtpx:TrackPointExtension>
        </extensions>
      </trkpt>
      <trkpt lat="29.6905714553" lon="106.526627988">
        <ele>360.4</ele>
        <time>2026-10-03T09:43:18+0800</time>
        <extensions>
          <gpxtpx:TrackPointExtension>
            <gpxtpx:hr>165</gpxtpx:hr>
            <gpxtpx:cad>90</gpxtpx:cad>
          </gpxtpx:TrackPointExtension>
        </extensions>
      </trkpt>
      <trkpt lat="29.690585034" lon="106.52661466">
        <ele>360.4</ele>
        <time>2026-10-03T09:43:19+0800</time>
        <extensions>
          <gpxtpx:TrackPointExtension>
            <gpxtpx:hr>166</gpxtpx:hr>
            <gpxtpx:cad>90</gpxtpx:cad>
          </gpxtpx:TrackPointExtension>
        </extensions>
      </trkpt>
      <trkpt lat="29.6905968525" lon="106.526596136">
        <ele>360.4</ele>
        <time>2026-10-03T09:43:20+0800</time>
        <extensions>
          <gpxtpx:TrackPointExtension>
            <gpxtpx:hr>165</gpxtpx:hr>
            <gpxtpx:cad>90</gpxtpx:cad>
          </gpxtpx:TrackPointExtension>
        </extensions>
      </trkpt>
      <trkpt lat="29.6906086709" lon="106.526580211">
        <ele>360.2</ele>
        <time>2026-10-03T09:43:21+0800</time>
        <extensions>
          <gpxtpx:TrackPointExtension>
            <gpxtpx:hr>166</gpxtpx:hr>
            <gpxtpx:cad>90</gpxtpx:cad>
          </gpxtpx:TrackPointExtension>
        </extensions>
      </trkpt>
      <trkpt lat="29.6906259377" lon="106.526567973">
        <ele>360.2</ele>
        <time>2026-10-03T09:43:22+0800</time>
        <extensions>
          <gpxtpx:TrackPointExtension>
            <gpxtpx:hr>166</gpxtpx:hr>
            <gpxtpx:cad>89</gpxtpx:cad>
          </gpxtpx:TrackPointExtension>
        </extensions>
      </trkpt>
      <trkpt lat="29.6906398516" lon="106.526545677">
        <ele>360.0</ele>
        <time>2026-10-03T09:43:23+0800</time>
        <extensions>
          <gpxtpx:TrackPointExtension>
            <gpxtpx:hr>166</gpxtpx:hr>
            <gpxtpx:cad>89</gpxtpx:cad>
          </gpxtpx:TrackPointExtension>
        </extensions>
      </trkpt>
      <trkpt lat="29.6906562801" lon="106.526530506">
        <ele>360.0</ele>
        <time>2026-10-03T09:43:24+0800</time>
        <extensions>
          <gpxtpx:TrackPointExtension>
            <gpxtpx:hr>166</gpxtpx:hr>
            <gpxtpx:cad>89</gpxtpx:cad>
          </gpxtpx:TrackPointExtension>
        </extensions>
      </trkpt>
      <trkpt lat="29.6906649973" lon="106.526516844">
        <ele>359.8</ele>
        <time>2026-10-03T09:43:25+0800</time>
        <extensions>
          <gpxtpx:TrackPointExtension>
            <gpxtpx:hr>166</gpxtpx:hr>
            <gpxtpx:cad>89</gpxtpx:cad>
          </gpxtpx:TrackPointExtension>
        </extensions>
      </trkpt>
      <trkpt lat="29.6906797495" lon="106.526497146">
        <ele>359.8</ele>
        <time>2026-10-03T09:43:26+0800</time>
        <extensions>
          <gpxtpx:TrackPointExtension>
            <gpxtpx:hr>167</gpxtpx:hr>
            <gpxtpx:cad>91</gpxtpx:cad>
          </gpxtpx:TrackPointExtension>
        </extensions>
      </trkpt>
      <trkpt lat="29.6906903945" lon="106.526484825">
        <ele>359.6</ele>
        <time>2026-10-03T09:43:27+0800</time>
        <extensions>
          <gpxtpx:TrackPointExtension>
            <gpxtpx:hr>168</gpxtpx:hr>
            <gpxtpx:cad>91</gpxtpx:cad>
          </gpxtpx:TrackPointExtension>
        </extensions>
      </trkpt>
      <trkpt lat="29.6906991117" lon="106.526465965">
        <ele>359.6</ele>
        <time>2026-10-03T09:43:28+0800</time>
        <extensions>
          <gpxtpx:TrackPointExtension>
            <gpxtpx:hr>169</gpxtpx:hr>
            <gpxtpx:cad>89</gpxtpx:cad>
          </gpxtpx:TrackPointExtension>
        </extensions>
      </trkpt>
      <trkpt lat="29.6907107625" lon="106.526450794">
        <ele>359.6</ele>
        <time>2026-10-03T09:43:29+0800</time>
        <extensions>
          <gpxtpx:TrackPointExtension>
            <gpxtpx:hr>169</gpxtpx:hr>
            <gpxtpx:cad>89</gpxtpx:cad>
          </gpxtpx:TrackPointExtension>
        </extensions>
      </trkpt>
      <trkpt lat="29.6907237545" lon="106.526433527">
        <ele>359.4</ele>
        <time>2026-10-03T09:43:30+0800</time>
        <extensions>
          <gpxtpx:TrackPointExtension>
            <gpxtpx:hr>170</gpxtpx:hr>
            <gpxtpx:cad>89</gpxtpx:cad>
          </gpxtpx:TrackPointExtension>
        </extensions>
      </trkpt>
      <trkpt lat="29.6907363273" lon="106.52641668">
        <ele>359.6</ele>
        <time>2026-10-03T09:43:31+0800</time>
        <extensions>
          <gpxtpx:TrackPointExtension>
            <gpxtpx:hr>170</gpxtpx:hr>
            <gpxtpx:cad>90</gpxtpx:cad>
          </gpxtpx:TrackPointExtension>
        </extensions>
      </trkpt>
      <trkpt lat="29.6907507442" lon="106.526402179">
        <ele>359.6</ele>
        <time>2026-10-03T09:43:32+0800</time>
        <extensions>
          <gpxtpx:TrackPointExtension>
            <gpxtpx:hr>170</gpxtpx:hr>
            <gpxtpx:cad>90</gpxtpx:cad>
          </gpxtpx:TrackPointExtension>
        </extensions>
      </trkpt>
      <trkpt lat="29.6907607187" lon="106.52638332">
        <ele>359.4</ele>
        <time>2026-10-03T09:43:33+0800</time>
        <extensions>
          <gpxtpx:TrackPointExtension>
            <gpxtpx:hr>171</gpxtpx:hr>
            <gpxtpx:cad>90</gpxtpx:cad>
          </gpxtpx:TrackPointExtension>
        </extensions>
      </trkpt>
      <trkpt lat="29.6907771472" lon="106.526375776">
        <ele>359.4</ele>
        <time>2026-10-03T09:43:34+0800</time>
        <extensions>
          <gpxtpx:TrackPointExtension>
            <gpxtpx:hr>171</gpxtpx:hr>
            <gpxtpx:cad>92</gpxtpx:cad>
          </gpxtpx:TrackPointExtension>
        </extensions>
      </trkpt>
      <trkpt lat="29.6907881275" lon="106.526355157">
        <ele>359.2</ele>
        <time>2026-10-03T09:43:35+0800</time>
        <extensions>
          <gpxtpx:TrackPointExtension>
            <gpxtpx:hr>171</gpxtpx:hr>
            <gpxtpx:cad>92</gpxtpx:cad>
          </gpxtpx:TrackPointExtension>
        </extensions>
      </trkpt>
      <trkpt lat="29.6907982696" lon="106.526340069">
        <ele>359.0</ele>
        <time>2026-10-03T09:43:36+0800</time>
        <extensions>
          <gpxtpx:TrackPointExtension>
            <gpxtpx:hr>172</gpxtpx:hr>
            <gpxtpx:cad>93</gpxtpx:cad>
          </gpxtpx:TrackPointExtension>
        </extensions>
      </trkpt>
      <trkpt lat="29.6908074059" lon="106.526318192">
        <ele>359.0</ele>
        <time>2026-10-03T09:43:37+0800</time>
        <extensions>
          <gpxtpx:TrackPointExtension>
            <gpxtpx:hr>173</gpxtpx:hr>
            <gpxtpx:cad>93</gpxtpx:cad>
          </gpxtpx:TrackPointExtension>
        </extensions>
      </trkpt>
      <trkpt lat="29.6908198949" lon="106.526300926">
        <ele>359.0</ele>
        <time>2026-10-03T09:43:38+0800</time>
        <extensions>
          <gpxtpx:TrackPointExtension>
            <gpxtpx:hr>177</gpxtpx:hr>
            <gpxtpx:cad>93</gpxtpx:cad>
          </gpxtpx:TrackPointExtension>
        </extensions>
      </trkpt>
      <trkpt lat="29.69083515" lon="106.526278462">
        <ele>358.8</ele>
        <time>2026-10-03T09:43:39+0800</time>
        <extensions>
          <gpxtpx:TrackPointExtension>
            <gpxtpx:hr>181</gpxtpx:hr>
            <gpxtpx:cad>93</gpxtpx:cad>
          </gpxtpx:TrackPointExtension>
        </extensions>
      </trkpt>
      <trkpt lat="29.6908493992" lon="106.526262788">
        <ele>358.8</ele>
        <time>2026-10-03T09:43:40+0800</time>
        <extensions>
          <gpxtpx:TrackPointExtension>
            <gpxtpx:hr>183</gpxtpx:hr>
            <gpxtpx:cad>92</gpxtpx:cad>
          </gpxtpx:TrackPointExtension>
        </extensions>
      </trkpt>
      <trkpt lat="29.6908621397" lon="106.526243258">
        <ele>358.8</ele>
        <time>2026-10-03T09:43:41+0800</time>
        <extensions>
          <gpxtpx:TrackPointExtension>
            <gpxtpx:hr>183</gpxtpx:hr>
            <gpxtpx:cad>92</gpxtpx:cad>
          </gpxtpx:TrackPointExtension>
        </extensions>
      </trkpt>
      <trkpt lat="29.6908743773" lon="106.526229931">
        <ele>358.6</ele>
        <time>2026-10-03T09:43:42+0800</time>
        <extensions>
          <gpxtpx:TrackPointExtension>
            <gpxtpx:hr>183</gpxtpx:hr>
            <gpxtpx:cad>92</gpxtpx:cad>
          </gpxtpx:TrackPointExtension>
        </extensions>
      </trkpt>
      <trkpt lat="29.6908872016" lon="106.526212245">
        <ele>358.8</ele>
        <time>2026-10-03T09:43:43+0800</time>
        <extensions>
          <gpxtpx:TrackPointExtension>
            <gpxtpx:hr>184</gpxtpx:hr>
            <gpxtpx:cad>91</gpxtpx:cad>
          </gpxtpx:TrackPointExtension>
        </extensions>
      </trkpt>
      <trkpt lat="29.690897679" lon="106.526202019">
        <ele>358.8</ele>
        <time>2026-10-03T09:43:44+0800</time>
        <extensions>
          <gpxtpx:TrackPointExtension>
            <gpxtpx:hr>184</gpxtpx:hr>
            <gpxtpx:cad>90</gpxtpx:cad>
          </gpxtpx:TrackPointExtension>
        </extensions>
      </trkpt>
      <trkpt lat="29.6909070667" lon="106.526187016">
        <ele>358.8</ele>
        <time>2026-10-03T09:43:45+0800</time>
        <extensions>
          <gpxtpx:TrackPointExtension>
            <gpxtpx:hr>184</gpxtpx:hr>
            <gpxtpx:cad>90</gpxtpx:cad>
          </gpxtpx:TrackPointExtension>
        </extensions>
      </trkpt>
      <trkpt lat="29.6909149457" lon="106.526171006">
        <ele>358.6</ele>
        <time>2026-10-03T09:43:46+0800</time>
        <extensions>
          <gpxtpx:TrackPointExtension>
            <gpxtpx:hr>183</gpxtpx:hr>
            <gpxtpx:cad>90</gpxtpx:cad>
          </gpxtpx:TrackPointExtension>
        </extensions>
      </trkpt>
      <trkpt lat="29.6909249201" lon="106.526158266">
        <ele>358.6</ele>
        <time>2026-10-03T09:43:47+0800</time>
        <extensions>
          <gpxtpx:TrackPointExtension>
            <gpxtpx:hr>184</gpxtpx:hr>
            <gpxtpx:cad>90</gpxtpx:cad>
          </gpxtpx:TrackPointExtension>
        </extensions>
      </trkpt>
      <trkpt lat="29.690938415" lon="106.52614058">
        <ele>358.4</ele>
        <time>2026-10-03T09:43:48+0800</time>
        <extensions>
          <gpxtpx:TrackPointExtension>
            <gpxtpx:hr>184</gpxtpx:hr>
            <gpxtpx:cad>84</gpxtpx:cad>
          </gpxtpx:TrackPointExtension>
        </extensions>
      </trkpt>
      <trkpt lat="29.6909487247" lon="106.526119541">
        <ele>358.4</ele>
        <time>2026-10-03T09:43:49+0800</time>
        <extensions>
          <gpxtpx:TrackPointExtension>
            <gpxtpx:hr>183</gpxtpx:hr>
            <gpxtpx:cad>84</gpxtpx:cad>
          </gpxtpx:TrackPointExtension>
        </extensions>
      </trkpt>
      <trkpt lat="29.6909623872" lon="106.526097832">
        <ele>358.2</ele>
        <time>2026-10-03T09:43:50+0800</time>
        <extensions>
          <gpxtpx:TrackPointExtension>
            <gpxtpx:hr>184</gpxtpx:hr>
            <gpxtpx:cad>84</gpxtpx:cad>
          </gpxtpx:TrackPointExtension>
        </extensions>
      </trkpt>
      <trkpt lat="29.690979654" lon="106.526081068">
        <ele>358.2</ele>
        <time>2026-10-03T09:43:51+0800</time>
        <extensions>
          <gpxtpx:TrackPointExtension>
            <gpxtpx:hr>184</gpxtpx:hr>
            <gpxtpx:cad>84</gpxtpx:cad>
          </gpxtpx:TrackPointExtension>
        </extensions>
      </trkpt>
      <trkpt lat="29.6909959149" lon="106.526062209">
        <ele>358.0</ele>
        <time>2026-10-03T09:43:52+0800</time>
        <extensions>
          <gpxtpx:TrackPointExtension>
            <gpxtpx:hr>183</gpxtpx:hr>
            <gpxtpx:cad>91</gpxtpx:cad>
          </gpxtpx:TrackPointExtension>
        </extensions>
      </trkpt>
      <trkpt lat="29.6910087392" lon="106.526040668">
        <ele>358.0</ele>
        <time>2026-10-03T09:43:53+0800</time>
        <extensions>
          <gpxtpx:TrackPointExtension>
            <gpxtpx:hr>184</gpxtpx:hr>
            <gpxtpx:cad>91</gpxtpx:cad>
          </gpxtpx:TrackPointExtension>
        </extensions>
      </trkpt>
      <trkpt lat="29.691025503" lon="106.526024239">
        <ele>357.8</ele>
        <time>2026-10-03T09:43:54+0800</time>
        <extensions>
          <gpxtpx:TrackPointExtension>
            <gpxtpx:hr>184</gpxtpx:hr>
            <gpxtpx:cad>90</gpxtpx:cad>
          </gpxtpx:TrackPointExtension>
        </extensions>
      </trkpt>
      <trkpt lat="29.6910403389" lon="106.525991382">
        <ele>357.8</ele>
        <time>2026-10-03T09:43:55+0800</time>
        <extensions>
          <gpxtpx:TrackPointExtension>
            <gpxtpx:hr>184</gpxtpx:hr>
            <gpxtpx:cad>90</gpxtpx:cad>
          </gpxtpx:TrackPointExtension>
        </extensions>
      </trkpt>
      <trkpt lat="29.6910536662" lon="106.525971685">
        <ele>357.6</ele>
        <time>2026-10-03T09:43:56+0800</time>
        <extensions>
          <gpxtpx:TrackPointExtension>
            <gpxtpx:hr>184</gpxtpx:hr>
            <gpxtpx:cad>92</gpxtpx:cad>
          </gpxtpx:TrackPointExtension>
        </extensions>
      </trkpt>
      <trkpt lat="29.6910739504" lon="106.525953412">
        <ele>357.4</ele>
        <time>2026-10-03T09:43:57+0800</time>
        <extensions>
          <gpxtpx:TrackPointExtension>
            <gpxtpx:hr>184</gpxtpx:hr>
            <gpxtpx:cad>94</gpxtpx:cad>
          </gpxtpx:TrackPointExtension>
        </extensions>
      </trkpt>
      <trkpt lat="29.6910955757" lon="106.525921309">
        <ele>357.4</ele>
        <time>2026-10-03T09:43:58+0800</time>
        <extensions>
          <gpxtpx:TrackPointExtension>
            <gpxtpx:hr>184</gpxtpx:hr>
            <gpxtpx:cad>95</gpxtpx:cad>
          </gpxtpx:TrackPointExtension>
        </extensions>
      </trkpt>
      <trkpt lat="29.6911253314" lon="106.525881663">
        <ele>357.2</ele>
        <time>2026-10-03T09:43:59+0800</time>
        <extensions>
          <gpxtpx:TrackPointExtension>
            <gpxtpx:hr>184</gpxtpx:hr>
            <gpxtpx:cad>95</gpxtpx:cad>
          </gpxtpx:TrackPointExtension>
        </extensions>
      </trkpt>
      <trkpt lat="29.6911431011" lon="106.525857355">
        <ele>357.2</ele>
        <time>2026-10-03T09:44:00+0800</time>
        <extensions>
          <gpxtpx:TrackPointExtension>
            <gpxtpx:hr>184</gpxtpx:hr>
            <gpxtpx:cad>95</gpxtpx:cad>
          </gpxtpx:TrackPointExtension>
        </extensions>
      </trkpt>
      <trkpt lat="29.6911660675" lon="106.52582366">
        <ele>357.2</ele>
        <time>2026-10-03T09:44:01+0800</time>
        <extensions>
          <gpxtpx:TrackPointExtension>
            <gpxtpx:hr>184</gpxtpx:hr>
            <gpxtpx:cad>95</gpxtpx:cad>
          </gpxtpx:TrackPointExtension>
        </extensions>
      </trkpt>
      <trkpt lat="29.691181574" lon="106.525803125">
        <ele>357.2</ele>
        <time>2026-10-03T09:44:02+0800</time>
        <extensions>
          <gpxtpx:TrackPointExtension>
            <gpxtpx:hr>184</gpxtpx:hr>
            <gpxtpx:cad>95</gpxtpx:cad>
          </gpxtpx:TrackPointExtension>
        </extensions>
      </trkpt>
      <trkpt lat="29.6911983378" lon="106.525782673">
        <ele>357.0</ele>
        <time>2026-10-03T09:44:03+0800</time>
        <extensions>
          <gpxtpx:TrackPointExtension>
            <gpxtpx:hr>184</gpxtpx:hr>
            <gpxtpx:cad>95</gpxtpx:cad>
          </gpxtpx:TrackPointExtension>
        </extensions>
      </trkpt>
      <trkpt lat="29.6912113298" lon="106.525769178">
        <ele>357.0</ele>
        <time>2026-10-03T09:44:04+0800</time>
        <extensions>
          <gpxtpx:TrackPointExtension>
            <gpxtpx:hr>184</gpxtpx:hr>
            <gpxtpx:cad>100</gpxtpx:cad>
          </gpxtpx:TrackPointExtension>
        </extensions>
      </trkpt>
      <trkpt lat="29.6912212204" lon="106.525745625">
        <ele>356.8</ele>
        <time>2026-10-03T09:44:05+0800</time>
        <extensions>
          <gpxtpx:TrackPointExtension>
            <gpxtpx:hr>184</gpxtpx:hr>
            <gpxtpx:cad>100</gpxtpx:cad>
          </gpxtpx:TrackPointExtension>
        </extensions>
      </trkpt>
      <trkpt lat="29.6912300214" lon="106.525723916">
        <ele>356.6</ele>
        <time>2026-10-03T09:44:06+0800</time>
        <extensions>
          <gpxtpx:TrackPointExtension>
            <gpxtpx:hr>183</gpxtpx:hr>
            <gpxtpx:cad>94</gpxtpx:cad>
          </gpxtpx:TrackPointExtension>
        </extensions>
      </trkpt>
      <trkpt lat="29.6912460309" lon="106.525709247">
        <ele>356.6</ele>
        <time>2026-10-03T09:44:07+0800</time>
        <extensions>
          <gpxtpx:TrackPointExtension>
            <gpxtpx:hr>182</gpxtpx:hr>
            <gpxtpx:cad>94</gpxtpx:cad>
          </gpxtpx:TrackPointExtension>
        </extensions>
      </trkpt>
      <trkpt lat="29.6912612021" lon="106.525682593">
        <ele>356.8</ele>
        <time>2026-10-03T09:44:08+0800</time>
        <extensions>
          <gpxtpx:TrackPointExtension>
            <gpxtpx:hr>182</gpxtpx:hr>
            <gpxtpx:cad>94</gpxtpx:cad>
          </gpxtpx:TrackPointExtension>
        </extensions>
      </trkpt>
      <trkpt lat="29.6912782174" lon="106.525670104">
        <ele>356.6</ele>
        <time>2026-10-03T09:44:09+0800</time>
        <extensions>
          <gpxtpx:TrackPointExtension>
            <gpxtpx:hr>181</gpxtpx:hr>
            <gpxtpx:cad>92</gpxtpx:cad>
          </gpxtpx:TrackPointExtension>
        </extensions>
      </trkpt>
      <trkpt lat="29.6912906226" lon="106.525649149">
        <ele>356.6</ele>
        <time>2026-10-03T09:44:10+0800</time>
        <extensions>
          <gpxtpx:TrackPointExtension>
            <gpxtpx:hr>180</gpxtpx:hr>
            <gpxtpx:cad>92</gpxtpx:cad>
          </gpxtpx:TrackPointExtension>
        </extensions>
      </trkpt>
      <trkpt lat="29.6913095657" lon="106.525635654">
        <ele>356.6</ele>
        <time>2026-10-03T09:44:11+0800</time>
        <extensions>
          <gpxtpx:TrackPointExtension>
            <gpxtpx:hr>180</gpxtpx:hr>
            <gpxtpx:cad>92</gpxtpx:cad>
          </gpxtpx:TrackPointExtension>
        </extensions>
      </trkpt>
      <trkpt lat="29.6913200431" lon="106.525615286">
        <ele>356.6</ele>
        <time>2026-10-03T09:44:12+0800</time>
        <extensions>
          <gpxtpx:TrackPointExtension>
            <gpxtpx:hr>179</gpxtpx:hr>
            <gpxtpx:cad>92</gpxtpx:cad>
          </gpxtpx:TrackPointExtension>
        </extensions>
      </trkpt>
      <trkpt lat="29.6913318615" lon="106.525607659">
        <ele>356.4</ele>
        <time>2026-10-03T09:44:13+0800</time>
        <extensions>
          <gpxtpx:TrackPointExtension>
            <gpxtpx:hr>178</gpxtpx:hr>
            <gpxtpx:cad>92</gpxtpx:cad>
          </gpxtpx:TrackPointExtension>
        </extensions>
      </trkpt>
      <trkpt lat="29.6913421713" lon="106.525589805">
        <ele>356.4</ele>
        <time>2026-10-03T09:44:14+0800</time>
        <extensions>
          <gpxtpx:TrackPointExtension>
            <gpxtpx:hr>178</gpxtpx:hr>
            <gpxtpx:cad>93</gpxtpx:cad>
          </gpxtpx:TrackPointExtension>
        </extensions>
      </trkpt>
      <trkpt lat="29.6913551632" lon="106.5255774">
        <ele>356.4</ele>
        <time>2026-10-03T09:44:15+0800</time>
        <extensions>
          <gpxtpx:TrackPointExtension>
            <gpxtpx:hr>178</gpxtpx:hr>
            <gpxtpx:cad>93</gpxtpx:cad>
          </gpxtpx:TrackPointExtension>
        </extensions>
      </trkpt>
      <trkpt lat="29.691364551" lon="106.525561307">
        <ele>356.4</ele>
        <time>2026-10-03T09:44:16+0800</time>
        <extensions>
          <gpxtpx:TrackPointExtension>
            <gpxtpx:hr>177</gpxtpx:hr>
            <gpxtpx:cad>93</gpxtpx:cad>
          </gpxtpx:TrackPointExtension>
        </extensions>
      </trkpt>
      <trkpt lat="29.6913778782" lon="106.525547476">
        <ele>356.4</ele>
        <time>2026-10-03T09:44:17+0800</time>
        <extensions>
          <gpxtpx:TrackPointExtension>
            <gpxtpx:hr>177</gpxtpx:hr>
            <gpxtpx:cad>93</gpxtpx:cad>
          </gpxtpx:TrackPointExtension>
        </extensions>
      </trkpt>
      <trkpt lat="29.6913897805" lon="106.525535155">
        <ele>356.4</ele>
        <time>2026-10-03T09:44:18+0800</time>
        <extensions>
          <gpxtpx:TrackPointExtension>
            <gpxtpx:hr>177</gpxtpx:hr>
            <gpxtpx:cad>93</gpxtpx:cad>
          </gpxtpx:TrackPointExtension>
        </extensions>
      </trkpt>
      <trkpt lat="29.6914064605" lon="106.525516547">
        <ele>356.4</ele>
        <time>2026-10-03T09:44:19+0800</time>
        <extensions>
          <gpxtpx:TrackPointExtension>
            <gpxtpx:hr>177</gpxtpx:hr>
            <gpxtpx:cad>93</gpxtpx:cad>
          </gpxtpx:TrackPointExtension>
        </extensions>
      </trkpt>
      <trkpt lat="29.6914243978" lon="106.525505735">
        <ele>356.2</ele>
        <time>2026-10-03T09:44:20+0800</time>
        <extensions>
          <gpxtpx:TrackPointExtension>
            <gpxtpx:hr>177</gpxtpx:hr>
            <gpxtpx:cad>92</gpxtpx:cad>
          </gpxtpx:TrackPointExtension>
        </extensions>
      </trkpt>
      <trkpt lat="29.691439569" lon="106.525481343">
        <ele>356.0</ele>
        <time>2026-10-03T09:44:21+0800</time>
        <extensions>
          <gpxtpx:TrackPointExtension>
            <gpxtpx:hr>177</gpxtpx:hr>
            <gpxtpx:cad>92</gpxtpx:cad>
          </gpxtpx:TrackPointExtension>
        </extensions>
      </trkpt>
      <trkpt lat="29.6914539021" lon="106.52547162">
        <ele>355.8</ele>
        <time>2026-10-03T09:44:22+0800</time>
        <extensions>
          <gpxtpx:TrackPointExtension>
            <gpxtpx:hr>176</gpxtpx:hr>
            <gpxtpx:cad>92</gpxtpx:cad>
          </gpxtpx:TrackPointExtension>
        </extensions>
      </trkpt>
      <trkpt lat="29.6914644632" lon="106.525451168">
        <ele>355.8</ele>
        <time>2026-10-03T09:44:23+0800</time>
        <extensions>
          <gpxtpx:TrackPointExtension>
            <gpxtpx:hr>176</gpxtpx:hr>
            <gpxtpx:cad>92</gpxtpx:cad>
          </gpxtpx:TrackPointExtension>
        </extensions>
      </trkpt>
      <trkpt lat="29.6914814785" lon="106.525446726">
        <ele>355.6</ele>
        <time>2026-10-03T09:44:24+0800</time>
        <extensions>
          <gpxtpx:TrackPointExtension>
            <gpxtpx:hr>176</gpxtpx:hr>
            <gpxtpx:cad>94</gpxtpx:cad>
          </gpxtpx:TrackPointExtension>
        </extensions>
      </trkpt>
      <trkpt lat="29.6914938837" lon="106.525422335">
        <ele>355.6</ele>
        <time>2026-10-03T09:44:25+0800</time>
        <extensions>
          <gpxtpx:TrackPointExtension>
            <gpxtpx:hr>176</gpxtpx:hr>
            <gpxtpx:cad>94</gpxtpx:cad>
          </gpxtpx:TrackPointExtension>
        </extensions>
      </trkpt>
      <trkpt lat="29.6915059537" lon="106.525410013">
        <ele>355.6</ele>
        <time>2026-10-03T09:44:26+0800</time>
        <extensions>
          <gpxtpx:TrackPointExtension>
            <gpxtpx:hr>176</gpxtpx:hr>
            <gpxtpx:cad>94</gpxtpx:cad>
          </gpxtpx:TrackPointExtension>
        </extensions>
      </trkpt>
      <trkpt lat="29.691520622" lon="106.525392411">
        <ele>355.6</ele>
        <time>2026-10-03T09:44:27+0800</time>
        <extensions>
          <gpxtpx:TrackPointExtension>
            <gpxtpx:hr>177</gpxtpx:hr>
            <gpxtpx:cad>93</gpxtpx:cad>
          </gpxtpx:TrackPointExtension>
        </extensions>
      </trkpt>
      <trkpt lat="29.6915322728" lon="106.525374223">
        <ele>355.4</ele>
        <time>2026-10-03T09:44:28+0800</time>
        <extensions>
          <gpxtpx:TrackPointExtension>
            <gpxtpx:hr>176</gpxtpx:hr>
            <gpxtpx:cad>92</gpxtpx:cad>
          </gpxtpx:TrackPointExtension>
        </extensions>
      </trkpt>
      <trkpt lat="29.6915467735" lon="106.525360309">
        <ele>355.4</ele>
        <time>2026-10-03T09:44:29+0800</time>
        <extensions>
          <gpxtpx:TrackPointExtension>
            <gpxtpx:hr>177</gpxtpx:hr>
            <gpxtpx:cad>90</gpxtpx:cad>
          </gpxtpx:TrackPointExtension>
        </extensions>
      </trkpt>
      <trkpt lat="29.6915615257" lon="106.525346814">
        <ele>355.4</ele>
        <time>2026-10-03T09:44:30+0800</time>
        <extensions>
          <gpxtpx:TrackPointExtension>
            <gpxtpx:hr>177</gpxtpx:hr>
            <gpxtpx:cad>90</gpxtpx:cad>
          </gpxtpx:TrackPointExtension>
        </extensions>
      </trkpt>
      <trkpt lat="29.6915753558" lon="106.52533751">
        <ele>355.2</ele>
        <time>2026-10-03T09:44:31+0800</time>
        <extensions>
          <gpxtpx:TrackPointExtension>
            <gpxtpx:hr>177</gpxtpx:hr>
            <gpxtpx:cad>92</gpxtpx:cad>
          </gpxtpx:TrackPointExtension>
        </extensions>
      </trkpt>
      <trkpt lat="29.691592874" lon="106.525316471">
        <ele>355.2</ele>
        <time>2026-10-03T09:44:32+0800</time>
        <extensions>
          <gpxtpx:TrackPointExtension>
            <gpxtpx:hr>177</gpxtpx:hr>
            <gpxtpx:cad>92</gpxtpx:cad>
          </gpxtpx:TrackPointExtension>
        </extensions>
      </trkpt>
      <trkpt lat="29.6916056145" lon="106.52530985">
        <ele>355.2</ele>
        <time>2026-10-03T09:44:33+0800</time>
        <extensions>
          <gpxtpx:TrackPointExtension>
            <gpxtpx:hr>177</gpxtpx:hr>
            <gpxtpx:cad>91</gpxtpx:cad>
          </gpxtpx:TrackPointExtension>
        </extensions>
      </trkpt>
      <trkpt lat="29.6916244738" lon="106.525288979">
        <ele>355.0</ele>
        <time>2026-10-03T09:44:34+0800</time>
        <extensions>
          <gpxtpx:TrackPointExtension>
            <gpxtpx:hr>177</gpxtpx:hr>
            <gpxtpx:cad>91</gpxtpx:cad>
          </gpxtpx:TrackPointExtension>
        </extensions>
      </trkpt>
      <trkpt lat="29.6916367952" lon="106.525280764">
        <ele>355.0</ele>
        <time>2026-10-03T09:44:35+0800</time>
        <extensions>
          <gpxtpx:TrackPointExtension>
            <gpxtpx:hr>177</gpxtpx:hr>
            <gpxtpx:cad>91</gpxtpx:cad>
          </gpxtpx:TrackPointExtension>
        </extensions>
      </trkpt>
      <trkpt lat="29.6916560736" lon="106.525267186">
        <ele>355.0</ele>
        <time>2026-10-03T09:44:36+0800</time>
        <extensions>
          <gpxtpx:TrackPointExtension>
            <gpxtpx:hr>177</gpxtpx:hr>
            <gpxtpx:cad>91</gpxtpx:cad>
          </gpxtpx:TrackPointExtension>
        </extensions>
      </trkpt>
      <trkpt lat="29.6916741785" lon="106.525257882">
        <ele>354.8</ele>
        <time>2026-10-03T09:44:37+0800</time>
        <extensions>
          <gpxtpx:TrackPointExtension>
            <gpxtpx:hr>177</gpxtpx:hr>
            <gpxtpx:cad>94</gpxtpx:cad>
          </gpxtpx:TrackPointExtension>
        </extensions>
      </trkpt>
      <trkpt lat="29.6916916966" lon="106.525240783">
        <ele>354.8</ele>
        <time>2026-10-03T09:44:38+0800</time>
        <extensions>
          <gpxtpx:TrackPointExtension>
            <gpxtpx:hr>178</gpxtpx:hr>
            <gpxtpx:cad>94</gpxtpx:cad>
          </gpxtpx:TrackPointExtension>
        </extensions>
      </trkpt>
      <trkpt lat="29.691705443" lon="106.525227372">
        <ele>354.6</ele>
        <time>2026-10-03T09:44:39+0800</time>
        <extensions>
          <gpxtpx:TrackPointExtension>
            <gpxtpx:hr>178</gpxtpx:hr>
            <gpxtpx:cad>93</gpxtpx:cad>
          </gpxtpx:TrackPointExtension>
        </extensions>
      </trkpt>
      <trkpt lat="29.6917227935" lon="106.525214883">
        <ele>354.6</ele>
        <time>2026-10-03T09:44:40+0800</time>
        <extensions>
          <gpxtpx:TrackPointExtension>
            <gpxtpx:hr>178</gpxtpx:hr>
            <gpxtpx:cad>93</gpxtpx:cad>
          </gpxtpx:TrackPointExtension>
        </extensions>
      </trkpt>
      <trkpt lat="29.6917383838" lon="106.525201304">
        <ele>354.4</ele>
        <time>2026-10-03T09:44:41+0800</time>
        <extensions>
          <gpxtpx:TrackPointExtension>
            <gpxtpx:hr>177</gpxtpx:hr>
            <gpxtpx:cad>92</gpxtpx:cad>
          </gpxtpx:TrackPointExtension>
        </extensions>
      </trkpt>
      <trkpt lat="29.6917567402" lon="106.525202394">
        <ele>354.4</ele>
        <time>2026-10-03T09:44:42+0800</time>
        <extensions>
          <gpxtpx:TrackPointExtension>
            <gpxtpx:hr>178</gpxtpx:hr>
            <gpxtpx:cad>92</gpxtpx:cad>
          </gpxtpx:TrackPointExtension>
        </extensions>
      </trkpt>
      <trkpt lat="29.691774426" lon="106.525184708">
        <ele>354.2</ele>
        <time>2026-10-03T09:44:43+0800</time>
        <extensions>
          <gpxtpx:TrackPointExtension>
            <gpxtpx:hr>177</gpxtpx:hr>
            <gpxtpx:cad>93</gpxtpx:cad>
          </gpxtpx:TrackPointExtension>
        </extensions>
      </trkpt>
      <trkpt lat="29.6917880885" lon="106.525174314">
        <ele>354.2</ele>
        <time>2026-10-03T09:44:44+0800</time>
        <extensions>
          <gpxtpx:TrackPointExtension>
            <gpxtpx:hr>177</gpxtpx:hr>
            <gpxtpx:cad>94</gpxtpx:cad>
          </gpxtpx:TrackPointExtension>
        </extensions>
      </trkpt>
      <trkpt lat="29.6918071993" lon="106.52515973">
        <ele>354.2</ele>
        <time>2026-10-03T09:44:45+0800</time>
        <extensions>
          <gpxtpx:TrackPointExtension>
            <gpxtpx:hr>177</gpxtpx:hr>
            <gpxtpx:cad>94</gpxtpx:cad>
          </gpxtpx:TrackPointExtension>
        </extensions>
      </trkpt>
      <trkpt lat="29.6918194368" lon="106.525149923">
        <ele>354.2</ele>
        <time>2026-10-03T09:44:46+0800</time>
        <extensions>
          <gpxtpx:TrackPointExtension>
            <gpxtpx:hr>177</gpxtpx:hr>
            <gpxtpx:cad>94</gpxtpx:cad>
          </gpxtpx:TrackPointExtension>
        </extensions>
      </trkpt>
      <trkpt lat="29.6918353625" lon="106.525136009">
        <ele>354.2</ele>
        <time>2026-10-03T09:44:47+0800</time>
        <extensions>
          <gpxtpx:TrackPointExtension>
            <gpxtpx:hr>177</gpxtpx:hr>
            <gpxtpx:cad>94</gpxtpx:cad>
          </gpxtpx:TrackPointExtension>
        </extensions>
      </trkpt>
      <trkpt lat="29.6918483544" lon="106.525124442">
        <ele>354.0</ele>
        <time>2026-10-03T09:44:48+0800</time>
        <extensions>
          <gpxtpx:TrackPointExtension>
            <gpxtpx:hr>177</gpxtpx:hr>
            <gpxtpx:cad>94</gpxtpx:cad>
          </gpxtpx:TrackPointExtension>
        </extensions>
      </trkpt>
      <trkpt lat="29.69186428" lon="106.525112791">
        <ele>353.8</ele>
        <time>2026-10-03T09:44:49+0800</time>
        <extensions>
          <gpxtpx:TrackPointExtension>
            <gpxtpx:hr>177</gpxtpx:hr>
            <gpxtpx:cad>93</gpxtpx:cad>
          </gpxtpx:TrackPointExtension>
        </extensions>
      </trkpt>
      <trkpt lat="29.6918848157" lon="106.525095021">
        <ele>353.8</ele>
        <time>2026-10-03T09:44:50+0800</time>
        <extensions>
          <gpxtpx:TrackPointExtension>
            <gpxtpx:hr>177</gpxtpx:hr>
            <gpxtpx:cad>91</gpxtpx:cad>
          </gpxtpx:TrackPointExtension>
        </extensions>
      </trkpt>
      <trkpt lat="29.6918996517" lon="106.525087561">
        <ele>353.6</ele>
        <time>2026-10-03T09:44:51+0800</time>
        <extensions>
          <gpxtpx:TrackPointExtension>
            <gpxtpx:hr>178</gpxtpx:hr>
            <gpxtpx:cad>90</gpxtpx:cad>
          </gpxtpx:TrackPointExtension>
        </extensions>
      </trkpt>
      <trkpt lat="29.6919196006" lon="106.525076749">
        <ele>353.2</ele>
        <time>2026-10-03T09:44:52+0800</time>
        <extensions>
          <gpxtpx:TrackPointExtension>
            <gpxtpx:hr>178</gpxtpx:hr>
            <gpxtpx:cad>90</gpxtpx:cad>
          </gpxtpx:TrackPointExtension>
        </extensions>
      </trkpt>
      <trkpt lat="29.6919360291" lon="106.525067696">
        <ele>353.2</ele>
        <time>2026-10-03T09:44:53+0800</time>
        <extensions>
          <gpxtpx:TrackPointExtension>
            <gpxtpx:hr>178</gpxtpx:hr>
            <gpxtpx:cad>91</gpxtpx:cad>
          </gpxtpx:TrackPointExtension>
        </extensions>
      </trkpt>
      <trkpt lat="29.6919537988" lon="106.525048502">
        <ele>353.0</ele>
        <time>2026-10-03T09:44:54+0800</time>
        <extensions>
          <gpxtpx:TrackPointExtension>
            <gpxtpx:hr>178</gpxtpx:hr>
            <gpxtpx:cad>91</gpxtpx:cad>
          </gpxtpx:TrackPointExtension>
        </extensions>
      </trkpt>
      <trkpt lat="29.6919703949" lon="106.525038108">
        <ele>352.8</ele>
        <time>2026-10-03T09:44:55+0800</time>
        <extensions>
          <gpxtpx:TrackPointExtension>
            <gpxtpx:hr>178</gpxtpx:hr>
            <gpxtpx:cad>91</gpxtpx:cad>
          </gpxtpx:TrackPointExtension>
        </extensions>
      </trkpt>
      <trkpt lat="29.6919891704" lon="106.525025368">
        <ele>352.6</ele>
        <time>2026-10-03T09:44:56+0800</time>
        <extensions>
          <gpxtpx:TrackPointExtension>
            <gpxtpx:hr>179</gpxtpx:hr>
            <gpxtpx:cad>91</gpxtpx:cad>
          </gpxtpx:TrackPointExtension>
        </extensions>
      </trkpt>
      <trkpt lat="29.692006018" lon="106.525023021">
        <ele>352.6</ele>
        <time>2026-10-03T09:44:57+0800</time>
        <extensions>
          <gpxtpx:TrackPointExtension>
            <gpxtpx:hr>179</gpxtpx:hr>
            <gpxtpx:cad>91</gpxtpx:cad>
          </gpxtpx:TrackPointExtension>
        </extensions>
      </trkpt>
      <trkpt lat="29.6920258831" lon="106.525002988">
        <ele>352.4</ele>
        <time>2026-10-03T09:44:58+0800</time>
        <extensions>
          <gpxtpx:TrackPointExtension>
            <gpxtpx:hr>179</gpxtpx:hr>
            <gpxtpx:cad>91</gpxtpx:cad>
          </gpxtpx:TrackPointExtension>
        </extensions>
      </trkpt>
      <trkpt lat="29.6920405515" lon="106.524995361">
        <ele>352.4</ele>
        <time>2026-10-03T09:44:59+0800</time>
        <extensions>
          <gpxtpx:TrackPointExtension>
            <gpxtpx:hr>179</gpxtpx:hr>
            <gpxtpx:cad>93</gpxtpx:cad>
          </gpxtpx:TrackPointExtension>
        </extensions>
      </trkpt>
      <trkpt lat="29.6920603327" lon="106.524979183">
        <ele>352.2</ele>
        <time>2026-10-03T09:45:00+0800</time>
        <extensions>
          <gpxtpx:TrackPointExtension>
            <gpxtpx:hr>179</gpxtpx:hr>
            <gpxtpx:cad>93</gpxtpx:cad>
          </gpxtpx:TrackPointExtension>
        </extensions>
      </trkpt>
      <trkpt lat="29.6920781862" lon="106.524970885">
        <ele>352.0</ele>
        <time>2026-10-03T09:45:01+0800</time>
        <extensions>
          <gpxtpx:TrackPointExtension>
            <gpxtpx:hr>179</gpxtpx:hr>
            <gpxtpx:cad>92</gpxtpx:cad>
          </gpxtpx:TrackPointExtension>
        </extensions>
      </trkpt>
      <trkpt lat="29.6920962073" lon="106.524958145">
        <ele>351.8</ele>
        <time>2026-10-03T09:45:02+0800</time>
        <extensions>
          <gpxtpx:TrackPointExtension>
            <gpxtpx:hr>179</gpxtpx:hr>
            <gpxtpx:cad>92</gpxtpx:cad>
          </gpxtpx:TrackPointExtension>
        </extensions>
      </trkpt>
      <trkpt lat="29.6921102889" lon="106.524943477">
        <ele>351.8</ele>
        <time>2026-10-03T09:45:03+0800</time>
        <extensions>
          <gpxtpx:TrackPointExtension>
            <gpxtpx:hr>179</gpxtpx:hr>
            <gpxtpx:cad>92</gpxtpx:cad>
          </gpxtpx:TrackPointExtension>
        </extensions>
      </trkpt>
      <trkpt lat="29.6921304893" lon="106.524936603">
        <ele>351.6</ele>
        <time>2026-10-03T09:45:04+0800</time>
        <extensions>
          <gpxtpx:TrackPointExtension>
            <gpxtpx:hr>179</gpxtpx:hr>
            <gpxtpx:cad>94</gpxtpx:cad>
          </gpxtpx:TrackPointExtension>
        </extensions>
      </trkpt>
      <trkpt lat="29.6921501867" lon="106.524915649">
        <ele>351.4</ele>
        <time>2026-10-03T09:45:05+0800</time>
        <extensions>
          <gpxtpx:TrackPointExtension>
            <gpxtpx:hr>179</gpxtpx:hr>
            <gpxtpx:cad>95</gpxtpx:cad>
          </gpxtpx:TrackPointExtension>
        </extensions>
      </trkpt>
      <trkpt lat="29.6921645198" lon="106.524907267">
        <ele>351.2</ele>
        <time>2026-10-03T09:45:06+0800</time>
        <extensions>
          <gpxtpx:TrackPointExtension>
            <gpxtpx:hr>179</gpxtpx:hr>
            <gpxtpx:cad>95</gpxtpx:cad>
          </gpxtpx:TrackPointExtension>
        </extensions>
      </trkpt>
      <trkpt lat="29.6921839658" lon="106.524893856">
        <ele>351.0</ele>
        <time>2026-10-03T09:45:07+0800</time>
        <extensions>
          <gpxtpx:TrackPointExtension>
            <gpxtpx:hr>179</gpxtpx:hr>
            <gpxtpx:cad>95</gpxtpx:cad>
          </gpxtpx:TrackPointExtension>
        </extensions>
      </trkpt>
      <trkpt lat="29.6922049206" lon="106.524888407">
        <ele>350.8</ele>
        <time>2026-10-03T09:45:08+0800</time>
        <extensions>
          <gpxtpx:TrackPointExtension>
            <gpxtpx:hr>179</gpxtpx:hr>
            <gpxtpx:cad>95</gpxtpx:cad>
          </gpxtpx:TrackPointExtension>
        </extensions>
      </trkpt>
      <trkpt lat="29.6922241151" lon="106.524872901">
        <ele>350.4</ele>
        <time>2026-10-03T09:45:09+0800</time>
        <extensions>
          <gpxtpx:TrackPointExtension>
            <gpxtpx:hr>179</gpxtpx:hr>
            <gpxtpx:cad>95</gpxtpx:cad>
          </gpxtpx:TrackPointExtension>
        </extensions>
      </trkpt>
      <trkpt lat="29.6922423039" lon="106.524860999">
        <ele>350.2</ele>
        <time>2026-10-03T09:45:10+0800</time>
        <extensions>
          <gpxtpx:TrackPointExtension>
            <gpxtpx:hr>179</gpxtpx:hr>
            <gpxtpx:cad>94</gpxtpx:cad>
          </gpxtpx:TrackPointExtension>
        </extensions>
      </trkpt>
      <trkpt lat="29.6922636777" lon="106.524843648">
        <ele>350.2</ele>
        <time>2026-10-03T09:45:11+0800</time>
        <extensions>
          <gpxtpx:TrackPointExtension>
            <gpxtpx:hr>179</gpxtpx:hr>
            <gpxtpx:cad>93</gpxtpx:cad>
          </gpxtpx:TrackPointExtension>
        </extensions>
      </trkpt>
      <trkpt lat="29.6922852192" lon="106.524825459">
        <ele>349.8</ele>
        <time>2026-10-03T09:45:12+0800</time>
        <extensions>
          <gpxtpx:TrackPointExtension>
            <gpxtpx:hr>179</gpxtpx:hr>
            <gpxtpx:cad>93</gpxtpx:cad>
          </gpxtpx:TrackPointExtension>
        </extensions>
      </trkpt>
      <trkpt lat="29.6923050843" lon="106.52482152">
        <ele>349.6</ele>
        <time>2026-10-03T09:45:13+0800</time>
        <extensions>
          <gpxtpx:TrackPointExtension>
            <gpxtpx:hr>179</gpxtpx:hr>
            <gpxtpx:cad>91</gpxtpx:cad>
          </gpxtpx:TrackPointExtension>
        </extensions>
      </trkpt>
      <trkpt lat="29.6923268773" lon="106.524806768">
        <ele>349.6</ele>
        <time>2026-10-03T09:45:14+0800</time>
        <extensions>
          <gpxtpx:TrackPointExtension>
            <gpxtpx:hr>179</gpxtpx:hr>
            <gpxtpx:cad>91</gpxtpx:cad>
          </gpxtpx:TrackPointExtension>
        </extensions>
      </trkpt>
      <trkpt lat="29.6923474129" lon="106.524796793">
        <ele>349.4</ele>
        <time>2026-10-03T09:45:15+0800</time>
        <extensions>
          <gpxtpx:TrackPointExtension>
            <gpxtpx:hr>179</gpxtpx:hr>
            <gpxtpx:cad>91</gpxtpx:cad>
          </gpxtpx:TrackPointExtension>
        </extensions>
      </trkpt>
      <trkpt lat="29.6923630033" lon="106.524782544">
        <ele>349.2</ele>
        <time>2026-10-03T09:45:16+0800</time>
        <extensions>
          <gpxtpx:TrackPointExtension>
            <gpxtpx:hr>179</gpxtpx:hr>
            <gpxtpx:cad>91</gpxtpx:cad>
          </gpxtpx:TrackPointExtension>
        </extensions>
      </trkpt>
      <trkpt lat="29.6923799347" lon="106.524774162">
        <ele>349.0</ele>
        <time>2026-10-03T09:45:17+0800</time>
        <extensions>
          <gpxtpx:TrackPointExtension>
            <gpxtpx:hr>179</gpxtpx:hr>
            <gpxtpx:cad>91</gpxtpx:cad>
          </gpxtpx:TrackPointExtension>
        </extensions>
      </trkpt>
      <trkpt lat="29.6923993807" lon="106.524757398">
        <ele>349.0</ele>
        <time>2026-10-03T09:45:18+0800</time>
        <extensions>
          <gpxtpx:TrackPointExtension>
            <gpxtpx:hr>179</gpxtpx:hr>
            <gpxtpx:cad>91</gpxtpx:cad>
          </gpxtpx:TrackPointExtension>
        </extensions>
      </trkpt>
      <trkpt lat="29.6924177371" lon="106.52475195">
        <ele>348.6</ele>
        <time>2026-10-03T09:45:19+0800</time>
        <extensions>
          <gpxtpx:TrackPointExtension>
            <gpxtpx:hr>179</gpxtpx:hr>
            <gpxtpx:cad>92</gpxtpx:cad>
          </gpxtpx:TrackPointExtension>
        </extensions>
      </trkpt>
      <trkpt lat="29.6924363449" lon="106.524733175">
        <ele>348.4</ele>
        <time>2026-10-03T09:45:20+0800</time>
        <extensions>
          <gpxtpx:TrackPointExtension>
            <gpxtpx:hr>179</gpxtpx:hr>
            <gpxtpx:cad>92</gpxtpx:cad>
          </gpxtpx:TrackPointExtension>
        </extensions>
      </trkpt>
      <trkpt lat="29.6924523544" lon="106.524725044">
        <ele>348.2</ele>
        <time>2026-10-03T09:45:21+0800</time>
        <extensions>
          <gpxtpx:TrackPointExtension>
            <gpxtpx:hr>179</gpxtpx:hr>
            <gpxtpx:cad>92</gpxtpx:cad>
          </gpxtpx:TrackPointExtension>
        </extensions>
      </trkpt>
      <trkpt lat="29.6924695373" lon="106.524711046">
        <ele>348.0</ele>
        <time>2026-10-03T09:45:22+0800</time>
        <extensions>
          <gpxtpx:TrackPointExtension>
            <gpxtpx:hr>179</gpxtpx:hr>
            <gpxtpx:cad>92</gpxtpx:cad>
          </gpxtpx:TrackPointExtension>
        </extensions>
      </trkpt>
      <trkpt lat="29.6924873907" lon="106.524697803">
        <ele>347.6</ele>
        <time>2026-10-03T09:45:23+0800</time>
        <extensions>
          <gpxtpx:TrackPointExtension>
            <gpxtpx:hr>179</gpxtpx:hr>
            <gpxtpx:cad>92</gpxtpx:cad>
          </gpxtpx:TrackPointExtension>
        </extensions>
      </trkpt>
      <trkpt lat="29.6925051603" lon="106.524684476">
        <ele>347.4</ele>
        <time>2026-10-03T09:45:24+0800</time>
        <extensions>
          <gpxtpx:TrackPointExtension>
            <gpxtpx:hr>179</gpxtpx:hr>
            <gpxtpx:cad>92</gpxtpx:cad>
          </gpxtpx:TrackPointExtension>
        </extensions>
      </trkpt>
      <trkpt lat="29.6925246902" lon="106.524667712">
        <ele>347.2</ele>
        <time>2026-10-03T09:45:25+0800</time>
        <extensions>
          <gpxtpx:TrackPointExtension>
            <gpxtpx:hr>179</gpxtpx:hr>
            <gpxtpx:cad>92</gpxtpx:cad>
          </gpxtpx:TrackPointExtension>
        </extensions>
      </trkpt>
      <trkpt lat="29.6925436333" lon="106.524660252">
        <ele>347.0</ele>
        <time>2026-10-03T09:45:26+0800</time>
        <extensions>
          <gpxtpx:TrackPointExtension>
            <gpxtpx:hr>179</gpxtpx:hr>
            <gpxtpx:cad>93</gpxtpx:cad>
          </gpxtpx:TrackPointExtension>
        </extensions>
      </trkpt>
      <trkpt lat="29.6925622411" lon="106.524650026">
        <ele>346.8</ele>
        <time>2026-10-03T09:45:27+0800</time>
        <extensions>
          <gpxtpx:TrackPointExtension>
            <gpxtpx:hr>179</gpxtpx:hr>
            <gpxtpx:cad>93</gpxtpx:cad>
          </gpxtpx:TrackPointExtension>
        </extensions>
      </trkpt>
      <trkpt lat="29.6925827768" lon="106.524643237">
        <ele>346.4</ele>
        <time>2026-10-03T09:45:28+0800</time>
        <extensions>
          <gpxtpx:TrackPointExtension>
            <gpxtpx:hr>179</gpxtpx:hr>
            <gpxtpx:cad>94</gpxtpx:cad>
          </gpxtpx:TrackPointExtension>
        </extensions>
      </trkpt>
      <trkpt lat="29.6926066652" lon="106.524623288">
        <ele>346.2</ele>
        <time>2026-10-03T09:45:29+0800</time>
        <extensions>
          <gpxtpx:TrackPointExtension>
            <gpxtpx:hr>179</gpxtpx:hr>
            <gpxtpx:cad>94</gpxtpx:cad>
          </gpxtpx:TrackPointExtension>
        </extensions>
      </trkpt>
      <trkpt lat="29.692629464" lon="106.524616247">
        <ele>346.0</ele>
        <time>2026-10-03T09:45:30+0800</time>
        <extensions>
          <gpxtpx:TrackPointExtension>
            <gpxtpx:hr>179</gpxtpx:hr>
            <gpxtpx:cad>94</gpxtpx:cad>
          </gpxtpx:TrackPointExtension>
        </extensions>
      </trkpt>
      <trkpt lat="29.6926551126" lon="106.524595628">
        <ele>345.8</ele>
        <time>2026-10-03T09:45:31+0800</time>
        <extensions>
          <gpxtpx:TrackPointExtension>
            <gpxtpx:hr>179</gpxtpx:hr>
            <gpxtpx:cad>93</gpxtpx:cad>
          </gpxtpx:TrackPointExtension>
        </extensions>
      </trkpt>
      <trkpt lat="29.6926796716" lon="106.524584312">
        <ele>345.6</ele>
        <time>2026-10-03T09:45:32+0800</time>
        <extensions>
          <gpxtpx:TrackPointExtension>
            <gpxtpx:hr>179</gpxtpx:hr>
            <gpxtpx:cad>91</gpxtpx:cad>
          </gpxtpx:TrackPointExtension>
        </extensions>
      </trkpt>
      <trkpt lat="29.6927002072" lon="106.524571571">
        <ele>345.4</ele>
        <time>2026-10-03T09:45:33+0800</time>
        <extensions>
          <gpxtpx:TrackPointExtension>
            <gpxtpx:hr>179</gpxtpx:hr>
            <gpxtpx:cad>91</gpxtpx:cad>
          </gpxtpx:TrackPointExtension>
        </extensions>
      </trkpt>
      <trkpt lat="29.6927212458" lon="106.524552545">
        <ele>345.4</ele>
        <time>2026-10-03T09:45:34+0800</time>
        <extensions>
          <gpxtpx:TrackPointExtension>
            <gpxtpx:hr>180</gpxtpx:hr>
            <gpxtpx:cad>93</gpxtpx:cad>
          </gpxtpx:TrackPointExtension>
        </extensions>
      </trkpt>
      <trkpt lat="29.692738764" lon="106.524542822">
        <ele>345.2</ele>
        <time>2026-10-03T09:45:35+0800</time>
        <extensions>
          <gpxtpx:TrackPointExtension>
            <gpxtpx:hr>179</gpxtpx:hr>
            <gpxtpx:cad>96</gpxtpx:cad>
          </gpxtpx:TrackPointExtension>
        </extensions>
      </trkpt>
      <trkpt lat="29.6927489061" lon="106.524535362">
        <ele>345.0</ele>
        <time>2026-10-03T09:45:36+0800</time>
        <extensions>
          <gpxtpx:TrackPointExtension>
            <gpxtpx:hr>179</gpxtpx:hr>
            <gpxtpx:cad>96</gpxtpx:cad>
          </gpxtpx:TrackPointExtension>
        </extensions>
      </trkpt>
      <trkpt lat="29.6927316394" lon="106.524547851">
        <ele>344.8</ele>
        <time>2026-10-03T09:45:37+0800</time>
        <extensions>
          <gpxtpx:TrackPointExtension>
            <gpxtpx:hr>179</gpxtpx:hr>
            <gpxtpx:cad>96</gpxtpx:cad>
          </gpxtpx:TrackPointExtension>
        </extensions>
      </trkpt>
      <trkpt lat="29.6927147079" lon="106.524553802">
        <ele>344.8</ele>
        <time>2026-10-03T09:45:38+0800</time>
        <extensions>
          <gpxtpx:TrackPointExtension>
            <gpxtpx:hr>179</gpxtpx:hr>
            <gpxtpx:cad>96</gpxtpx:cad>
          </gpxtpx:TrackPointExtension>
        </extensions>
      </trkpt>
      <trkpt lat="29.6926913224" lon="106.524562268">
        <ele>344.8</ele>
        <time>2026-10-03T09:45:39+0800</time>
        <extensions>
          <gpxtpx:TrackPointExtension>
            <gpxtpx:hr>179</gpxtpx:hr>
            <gpxtpx:cad>96</gpxtpx:cad>
          </gpxtpx:TrackPointExtension>
        </extensions>
      </trkpt>
      <trkpt lat="29.6926585492" lon="106.524578864">
        <ele>344.8</ele>
        <time>2026-10-03T09:45:40+0800</time>
        <extensions>
          <gpxtpx:TrackPointExtension>
            <gpxtpx:hr>179</gpxtpx:hr>
            <gpxtpx:cad>96</gpxtpx:cad>
          </gpxtpx:TrackPointExtension>
        </extensions>
      </trkpt>
      <trkpt lat="29.6926306374" lon="106.524602417">
        <ele>345.2</ele>
        <time>2026-10-03T09:45:41+0800</time>
        <extensions>
          <gpxtpx:TrackPointExtension>
            <gpxtpx:hr>179</gpxtpx:hr>
            <gpxtpx:cad>0</gpxtpx:cad>
          </gpxtpx:TrackPointExtension>
        </extensions>
      </trkpt>
      <trkpt lat="29.692612784" lon="106.524613313">
        <ele>345.6</ele>
        <time>2026-10-03T09:45:42+0800</time>
        <extensions>
          <gpxtpx:TrackPointExtension>
            <gpxtpx:hr>179</gpxtpx:hr>
            <gpxtpx:cad>0</gpxtpx:cad>
          </gpxtpx:TrackPointExtension>
        </extensions>
      </trkpt>
      <trkpt lat="29.6925957687" lon="106.524626724">
        <ele>345.8</ele>
        <time>2026-10-03T09:45:43+0800</time>
        <extensions>
          <gpxtpx:TrackPointExtension>
            <gpxtpx:hr>179</gpxtpx:hr>
            <gpxtpx:cad>0</gpxtpx:cad>
          </gpxtpx:TrackPointExtension>
        </extensions>
      </trkpt>
      <trkpt lat="29.6925788373" lon="106.524632759">
        <ele>346.2</ele>
        <time>2026-10-03T09:45:44+0800</time>
        <extensions>
          <gpxtpx:TrackPointExtension>
            <gpxtpx:hr>179</gpxtpx:hr>
            <gpxtpx:cad>0</gpxtpx:cad>
          </gpxtpx:TrackPointExtension>
        </extensions>
      </trkpt>
      <trkpt lat="29.692567857" lon="106.524640806">
        <ele>346.6</ele>
        <time>2026-10-03T09:45:45+0800</time>
        <extensions>
          <gpxtpx:TrackPointExtension>
            <gpxtpx:hr>179</gpxtpx:hr>
            <gpxtpx:cad>0</gpxtpx:cad>
          </gpxtpx:TrackPointExtension>
        </extensions>
      </trkpt>
      <trkpt lat="29.6925632469" lon="106.524644326">
        <ele>346.6</ele>
        <time>2026-10-03T09:45:46+0800</time>
        <extensions>
          <gpxtpx:TrackPointExtension>
            <gpxtpx:hr>179</gpxtpx:hr>
            <gpxtpx:cad>0</gpxtpx:cad>
          </gpxtpx:TrackPointExtension>
        </extensions>
      </trkpt>
      <trkpt lat="29.6925558709" lon="106.52465296">
        <ele>346.8</ele>
        <time>2026-10-03T09:45:47+0800</time>
        <extensions>
          <gpxtpx:TrackPointExtension>
            <gpxtpx:hr>179</gpxtpx:hr>
            <gpxtpx:cad>0</gpxtpx:cad>
          </gpxtpx:TrackPointExtension>
        </extensions>
      </trkpt>
      <trkpt lat="29.6925505903" lon="106.524659917">
        <ele>347.0</ele>
        <time>2026-10-03T09:45:48+0800</time>
        <extensions>
          <gpxtpx:TrackPointExtension>
            <gpxtpx:hr>179</gpxtpx:hr>
            <gpxtpx:cad>50</gpxtpx:cad>
          </gpxtpx:TrackPointExtension>
        </extensions>
      </trkpt>
      <trkpt lat="29.6925418731" lon="106.524657905">
        <ele>347.2</ele>
        <time>2026-10-03T09:45:49+0800</time>
        <extensions>
          <gpxtpx:TrackPointExtension>
            <gpxtpx:hr>179</gpxtpx:hr>
            <gpxtpx:cad>89</gpxtpx:cad>
          </gpxtpx:TrackPointExtension>
        </extensions>
      </trkpt>
      <trkpt lat="29.6925351676" lon="106.524664862">
        <ele>347.2</ele>
        <time>2026-10-03T09:45:50+0800</time>
        <extensions>
          <gpxtpx:TrackPointExtension>
            <gpxtpx:hr>179</gpxtpx:hr>
            <gpxtpx:cad>89</gpxtpx:cad>
          </gpxtpx:TrackPointExtension>
        </extensions>
      </trkpt>
      <trkpt lat="29.6925276238" lon="106.524669221">
        <ele>347.4</ele>
        <time>2026-10-03T09:45:51+0800</time>
        <extensions>
          <gpxtpx:TrackPointExtension>
            <gpxtpx:hr>179</gpxtpx:hr>
            <gpxtpx:cad>89</gpxtpx:cad>
          </gpxtpx:TrackPointExtension>
        </extensions>
      </trkpt>
      <trkpt lat="29.6925226785" lon="106.524679111">
        <ele>347.4</ele>
        <time>2026-10-03T09:45:52+0800</time>
        <extensions>
          <gpxtpx:TrackPointExtension>
            <gpxtpx:hr>178</gpxtpx:hr>
            <gpxtpx:cad>89</gpxtpx:cad>
          </gpxtpx:TrackPointExtension>
        </extensions>
      </trkpt>
      <trkpt lat="29.6925158892" lon="106.524685817">
        <ele>347.4</ele>
        <time>2026-10-03T09:45:53+0800</time>
        <extensions>
          <gpxtpx:TrackPointExtension>
            <gpxtpx:hr>178</gpxtpx:hr>
            <gpxtpx:cad>88</gpxtpx:cad>
          </gpxtpx:TrackPointExtension>
        </extensions>
      </trkpt>
      <trkpt lat="29.6925063338" lon="106.524694031">
        <ele>347.4</ele>
        <time>2026-10-03T09:45:54+0800</time>
        <extensions>
          <gpxtpx:TrackPointExtension>
            <gpxtpx:hr>177</gpxtpx:hr>
            <gpxtpx:cad>88</gpxtpx:cad>
          </gpxtpx:TrackPointExtension>
        </extensions>
      </trkpt>
      <trkpt lat="29.692497449" lon="106.524698474">
        <ele>347.2</ele>
        <time>2026-10-03T09:45:55+0800</time>
        <extensions>
          <gpxtpx:TrackPointExtension>
            <gpxtpx:hr>177</gpxtpx:hr>
            <gpxtpx:cad>90</gpxtpx:cad>
          </gpxtpx:TrackPointExtension>
        </extensions>
      </trkpt>
      <trkpt lat="29.692486804" lon="106.524702664">
        <ele>347.2</ele>
        <time>2026-10-03T09:45:56+0800</time>
        <extensions>
          <gpxtpx:TrackPointExtension>
            <gpxtpx:hr>177</gpxtpx:hr>
            <gpxtpx:cad>90</gpxtpx:cad>
          </gpxtpx:TrackPointExtension>
        </extensions>
      </trkpt>
      <trkpt lat="29.6924769972" lon="106.524706604">
        <ele>347.0</ele>
        <time>2026-10-03T09:45:57+0800</time>
        <extensions>
          <gpxtpx:TrackPointExtension>
            <gpxtpx:hr>177</gpxtpx:hr>
            <gpxtpx:cad>90</gpxtpx:cad>
          </gpxtpx:TrackPointExtension>
        </extensions>
      </trkpt>
      <trkpt lat="29.6924683638" lon="106.5247175">
        <ele>347.0</ele>
        <time>2026-10-03T09:45:58+0800</time>
        <extensions>
          <gpxtpx:TrackPointExtension>
            <gpxtpx:hr>177</gpxtpx:hr>
            <gpxtpx:cad>96</gpxtpx:cad>
          </gpxtpx:TrackPointExtension>
        </extensions>
      </trkpt>
      <trkpt lat="29.6924558748" lon="106.524726469">
        <ele>347.2</ele>
        <time>2026-10-03T09:45:59+0800</time>
        <extensions>
          <gpxtpx:TrackPointExtension>
            <gpxtpx:hr>178</gpxtpx:hr>
            <gpxtpx:cad>96</gpxtpx:cad>
          </gpxtpx:TrackPointExtension>
        </extensions>
      </trkpt>
      <trkpt lat="29.6924438048" lon="106.52473418">
        <ele>347.4</ele>
        <time>2026-10-03T09:46:00+0800</time>
        <extensions>
          <gpxtpx:TrackPointExtension>
            <gpxtpx:hr>178</gpxtpx:hr>
            <gpxtpx:cad>93</gpxtpx:cad>
          </gpxtpx:TrackPointExtension>
        </extensions>
      </trkpt>
      <trkpt lat="29.6924277954" lon="106.524742311">
        <ele>347.6</ele>
        <time>2026-10-03T09:46:01+0800</time>
        <extensions>
          <gpxtpx:TrackPointExtension>
            <gpxtpx:hr>178</gpxtpx:hr>
            <gpxtpx:cad>93</gpxtpx:cad>
          </gpxtpx:TrackPointExtension>
        </extensions>
      </trkpt>
      <trkpt lat="29.69241824" lon="106.524745664">
        <ele>347.8</ele>
        <time>2026-10-03T09:46:02+0800</time>
        <extensions>
          <gpxtpx:TrackPointExtension>
            <gpxtpx:hr>178</gpxtpx:hr>
            <gpxtpx:cad>93</gpxtpx:cad>
          </gpxtpx:TrackPointExtension>
        </extensions>
      </trkpt>
      <trkpt lat="29.6924023982" lon="106.524755303">
        <ele>347.8</ele>
        <time>2026-10-03T09:46:03+0800</time>
        <extensions>
          <gpxtpx:TrackPointExtension>
            <gpxtpx:hr>178</gpxtpx:hr>
            <gpxtpx:cad>93</gpxtpx:cad>
          </gpxtpx:TrackPointExtension>
        </extensions>
      </trkpt>
      <trkpt lat="29.6923920885" lon="106.524763098">
        <ele>348.0</ele>
        <time>2026-10-03T09:46:04+0800</time>
        <extensions>
          <gpxtpx:TrackPointExtension>
            <gpxtpx:hr>178</gpxtpx:hr>
            <gpxtpx:cad>93</gpxtpx:cad>
          </gpxtpx:TrackPointExtension>
        </extensions>
      </trkpt>
      <trkpt lat="29.6923805214" lon="106.524771648">
        <ele>348.0</ele>
        <time>2026-10-03T09:46:05+0800</time>
        <extensions>
          <gpxtpx:TrackPointExtension>
            <gpxtpx:hr>178</gpxtpx:hr>
            <gpxtpx:cad>93</gpxtpx:cad>
          </gpxtpx:TrackPointExtension>
        </extensions>
      </trkpt>
      <trkpt lat="29.6923699602" lon="106.52478179">
        <ele>348.2</ele>
        <time>2026-10-03T09:46:06+0800</time>
        <extensions>
          <gpxtpx:TrackPointExtension>
            <gpxtpx:hr>177</gpxtpx:hr>
            <gpxtpx:cad>89</gpxtpx:cad>
          </gpxtpx:TrackPointExtension>
        </extensions>
      </trkpt>
      <trkpt lat="29.692358477" lon="106.524789752">
        <ele>348.4</ele>
        <time>2026-10-03T09:46:07+0800</time>
        <extensions>
          <gpxtpx:TrackPointExtension>
            <gpxtpx:hr>178</gpxtpx:hr>
            <gpxtpx:cad>89</gpxtpx:cad>
          </gpxtpx:TrackPointExtension>
        </extensions>
      </trkpt>
      <trkpt lat="29.6923423838" lon="106.524800397">
        <ele>348.6</ele>
        <time>2026-10-03T09:46:08+0800</time>
        <extensions>
          <gpxtpx:TrackPointExtension>
            <gpxtpx:hr>178</gpxtpx:hr>
            <gpxtpx:cad>89</gpxtpx:cad>
          </gpxtpx:TrackPointExtension>
        </extensions>
      </trkpt>
      <trkpt lat="29.6923340019" lon="106.524806181">
        <ele>348.8</ele>
        <time>2026-10-03T09:46:09+0800</time>
        <extensions>
          <gpxtpx:TrackPointExtension>
            <gpxtpx:hr>178</gpxtpx:hr>
            <gpxtpx:cad>89</gpxtpx:cad>
          </gpxtpx:TrackPointExtension>
        </extensions>
      </trkpt>
      <trkpt lat="29.6923225187" lon="106.524813892">
        <ele>348.8</ele>
        <time>2026-10-03T09:46:10+0800</time>
        <extensions>
          <gpxtpx:TrackPointExtension>
            <gpxtpx:hr>178</gpxtpx:hr>
            <gpxtpx:cad>87</gpxtpx:cad>
          </gpxtpx:TrackPointExtension>
        </extensions>
      </trkpt>
      <trkpt lat="29.6923155617" lon="106.524813976">
        <ele>348.8</ele>
        <time>2026-10-03T09:46:11+0800</time>
        <extensions>
          <gpxtpx:TrackPointExtension>
            <gpxtpx:hr>179</gpxtpx:hr>
            <gpxtpx:cad>87</gpxtpx:cad>
          </gpxtpx:TrackPointExtension>
        </extensions>
      </trkpt>
      <trkpt lat="29.6923081856" lon="106.524818586">
        <ele>348.8</ele>
        <time>2026-10-03T09:46:12+0800</time>
        <extensions>
          <gpxtpx:TrackPointExtension>
            <gpxtpx:hr>179</gpxtpx:hr>
            <gpxtpx:cad>87</gpxtpx:cad>
          </gpxtpx:TrackPointExtension>
        </extensions>
      </trkpt>
      <trkpt lat="29.6923020668" lon="106.5248268">
        <ele>348.6</ele>
        <time>2026-10-03T09:46:13+0800</time>
        <extensions>
          <gpxtpx:TrackPointExtension>
            <gpxtpx:hr>179</gpxtpx:hr>
            <gpxtpx:cad>87</gpxtpx:cad>
          </gpxtpx:TrackPointExtension>
        </extensions>
      </trkpt>
      <trkpt lat="29.6922983788" lon="106.524824956">
        <ele>348.8</ele>
        <time>2026-10-03T09:46:14+0800</time>
        <extensions>
          <gpxtpx:TrackPointExtension>
            <gpxtpx:hr>180</gpxtpx:hr>
            <gpxtpx:cad>86</gpxtpx:cad>
          </gpxtpx:TrackPointExtension>
        </extensions>
      </trkpt>
      <trkpt lat="29.6922902483" lon="106.524831243">
        <ele>349.0</ele>
        <time>2026-10-03T09:46:15+0800</time>
        <extensions>
          <gpxtpx:TrackPointExtension>
            <gpxtpx:hr>180</gpxtpx:hr>
            <gpxtpx:cad>86</gpxtpx:cad>
          </gpxtpx:TrackPointExtension>
        </extensions>
      </trkpt>
      <trkpt lat="29.6922861412" lon="106.524834428">
        <ele>349.0</ele>
        <time>2026-10-03T09:46:16+0800</time>
        <extensions>
          <gpxtpx:TrackPointExtension>
            <gpxtpx:hr>181</gpxtpx:hr>
            <gpxtpx:cad>86</gpxtpx:cad>
          </gpxtpx:TrackPointExtension>
        </extensions>
      </trkpt>
      <trkpt lat="29.6922719758" lon="106.524839625">
        <ele>349.2</ele>
        <time>2026-10-03T09:46:17+0800</time>
        <extensions>
          <gpxtpx:TrackPointExtension>
            <gpxtpx:hr>182</gpxtpx:hr>
            <gpxtpx:cad>86</gpxtpx:cad>
          </gpxtpx:TrackPointExtension>
        </extensions>
      </trkpt>
      <trkpt lat="29.6922568884" lon="106.524848007">
        <ele>349.4</ele>
        <time>2026-10-03T09:46:18+0800</time>
        <extensions>
          <gpxtpx:TrackPointExtension>
            <gpxtpx:hr>182</gpxtpx:hr>
            <gpxtpx:cad>86</gpxtpx:cad>
          </gpxtpx:TrackPointExtension>
        </extensions>
      </trkpt>
      <trkpt lat="29.6922435611" lon="106.524863178">
        <ele>349.4</ele>
        <time>2026-10-03T09:46:19+0800</time>
        <extensions>
          <gpxtpx:TrackPointExtension>
            <gpxtpx:hr>181</gpxtpx:hr>
            <gpxtpx:cad>86</gpxtpx:cad>
          </gpxtpx:TrackPointExtension>
        </extensions>
      </trkpt>
      <trkpt lat="29.6922303177" lon="106.524872649">
        <ele>349.4</ele>
        <time>2026-10-03T09:46:20+0800</time>
        <extensions>
          <gpxtpx:TrackPointExtension>
            <gpxtpx:hr>181</gpxtpx:hr>
            <gpxtpx:cad>86</gpxtpx:cad>
          </gpxtpx:TrackPointExtension>
        </extensions>
      </trkpt>
      <trkpt lat="29.6922125481" lon="106.524879774">
        <ele>349.6</ele>
        <time>2026-10-03T09:46:21+0800</time>
        <extensions>
          <gpxtpx:TrackPointExtension>
            <gpxtpx:hr>182</gpxtpx:hr>
            <gpxtpx:cad>86</gpxtpx:cad>
          </gpxtpx:TrackPointExtension>
        </extensions>
      </trkpt>
      <trkpt lat="29.6921997238" lon="106.524881115">
        <ele>349.8</ele>
        <time>2026-10-03T09:46:22+0800</time>
        <extensions>
          <gpxtpx:TrackPointExtension>
            <gpxtpx:hr>182</gpxtpx:hr>
            <gpxtpx:cad>90</gpxtpx:cad>
          </gpxtpx:TrackPointExtension>
        </extensions>
      </trkpt>
      <trkpt lat="29.6921920124" lon="106.524884468">
        <ele>350.0</ele>
        <time>2026-10-03T09:46:23+0800</time>
        <extensions>
          <gpxtpx:TrackPointExtension>
            <gpxtpx:hr>182</gpxtpx:hr>
            <gpxtpx:cad>90</gpxtpx:cad>
          </gpxtpx:TrackPointExtension>
        </extensions>
      </trkpt>
      <trkpt lat="29.6921823733" lon="106.524887737">
        <ele>350.2</ele>
        <time>2026-10-03T09:46:24+0800</time>
        <extensions>
          <gpxtpx:TrackPointExtension>
            <gpxtpx:hr>181</gpxtpx:hr>
            <gpxtpx:cad>90</gpxtpx:cad>
          </gpxtpx:TrackPointExtension>
        </extensions>
      </trkpt>
      <trkpt lat="29.6921702195" lon="106.524895281">
        <ele>350.2</ele>
        <time>2026-10-03T09:46:25+0800</time>
        <extensions>
          <gpxtpx:TrackPointExtension>
            <gpxtpx:hr>181</gpxtpx:hr>
            <gpxtpx:cad>90</gpxtpx:cad>
          </gpxtpx:TrackPointExtension>
        </extensions>
      </trkpt>
      <trkpt lat="29.6921619214" lon="106.524904417">
        <ele>350.2</ele>
        <time>2026-10-03T09:46:26+0800</time>
        <extensions>
          <gpxtpx:TrackPointExtension>
            <gpxtpx:hr>181</gpxtpx:hr>
            <gpxtpx:cad>90</gpxtpx:cad>
          </gpxtpx:TrackPointExtension>
        </extensions>
      </trkpt>
      <trkpt lat="29.6921543777" lon="106.524914475">
        <ele>350.4</ele>
        <time>2026-10-03T09:46:27+0800</time>
        <extensions>
          <gpxtpx:TrackPointExtension>
            <gpxtpx:hr>182</gpxtpx:hr>
            <gpxtpx:cad>90</gpxtpx:cad>
          </gpxtpx:TrackPointExtension>
        </extensions>
      </trkpt>
      <trkpt lat="29.6921423078" lon="106.524918498">
        <ele>350.4</ele>
        <time>2026-10-03T09:46:28+0800</time>
        <extensions>
          <gpxtpx:TrackPointExtension>
            <gpxtpx:hr>182</gpxtpx:hr>
            <gpxtpx:cad>0</gpxtpx:cad>
          </gpxtpx:TrackPointExtension>
        </extensions>
      </trkpt>
      <trkpt lat="29.6921291482" lon="106.524925372">
        <ele>350.4</ele>
        <time>2026-10-03T09:46:29+0800</time>
        <extensions>
          <gpxtpx:TrackPointExtension>
            <gpxtpx:hr>182</gpxtpx:hr>
            <gpxtpx:cad>0</gpxtpx:cad>
          </gpxtpx:TrackPointExtension>
        </extensions>
      </trkpt>
      <trkpt lat="29.6921148151" lon="106.524929814">
        <ele>350.4</ele>
        <time>2026-10-03T09:46:30+0800</time>
        <extensions>
          <gpxtpx:TrackPointExtension>
            <gpxtpx:hr>185</gpxtpx:hr>
            <gpxtpx:cad>80</gpxtpx:cad>
          </gpxtpx:TrackPointExtension>
        </extensions>
      </trkpt>
      <trkpt lat="29.6920993086" lon="106.524940878">
        <ele>350.4</ele>
        <time>2026-10-03T09:46:31+0800</time>
        <extensions>
          <gpxtpx:TrackPointExtension>
            <gpxtpx:hr>186</gpxtpx:hr>
            <gpxtpx:cad>80</gpxtpx:cad>
          </gpxtpx:TrackPointExtension>
        </extensions>
      </trkpt>
      <trkpt lat="29.6920817904" lon="106.524950266">
        <ele>350.6</ele>
        <time>2026-10-03T09:46:32+0800</time>
        <extensions>
          <gpxtpx:TrackPointExtension>
            <gpxtpx:hr>187</gpxtpx:hr>
            <gpxtpx:cad>0</gpxtpx:cad>
          </gpxtpx:TrackPointExtension>
        </extensions>
      </trkpt>
      <trkpt lat="29.6920651942" lon="106.524964599">
        <ele>350.6</ele>
        <time>2026-10-03T09:46:33+0800</time>
        <extensions>
          <gpxtpx:TrackPointExtension>
            <gpxtpx:hr>188</gpxtpx:hr>
            <gpxtpx:cad>0</gpxtpx:cad>
          </gpxtpx:TrackPointExtension>
        </extensions>
      </trkpt>
      <trkpt lat="29.6920535434" lon="106.52496946">
        <ele>350.8</ele>
        <time>2026-10-03T09:46:34+0800</time>
        <extensions>
          <gpxtpx:TrackPointExtension>
            <gpxtpx:hr>187</gpxtpx:hr>
            <gpxtpx:cad>90</gpxtpx:cad>
          </gpxtpx:TrackPointExtension>
        </extensions>
      </trkpt>
      <trkpt lat="29.6920386236" lon="106.524982788">
        <ele>351.0</ele>
        <time>2026-10-03T09:46:35+0800</time>
        <extensions>
          <gpxtpx:TrackPointExtension>
            <gpxtpx:hr>187</gpxtpx:hr>
            <gpxtpx:cad>90</gpxtpx:cad>
          </gpxtpx:TrackPointExtension>
        </extensions>
      </trkpt>
      <trkpt lat="29.6920307446" lon="106.524987901">
        <ele>351.2</ele>
        <time>2026-10-03T09:46:36+0800</time>
        <extensions>
          <gpxtpx:TrackPointExtension>
            <gpxtpx:hr>186</gpxtpx:hr>
            <gpxtpx:cad>90</gpxtpx:cad>
          </gpxtpx:TrackPointExtension>
        </extensions>
      </trkpt>
      <trkpt lat="29.6920233686" lon="106.52499578">
        <ele>351.4</ele>
        <time>2026-10-03T09:46:37+0800</time>
        <extensions>
          <gpxtpx:TrackPointExtension>
            <gpxtpx:hr>185</gpxtpx:hr>
            <gpxtpx:cad>92</gpxtpx:cad>
          </gpxtpx:TrackPointExtension>
        </extensions>
      </trkpt>
      <trkpt lat="29.6920189261" lon="106.524999803">
        <ele>351.4</ele>
        <time>2026-10-03T09:46:38+0800</time>
        <extensions>
          <gpxtpx:TrackPointExtension>
            <gpxtpx:hr>185</gpxtpx:hr>
            <gpxtpx:cad>92</gpxtpx:cad>
          </gpxtpx:TrackPointExtension>
        </extensions>
      </trkpt>
      <trkpt lat="29.6920121368" lon="106.525006173">
        <ele>351.6</ele>
        <time>2026-10-03T09:46:39+0800</time>
        <extensions>
          <gpxtpx:TrackPointExtension>
            <gpxtpx:hr>184</gpxtpx:hr>
            <gpxtpx:cad>92</gpxtpx:cad>
          </gpxtpx:TrackPointExtension>
        </extensions>
      </trkpt>
      <trkpt lat="29.6920034196" lon="106.525013633">
        <ele>351.6</ele>
        <time>2026-10-03T09:46:40+0800</time>
        <extensions>
          <gpxtpx:TrackPointExtension>
            <gpxtpx:hr>184</gpxtpx:hr>
            <gpxtpx:cad>90</gpxtpx:cad>
          </gpxtpx:TrackPointExtension>
        </extensions>
      </trkpt>
      <trkpt lat="29.6920000669" lon="106.525017824">
        <ele>351.6</ele>
        <time>2026-10-03T09:46:41+0800</time>
        <extensions>
          <gpxtpx:TrackPointExtension>
            <gpxtpx:hr>184</gpxtpx:hr>
            <gpxtpx:cad>90</gpxtpx:cad>
          </gpxtpx:TrackPointExtension>
        </extensions>
      </trkpt>
      <trkpt lat="29.6919862367" lon="106.525026457">
        <ele>351.8</ele>
        <time>2026-10-03T09:46:43+0800</time>
        <extensions>
          <gpxtpx:TrackPointExtension>
            <gpxtpx:hr>184</gpxtpx:hr>
            <gpxtpx:cad>90</gpxtpx:cad>
          </gpxtpx:TrackPointExtension>
        </extensions>
      </trkpt>
      <trkpt lat="29.6919755079" lon="106.525033582">
        <ele>351.8</ele>
        <time>2026-10-03T09:46:44+0800</time>
        <extensions>
          <gpxtpx:TrackPointExtension>
            <gpxtpx:hr>185</gpxtpx:hr>
            <gpxtpx:cad>80</gpxtpx:cad>
          </gpxtpx:TrackPointExtension>
        </extensions>
      </trkpt>
      <trkpt lat="29.6919702273" lon="106.525039701">
        <ele>351.8</ele>
        <time>2026-10-03T09:46:45+0800</time>
        <extensions>
          <gpxtpx:TrackPointExtension>
            <gpxtpx:hr>188</gpxtpx:hr>
            <gpxtpx:cad>80</gpxtpx:cad>
          </gpxtpx:TrackPointExtension>
        </extensions>
      </trkpt>
      <trkpt lat="29.691963857" lon="106.52504934">
        <ele>352.0</ele>
        <time>2026-10-03T09:46:46+0800</time>
        <extensions>
          <gpxtpx:TrackPointExtension>
            <gpxtpx:hr>189</gpxtpx:hr>
            <gpxtpx:cad>80</gpxtpx:cad>
          </gpxtpx:TrackPointExtension>
        </extensions>
      </trkpt>
      <trkpt lat="29.6919549722" lon="106.525051352">
        <ele>352.0</ele>
        <time>2026-10-03T09:46:47+0800</time>
        <extensions>
          <gpxtpx:TrackPointExtension>
            <gpxtpx:hr>189</gpxtpx:hr>
            <gpxtpx:cad>80</gpxtpx:cad>
          </gpxtpx:TrackPointExtension>
        </extensions>
      </trkpt>
      <trkpt lat="29.6919440757" lon="106.525057387">
        <ele>352.0</ele>
        <time>2026-10-03T09:46:48+0800</time>
        <extensions>
          <gpxtpx:TrackPointExtension>
            <gpxtpx:hr>189</gpxtpx:hr>
            <gpxtpx:cad>78</gpxtpx:cad>
          </gpxtpx:TrackPointExtension>
        </extensions>
      </trkpt>
      <trkpt lat="29.6919368673" lon="106.525062667">
        <ele>352.0</ele>
        <time>2026-10-03T09:46:49+0800</time>
        <extensions>
          <gpxtpx:TrackPointExtension>
            <gpxtpx:hr>190</gpxtpx:hr>
            <gpxtpx:cad>78</gpxtpx:cad>
          </gpxtpx:TrackPointExtension>
        </extensions>
      </trkpt>
      <trkpt lat="29.6919287369" lon="106.52506426">
        <ele>352.0</ele>
        <time>2026-10-03T09:46:50+0800</time>
        <extensions>
          <gpxtpx:TrackPointExtension>
            <gpxtpx:hr>190</gpxtpx:hr>
            <gpxtpx:cad>78</gpxtpx:cad>
          </gpxtpx:TrackPointExtension>
        </extensions>
      </trkpt>
      <trkpt lat="29.691919433" lon="106.525070714">
        <ele>352.0</ele>
        <time>2026-10-03T09:46:51+0800</time>
        <extensions>
          <gpxtpx:TrackPointExtension>
            <gpxtpx:hr>190</gpxtpx:hr>
            <gpxtpx:cad>80</gpxtpx:cad>
          </gpxtpx:TrackPointExtension>
        </extensions>
      </trkpt>
      <trkpt lat="29.6919105481" lon="106.525085047">
        <ele>352.2</ele>
        <time>2026-10-03T09:46:52+0800</time>
        <extensions>
          <gpxtpx:TrackPointExtension>
            <gpxtpx:hr>190</gpxtpx:hr>
            <gpxtpx:cad>80</gpxtpx:cad>
          </gpxtpx:TrackPointExtension>
        </extensions>
      </trkpt>
      <trkpt lat="29.6918999031" lon="106.525089154">
        <ele>352.2</ele>
        <time>2026-10-03T09:46:53+0800</time>
        <extensions>
          <gpxtpx:TrackPointExtension>
            <gpxtpx:hr>190</gpxtpx:hr>
            <gpxtpx:cad>80</gpxtpx:cad>
          </gpxtpx:TrackPointExtension>
        </extensions>
      </trkpt>
      <trkpt lat="29.6918907668" lon="106.525103152">
        <ele>352.2</ele>
        <time>2026-10-03T09:46:54+0800</time>
        <extensions>
          <gpxtpx:TrackPointExtension>
            <gpxtpx:hr>190</gpxtpx:hr>
            <gpxtpx:cad>80</gpxtpx:cad>
          </gpxtpx:TrackPointExtension>
        </extensions>
      </trkpt>
      <trkpt lat="29.6918791998" lon="106.525106085">
        <ele>352.2</ele>
        <time>2026-10-03T09:46:55+0800</time>
        <extensions>
          <gpxtpx:TrackPointExtension>
            <gpxtpx:hr>190</gpxtpx:hr>
            <gpxtpx:cad>0</gpxtpx:cad>
          </gpxtpx:TrackPointExtension>
        </extensions>
      </trkpt>
      <trkpt lat="29.6918663755" lon="106.525106505">
        <ele>352.2</ele>
        <time>2026-10-03T09:46:56+0800</time>
        <extensions>
          <gpxtpx:TrackPointExtension>
            <gpxtpx:hr>190</gpxtpx:hr>
            <gpxtpx:cad>0</gpxtpx:cad>
          </gpxtpx:TrackPointExtension>
        </extensions>
      </trkpt>
      <trkpt lat="29.6918514557" lon="106.525119329">
        <ele>352.2</ele>
        <time>2026-10-03T09:46:57+0800</time>
        <extensions>
          <gpxtpx:TrackPointExtension>
            <gpxtpx:hr>190</gpxtpx:hr>
            <gpxtpx:cad>0</gpxtpx:cad>
          </gpxtpx:TrackPointExtension>
        </extensions>
      </trkpt>
      <trkpt lat="29.6918374579" lon="106.525129974">
        <ele>352.2</ele>
        <time>2026-10-03T09:46:58+0800</time>
        <extensions>
          <gpxtpx:TrackPointExtension>
            <gpxtpx:hr>190</gpxtpx:hr>
            <gpxtpx:cad>0</gpxtpx:cad>
          </gpxtpx:TrackPointExtension>
        </extensions>
      </trkpt>
      <trkpt lat="29.691817509" lon="106.525139613">
        <ele>352.0</ele>
        <time>2026-10-03T09:46:59+0800</time>
        <extensions>
          <gpxtpx:TrackPointExtension>
            <gpxtpx:hr>191</gpxtpx:hr>
            <gpxtpx:cad>0</gpxtpx:cad>
          </gpxtpx:TrackPointExtension>
        </extensions>
      </trkpt>
      <trkpt lat="29.6917925309" lon="106.525153276">
        <ele>352.2</ele>
        <time>2026-10-03T09:47:00+0800</time>
        <extensions>
          <gpxtpx:TrackPointExtension>
            <gpxtpx:hr>190</gpxtpx:hr>
            <gpxtpx:cad>0</gpxtpx:cad>
          </gpxtpx:TrackPointExtension>
        </extensions>
      </trkpt>
      <trkpt lat="29.691763781" lon="106.525169872">
        <ele>352.2</ele>
        <time>2026-10-03T09:47:01+0800</time>
        <extensions>
          <gpxtpx:TrackPointExtension>
            <gpxtpx:hr>190</gpxtpx:hr>
            <gpxtpx:cad>0</gpxtpx:cad>
          </gpxtpx:TrackPointExtension>
        </extensions>
      </trkpt>
      <trkpt lat="29.6917387191" lon="106.525186971">
        <ele>352.4</ele>
        <time>2026-10-03T09:47:02+0800</time>
        <extensions>
          <gpxtpx:TrackPointExtension>
            <gpxtpx:hr>190</gpxtpx:hr>
            <gpxtpx:cad>0</gpxtpx:cad>
          </gpxtpx:TrackPointExtension>
        </extensions>
      </trkpt>
      <trkpt lat="29.6917189378" lon="106.52520868">
        <ele>352.6</ele>
        <time>2026-10-03T09:47:03+0800</time>
        <extensions>
          <gpxtpx:TrackPointExtension>
            <gpxtpx:hr>190</gpxtpx:hr>
            <gpxtpx:cad>100</gpxtpx:cad>
          </gpxtpx:TrackPointExtension>
        </extensions>
      </trkpt>
      <trkpt lat="29.6916988213" lon="106.525225528">
        <ele>352.8</ele>
        <time>2026-10-03T09:47:04+0800</time>
        <extensions>
          <gpxtpx:TrackPointExtension>
            <gpxtpx:hr>190</gpxtpx:hr>
            <gpxtpx:cad>100</gpxtpx:cad>
          </gpxtpx:TrackPointExtension>
        </extensions>
      </trkpt>
      <trkpt lat="29.6916767769" lon="106.525244135">
        <ele>353.0</ele>
        <time>2026-10-03T09:47:05+0800</time>
        <extensions>
          <gpxtpx:TrackPointExtension>
            <gpxtpx:hr>190</gpxtpx:hr>
            <gpxtpx:cad>100</gpxtpx:cad>
          </gpxtpx:TrackPointExtension>
        </extensions>
      </trkpt>
      <trkpt lat="29.6916583367" lon="106.525257127">
        <ele>353.0</ele>
        <time>2026-10-03T09:47:06+0800</time>
        <extensions>
          <gpxtpx:TrackPointExtension>
            <gpxtpx:hr>190</gpxtpx:hr>
            <gpxtpx:cad>100</gpxtpx:cad>
          </gpxtpx:TrackPointExtension>
        </extensions>
      </trkpt>
      <trkpt lat="29.691644758" lon="106.525270455">
        <ele>353.2</ele>
        <time>2026-10-03T09:47:07+0800</time>
        <extensions>
          <gpxtpx:TrackPointExtension>
            <gpxtpx:hr>190</gpxtpx:hr>
            <gpxtpx:cad>100</gpxtpx:cad>
          </gpxtpx:TrackPointExtension>
        </extensions>
      </trkpt>
      <trkpt lat="29.6916372143" lon="106.525276573">
        <ele>353.2</ele>
        <time>2026-10-03T09:47:08+0800</time>
        <extensions>
          <gpxtpx:TrackPointExtension>
            <gpxtpx:hr>191</gpxtpx:hr>
            <gpxtpx:cad>100</gpxtpx:cad>
          </gpxtpx:TrackPointExtension>
        </extensions>
      </trkpt>
      <trkpt lat="29.691623468" lon="106.525288895">
        <ele>353.4</ele>
        <time>2026-10-03T09:47:09+0800</time>
        <extensions>
          <gpxtpx:TrackPointExtension>
            <gpxtpx:hr>190</gpxtpx:hr>
            <gpxtpx:cad>100</gpxtpx:cad>
          </gpxtpx:TrackPointExtension>
        </extensions>
      </trkpt>
      <trkpt lat="29.6916109789" lon="106.525301049">
        <ele>353.4</ele>
        <time>2026-10-03T09:47:10+0800</time>
        <extensions>
          <gpxtpx:TrackPointExtension>
            <gpxtpx:hr>190</gpxtpx:hr>
            <gpxtpx:cad>92</gpxtpx:cad>
          </gpxtpx:TrackPointExtension>
        </extensions>
      </trkpt>
      <trkpt lat="29.6916005854" lon="106.525315549">
        <ele>353.4</ele>
        <time>2026-10-03T09:47:11+0800</time>
        <extensions>
          <gpxtpx:TrackPointExtension>
            <gpxtpx:hr>191</gpxtpx:hr>
            <gpxtpx:cad>92</gpxtpx:cad>
          </gpxtpx:TrackPointExtension>
        </extensions>
      </trkpt>
      <trkpt lat="29.6915897727" lon="106.525332648">
        <ele>353.4</ele>
        <time>2026-10-03T09:47:12+0800</time>
        <extensions>
          <gpxtpx:TrackPointExtension>
            <gpxtpx:hr>191</gpxtpx:hr>
            <gpxtpx:cad>92</gpxtpx:cad>
          </gpxtpx:TrackPointExtension>
        </extensions>
      </trkpt>
      <trkpt lat="29.6915746853" lon="106.525344802">
        <ele>353.4</ele>
        <time>2026-10-03T09:47:13+0800</time>
        <extensions>
          <gpxtpx:TrackPointExtension>
            <gpxtpx:hr>191</gpxtpx:hr>
            <gpxtpx:cad>92</gpxtpx:cad>
          </gpxtpx:TrackPointExtension>
        </extensions>
      </trkpt>
      <trkpt lat="29.6915598493" lon="106.525363158">
        <ele>353.6</ele>
        <time>2026-10-03T09:47:14+0800</time>
        <extensions>
          <gpxtpx:TrackPointExtension>
            <gpxtpx:hr>191</gpxtpx:hr>
            <gpxtpx:cad>92</gpxtpx:cad>
          </gpxtpx:TrackPointExtension>
        </extensions>
      </trkpt>
      <trkpt lat="29.6915481146" lon="106.525370618">
        <ele>353.6</ele>
        <time>2026-10-03T09:47:15+0800</time>
        <extensions>
          <gpxtpx:TrackPointExtension>
            <gpxtpx:hr>191</gpxtpx:hr>
            <gpxtpx:cad>92</gpxtpx:cad>
          </gpxtpx:TrackPointExtension>
        </extensions>
      </trkpt>
      <trkpt lat="29.69153638" lon="106.52538361">
        <ele>353.6</ele>
        <time>2026-10-03T09:47:16+0800</time>
        <extensions>
          <gpxtpx:TrackPointExtension>
            <gpxtpx:hr>192</gpxtpx:hr>
            <gpxtpx:cad>93</gpxtpx:cad>
          </gpxtpx:TrackPointExtension>
        </extensions>
      </trkpt>
      <trkpt lat="29.6915237233" lon="106.525391238">
        <ele>353.6</ele>
        <time>2026-10-03T09:47:17+0800</time>
        <extensions>
          <gpxtpx:TrackPointExtension>
            <gpxtpx:hr>192</gpxtpx:hr>
            <gpxtpx:cad>93</gpxtpx:cad>
          </gpxtpx:TrackPointExtension>
        </extensions>
      </trkpt>
      <trkpt lat="29.6915120725" lon="106.525400123">
        <ele>353.8</ele>
        <time>2026-10-03T09:47:18+0800</time>
        <extensions>
          <gpxtpx:TrackPointExtension>
            <gpxtpx:hr>193</gpxtpx:hr>
            <gpxtpx:cad>92</gpxtpx:cad>
          </gpxtpx:TrackPointExtension>
        </extensions>
      </trkpt>
      <trkpt lat="29.691505786" lon="106.525410684">
        <ele>354.0</ele>
        <time>2026-10-03T09:47:19+0800</time>
        <extensions>
          <gpxtpx:TrackPointExtension>
            <gpxtpx:hr>194</gpxtpx:hr>
            <gpxtpx:cad>91</gpxtpx:cad>
          </gpxtpx:TrackPointExtension>
        </extensions>
      </trkpt>
      <trkpt lat="29.6914975718" lon="106.525421832">
        <ele>354.0</ele>
        <time>2026-10-03T09:47:20+0800</time>
        <extensions>
          <gpxtpx:TrackPointExtension>
            <gpxtpx:hr>194</gpxtpx:hr>
            <gpxtpx:cad>89</gpxtpx:cad>
          </gpxtpx:TrackPointExtension>
        </extensions>
      </trkpt>
      <trkpt lat="29.6914860886" lon="106.525435159">
        <ele>354.2</ele>
        <time>2026-10-03T09:47:21+0800</time>
        <extensions>
          <gpxtpx:TrackPointExtension>
            <gpxtpx:hr>193</gpxtpx:hr>
            <gpxtpx:cad>89</gpxtpx:cad>
          </gpxtpx:TrackPointExtension>
        </extensions>
      </trkpt>
      <trkpt lat="29.6914716717" lon="106.525448821">
        <ele>354.2</ele>
        <time>2026-10-03T09:47:22+0800</time>
        <extensions>
          <gpxtpx:TrackPointExtension>
            <gpxtpx:hr>193</gpxtpx:hr>
            <gpxtpx:cad>89</gpxtpx:cad>
          </gpxtpx:TrackPointExtension>
        </extensions>
      </trkpt>
      <trkpt lat="29.6914570034" lon="106.525455611">
        <ele>354.2</ele>
        <time>2026-10-03T09:47:23+0800</time>
        <extensions>
          <gpxtpx:TrackPointExtension>
            <gpxtpx:hr>193</gpxtpx:hr>
            <gpxtpx:cad>89</gpxtpx:cad>
          </gpxtpx:TrackPointExtension>
        </extensions>
      </trkpt>
      <trkpt lat="29.6914435085" lon="106.525469106">
        <ele>354.2</ele>
        <time>2026-10-03T09:47:24+0800</time>
        <extensions>
          <gpxtpx:TrackPointExtension>
            <gpxtpx:hr>193</gpxtpx:hr>
            <gpxtpx:cad>89</gpxtpx:cad>
          </gpxtpx:TrackPointExtension>
        </extensions>
      </trkpt>
      <trkpt lat="29.6914301813" lon="106.525475727">
        <ele>354.2</ele>
        <time>2026-10-03T09:47:25+0800</time>
        <extensions>
          <gpxtpx:TrackPointExtension>
            <gpxtpx:hr>193</gpxtpx:hr>
            <gpxtpx:cad>92</gpxtpx:cad>
          </gpxtpx:TrackPointExtension>
        </extensions>
      </trkpt>
      <trkpt lat="29.6914211288" lon="106.525490312">
        <ele>354.4</ele>
        <time>2026-10-03T09:47:26+0800</time>
        <extensions>
          <gpxtpx:TrackPointExtension>
            <gpxtpx:hr>193</gpxtpx:hr>
            <gpxtpx:cad>92</gpxtpx:cad>
          </gpxtpx:TrackPointExtension>
        </extensions>
      </trkpt>
      <trkpt lat="29.6914093941" lon="106.525500789">
        <ele>354.6</ele>
        <time>2026-10-03T09:47:27+0800</time>
        <extensions>
          <gpxtpx:TrackPointExtension>
            <gpxtpx:hr>193</gpxtpx:hr>
            <gpxtpx:cad>92</gpxtpx:cad>
          </gpxtpx:TrackPointExtension>
        </extensions>
      </trkpt>
      <trkpt lat="29.6914008446" lon="106.525515709">
        <ele>354.6</ele>
        <time>2026-10-03T09:47:28+0800</time>
        <extensions>
          <gpxtpx:TrackPointExtension>
            <gpxtpx:hr>192</gpxtpx:hr>
            <gpxtpx:cad>91</gpxtpx:cad>
          </gpxtpx:TrackPointExtension>
        </extensions>
      </trkpt>
      <trkpt lat="29.6913896967" lon="106.525525097">
        <ele>354.8</ele>
        <time>2026-10-03T09:47:29+0800</time>
        <extensions>
          <gpxtpx:TrackPointExtension>
            <gpxtpx:hr>193</gpxtpx:hr>
            <gpxtpx:cad>91</gpxtpx:cad>
          </gpxtpx:TrackPointExtension>
        </extensions>
      </trkpt>
      <trkpt lat="29.6913814824" lon="106.525536496">
        <ele>354.8</ele>
        <time>2026-10-03T09:47:30+0800</time>
        <extensions>
          <gpxtpx:TrackPointExtension>
            <gpxtpx:hr>192</gpxtpx:hr>
            <gpxtpx:cad>92</gpxtpx:cad>
          </gpxtpx:TrackPointExtension>
        </extensions>
      </trkpt>
      <trkpt lat="29.69137243" lon="106.525550745">
        <ele>355.0</ele>
        <time>2026-10-03T09:47:31+0800</time>
        <extensions>
          <gpxtpx:TrackPointExtension>
            <gpxtpx:hr>192</gpxtpx:hr>
            <gpxtpx:cad>92</gpxtpx:cad>
          </gpxtpx:TrackPointExtension>
        </extensions>
      </trkpt>
      <trkpt lat="29.6913646348" lon="106.52556357">
        <ele>355.0</ele>
        <time>2026-10-03T09:47:32+0800</time>
        <extensions>
          <gpxtpx:TrackPointExtension>
            <gpxtpx:hr>192</gpxtpx:hr>
            <gpxtpx:cad>92</gpxtpx:cad>
          </gpxtpx:TrackPointExtension>
        </extensions>
      </trkpt>
      <trkpt lat="29.6913482901" lon="106.525584608">
        <ele>355.0</ele>
        <time>2026-10-03T09:47:33+0800</time>
        <extensions>
          <gpxtpx:TrackPointExtension>
            <gpxtpx:hr>192</gpxtpx:hr>
            <gpxtpx:cad>93</gpxtpx:cad>
          </gpxtpx:TrackPointExtension>
        </extensions>
      </trkpt>
      <trkpt lat="29.6913354658" lon="106.525594415">
        <ele>355.0</ele>
        <time>2026-10-03T09:47:34+0800</time>
        <extensions>
          <gpxtpx:TrackPointExtension>
            <gpxtpx:hr>193</gpxtpx:hr>
            <gpxtpx:cad>93</gpxtpx:cad>
          </gpxtpx:TrackPointExtension>
        </extensions>
      </trkpt>
      <trkpt lat="29.6913139243" lon="106.525615705">
        <ele>354.8</ele>
        <time>2026-10-03T09:47:35+0800</time>
        <extensions>
          <gpxtpx:TrackPointExtension>
            <gpxtpx:hr>192</gpxtpx:hr>
            <gpxtpx:cad>93</gpxtpx:cad>
          </gpxtpx:TrackPointExtension>
        </extensions>
      </trkpt>
      <trkpt lat="29.691302944" lon="106.525623584">
        <ele>354.8</ele>
        <time>2026-10-03T09:47:36+0800</time>
        <extensions>
          <gpxtpx:TrackPointExtension>
            <gpxtpx:hr>192</gpxtpx:hr>
            <gpxtpx:cad>93</gpxtpx:cad>
          </gpxtpx:TrackPointExtension>
        </extensions>
      </trkpt>
      <trkpt lat="29.6912891138" lon="106.52564127">
        <ele>354.8</ele>
        <time>2026-10-03T09:47:37+0800</time>
        <extensions>
          <gpxtpx:TrackPointExtension>
            <gpxtpx:hr>192</gpxtpx:hr>
            <gpxtpx:cad>93</gpxtpx:cad>
          </gpxtpx:TrackPointExtension>
        </extensions>
      </trkpt>
      <trkpt lat="29.6912768763" lon="106.525651496">
        <ele>355.0</ele>
        <time>2026-10-03T09:47:38+0800</time>
        <extensions>
          <gpxtpx:TrackPointExtension>
            <gpxtpx:hr>192</gpxtpx:hr>
            <gpxtpx:cad>93</gpxtpx:cad>
          </gpxtpx:TrackPointExtension>
        </extensions>
      </trkpt>
      <trkpt lat="29.6912681591" lon="106.52566147">
        <ele>355.2</ele>
        <time>2026-10-03T09:47:39+0800</time>
        <extensions>
          <gpxtpx:TrackPointExtension>
            <gpxtpx:hr>192</gpxtpx:hr>
            <gpxtpx:cad>93</gpxtpx:cad>
          </gpxtpx:TrackPointExtension>
        </extensions>
      </trkpt>
      <trkpt lat="29.6912610345" lon="106.525671864">
        <ele>355.4</ele>
        <time>2026-10-03T09:47:40+0800</time>
        <extensions>
          <gpxtpx:TrackPointExtension>
            <gpxtpx:hr>192</gpxtpx:hr>
            <gpxtpx:cad>90</gpxtpx:cad>
          </gpxtpx:TrackPointExtension>
        </extensions>
      </trkpt>
      <trkpt lat="29.6912526526" lon="106.525681252">
        <ele>355.4</ele>
        <time>2026-10-03T09:47:41+0800</time>
        <extensions>
          <gpxtpx:TrackPointExtension>
            <gpxtpx:hr>192</gpxtpx:hr>
            <gpxtpx:cad>90</gpxtpx:cad>
          </gpxtpx:TrackPointExtension>
        </extensions>
      </trkpt>
      <trkpt lat="29.691242259" lon="106.525699692">
        <ele>355.4</ele>
        <time>2026-10-03T09:47:42+0800</time>
        <extensions>
          <gpxtpx:TrackPointExtension>
            <gpxtpx:hr>192</gpxtpx:hr>
            <gpxtpx:cad>90</gpxtpx:cad>
          </gpxtpx:TrackPointExtension>
        </extensions>
      </trkpt>
      <trkpt lat="29.691230692" lon="106.525712935">
        <ele>355.4</ele>
        <time>2026-10-03T09:47:43+0800</time>
        <extensions>
          <gpxtpx:TrackPointExtension>
            <gpxtpx:hr>192</gpxtpx:hr>
            <gpxtpx:cad>90</gpxtpx:cad>
          </gpxtpx:TrackPointExtension>
        </extensions>
      </trkpt>
      <trkpt lat="29.6912239026" lon="106.525730537">
        <ele>355.4</ele>
        <time>2026-10-03T09:47:44+0800</time>
        <extensions>
          <gpxtpx:TrackPointExtension>
            <gpxtpx:hr>192</gpxtpx:hr>
            <gpxtpx:cad>88</gpxtpx:cad>
          </gpxtpx:TrackPointExtension>
        </extensions>
      </trkpt>
      <trkpt lat="29.6912154369" lon="106.525748726">
        <ele>355.2</ele>
        <time>2026-10-03T09:47:45+0800</time>
        <extensions>
          <gpxtpx:TrackPointExtension>
            <gpxtpx:hr>192</gpxtpx:hr>
            <gpxtpx:cad>88</gpxtpx:cad>
          </gpxtpx:TrackPointExtension>
        </extensions>
      </trkpt>
      <trkpt lat="29.6912049595" lon="106.525762891">
        <ele>355.2</ele>
        <time>2026-10-03T09:47:46+0800</time>
        <extensions>
          <gpxtpx:TrackPointExtension>
            <gpxtpx:hr>192</gpxtpx:hr>
            <gpxtpx:cad>93</gpxtpx:cad>
          </gpxtpx:TrackPointExtension>
        </extensions>
      </trkpt>
      <trkpt lat="29.6911909617" lon="106.525778063">
        <ele>355.4</ele>
        <time>2026-10-03T09:47:47+0800</time>
        <extensions>
          <gpxtpx:TrackPointExtension>
            <gpxtpx:hr>192</gpxtpx:hr>
            <gpxtpx:cad>93</gpxtpx:cad>
          </gpxtpx:TrackPointExtension>
        </extensions>
      </trkpt>
      <trkpt lat="29.6911773831" lon="106.525792815">
        <ele>355.2</ele>
        <time>2026-10-03T09:47:48+0800</time>
        <extensions>
          <gpxtpx:TrackPointExtension>
            <gpxtpx:hr>191</gpxtpx:hr>
            <gpxtpx:cad>92</gpxtpx:cad>
          </gpxtpx:TrackPointExtension>
        </extensions>
      </trkpt>
      <trkpt lat="29.6911650617" lon="106.525807902">
        <ele>355.2</ele>
        <time>2026-10-03T09:47:49+0800</time>
        <extensions>
          <gpxtpx:TrackPointExtension>
            <gpxtpx:hr>191</gpxtpx:hr>
            <gpxtpx:cad>92</gpxtpx:cad>
          </gpxtpx:TrackPointExtension>
        </extensions>
      </trkpt>
      <trkpt lat="29.6911604516" lon="106.525827348">
        <ele>355.2</ele>
        <time>2026-10-03T09:47:50+0800</time>
        <extensions>
          <gpxtpx:TrackPointExtension>
            <gpxtpx:hr>191</gpxtpx:hr>
            <gpxtpx:cad>92</gpxtpx:cad>
          </gpxtpx:TrackPointExtension>
        </extensions>
      </trkpt>
      <trkpt lat="29.6911488846" lon="106.525845537">
        <ele>355.4</ele>
        <time>2026-10-03T09:47:51+0800</time>
        <extensions>
          <gpxtpx:TrackPointExtension>
            <gpxtpx:hr>191</gpxtpx:hr>
            <gpxtpx:cad>92</gpxtpx:cad>
          </gpxtpx:TrackPointExtension>
        </extensions>
      </trkpt>
      <trkpt lat="29.6911401674" lon="106.525858948">
        <ele>355.4</ele>
        <time>2026-10-03T09:47:52+0800</time>
        <extensions>
          <gpxtpx:TrackPointExtension>
            <gpxtpx:hr>191</gpxtpx:hr>
            <gpxtpx:cad>92</gpxtpx:cad>
          </gpxtpx:TrackPointExtension>
        </extensions>
      </trkpt>
      <trkpt lat="29.6911274269" lon="106.525877053">
        <ele>355.4</ele>
        <time>2026-10-03T09:47:53+0800</time>
        <extensions>
          <gpxtpx:TrackPointExtension>
            <gpxtpx:hr>191</gpxtpx:hr>
            <gpxtpx:cad>92</gpxtpx:cad>
          </gpxtpx:TrackPointExtension>
        </extensions>
      </trkpt>
      <trkpt lat="29.6911165304" lon="106.525889877">
        <ele>355.4</ele>
        <time>2026-10-03T09:47:54+0800</time>
        <extensions>
          <gpxtpx:TrackPointExtension>
            <gpxtpx:hr>191</gpxtpx:hr>
            <gpxtpx:cad>92</gpxtpx:cad>
          </gpxtpx:TrackPointExtension>
        </extensions>
      </trkpt>
      <trkpt lat="29.6911052149" lon="106.525908653">
        <ele>355.6</ele>
        <time>2026-10-03T09:47:55+0800</time>
        <extensions>
          <gpxtpx:TrackPointExtension>
            <gpxtpx:hr>192</gpxtpx:hr>
            <gpxtpx:cad>92</gpxtpx:cad>
          </gpxtpx:TrackPointExtension>
        </extensions>
      </trkpt>
      <trkpt lat="29.6910937317" lon="106.525918795">
        <ele>355.6</ele>
        <time>2026-10-03T09:47:56+0800</time>
        <extensions>
          <gpxtpx:TrackPointExtension>
            <gpxtpx:hr>192</gpxtpx:hr>
            <gpxtpx:cad>92</gpxtpx:cad>
          </gpxtpx:TrackPointExtension>
        </extensions>
      </trkpt>
      <trkpt lat="29.6910822485" lon="106.525935391">
        <ele>355.6</ele>
        <time>2026-10-03T09:47:57+0800</time>
        <extensions>
          <gpxtpx:TrackPointExtension>
            <gpxtpx:hr>191</gpxtpx:hr>
            <gpxtpx:cad>92</gpxtpx:cad>
          </gpxtpx:TrackPointExtension>
        </extensions>
      </trkpt>
      <trkpt lat="29.6910726931" lon="106.525947796">
        <ele>355.6</ele>
        <time>2026-10-03T09:47:58+0800</time>
        <extensions>
          <gpxtpx:TrackPointExtension>
            <gpxtpx:hr>191</gpxtpx:hr>
            <gpxtpx:cad>91</gpxtpx:cad>
          </gpxtpx:TrackPointExtension>
        </extensions>
      </trkpt>
      <trkpt lat="29.6910608746" lon="106.525965314">
        <ele>355.8</ele>
        <time>2026-10-03T09:47:59+0800</time>
        <extensions>
          <gpxtpx:TrackPointExtension>
            <gpxtpx:hr>192</gpxtpx:hr>
            <gpxtpx:cad>91</gpxtpx:cad>
          </gpxtpx:TrackPointExtension>
        </extensions>
      </trkpt>
      <trkpt lat="29.6910514869" lon="106.525974702">
        <ele>355.8</ele>
        <time>2026-10-03T09:48:00+0800</time>
        <extensions>
          <gpxtpx:TrackPointExtension>
            <gpxtpx:hr>192</gpxtpx:hr>
            <gpxtpx:cad>91</gpxtpx:cad>
          </gpxtpx:TrackPointExtension>
        </extensions>
      </trkpt>
      <trkpt lat="29.691040758" lon="106.525995154">
        <ele>355.8</ele>
        <time>2026-10-03T09:48:01+0800</time>
        <extensions>
          <gpxtpx:TrackPointExtension>
            <gpxtpx:hr>192</gpxtpx:hr>
            <gpxtpx:cad>91</gpxtpx:cad>
          </gpxtpx:TrackPointExtension>
        </extensions>
      </trkpt>
      <trkpt lat="29.6910268441" lon="106.52601284">
        <ele>355.8</ele>
        <time>2026-10-03T09:48:02+0800</time>
        <extensions>
          <gpxtpx:TrackPointExtension>
            <gpxtpx:hr>191</gpxtpx:hr>
            <gpxtpx:cad>91</gpxtpx:cad>
          </gpxtpx:TrackPointExtension>
        </extensions>
      </trkpt>
      <trkpt lat="29.6910162829" lon="106.526030945">
        <ele>356.0</ele>
        <time>2026-10-03T09:48:03+0800</time>
        <extensions>
          <gpxtpx:TrackPointExtension>
            <gpxtpx:hr>192</gpxtpx:hr>
            <gpxtpx:cad>89</gpxtpx:cad>
          </gpxtpx:TrackPointExtension>
        </extensions>
      </trkpt>
      <trkpt lat="29.6910035424" lon="106.526043937">
        <ele>356.0</ele>
        <time>2026-10-03T09:48:04+0800</time>
        <extensions>
          <gpxtpx:TrackPointExtension>
            <gpxtpx:hr>192</gpxtpx:hr>
            <gpxtpx:cad>89</gpxtpx:cad>
          </gpxtpx:TrackPointExtension>
        </extensions>
      </trkpt>
      <trkpt lat="29.6909948252" lon="106.526059862">
        <ele>356.0</ele>
        <time>2026-10-03T09:48:05+0800</time>
        <extensions>
          <gpxtpx:TrackPointExtension>
            <gpxtpx:hr>192</gpxtpx:hr>
            <gpxtpx:cad>90</gpxtpx:cad>
          </gpxtpx:TrackPointExtension>
        </extensions>
      </trkpt>
      <trkpt lat="29.6909826715" lon="106.526079476">
        <ele>356.0</ele>
        <time>2026-10-03T09:48:06+0800</time>
        <extensions>
          <gpxtpx:TrackPointExtension>
            <gpxtpx:hr>192</gpxtpx:hr>
            <gpxtpx:cad>91</gpxtpx:cad>
          </gpxtpx:TrackPointExtension>
        </extensions>
      </trkpt>
      <trkpt lat="29.6909718588" lon="106.52609624">
        <ele>356.2</ele>
        <time>2026-10-03T09:48:07+0800</time>
        <extensions>
          <gpxtpx:TrackPointExtension>
            <gpxtpx:hr>191</gpxtpx:hr>
            <gpxtpx:cad>91</gpxtpx:cad>
          </gpxtpx:TrackPointExtension>
        </extensions>
      </trkpt>
      <trkpt lat="29.690957861" lon="106.526117027">
        <ele>356.2</ele>
        <time>2026-10-03T09:48:08+0800</time>
        <extensions>
          <gpxtpx:TrackPointExtension>
            <gpxtpx:hr>192</gpxtpx:hr>
            <gpxtpx:cad>93</gpxtpx:cad>
          </gpxtpx:TrackPointExtension>
        </extensions>
      </trkpt>
      <trkpt lat="29.690945372" lon="106.5261296">
        <ele>356.2</ele>
        <time>2026-10-03T09:48:09+0800</time>
        <extensions>
          <gpxtpx:TrackPointExtension>
            <gpxtpx:hr>192</gpxtpx:hr>
            <gpxtpx:cad>93</gpxtpx:cad>
          </gpxtpx:TrackPointExtension>
        </extensions>
      </trkpt>
      <trkpt lat="29.6909353137" lon="106.526149549">
        <ele>356.2</ele>
        <time>2026-10-03T09:48:10+0800</time>
        <extensions>
          <gpxtpx:TrackPointExtension>
            <gpxtpx:hr>192</gpxtpx:hr>
            <gpxtpx:cad>93</gpxtpx:cad>
          </gpxtpx:TrackPointExtension>
        </extensions>
      </trkpt>
      <trkpt lat="29.6909219865" lon="106.526166648">
        <ele>356.2</ele>
        <time>2026-10-03T09:48:11+0800</time>
        <extensions>
          <gpxtpx:TrackPointExtension>
            <gpxtpx:hr>192</gpxtpx:hr>
            <gpxtpx:cad>93</gpxtpx:cad>
          </gpxtpx:TrackPointExtension>
        </extensions>
      </trkpt>
      <trkpt lat="29.690908324" lon="106.526185591">
        <ele>356.2</ele>
        <time>2026-10-03T09:48:12+0800</time>
        <extensions>
          <gpxtpx:TrackPointExtension>
            <gpxtpx:hr>192</gpxtpx:hr>
            <gpxtpx:cad>93</gpxtpx:cad>
          </gpxtpx:TrackPointExtension>
        </extensions>
      </trkpt>
      <trkpt lat="29.6908960026" lon="106.526198834">
        <ele>356.4</ele>
        <time>2026-10-03T09:48:13+0800</time>
        <extensions>
          <gpxtpx:TrackPointExtension>
            <gpxtpx:hr>191</gpxtpx:hr>
            <gpxtpx:cad>93</gpxtpx:cad>
          </gpxtpx:TrackPointExtension>
        </extensions>
      </trkpt>
      <trkpt lat="29.6908847708" lon="106.526218951">
        <ele>356.4</ele>
        <time>2026-10-03T09:48:14+0800</time>
        <extensions>
          <gpxtpx:TrackPointExtension>
            <gpxtpx:hr>192</gpxtpx:hr>
            <gpxtpx:cad>94</gpxtpx:cad>
          </gpxtpx:TrackPointExtension>
        </extensions>
      </trkpt>
      <trkpt lat="29.6908711083" lon="106.526232949">
        <ele>356.4</ele>
        <time>2026-10-03T09:48:15+0800</time>
        <extensions>
          <gpxtpx:TrackPointExtension>
            <gpxtpx:hr>192</gpxtpx:hr>
            <gpxtpx:cad>94</gpxtpx:cad>
          </gpxtpx:TrackPointExtension>
        </extensions>
      </trkpt>
      <trkpt lat="29.6908567753" lon="106.526252143">
        <ele>356.4</ele>
        <time>2026-10-03T09:48:16+0800</time>
        <extensions>
          <gpxtpx:TrackPointExtension>
            <gpxtpx:hr>192</gpxtpx:hr>
            <gpxtpx:cad>94</gpxtpx:cad>
          </gpxtpx:TrackPointExtension>
        </extensions>
      </trkpt>
      <trkpt lat="29.690843448" lon="106.526268404">
        <ele>356.4</ele>
        <time>2026-10-03T09:48:17+0800</time>
        <extensions>
          <gpxtpx:TrackPointExtension>
            <gpxtpx:hr>191</gpxtpx:hr>
            <gpxtpx:cad>92</gpxtpx:cad>
          </gpxtpx:TrackPointExtension>
        </extensions>
      </trkpt>
      <trkpt lat="29.6908288635" lon="106.526290448">
        <ele>356.6</ele>
        <time>2026-10-03T09:48:18+0800</time>
        <extensions>
          <gpxtpx:TrackPointExtension>
            <gpxtpx:hr>192</gpxtpx:hr>
            <gpxtpx:cad>92</gpxtpx:cad>
          </gpxtpx:TrackPointExtension>
        </extensions>
      </trkpt>
      <trkpt lat="29.6908204816" lon="106.526307128">
        <ele>356.6</ele>
        <time>2026-10-03T09:48:19+0800</time>
        <extensions>
          <gpxtpx:TrackPointExtension>
            <gpxtpx:hr>192</gpxtpx:hr>
            <gpxtpx:cad>92</gpxtpx:cad>
          </gpxtpx:TrackPointExtension>
        </extensions>
      </trkpt>
      <trkpt lat="29.6908042207" lon="106.526330095">
        <ele>356.6</ele>
        <time>2026-10-03T09:48:20+0800</time>
        <extensions>
          <gpxtpx:TrackPointExtension>
            <gpxtpx:hr>191</gpxtpx:hr>
            <gpxtpx:cad>92</gpxtpx:cad>
          </gpxtpx:TrackPointExtension>
        </extensions>
      </trkpt>
      <trkpt lat="29.6907918993" lon="106.526340991">
        <ele>356.8</ele>
        <time>2026-10-03T09:48:21+0800</time>
        <extensions>
          <gpxtpx:TrackPointExtension>
            <gpxtpx:hr>192</gpxtpx:hr>
            <gpxtpx:cad>90</gpxtpx:cad>
          </gpxtpx:TrackPointExtension>
        </extensions>
      </trkpt>
      <trkpt lat="29.6907796618" lon="106.526359012">
        <ele>357.0</ele>
        <time>2026-10-03T09:48:22+0800</time>
        <extensions>
          <gpxtpx:TrackPointExtension>
            <gpxtpx:hr>191</gpxtpx:hr>
            <gpxtpx:cad>88</gpxtpx:cad>
          </gpxtpx:TrackPointExtension>
        </extensions>
      </trkpt>
      <trkpt lat="29.6907649096" lon="106.526369322">
        <ele>357.0</ele>
        <time>2026-10-03T09:48:23+0800</time>
        <extensions>
          <gpxtpx:TrackPointExtension>
            <gpxtpx:hr>191</gpxtpx:hr>
            <gpxtpx:cad>88</gpxtpx:cad>
          </gpxtpx:TrackPointExtension>
        </extensions>
      </trkpt>
      <trkpt lat="29.6907538455" lon="106.526386924">
        <ele>357.0</ele>
        <time>2026-10-03T09:48:24+0800</time>
        <extensions>
          <gpxtpx:TrackPointExtension>
            <gpxtpx:hr>191</gpxtpx:hr>
            <gpxtpx:cad>88</gpxtpx:cad>
          </gpxtpx:TrackPointExtension>
        </extensions>
      </trkpt>
      <trkpt lat="29.6907455474" lon="106.526395725">
        <ele>357.0</ele>
        <time>2026-10-03T09:48:25+0800</time>
        <extensions>
          <gpxtpx:TrackPointExtension>
            <gpxtpx:hr>192</gpxtpx:hr>
            <gpxtpx:cad>89</gpxtpx:cad>
          </gpxtpx:TrackPointExtension>
        </extensions>
      </trkpt>
      <trkpt lat="29.6907324716" lon="106.526412657">
        <ele>357.0</ele>
        <time>2026-10-03T09:48:26+0800</time>
        <extensions>
          <gpxtpx:TrackPointExtension>
            <gpxtpx:hr>192</gpxtpx:hr>
            <gpxtpx:cad>92</gpxtpx:cad>
          </gpxtpx:TrackPointExtension>
        </extensions>
      </trkpt>
      <trkpt lat="29.6907238383" lon="106.526421458">
        <ele>357.2</ele>
        <time>2026-10-03T09:48:27+0800</time>
        <extensions>
          <gpxtpx:TrackPointExtension>
            <gpxtpx:hr>192</gpxtpx:hr>
            <gpxtpx:cad>92</gpxtpx:cad>
          </gpxtpx:TrackPointExtension>
        </extensions>
      </trkpt>
      <trkpt lat="29.6907173004" lon="106.526436461">
        <ele>357.2</ele>
        <time>2026-10-03T09:48:28+0800</time>
        <extensions>
          <gpxtpx:TrackPointExtension>
            <gpxtpx:hr>191</gpxtpx:hr>
            <gpxtpx:cad>92</gpxtpx:cad>
          </gpxtpx:TrackPointExtension>
        </extensions>
      </trkpt>
      <trkpt lat="29.6907084994" lon="106.526450543">
        <ele>357.4</ele>
        <time>2026-10-03T09:48:29+0800</time>
        <extensions>
          <gpxtpx:TrackPointExtension>
            <gpxtpx:hr>191</gpxtpx:hr>
            <gpxtpx:cad>92</gpxtpx:cad>
          </gpxtpx:TrackPointExtension>
        </extensions>
      </trkpt>
      <trkpt lat="29.6907002013" lon="106.526468229">
        <ele>357.4</ele>
        <time>2026-10-03T09:48:30+0800</time>
        <extensions>
          <gpxtpx:TrackPointExtension>
            <gpxtpx:hr>191</gpxtpx:hr>
            <gpxtpx:cad>91</gpxtpx:cad>
          </gpxtpx:TrackPointExtension>
        </extensions>
      </trkpt>
      <trkpt lat="29.6906919871" lon="106.526483232">
        <ele>357.4</ele>
        <time>2026-10-03T09:48:31+0800</time>
        <extensions>
          <gpxtpx:TrackPointExtension>
            <gpxtpx:hr>192</gpxtpx:hr>
            <gpxtpx:cad>92</gpxtpx:cad>
          </gpxtpx:TrackPointExtension>
        </extensions>
      </trkpt>
      <trkpt lat="29.6906842757" lon="106.52648977">
        <ele>357.4</ele>
        <time>2026-10-03T09:48:32+0800</time>
        <extensions>
          <gpxtpx:TrackPointExtension>
            <gpxtpx:hr>191</gpxtpx:hr>
            <gpxtpx:cad>92</gpxtpx:cad>
          </gpxtpx:TrackPointExtension>
        </extensions>
      </trkpt>
      <trkpt lat="29.6906712838" lon="106.526507121">
        <ele>357.4</ele>
        <time>2026-10-03T09:48:33+0800</time>
        <extensions>
          <gpxtpx:TrackPointExtension>
            <gpxtpx:hr>191</gpxtpx:hr>
            <gpxtpx:cad>92</gpxtpx:cad>
          </gpxtpx:TrackPointExtension>
        </extensions>
      </trkpt>
      <trkpt lat="29.6906636562" lon="106.526516508">
        <ele>357.4</ele>
        <time>2026-10-03T09:48:34+0800</time>
        <extensions>
          <gpxtpx:TrackPointExtension>
            <gpxtpx:hr>192</gpxtpx:hr>
            <gpxtpx:cad>92</gpxtpx:cad>
          </gpxtpx:TrackPointExtension>
        </extensions>
      </trkpt>
      <trkpt lat="29.6906523407" lon="106.526533691">
        <ele>357.6</ele>
        <time>2026-10-03T09:48:35+0800</time>
        <extensions>
          <gpxtpx:TrackPointExtension>
            <gpxtpx:hr>192</gpxtpx:hr>
            <gpxtpx:cad>92</gpxtpx:cad>
          </gpxtpx:TrackPointExtension>
        </extensions>
      </trkpt>
      <trkpt lat="29.6906426176" lon="106.526545761">
        <ele>357.6</ele>
        <time>2026-10-03T09:48:36+0800</time>
        <extensions>
          <gpxtpx:TrackPointExtension>
            <gpxtpx:hr>192</gpxtpx:hr>
            <gpxtpx:cad>92</gpxtpx:cad>
          </gpxtpx:TrackPointExtension>
        </extensions>
      </trkpt>
      <trkpt lat="29.6906325594" lon="106.526564201">
        <ele>357.6</ele>
        <time>2026-10-03T09:48:37+0800</time>
        <extensions>
          <gpxtpx:TrackPointExtension>
            <gpxtpx:hr>191</gpxtpx:hr>
            <gpxtpx:cad>92</gpxtpx:cad>
          </gpxtpx:TrackPointExtension>
        </extensions>
      </trkpt>
      <trkpt lat="29.6906224173" lon="106.526577026">
        <ele>357.6</ele>
        <time>2026-10-03T09:48:38+0800</time>
        <extensions>
          <gpxtpx:TrackPointExtension>
            <gpxtpx:hr>192</gpxtpx:hr>
            <gpxtpx:cad>92</gpxtpx:cad>
          </gpxtpx:TrackPointExtension>
        </extensions>
      </trkpt>
      <trkpt lat="29.6906088386" lon="106.526595214">
        <ele>357.6</ele>
        <time>2026-10-03T09:48:39+0800</time>
        <extensions>
          <gpxtpx:TrackPointExtension>
            <gpxtpx:hr>192</gpxtpx:hr>
            <gpxtpx:cad>90</gpxtpx:cad>
          </gpxtpx:TrackPointExtension>
        </extensions>
      </trkpt>
      <trkpt lat="29.6906016301" lon="106.52660477">
        <ele>357.6</ele>
        <time>2026-10-03T09:48:40+0800</time>
        <extensions>
          <gpxtpx:TrackPointExtension>
            <gpxtpx:hr>192</gpxtpx:hr>
            <gpxtpx:cad>90</gpxtpx:cad>
          </gpxtpx:TrackPointExtension>
        </extensions>
      </trkpt>
      <trkpt lat="29.6905913204" lon="106.526622456">
        <ele>357.8</ele>
        <time>2026-10-03T09:48:41+0800</time>
        <extensions>
          <gpxtpx:TrackPointExtension>
            <gpxtpx:hr>192</gpxtpx:hr>
            <gpxtpx:cad>90</gpxtpx:cad>
          </gpxtpx:TrackPointExtension>
        </extensions>
      </trkpt>
      <trkpt lat="29.690581765" lon="106.526632514">
        <ele>357.8</ele>
        <time>2026-10-03T09:48:42+0800</time>
        <extensions>
          <gpxtpx:TrackPointExtension>
            <gpxtpx:hr>191</gpxtpx:hr>
            <gpxtpx:cad>90</gpxtpx:cad>
          </gpxtpx:TrackPointExtension>
        </extensions>
      </trkpt>
      <trkpt lat="29.6905740537" lon="106.526646176">
        <ele>357.8</ele>
        <time>2026-10-03T09:48:43+0800</time>
        <extensions>
          <gpxtpx:TrackPointExtension>
            <gpxtpx:hr>192</gpxtpx:hr>
            <gpxtpx:cad>90</gpxtpx:cad>
          </gpxtpx:TrackPointExtension>
        </extensions>
      </trkpt>
      <trkpt lat="29.6905664261" lon="106.526654977">
        <ele>357.8</ele>
        <time>2026-10-03T09:48:44+0800</time>
        <extensions>
          <gpxtpx:TrackPointExtension>
            <gpxtpx:hr>192</gpxtpx:hr>
            <gpxtpx:cad>90</gpxtpx:cad>
          </gpxtpx:TrackPointExtension>
        </extensions>
      </trkpt>
      <trkpt lat="29.6905580442" lon="106.526671909">
        <ele>357.8</ele>
        <time>2026-10-03T09:48:45+0800</time>
        <extensions>
          <gpxtpx:TrackPointExtension>
            <gpxtpx:hr>192</gpxtpx:hr>
            <gpxtpx:cad>89</gpxtpx:cad>
          </gpxtpx:TrackPointExtension>
        </extensions>
      </trkpt>
      <trkpt lat="29.6905476507" lon="106.526683895">
        <ele>357.8</ele>
        <time>2026-10-03T09:48:46+0800</time>
        <extensions>
          <gpxtpx:TrackPointExtension>
            <gpxtpx:hr>191</gpxtpx:hr>
            <gpxtpx:cad>89</gpxtpx:cad>
          </gpxtpx:TrackPointExtension>
        </extensions>
      </trkpt>
      <trkpt lat="29.6905354131" lon="106.526701078">
        <ele>358.0</ele>
        <time>2026-10-03T09:48:47+0800</time>
        <extensions>
          <gpxtpx:TrackPointExtension>
            <gpxtpx:hr>192</gpxtpx:hr>
            <gpxtpx:cad>90</gpxtpx:cad>
          </gpxtpx:TrackPointExtension>
        </extensions>
      </trkpt>
      <trkpt lat="29.6905242652" lon="106.526715327">
        <ele>358.0</ele>
        <time>2026-10-03T09:48:48+0800</time>
        <extensions>
          <gpxtpx:TrackPointExtension>
            <gpxtpx:hr>191</gpxtpx:hr>
            <gpxtpx:cad>90</gpxtpx:cad>
          </gpxtpx:TrackPointExtension>
        </extensions>
      </trkpt>
      <trkpt lat="29.6905096807" lon="106.526735444">
        <ele>358.0</ele>
        <time>2026-10-03T09:48:49+0800</time>
        <extensions>
          <gpxtpx:TrackPointExtension>
            <gpxtpx:hr>191</gpxtpx:hr>
            <gpxtpx:cad>91</gpxtpx:cad>
          </gpxtpx:TrackPointExtension>
        </extensions>
      </trkpt>
      <trkpt lat="29.6904977784" lon="106.52674919">
        <ele>358.0</ele>
        <time>2026-10-03T09:48:50+0800</time>
        <extensions>
          <gpxtpx:TrackPointExtension>
            <gpxtpx:hr>191</gpxtpx:hr>
            <gpxtpx:cad>91</gpxtpx:cad>
          </gpxtpx:TrackPointExtension>
        </extensions>
      </trkpt>
      <trkpt lat="29.6904845349" lon="106.526767882">
        <ele>358.0</ele>
        <time>2026-10-03T09:48:51+0800</time>
        <extensions>
          <gpxtpx:TrackPointExtension>
            <gpxtpx:hr>191</gpxtpx:hr>
            <gpxtpx:cad>91</gpxtpx:cad>
          </gpxtpx:TrackPointExtension>
        </extensions>
      </trkpt>
      <trkpt lat="29.6904713754" lon="106.526781376">
        <ele>358.2</ele>
        <time>2026-10-03T09:48:52+0800</time>
        <extensions>
          <gpxtpx:TrackPointExtension>
            <gpxtpx:hr>192</gpxtpx:hr>
            <gpxtpx:cad>91</gpxtpx:cad>
          </gpxtpx:TrackPointExtension>
        </extensions>
      </trkpt>
      <trkpt lat="29.6904578805" lon="106.52679814">
        <ele>358.4</ele>
        <time>2026-10-03T09:48:53+0800</time>
        <extensions>
          <gpxtpx:TrackPointExtension>
            <gpxtpx:hr>192</gpxtpx:hr>
            <gpxtpx:cad>90</gpxtpx:cad>
          </gpxtpx:TrackPointExtension>
        </extensions>
      </trkpt>
      <trkpt lat="29.6904485766" lon="106.526809288">
        <ele>358.6</ele>
        <time>2026-10-03T09:48:54+0800</time>
        <extensions>
          <gpxtpx:TrackPointExtension>
            <gpxtpx:hr>192</gpxtpx:hr>
            <gpxtpx:cad>89</gpxtpx:cad>
          </gpxtpx:TrackPointExtension>
        </extensions>
      </trkpt>
      <trkpt lat="29.6904408652" lon="106.52682622">
        <ele>358.6</ele>
        <time>2026-10-03T09:48:55+0800</time>
        <extensions>
          <gpxtpx:TrackPointExtension>
            <gpxtpx:hr>191</gpxtpx:hr>
            <gpxtpx:cad>89</gpxtpx:cad>
          </gpxtpx:TrackPointExtension>
        </extensions>
      </trkpt>
      <trkpt lat="29.6904276218" lon="106.526835775">
        <ele>358.6</ele>
        <time>2026-10-03T09:48:56+0800</time>
        <extensions>
          <gpxtpx:TrackPointExtension>
            <gpxtpx:hr>192</gpxtpx:hr>
            <gpxtpx:cad>89</gpxtpx:cad>
          </gpxtpx:TrackPointExtension>
        </extensions>
      </trkpt>
      <trkpt lat="29.6904149652" lon="106.526852204">
        <ele>358.6</ele>
        <time>2026-10-03T09:48:57+0800</time>
        <extensions>
          <gpxtpx:TrackPointExtension>
            <gpxtpx:hr>192</gpxtpx:hr>
            <gpxtpx:cad>89</gpxtpx:cad>
          </gpxtpx:TrackPointExtension>
        </extensions>
      </trkpt>
      <trkpt lat="29.6904023923" lon="106.526867207">
        <ele>358.6</ele>
        <time>2026-10-03T09:48:58+0800</time>
        <extensions>
          <gpxtpx:TrackPointExtension>
            <gpxtpx:hr>192</gpxtpx:hr>
            <gpxtpx:cad>91</gpxtpx:cad>
          </gpxtpx:TrackPointExtension>
        </extensions>
      </trkpt>
      <trkpt lat="29.6903945971" lon="106.526882378">
        <ele>358.6</ele>
        <time>2026-10-03T09:48:59+0800</time>
        <extensions>
          <gpxtpx:TrackPointExtension>
            <gpxtpx:hr>191</gpxtpx:hr>
            <gpxtpx:cad>91</gpxtpx:cad>
          </gpxtpx:TrackPointExtension>
        </extensions>
      </trkpt>
      <trkpt lat="29.6903847065" lon="106.526896795">
        <ele>358.6</ele>
        <time>2026-10-03T09:49:00+0800</time>
        <extensions>
          <gpxtpx:TrackPointExtension>
            <gpxtpx:hr>191</gpxtpx:hr>
            <gpxtpx:cad>91</gpxtpx:cad>
          </gpxtpx:TrackPointExtension>
        </extensions>
      </trkpt>
      <trkpt lat="29.6903766599" lon="106.526912469">
        <ele>358.6</ele>
        <time>2026-10-03T09:49:01+0800</time>
        <extensions>
          <gpxtpx:TrackPointExtension>
            <gpxtpx:hr>190</gpxtpx:hr>
            <gpxtpx:cad>93</gpxtpx:cad>
          </gpxtpx:TrackPointExtension>
        </extensions>
      </trkpt>
      <trkpt lat="29.6903656796" lon="106.526927892">
        <ele>358.8</ele>
        <time>2026-10-03T09:49:02+0800</time>
        <extensions>
          <gpxtpx:TrackPointExtension>
            <gpxtpx:hr>190</gpxtpx:hr>
            <gpxtpx:cad>93</gpxtpx:cad>
          </gpxtpx:TrackPointExtension>
        </extensions>
      </trkpt>
      <trkpt lat="29.6903528553" lon="106.526948009">
        <ele>358.8</ele>
        <time>2026-10-03T09:49:03+0800</time>
        <extensions>
          <gpxtpx:TrackPointExtension>
            <gpxtpx:hr>191</gpxtpx:hr>
            <gpxtpx:cad>92</gpxtpx:cad>
          </gpxtpx:TrackPointExtension>
        </extensions>
      </trkpt>
      <trkpt lat="29.6903386898" lon="106.526970891">
        <ele>358.8</ele>
        <time>2026-10-03T09:49:04+0800</time>
        <extensions>
          <gpxtpx:TrackPointExtension>
            <gpxtpx:hr>191</gpxtpx:hr>
            <gpxtpx:cad>90</gpxtpx:cad>
          </gpxtpx:TrackPointExtension>
        </extensions>
      </trkpt>
      <trkpt lat="29.6903240215" lon="106.526988912">
        <ele>358.8</ele>
        <time>2026-10-03T09:49:05+0800</time>
        <extensions>
          <gpxtpx:TrackPointExtension>
            <gpxtpx:hr>192</gpxtpx:hr>
            <gpxtpx:cad>90</gpxtpx:cad>
          </gpxtpx:TrackPointExtension>
        </extensions>
      </trkpt>
      <trkpt lat="29.6903137956" lon="106.527002659">
        <ele>358.8</ele>
        <time>2026-10-03T09:49:06+0800</time>
        <extensions>
          <gpxtpx:TrackPointExtension>
            <gpxtpx:hr>192</gpxtpx:hr>
            <gpxtpx:cad>90</gpxtpx:cad>
          </gpxtpx:TrackPointExtension>
        </extensions>
      </trkpt>
      <trkpt lat="29.6903046593" lon="106.527015567">
        <ele>358.8</ele>
        <time>2026-10-03T09:49:07+0800</time>
        <extensions>
          <gpxtpx:TrackPointExtension>
            <gpxtpx:hr>192</gpxtpx:hr>
            <gpxtpx:cad>92</gpxtpx:cad>
          </gpxtpx:TrackPointExtension>
        </extensions>
      </trkpt>
      <trkpt lat="29.6902944334" lon="106.527030235">
        <ele>358.8</ele>
        <time>2026-10-03T09:49:08+0800</time>
        <extensions>
          <gpxtpx:TrackPointExtension>
            <gpxtpx:hr>192</gpxtpx:hr>
            <gpxtpx:cad>93</gpxtpx:cad>
          </gpxtpx:TrackPointExtension>
        </extensions>
      </trkpt>
      <trkpt lat="29.6902869735" lon="106.527044149">
        <ele>358.8</ele>
        <time>2026-10-03T09:49:09+0800</time>
        <extensions>
          <gpxtpx:TrackPointExtension>
            <gpxtpx:hr>192</gpxtpx:hr>
            <gpxtpx:cad>93</gpxtpx:cad>
          </gpxtpx:TrackPointExtension>
        </extensions>
      </trkpt>
      <trkpt lat="29.6902780049" lon="106.527057728">
        <ele>358.8</ele>
        <time>2026-10-03T09:49:10+0800</time>
        <extensions>
          <gpxtpx:TrackPointExtension>
            <gpxtpx:hr>192</gpxtpx:hr>
            <gpxtpx:cad>93</gpxtpx:cad>
          </gpxtpx:TrackPointExtension>
        </extensions>
      </trkpt>
      <trkpt lat="29.6902679466" lon="106.527071055">
        <ele>358.8</ele>
        <time>2026-10-03T09:49:11+0800</time>
        <extensions>
          <gpxtpx:TrackPointExtension>
            <gpxtpx:hr>192</gpxtpx:hr>
            <gpxtpx:cad>93</gpxtpx:cad>
          </gpxtpx:TrackPointExtension>
        </extensions>
      </trkpt>
      <trkpt lat="29.6902574692" lon="106.527086478">
        <ele>358.8</ele>
        <time>2026-10-03T09:49:12+0800</time>
        <extensions>
          <gpxtpx:TrackPointExtension>
            <gpxtpx:hr>192</gpxtpx:hr>
            <gpxtpx:cad>91</gpxtpx:cad>
          </gpxtpx:TrackPointExtension>
        </extensions>
      </trkpt>
      <trkpt lat="29.6902456507" lon="106.52710014">
        <ele>359.0</ele>
        <time>2026-10-03T09:49:13+0800</time>
        <extensions>
          <gpxtpx:TrackPointExtension>
            <gpxtpx:hr>192</gpxtpx:hr>
            <gpxtpx:cad>91</gpxtpx:cad>
          </gpxtpx:TrackPointExtension>
        </extensions>
      </trkpt>
      <trkpt lat="29.6902366821" lon="106.527115228">
        <ele>359.0</ele>
        <time>2026-10-03T09:49:14+0800</time>
        <extensions>
          <gpxtpx:TrackPointExtension>
            <gpxtpx:hr>192</gpxtpx:hr>
            <gpxtpx:cad>90</gpxtpx:cad>
          </gpxtpx:TrackPointExtension>
        </extensions>
      </trkpt>
      <trkpt lat="29.6902231034" lon="106.527126459">
        <ele>359.0</ele>
        <time>2026-10-03T09:49:15+0800</time>
        <extensions>
          <gpxtpx:TrackPointExtension>
            <gpxtpx:hr>193</gpxtpx:hr>
            <gpxtpx:cad>91</gpxtpx:cad>
          </gpxtpx:TrackPointExtension>
        </extensions>
      </trkpt>
      <trkpt lat="29.6902183257" lon="106.527146827">
        <ele>359.0</ele>
        <time>2026-10-03T09:49:16+0800</time>
        <extensions>
          <gpxtpx:TrackPointExtension>
            <gpxtpx:hr>193</gpxtpx:hr>
            <gpxtpx:cad>91</gpxtpx:cad>
          </gpxtpx:TrackPointExtension>
        </extensions>
      </trkpt>
      <trkpt lat="29.6902093571" lon="106.527157305">
        <ele>359.2</ele>
        <time>2026-10-03T09:49:17+0800</time>
        <extensions>
          <gpxtpx:TrackPointExtension>
            <gpxtpx:hr>193</gpxtpx:hr>
            <gpxtpx:cad>91</gpxtpx:cad>
          </gpxtpx:TrackPointExtension>
        </extensions>
      </trkpt>
      <trkpt lat="29.6902005561" lon="106.527173733">
        <ele>359.2</ele>
        <time>2026-10-03T09:49:18+0800</time>
        <extensions>
          <gpxtpx:TrackPointExtension>
            <gpxtpx:hr>193</gpxtpx:hr>
            <gpxtpx:cad>92</gpxtpx:cad>
          </gpxtpx:TrackPointExtension>
        </extensions>
      </trkpt>
      <trkpt lat="29.690189492" lon="106.527182534">
        <ele>359.2</ele>
        <time>2026-10-03T09:49:19+0800</time>
        <extensions>
          <gpxtpx:TrackPointExtension>
            <gpxtpx:hr>192</gpxtpx:hr>
            <gpxtpx:cad>92</gpxtpx:cad>
          </gpxtpx:TrackPointExtension>
        </extensions>
      </trkpt>
      <trkpt lat="29.6901819482" lon="106.527201226">
        <ele>359.2</ele>
        <time>2026-10-03T09:49:20+0800</time>
        <extensions>
          <gpxtpx:TrackPointExtension>
            <gpxtpx:hr>192</gpxtpx:hr>
            <gpxtpx:cad>93</gpxtpx:cad>
          </gpxtpx:TrackPointExtension>
        </extensions>
      </trkpt>
      <trkpt lat="29.690170465" lon="106.52721338">
        <ele>359.2</ele>
        <time>2026-10-03T09:49:21+0800</time>
        <extensions>
          <gpxtpx:TrackPointExtension>
            <gpxtpx:hr>191</gpxtpx:hr>
            <gpxtpx:cad>93</gpxtpx:cad>
          </gpxtpx:TrackPointExtension>
        </extensions>
      </trkpt>
      <trkpt lat="29.6901613288" lon="106.527229305">
        <ele>359.2</ele>
        <time>2026-10-03T09:49:22+0800</time>
        <extensions>
          <gpxtpx:TrackPointExtension>
            <gpxtpx:hr>190</gpxtpx:hr>
            <gpxtpx:cad>92</gpxtpx:cad>
          </gpxtpx:TrackPointExtension>
        </extensions>
      </trkpt>
      <trkpt lat="29.6901505161" lon="106.527243135">
        <ele>359.2</ele>
        <time>2026-10-03T09:49:23+0800</time>
        <extensions>
          <gpxtpx:TrackPointExtension>
            <gpxtpx:hr>190</gpxtpx:hr>
            <gpxtpx:cad>92</gpxtpx:cad>
          </gpxtpx:TrackPointExtension>
        </extensions>
      </trkpt>
      <trkpt lat="29.6901406255" lon="106.527260821">
        <ele>359.4</ele>
        <time>2026-10-03T09:49:24+0800</time>
        <extensions>
          <gpxtpx:TrackPointExtension>
            <gpxtpx:hr>190</gpxtpx:hr>
            <gpxtpx:cad>92</gpxtpx:cad>
          </gpxtpx:TrackPointExtension>
        </extensions>
      </trkpt>
      <trkpt lat="29.6901305672" lon="106.527272891">
        <ele>359.4</ele>
        <time>2026-10-03T09:49:25+0800</time>
        <extensions>
          <gpxtpx:TrackPointExtension>
            <gpxtpx:hr>191</gpxtpx:hr>
            <gpxtpx:cad>92</gpxtpx:cad>
          </gpxtpx:TrackPointExtension>
        </extensions>
      </trkpt>
      <trkpt lat="29.69012185" lon="106.527289236">
        <ele>359.6</ele>
        <time>2026-10-03T09:49:26+0800</time>
        <extensions>
          <gpxtpx:TrackPointExtension>
            <gpxtpx:hr>191</gpxtpx:hr>
            <gpxtpx:cad>92</gpxtpx:cad>
          </gpxtpx:TrackPointExtension>
        </extensions>
      </trkpt>
      <trkpt lat="29.6901107021" lon="106.527306419">
        <ele>359.6</ele>
        <time>2026-10-03T09:49:27+0800</time>
        <extensions>
          <gpxtpx:TrackPointExtension>
            <gpxtpx:hr>191</gpxtpx:hr>
            <gpxtpx:cad>92</gpxtpx:cad>
          </gpxtpx:TrackPointExtension>
        </extensions>
      </trkpt>
      <trkpt lat="29.6900978778" lon="106.527318908">
        <ele>359.8</ele>
        <time>2026-10-03T09:49:28+0800</time>
        <extensions>
          <gpxtpx:TrackPointExtension>
            <gpxtpx:hr>190</gpxtpx:hr>
            <gpxtpx:cad>92</gpxtpx:cad>
          </gpxtpx:TrackPointExtension>
        </extensions>
      </trkpt>
      <trkpt lat="29.6900805272" lon="106.527336342">
        <ele>359.8</ele>
        <time>2026-10-03T09:49:29+0800</time>
        <extensions>
          <gpxtpx:TrackPointExtension>
            <gpxtpx:hr>190</gpxtpx:hr>
            <gpxtpx:cad>92</gpxtpx:cad>
          </gpxtpx:TrackPointExtension>
        </extensions>
      </trkpt>
      <trkpt lat="29.6900700498" lon="106.527351178">
        <ele>359.8</ele>
        <time>2026-10-03T09:49:30+0800</time>
        <extensions>
          <gpxtpx:TrackPointExtension>
            <gpxtpx:hr>190</gpxtpx:hr>
            <gpxtpx:cad>91</gpxtpx:cad>
          </gpxtpx:TrackPointExtension>
        </extensions>
      </trkpt>
      <trkpt lat="29.6900544595" lon="106.527372804">
        <ele>359.8</ele>
        <time>2026-10-03T09:49:31+0800</time>
        <extensions>
          <gpxtpx:TrackPointExtension>
            <gpxtpx:hr>190</gpxtpx:hr>
            <gpxtpx:cad>91</gpxtpx:cad>
          </gpxtpx:TrackPointExtension>
        </extensions>
      </trkpt>
      <trkpt lat="29.6900455747" lon="106.527384454">
        <ele>359.8</ele>
        <time>2026-10-03T09:49:32+0800</time>
        <extensions>
          <gpxtpx:TrackPointExtension>
            <gpxtpx:hr>190</gpxtpx:hr>
            <gpxtpx:cad>94</gpxtpx:cad>
          </gpxtpx:TrackPointExtension>
        </extensions>
      </trkpt>
      <trkpt lat="29.6900351811" lon="106.52740323">
        <ele>359.8</ele>
        <time>2026-10-03T09:49:33+0800</time>
        <extensions>
          <gpxtpx:TrackPointExtension>
            <gpxtpx:hr>190</gpxtpx:hr>
            <gpxtpx:cad>94</gpxtpx:cad>
          </gpxtpx:TrackPointExtension>
        </extensions>
      </trkpt>
      <trkpt lat="29.6900238656" lon="106.527416389">
        <ele>359.8</ele>
        <time>2026-10-03T09:49:34+0800</time>
        <extensions>
          <gpxtpx:TrackPointExtension>
            <gpxtpx:hr>191</gpxtpx:hr>
            <gpxtpx:cad>93</gpxtpx:cad>
          </gpxtpx:TrackPointExtension>
        </extensions>
      </trkpt>
      <trkpt lat="29.6900154836" lon="106.527432986">
        <ele>360.0</ele>
        <time>2026-10-03T09:49:35+0800</time>
        <extensions>
          <gpxtpx:TrackPointExtension>
            <gpxtpx:hr>191</gpxtpx:hr>
            <gpxtpx:cad>93</gpxtpx:cad>
          </gpxtpx:TrackPointExtension>
        </extensions>
      </trkpt>
      <trkpt lat="29.6900081914" lon="106.527449917">
        <ele>360.0</ele>
        <time>2026-10-03T09:49:36+0800</time>
        <extensions>
          <gpxtpx:TrackPointExtension>
            <gpxtpx:hr>191</gpxtpx:hr>
            <gpxtpx:cad>93</gpxtpx:cad>
          </gpxtpx:TrackPointExtension>
        </extensions>
      </trkpt>
      <trkpt lat="29.6899964567" lon="106.527466597">
        <ele>360.2</ele>
        <time>2026-10-03T09:49:37+0800</time>
        <extensions>
          <gpxtpx:TrackPointExtension>
            <gpxtpx:hr>190</gpxtpx:hr>
            <gpxtpx:cad>92</gpxtpx:cad>
          </gpxtpx:TrackPointExtension>
        </extensions>
      </trkpt>
      <trkpt lat="29.689981956" lon="106.527491575">
        <ele>360.2</ele>
        <time>2026-10-03T09:49:38+0800</time>
        <extensions>
          <gpxtpx:TrackPointExtension>
            <gpxtpx:hr>190</gpxtpx:hr>
            <gpxtpx:cad>92</gpxtpx:cad>
          </gpxtpx:TrackPointExtension>
        </extensions>
      </trkpt>
      <trkpt lat="29.6899698023" lon="106.527506746">
        <ele>360.0</ele>
        <time>2026-10-03T09:49:39+0800</time>
        <extensions>
          <gpxtpx:TrackPointExtension>
            <gpxtpx:hr>190</gpxtpx:hr>
            <gpxtpx:cad>92</gpxtpx:cad>
          </gpxtpx:TrackPointExtension>
        </extensions>
      </trkpt>
      <trkpt lat="29.6899506915" lon="106.527529294">
        <ele>360.0</ele>
        <time>2026-10-03T09:49:40+0800</time>
        <extensions>
          <gpxtpx:TrackPointExtension>
            <gpxtpx:hr>190</gpxtpx:hr>
            <gpxtpx:cad>92</gpxtpx:cad>
          </gpxtpx:TrackPointExtension>
        </extensions>
      </trkpt>
      <trkpt lat="29.6899381187" lon="106.527542621">
        <ele>360.0</ele>
        <time>2026-10-03T09:49:41+0800</time>
        <extensions>
          <gpxtpx:TrackPointExtension>
            <gpxtpx:hr>191</gpxtpx:hr>
            <gpxtpx:cad>92</gpxtpx:cad>
          </gpxtpx:TrackPointExtension>
        </extensions>
      </trkpt>
      <trkpt lat="29.6899242885" lon="106.527560055">
        <ele>360.0</ele>
        <time>2026-10-03T09:49:42+0800</time>
        <extensions>
          <gpxtpx:TrackPointExtension>
            <gpxtpx:hr>190</gpxtpx:hr>
            <gpxtpx:cad>92</gpxtpx:cad>
          </gpxtpx:TrackPointExtension>
        </extensions>
      </trkpt>
      <trkpt lat="29.6899105422" lon="106.52757816">
        <ele>360.0</ele>
        <time>2026-10-03T09:49:43+0800</time>
        <extensions>
          <gpxtpx:TrackPointExtension>
            <gpxtpx:hr>190</gpxtpx:hr>
            <gpxtpx:cad>96</gpxtpx:cad>
          </gpxtpx:TrackPointExtension>
        </extensions>
      </trkpt>
      <trkpt lat="29.6899017412" lon="106.527587129">
        <ele>360.2</ele>
        <time>2026-10-03T09:49:44+0800</time>
        <extensions>
          <gpxtpx:TrackPointExtension>
            <gpxtpx:hr>190</gpxtpx:hr>
            <gpxtpx:cad>96</gpxtpx:cad>
          </gpxtpx:TrackPointExtension>
        </extensions>
      </trkpt>
      <trkpt lat="29.689892102" lon="106.527599953">
        <ele>360.2</ele>
        <time>2026-10-03T09:49:45+0800</time>
        <extensions>
          <gpxtpx:TrackPointExtension>
            <gpxtpx:hr>191</gpxtpx:hr>
            <gpxtpx:cad>96</gpxtpx:cad>
          </gpxtpx:TrackPointExtension>
        </extensions>
      </trkpt>
      <trkpt lat="29.6898831334" lon="106.52761261">
        <ele>360.2</ele>
        <time>2026-10-03T09:49:46+0800</time>
        <extensions>
          <gpxtpx:TrackPointExtension>
            <gpxtpx:hr>190</gpxtpx:hr>
            <gpxtpx:cad>93</gpxtpx:cad>
          </gpxtpx:TrackPointExtension>
        </extensions>
      </trkpt>
      <trkpt lat="29.6898729075" lon="106.527631972">
        <ele>360.2</ele>
        <time>2026-10-03T09:49:47+0800</time>
        <extensions>
          <gpxtpx:TrackPointExtension>
            <gpxtpx:hr>190</gpxtpx:hr>
            <gpxtpx:cad>93</gpxtpx:cad>
          </gpxtpx:TrackPointExtension>
        </extensions>
      </trkpt>
      <trkpt lat="29.6898627654" lon="106.527645634">
        <ele>360.2</ele>
        <time>2026-10-03T09:49:48+0800</time>
        <extensions>
          <gpxtpx:TrackPointExtension>
            <gpxtpx:hr>190</gpxtpx:hr>
            <gpxtpx:cad>93</gpxtpx:cad>
          </gpxtpx:TrackPointExtension>
        </extensions>
      </trkpt>
      <trkpt lat="29.6898538806" lon="106.527668349">
        <ele>360.4</ele>
        <time>2026-10-03T09:49:49+0800</time>
        <extensions>
          <gpxtpx:TrackPointExtension>
            <gpxtpx:hr>190</gpxtpx:hr>
            <gpxtpx:cad>93</gpxtpx:cad>
          </gpxtpx:TrackPointExtension>
        </extensions>
      </trkpt>
      <trkpt lat="29.689843487" lon="106.527686538">
        <ele>360.6</ele>
        <time>2026-10-03T09:49:50+0800</time>
        <extensions>
          <gpxtpx:TrackPointExtension>
            <gpxtpx:hr>191</gpxtpx:hr>
            <gpxtpx:cad>93</gpxtpx:cad>
          </gpxtpx:TrackPointExtension>
        </extensions>
      </trkpt>
      <trkpt lat="29.6898340993" lon="106.52770347">
        <ele>360.6</ele>
        <time>2026-10-03T09:49:51+0800</time>
        <extensions>
          <gpxtpx:TrackPointExtension>
            <gpxtpx:hr>190</gpxtpx:hr>
            <gpxtpx:cad>93</gpxtpx:cad>
          </gpxtpx:TrackPointExtension>
        </extensions>
      </trkpt>
      <trkpt lat="29.6898217779" lon="106.527716713">
        <ele>360.6</ele>
        <time>2026-10-03T09:49:52+0800</time>
        <extensions>
          <gpxtpx:TrackPointExtension>
            <gpxtpx:hr>190</gpxtpx:hr>
            <gpxtpx:cad>92</gpxtpx:cad>
          </gpxtpx:TrackPointExtension>
        </extensions>
      </trkpt>
      <trkpt lat="29.6898053493" lon="106.527734315">
        <ele>360.4</ele>
        <time>2026-10-03T09:49:53+0800</time>
        <extensions>
          <gpxtpx:TrackPointExtension>
            <gpxtpx:hr>191</gpxtpx:hr>
            <gpxtpx:cad>92</gpxtpx:cad>
          </gpxtpx:TrackPointExtension>
        </extensions>
      </trkpt>
      <trkpt lat="29.6897936985" lon="106.527747642">
        <ele>360.4</ele>
        <time>2026-10-03T09:49:54+0800</time>
        <extensions>
          <gpxtpx:TrackPointExtension>
            <gpxtpx:hr>190</gpxtpx:hr>
            <gpxtpx:cad>95</gpxtpx:cad>
          </gpxtpx:TrackPointExtension>
        </extensions>
      </trkpt>
      <trkpt lat="29.6897831373" lon="106.527760802">
        <ele>360.4</ele>
        <time>2026-10-03T09:49:55+0800</time>
        <extensions>
          <gpxtpx:TrackPointExtension>
            <gpxtpx:hr>190</gpxtpx:hr>
            <gpxtpx:cad>95</gpxtpx:cad>
          </gpxtpx:TrackPointExtension>
        </extensions>
      </trkpt>
      <trkpt lat="29.6897738334" lon="106.527777147">
        <ele>360.4</ele>
        <time>2026-10-03T09:49:56+0800</time>
        <extensions>
          <gpxtpx:TrackPointExtension>
            <gpxtpx:hr>191</gpxtpx:hr>
            <gpxtpx:cad>95</gpxtpx:cad>
          </gpxtpx:TrackPointExtension>
        </extensions>
      </trkpt>
      <trkpt lat="29.6897612605" lon="106.52780246">
        <ele>360.4</ele>
        <time>2026-10-03T09:49:57+0800</time>
        <extensions>
          <gpxtpx:TrackPointExtension>
            <gpxtpx:hr>190</gpxtpx:hr>
            <gpxtpx:cad>95</gpxtpx:cad>
          </gpxtpx:TrackPointExtension>
        </extensions>
      </trkpt>
      <trkpt lat="29.6897475142" lon="106.527817464">
        <ele>360.4</ele>
        <time>2026-10-03T09:49:58+0800</time>
        <extensions>
          <gpxtpx:TrackPointExtension>
            <gpxtpx:hr>190</gpxtpx:hr>
            <gpxtpx:cad>95</gpxtpx:cad>
          </gpxtpx:TrackPointExtension>
        </extensions>
      </trkpt>
      <trkpt lat="29.6897247992" lon="106.527834479">
        <ele>360.6</ele>
        <time>2026-10-03T09:49:59+0800</time>
        <extensions>
          <gpxtpx:TrackPointExtension>
            <gpxtpx:hr>191</gpxtpx:hr>
            <gpxtpx:cad>95</gpxtpx:cad>
          </gpxtpx:TrackPointExtension>
        </extensions>
      </trkpt>
      <trkpt lat="29.689717507" lon="106.527840178">
        <ele>360.6</ele>
        <time>2026-10-03T09:50:00+0800</time>
        <extensions>
          <gpxtpx:TrackPointExtension>
            <gpxtpx:hr>190</gpxtpx:hr>
            <gpxtpx:cad>95</gpxtpx:cad>
          </gpxtpx:TrackPointExtension>
        </extensions>
      </trkpt>
      <trkpt lat="29.6897075325" lon="106.527851662">
        <ele>360.6</ele>
        <time>2026-10-03T09:50:01+0800</time>
        <extensions>
          <gpxtpx:TrackPointExtension>
            <gpxtpx:hr>191</gpxtpx:hr>
            <gpxtpx:cad>95</gpxtpx:cad>
          </gpxtpx:TrackPointExtension>
        </extensions>
      </trkpt>
      <trkpt lat="29.6897019166" lon="106.527860044">
        <ele>360.8</ele>
        <time>2026-10-03T09:50:02+0800</time>
        <extensions>
          <gpxtpx:TrackPointExtension>
            <gpxtpx:hr>191</gpxtpx:hr>
            <gpxtpx:cad>95</gpxtpx:cad>
          </gpxtpx:TrackPointExtension>
        </extensions>
      </trkpt>
      <trkpt lat="29.6896860749" lon="106.527876472">
        <ele>361.0</ele>
        <time>2026-10-03T09:50:03+0800</time>
        <extensions>
          <gpxtpx:TrackPointExtension>
            <gpxtpx:hr>191</gpxtpx:hr>
            <gpxtpx:cad>95</gpxtpx:cad>
          </gpxtpx:TrackPointExtension>
        </extensions>
      </trkpt>
      <trkpt lat="29.6896781959" lon="106.527888626">
        <ele>361.0</ele>
        <time>2026-10-03T09:50:04+0800</time>
        <extensions>
          <gpxtpx:TrackPointExtension>
            <gpxtpx:hr>191</gpxtpx:hr>
            <gpxtpx:cad>95</gpxtpx:cad>
          </gpxtpx:TrackPointExtension>
        </extensions>
      </trkpt>
      <trkpt lat="29.6896682214" lon="106.527904803">
        <ele>361.2</ele>
        <time>2026-10-03T09:50:05+0800</time>
        <extensions>
          <gpxtpx:TrackPointExtension>
            <gpxtpx:hr>190</gpxtpx:hr>
            <gpxtpx:cad>88</gpxtpx:cad>
          </gpxtpx:TrackPointExtension>
        </extensions>
      </trkpt>
      <trkpt lat="29.6896580793" lon="106.527920812">
        <ele>361.0</ele>
        <time>2026-10-03T09:50:06+0800</time>
        <extensions>
          <gpxtpx:TrackPointExtension>
            <gpxtpx:hr>191</gpxtpx:hr>
            <gpxtpx:cad>88</gpxtpx:cad>
          </gpxtpx:TrackPointExtension>
        </extensions>
      </trkpt>
      <trkpt lat="29.689641064" lon="106.52794227">
        <ele>361.0</ele>
        <time>2026-10-03T09:50:07+0800</time>
        <extensions>
          <gpxtpx:TrackPointExtension>
            <gpxtpx:hr>191</gpxtpx:hr>
            <gpxtpx:cad>88</gpxtpx:cad>
          </gpxtpx:TrackPointExtension>
        </extensions>
      </trkpt>
      <trkpt lat="29.6896253061" lon="106.527958531">
        <ele>360.8</ele>
        <time>2026-10-03T09:50:08+0800</time>
        <extensions>
          <gpxtpx:TrackPointExtension>
            <gpxtpx:hr>192</gpxtpx:hr>
            <gpxtpx:cad>88</gpxtpx:cad>
          </gpxtpx:TrackPointExtension>
        </extensions>
      </trkpt>
      <trkpt lat="29.6896092966" lon="106.527975798">
        <ele>360.8</ele>
        <time>2026-10-03T09:50:09+0800</time>
        <extensions>
          <gpxtpx:TrackPointExtension>
            <gpxtpx:hr>192</gpxtpx:hr>
            <gpxtpx:cad>88</gpxtpx:cad>
          </gpxtpx:TrackPointExtension>
        </extensions>
      </trkpt>
      <trkpt lat="29.6895934548" lon="106.527996836">
        <ele>360.8</ele>
        <time>2026-10-03T09:50:10+0800</time>
        <extensions>
          <gpxtpx:TrackPointExtension>
            <gpxtpx:hr>192</gpxtpx:hr>
            <gpxtpx:cad>88</gpxtpx:cad>
          </gpxtpx:TrackPointExtension>
        </extensions>
      </trkpt>
      <trkpt lat="29.6895792894" lon="106.52801469">
        <ele>361.2</ele>
        <time>2026-10-03T09:50:11+0800</time>
        <extensions>
          <gpxtpx:TrackPointExtension>
            <gpxtpx:hr>191</gpxtpx:hr>
            <gpxtpx:cad>88</gpxtpx:cad>
          </gpxtpx:TrackPointExtension>
        </extensions>
      </trkpt>
      <trkpt lat="29.6877366118" lon="106.526594125">
        <ele>361.0</ele>
        <time>2026-10-03T09:54:36+0800</time>
        <extensions>
          <gpxtpx:TrackPointExtension>
            <gpxtpx:hr>140</gpxtpx:hr>
            <gpxtpx:cad>0</gpxtpx:cad>
          </gpxtpx:TrackPointExtension>
        </extensions>
      </trkpt>
      <trkpt lat="29.6877736598" lon="106.526597897">
        <ele>360.8</ele>
        <time>2026-10-03T09:54:37+0800</time>
        <extensions>
          <gpxtpx:TrackPointExtension>
            <gpxtpx:hr>139</gpxtpx:hr>
            <gpxtpx:cad>0</gpxtpx:cad>
          </gpxtpx:TrackPointExtension>
        </extensions>
      </trkpt>
      <trkpt lat="29.6877831314" lon="106.52659622">
        <ele>360.8</ele>
        <time>2026-10-03T09:54:38+0800</time>
        <extensions>
          <gpxtpx:TrackPointExtension>
            <gpxtpx:hr>139</gpxtpx:hr>
            <gpxtpx:cad>55</gpxtpx:cad>
          </gpxtpx:TrackPointExtension>
        </extensions>
      </trkpt>
      <trkpt lat="29.687789334" lon="106.526596304">
        <ele>360.8</ele>
        <time>2026-10-03T09:54:39+0800</time>
        <extensions>
          <gpxtpx:TrackPointExtension>
            <gpxtpx:hr>139</gpxtpx:hr>
            <gpxtpx:cad>91</gpxtpx:cad>
          </gpxtpx:TrackPointExtension>
        </extensions>
      </trkpt>
      <trkpt lat="29.6877974644" lon="106.526580714">
        <ele>360.8</ele>
        <time>2026-10-03T09:54:40+0800</time>
        <extensions>
          <gpxtpx:TrackPointExtension>
            <gpxtpx:hr>140</gpxtpx:hr>
            <gpxtpx:cad>91</gpxtpx:cad>
          </gpxtpx:TrackPointExtension>
        </extensions>
      </trkpt>
      <trkpt lat="29.6878011525" lon="106.526559172">
        <ele>360.6</ele>
        <time>2026-10-03T09:54:41+0800</time>
        <extensions>
          <gpxtpx:TrackPointExtension>
            <gpxtpx:hr>142</gpxtpx:hr>
            <gpxtpx:cad>91</gpxtpx:cad>
          </gpxtpx:TrackPointExtension>
        </extensions>
      </trkpt>
      <trkpt lat="29.6878023259" lon="106.526536876">
        <ele>360.6</ele>
        <time>2026-10-03T09:54:42+0800</time>
        <extensions>
          <gpxtpx:TrackPointExtension>
            <gpxtpx:hr>143</gpxtpx:hr>
            <gpxtpx:cad>93</gpxtpx:cad>
          </gpxtpx:TrackPointExtension>
        </extensions>
      </trkpt>
      <trkpt lat="29.6878058463" lon="106.526519107">
        <ele>360.6</ele>
        <time>2026-10-03T09:54:43+0800</time>
        <extensions>
          <gpxtpx:TrackPointExtension>
            <gpxtpx:hr>144</gpxtpx:hr>
            <gpxtpx:cad>93</gpxtpx:cad>
          </gpxtpx:TrackPointExtension>
        </extensions>
      </trkpt>
      <trkpt lat="29.68780417" lon="106.526498571">
        <ele>360.6</ele>
        <time>2026-10-03T09:54:44+0800</time>
        <extensions>
          <gpxtpx:TrackPointExtension>
            <gpxtpx:hr>144</gpxtpx:hr>
            <gpxtpx:cad>93</gpxtpx:cad>
          </gpxtpx:TrackPointExtension>
        </extensions>
      </trkpt>
      <trkpt lat="29.6877998952" lon="106.526472922">
        <ele>360.6</ele>
        <time>2026-10-03T09:54:45+0800</time>
        <extensions>
          <gpxtpx:TrackPointExtension>
            <gpxtpx:hr>145</gpxtpx:hr>
            <gpxtpx:cad>93</gpxtpx:cad>
          </gpxtpx:TrackPointExtension>
        </extensions>
      </trkpt>
      <trkpt lat="29.6878015716" lon="106.526454734">
        <ele>360.4</ele>
        <time>2026-10-03T09:54:46+0800</time>
        <extensions>
          <gpxtpx:TrackPointExtension>
            <gpxtpx:hr>146</gpxtpx:hr>
            <gpxtpx:cad>93</gpxtpx:cad>
          </gpxtpx:TrackPointExtension>
        </extensions>
      </trkpt>
      <trkpt lat="29.6878014877" lon="106.526434114">
        <ele>360.4</ele>
        <time>2026-10-03T09:54:47+0800</time>
        <extensions>
          <gpxtpx:TrackPointExtension>
            <gpxtpx:hr>146</gpxtpx:hr>
            <gpxtpx:cad>93</gpxtpx:cad>
          </gpxtpx:TrackPointExtension>
        </extensions>
      </trkpt>
      <trkpt lat="29.6878038347" lon="106.526417099">
        <ele>360.4</ele>
        <time>2026-10-03T09:54:48+0800</time>
        <extensions>
          <gpxtpx:TrackPointExtension>
            <gpxtpx:hr>147</gpxtpx:hr>
            <gpxtpx:cad>93</gpxtpx:cad>
          </gpxtpx:TrackPointExtension>
        </extensions>
      </trkpt>
      <trkpt lat="29.68780417" lon="106.526395222">
        <ele>360.4</ele>
        <time>2026-10-03T09:54:49+0800</time>
        <extensions>
          <gpxtpx:TrackPointExtension>
            <gpxtpx:hr>147</gpxtpx:hr>
            <gpxtpx:cad>94</gpxtpx:cad>
          </gpxtpx:TrackPointExtension>
        </extensions>
      </trkpt>
      <trkpt lat="29.6878077742" lon="106.526376195">
        <ele>360.4</ele>
        <time>2026-10-03T09:54:50+0800</time>
        <extensions>
          <gpxtpx:TrackPointExtension>
            <gpxtpx:hr>148</gpxtpx:hr>
            <gpxtpx:cad>94</gpxtpx:cad>
          </gpxtpx:TrackPointExtension>
        </extensions>
      </trkpt>
      <trkpt lat="29.6878118813" lon="106.526358761">
        <ele>360.4</ele>
        <time>2026-10-03T09:54:51+0800</time>
        <extensions>
          <gpxtpx:TrackPointExtension>
            <gpxtpx:hr>150</gpxtpx:hr>
            <gpxtpx:cad>94</gpxtpx:cad>
          </gpxtpx:TrackPointExtension>
        </extensions>
      </trkpt>
      <trkpt lat="29.687816659" lon="106.526331687">
        <ele>360.4</ele>
        <time>2026-10-03T09:54:52+0800</time>
        <extensions>
          <gpxtpx:TrackPointExtension>
            <gpxtpx:hr>151</gpxtpx:hr>
            <gpxtpx:cad>94</gpxtpx:cad>
          </gpxtpx:TrackPointExtension>
        </extensions>
      </trkpt>
      <trkpt lat="29.6878219396" lon="106.526314756">
        <ele>360.4</ele>
        <time>2026-10-03T09:54:53+0800</time>
        <extensions>
          <gpxtpx:TrackPointExtension>
            <gpxtpx:hr>151</gpxtpx:hr>
            <gpxtpx:cad>93</gpxtpx:cad>
          </gpxtpx:TrackPointExtension>
        </extensions>
      </trkpt>
      <trkpt lat="29.6878211014" lon="106.526288185">
        <ele>360.4</ele>
        <time>2026-10-03T09:54:54+0800</time>
        <extensions>
          <gpxtpx:TrackPointExtension>
            <gpxtpx:hr>152</gpxtpx:hr>
            <gpxtpx:cad>93</gpxtpx:cad>
          </gpxtpx:TrackPointExtension>
        </extensions>
      </trkpt>
      <trkpt lat="29.6878256276" lon="106.526271086">
        <ele>360.4</ele>
        <time>2026-10-03T09:54:55+0800</time>
        <extensions>
          <gpxtpx:TrackPointExtension>
            <gpxtpx:hr>152</gpxtpx:hr>
            <gpxtpx:cad>93</gpxtpx:cad>
          </gpxtpx:TrackPointExtension>
        </extensions>
      </trkpt>
      <trkpt lat="29.6878231131" lon="106.526247952">
        <ele>360.4</ele>
        <time>2026-10-03T09:54:56+0800</time>
        <extensions>
          <gpxtpx:TrackPointExtension>
            <gpxtpx:hr>152</gpxtpx:hr>
            <gpxtpx:cad>93</gpxtpx:cad>
          </gpxtpx:TrackPointExtension>
        </extensions>
      </trkpt>
      <trkpt lat="29.6878283098" lon="106.526230099">
        <ele>360.4</ele>
        <time>2026-10-03T09:54:57+0800</time>
        <extensions>
          <gpxtpx:TrackPointExtension>
            <gpxtpx:hr>153</gpxtpx:hr>
            <gpxtpx:cad>93</gpxtpx:cad>
          </gpxtpx:TrackPointExtension>
        </extensions>
      </trkpt>
      <trkpt lat="29.6878270525" lon="106.52620378">
        <ele>360.4</ele>
        <time>2026-10-03T09:54:58+0800</time>
        <extensions>
          <gpxtpx:TrackPointExtension>
            <gpxtpx:hr>153</gpxtpx:hr>
            <gpxtpx:cad>93</gpxtpx:cad>
          </gpxtpx:TrackPointExtension>
        </extensions>
      </trkpt>
      <trkpt lat="29.6878274716" lon="106.526185507">
        <ele>360.4</ele>
        <time>2026-10-03T09:54:59+0800</time>
        <extensions>
          <gpxtpx:TrackPointExtension>
            <gpxtpx:hr>154</gpxtpx:hr>
            <gpxtpx:cad>91</gpxtpx:cad>
          </gpxtpx:TrackPointExtension>
        </extensions>
      </trkpt>
      <trkpt lat="29.6878244542" lon="106.526164049">
        <ele>360.4</ele>
        <time>2026-10-03T09:55:00+0800</time>
        <extensions>
          <gpxtpx:TrackPointExtension>
            <gpxtpx:hr>155</gpxtpx:hr>
            <gpxtpx:cad>91</gpxtpx:cad>
          </gpxtpx:TrackPointExtension>
        </extensions>
      </trkpt>
      <trkpt lat="29.6878270525" lon="106.526143765">
        <ele>360.4</ele>
        <time>2026-10-03T09:55:01+0800</time>
        <extensions>
          <gpxtpx:TrackPointExtension>
            <gpxtpx:hr>156</gpxtpx:hr>
            <gpxtpx:cad>92</gpxtpx:cad>
          </gpxtpx:TrackPointExtension>
        </extensions>
      </trkpt>
      <trkpt lat="29.6878247056" lon="106.526125241">
        <ele>360.4</ele>
        <time>2026-10-03T09:55:02+0800</time>
        <extensions>
          <gpxtpx:TrackPointExtension>
            <gpxtpx:hr>158</gpxtpx:hr>
            <gpxtpx:cad>92</gpxtpx:cad>
          </gpxtpx:TrackPointExtension>
        </extensions>
      </trkpt>
      <trkpt lat="29.6878284775" lon="106.5261037">
        <ele>360.4</ele>
        <time>2026-10-03T09:55:03+0800</time>
        <extensions>
          <gpxtpx:TrackPointExtension>
            <gpxtpx:hr>159</gpxtpx:hr>
            <gpxtpx:cad>92</gpxtpx:cad>
          </gpxtpx:TrackPointExtension>
        </extensions>
      </trkpt>
      <trkpt lat="29.6878330037" lon="106.526084254">
        <ele>360.4</ele>
        <time>2026-10-03T09:55:04+0800</time>
        <extensions>
          <gpxtpx:TrackPointExtension>
            <gpxtpx:hr>159</gpxtpx:hr>
            <gpxtpx:cad>92</gpxtpx:cad>
          </gpxtpx:TrackPointExtension>
        </extensions>
      </trkpt>
      <trkpt lat="29.6878391225" lon="106.5260607">
        <ele>360.4</ele>
        <time>2026-10-03T09:55:05+0800</time>
        <extensions>
          <gpxtpx:TrackPointExtension>
            <gpxtpx:hr>160</gpxtpx:hr>
            <gpxtpx:cad>92</gpxtpx:cad>
          </gpxtpx:TrackPointExtension>
        </extensions>
      </trkpt>
      <trkpt lat="29.6878400445" lon="106.526041087">
        <ele>360.4</ele>
        <time>2026-10-03T09:55:06+0800</time>
        <extensions>
          <gpxtpx:TrackPointExtension>
            <gpxtpx:hr>161</gpxtpx:hr>
            <gpxtpx:cad>93</gpxtpx:cad>
          </gpxtpx:TrackPointExtension>
        </extensions>
      </trkpt>
      <trkpt lat="29.687837027" lon="106.526015103">
        <ele>360.4</ele>
        <time>2026-10-03T09:55:07+0800</time>
        <extensions>
          <gpxtpx:TrackPointExtension>
            <gpxtpx:hr>162</gpxtpx:hr>
            <gpxtpx:cad>93</gpxtpx:cad>
          </gpxtpx:TrackPointExtension>
        </extensions>
      </trkpt>
      <trkpt lat="29.687840296" lon="106.526001692">
        <ele>360.4</ele>
        <time>2026-10-03T09:55:08+0800</time>
        <extensions>
          <gpxtpx:TrackPointExtension>
            <gpxtpx:hr>163</gpxtpx:hr>
            <gpxtpx:cad>93</gpxtpx:cad>
          </gpxtpx:TrackPointExtension>
        </extensions>
      </trkpt>
      <trkpt lat="29.6878428105" lon="106.525975121">
        <ele>360.4</ele>
        <time>2026-10-03T09:55:09+0800</time>
        <extensions>
          <gpxtpx:TrackPointExtension>
            <gpxtpx:hr>163</gpxtpx:hr>
            <gpxtpx:cad>93</gpxtpx:cad>
          </gpxtpx:TrackPointExtension>
        </extensions>
      </trkpt>
      <trkpt lat="29.6878433134" lon="106.525958609">
        <ele>360.4</ele>
        <time>2026-10-03T09:55:10+0800</time>
        <extensions>
          <gpxtpx:TrackPointExtension>
            <gpxtpx:hr>164</gpxtpx:hr>
            <gpxtpx:cad>93</gpxtpx:cad>
          </gpxtpx:TrackPointExtension>
        </extensions>
      </trkpt>
      <trkpt lat="29.687839793" lon="106.525929021">
        <ele>360.2</ele>
        <time>2026-10-03T09:55:11+0800</time>
        <extensions>
          <gpxtpx:TrackPointExtension>
            <gpxtpx:hr>165</gpxtpx:hr>
            <gpxtpx:cad>92</gpxtpx:cad>
          </gpxtpx:TrackPointExtension>
        </extensions>
      </trkpt>
      <trkpt lat="29.6878413018" lon="106.525913682">
        <ele>360.2</ele>
        <time>2026-10-03T09:55:12+0800</time>
        <extensions>
          <gpxtpx:TrackPointExtension>
            <gpxtpx:hr>165</gpxtpx:hr>
            <gpxtpx:cad>91</gpxtpx:cad>
          </gpxtpx:TrackPointExtension>
        </extensions>
      </trkpt>
      <trkpt lat="29.6878428943" lon="106.525892895">
        <ele>360.2</ele>
        <time>2026-10-03T09:55:13+0800</time>
        <extensions>
          <gpxtpx:TrackPointExtension>
            <gpxtpx:hr>165</gpxtpx:hr>
            <gpxtpx:cad>91</gpxtpx:cad>
          </gpxtpx:TrackPointExtension>
        </extensions>
      </trkpt>
      <trkpt lat="29.6878427267" lon="106.525878143">
        <ele>360.2</ele>
        <time>2026-10-03T09:55:14+0800</time>
        <extensions>
          <gpxtpx:TrackPointExtension>
            <gpxtpx:hr>165</gpxtpx:hr>
            <gpxtpx:cad>92</gpxtpx:cad>
          </gpxtpx:TrackPointExtension>
        </extensions>
      </trkpt>
      <trkpt lat="29.6878408827" lon="106.525857104">
        <ele>360.4</ele>
        <time>2026-10-03T09:55:15+0800</time>
        <extensions>
          <gpxtpx:TrackPointExtension>
            <gpxtpx:hr>166</gpxtpx:hr>
            <gpxtpx:cad>92</gpxtpx:cad>
          </gpxtpx:TrackPointExtension>
        </extensions>
      </trkpt>
      <trkpt lat="29.6878416371" lon="106.525844699">
        <ele>360.4</ele>
        <time>2026-10-03T09:55:16+0800</time>
        <extensions>
          <gpxtpx:TrackPointExtension>
            <gpxtpx:hr>166</gpxtpx:hr>
            <gpxtpx:cad>92</gpxtpx:cad>
          </gpxtpx:TrackPointExtension>
        </extensions>
      </trkpt>
      <trkpt lat="29.687839793" lon="106.525822235">
        <ele>360.4</ele>
        <time>2026-10-03T09:55:17+0800</time>
        <extensions>
          <gpxtpx:TrackPointExtension>
            <gpxtpx:hr>166</gpxtpx:hr>
            <gpxtpx:cad>89</gpxtpx:cad>
          </gpxtpx:TrackPointExtension>
        </extensions>
      </trkpt>
      <trkpt lat="29.6878439002" lon="106.525811339">
        <ele>360.4</ele>
        <time>2026-10-03T09:55:18+0800</time>
        <extensions>
          <gpxtpx:TrackPointExtension>
            <gpxtpx:hr>166</gpxtpx:hr>
            <gpxtpx:cad>89</gpxtpx:cad>
          </gpxtpx:TrackPointExtension>
        </extensions>
      </trkpt>
      <trkpt lat="29.6878381167" lon="106.525788708">
        <ele>360.4</ele>
        <time>2026-10-03T09:55:19+0800</time>
        <extensions>
          <gpxtpx:TrackPointExtension>
            <gpxtpx:hr>166</gpxtpx:hr>
            <gpxtpx:cad>90</gpxtpx:cad>
          </gpxtpx:TrackPointExtension>
        </extensions>
      </trkpt>
      <trkpt lat="29.6878340933" lon="106.525774207">
        <ele>360.4</ele>
        <time>2026-10-03T09:55:20+0800</time>
        <extensions>
          <gpxtpx:TrackPointExtension>
            <gpxtpx:hr>166</gpxtpx:hr>
            <gpxtpx:cad>90</gpxtpx:cad>
          </gpxtpx:TrackPointExtension>
        </extensions>
      </trkpt>
      <trkpt lat="29.6878288966" lon="106.525751241">
        <ele>360.4</ele>
        <time>2026-10-03T09:55:21+0800</time>
        <extensions>
          <gpxtpx:TrackPointExtension>
            <gpxtpx:hr>166</gpxtpx:hr>
            <gpxtpx:cad>90</gpxtpx:cad>
          </gpxtpx:TrackPointExtension>
        </extensions>
      </trkpt>
      <trkpt lat="29.6878299024" lon="106.525736321">
        <ele>360.4</ele>
        <time>2026-10-03T09:55:22+0800</time>
        <extensions>
          <gpxtpx:TrackPointExtension>
            <gpxtpx:hr>166</gpxtpx:hr>
            <gpxtpx:cad>89</gpxtpx:cad>
          </gpxtpx:TrackPointExtension>
        </extensions>
      </trkpt>
      <trkpt lat="29.6878256276" lon="106.525715785">
        <ele>360.4</ele>
        <time>2026-10-03T09:55:23+0800</time>
        <extensions>
          <gpxtpx:TrackPointExtension>
            <gpxtpx:hr>167</gpxtpx:hr>
            <gpxtpx:cad>88</gpxtpx:cad>
          </gpxtpx:TrackPointExtension>
        </extensions>
      </trkpt>
      <trkpt lat="29.6878213529" lon="106.525702374">
        <ele>360.4</ele>
        <time>2026-10-03T09:55:24+0800</time>
        <extensions>
          <gpxtpx:TrackPointExtension>
            <gpxtpx:hr>167</gpxtpx:hr>
            <gpxtpx:cad>88</gpxtpx:cad>
          </gpxtpx:TrackPointExtension>
        </extensions>
      </trkpt>
      <trkpt lat="29.6878190897" lon="106.525684772">
        <ele>360.2</ele>
        <time>2026-10-03T09:55:25+0800</time>
        <extensions>
          <gpxtpx:TrackPointExtension>
            <gpxtpx:hr>167</gpxtpx:hr>
            <gpxtpx:cad>88</gpxtpx:cad>
          </gpxtpx:TrackPointExtension>
        </extensions>
      </trkpt>
      <trkpt lat="29.6878173295" lon="106.525671026">
        <ele>360.2</ele>
        <time>2026-10-03T09:55:26+0800</time>
        <extensions>
          <gpxtpx:TrackPointExtension>
            <gpxtpx:hr>167</gpxtpx:hr>
            <gpxtpx:cad>88</gpxtpx:cad>
          </gpxtpx:TrackPointExtension>
        </extensions>
      </trkpt>
      <trkpt lat="29.6878161561" lon="106.525656693">
        <ele>360.2</ele>
        <time>2026-10-03T09:55:27+0800</time>
        <extensions>
          <gpxtpx:TrackPointExtension>
            <gpxtpx:hr>167</gpxtpx:hr>
            <gpxtpx:cad>88</gpxtpx:cad>
          </gpxtpx:TrackPointExtension>
        </extensions>
      </trkpt>
      <trkpt lat="29.6878152341" lon="106.52563951">
        <ele>360.2</ele>
        <time>2026-10-03T09:55:28+0800</time>
        <extensions>
          <gpxtpx:TrackPointExtension>
            <gpxtpx:hr>167</gpxtpx:hr>
            <gpxtpx:cad>88</gpxtpx:cad>
          </gpxtpx:TrackPointExtension>
        </extensions>
      </trkpt>
      <trkpt lat="29.6878165752" lon="106.525625344">
        <ele>360.2</ele>
        <time>2026-10-03T09:55:29+0800</time>
        <extensions>
          <gpxtpx:TrackPointExtension>
            <gpxtpx:hr>168</gpxtpx:hr>
            <gpxtpx:cad>89</gpxtpx:cad>
          </gpxtpx:TrackPointExtension>
        </extensions>
      </trkpt>
      <trkpt lat="29.6878126357" lon="106.525603551">
        <ele>360.4</ele>
        <time>2026-10-03T09:55:30+0800</time>
        <extensions>
          <gpxtpx:TrackPointExtension>
            <gpxtpx:hr>168</gpxtpx:hr>
            <gpxtpx:cad>89</gpxtpx:cad>
          </gpxtpx:TrackPointExtension>
        </extensions>
      </trkpt>
      <trkpt lat="29.6878117137" lon="106.525589218">
        <ele>360.4</ele>
        <time>2026-10-03T09:55:31+0800</time>
        <extensions>
          <gpxtpx:TrackPointExtension>
            <gpxtpx:hr>169</gpxtpx:hr>
            <gpxtpx:cad>89</gpxtpx:cad>
          </gpxtpx:TrackPointExtension>
        </extensions>
      </trkpt>
      <trkpt lat="29.6878019907" lon="106.525568767">
        <ele>360.4</ele>
        <time>2026-10-03T09:55:32+0800</time>
        <extensions>
          <gpxtpx:TrackPointExtension>
            <gpxtpx:hr>169</gpxtpx:hr>
            <gpxtpx:cad>88</gpxtpx:cad>
          </gpxtpx:TrackPointExtension>
        </extensions>
      </trkpt>
      <trkpt lat="29.6878017392" lon="106.525554433">
        <ele>360.4</ele>
        <time>2026-10-03T09:55:33+0800</time>
        <extensions>
          <gpxtpx:TrackPointExtension>
            <gpxtpx:hr>170</gpxtpx:hr>
            <gpxtpx:cad>87</gpxtpx:cad>
          </gpxtpx:TrackPointExtension>
        </extensions>
      </trkpt>
      <trkpt lat="29.6878002305" lon="106.525528952">
        <ele>360.4</ele>
        <time>2026-10-03T09:55:34+0800</time>
        <extensions>
          <gpxtpx:TrackPointExtension>
            <gpxtpx:hr>171</gpxtpx:hr>
            <gpxtpx:cad>87</gpxtpx:cad>
          </gpxtpx:TrackPointExtension>
        </extensions>
      </trkpt>
      <trkpt lat="29.6877993084" lon="106.525513614">
        <ele>360.2</ele>
        <time>2026-10-03T09:55:35+0800</time>
        <extensions>
          <gpxtpx:TrackPointExtension>
            <gpxtpx:hr>171</gpxtpx:hr>
            <gpxtpx:cad>87</gpxtpx:cad>
          </gpxtpx:TrackPointExtension>
        </extensions>
      </trkpt>
      <trkpt lat="29.6877897531" lon="106.525490982">
        <ele>360.2</ele>
        <time>2026-10-03T09:55:36+0800</time>
        <extensions>
          <gpxtpx:TrackPointExtension>
            <gpxtpx:hr>171</gpxtpx:hr>
            <gpxtpx:cad>88</gpxtpx:cad>
          </gpxtpx:TrackPointExtension>
        </extensions>
      </trkpt>
      <trkpt lat="29.6877907589" lon="106.525479415">
        <ele>360.2</ele>
        <time>2026-10-03T09:55:37+0800</time>
        <extensions>
          <gpxtpx:TrackPointExtension>
            <gpxtpx:hr>172</gpxtpx:hr>
            <gpxtpx:cad>88</gpxtpx:cad>
          </gpxtpx:TrackPointExtension>
        </extensions>
      </trkpt>
      <trkpt lat="29.6877869871" lon="106.525459886">
        <ele>360.2</ele>
        <time>2026-10-03T09:55:38+0800</time>
        <extensions>
          <gpxtpx:TrackPointExtension>
            <gpxtpx:hr>171</gpxtpx:hr>
            <gpxtpx:cad>88</gpxtpx:cad>
          </gpxtpx:TrackPointExtension>
        </extensions>
      </trkpt>
      <trkpt lat="29.6877838857" lon="106.525444882">
        <ele>360.0</ele>
        <time>2026-10-03T09:55:39+0800</time>
        <extensions>
          <gpxtpx:TrackPointExtension>
            <gpxtpx:hr>171</gpxtpx:hr>
            <gpxtpx:cad>88</gpxtpx:cad>
          </gpxtpx:TrackPointExtension>
        </extensions>
      </trkpt>
      <trkpt lat="29.6877775993" lon="106.525422838">
        <ele>360.2</ele>
        <time>2026-10-03T09:55:40+0800</time>
        <extensions>
          <gpxtpx:TrackPointExtension>
            <gpxtpx:hr>171</gpxtpx:hr>
            <gpxtpx:cad>89</gpxtpx:cad>
          </gpxtpx:TrackPointExtension>
        </extensions>
      </trkpt>
      <trkpt lat="29.6877775993" lon="106.525409007">
        <ele>360.2</ele>
        <time>2026-10-03T09:55:41+0800</time>
        <extensions>
          <gpxtpx:TrackPointExtension>
            <gpxtpx:hr>171</gpxtpx:hr>
            <gpxtpx:cad>89</gpxtpx:cad>
          </gpxtpx:TrackPointExtension>
        </extensions>
      </trkpt>
      <trkpt lat="29.6877727378" lon="106.525387466">
        <ele>360.2</ele>
        <time>2026-10-03T09:55:42+0800</time>
        <extensions>
          <gpxtpx:TrackPointExtension>
            <gpxtpx:hr>171</gpxtpx:hr>
            <gpxtpx:cad>89</gpxtpx:cad>
          </gpxtpx:TrackPointExtension>
        </extensions>
      </trkpt>
      <trkpt lat="29.6877693012" lon="106.525373217">
        <ele>360.2</ele>
        <time>2026-10-03T09:55:43+0800</time>
        <extensions>
          <gpxtpx:TrackPointExtension>
            <gpxtpx:hr>171</gpxtpx:hr>
            <gpxtpx:cad>90</gpxtpx:cad>
          </gpxtpx:TrackPointExtension>
        </extensions>
      </trkpt>
      <trkpt lat="29.687761087" lon="106.525356034">
        <ele>360.2</ele>
        <time>2026-10-03T09:55:44+0800</time>
        <extensions>
          <gpxtpx:TrackPointExtension>
            <gpxtpx:hr>171</gpxtpx:hr>
            <gpxtpx:cad>90</gpxtpx:cad>
          </gpxtpx:TrackPointExtension>
        </extensions>
      </trkpt>
      <trkpt lat="29.687759662" lon="106.525338935">
        <ele>360.2</ele>
        <time>2026-10-03T09:55:45+0800</time>
        <extensions>
          <gpxtpx:TrackPointExtension>
            <gpxtpx:hr>171</gpxtpx:hr>
            <gpxtpx:cad>90</gpxtpx:cad>
          </gpxtpx:TrackPointExtension>
        </extensions>
      </trkpt>
      <trkpt lat="29.6877530403" lon="106.525323261">
        <ele>360.4</ele>
        <time>2026-10-03T09:55:46+0800</time>
        <extensions>
          <gpxtpx:TrackPointExtension>
            <gpxtpx:hr>171</gpxtpx:hr>
            <gpxtpx:cad>90</gpxtpx:cad>
          </gpxtpx:TrackPointExtension>
        </extensions>
      </trkpt>
      <trkpt lat="29.6877503581" lon="106.525309347">
        <ele>360.6</ele>
        <time>2026-10-03T09:55:47+0800</time>
        <extensions>
          <gpxtpx:TrackPointExtension>
            <gpxtpx:hr>171</gpxtpx:hr>
            <gpxtpx:cad>92</gpxtpx:cad>
          </gpxtpx:TrackPointExtension>
        </extensions>
      </trkpt>
      <trkpt lat="29.6877448261" lon="106.525294511">
        <ele>360.8</ele>
        <time>2026-10-03T09:55:48+0800</time>
        <extensions>
          <gpxtpx:TrackPointExtension>
            <gpxtpx:hr>171</gpxtpx:hr>
            <gpxtpx:cad>92</gpxtpx:cad>
          </gpxtpx:TrackPointExtension>
        </extensions>
      </trkpt>
      <trkpt lat="29.6877418086" lon="106.525279675">
        <ele>361.0</ele>
        <time>2026-10-03T09:55:49+0800</time>
        <extensions>
          <gpxtpx:TrackPointExtension>
            <gpxtpx:hr>171</gpxtpx:hr>
            <gpxtpx:cad>92</gpxtpx:cad>
          </gpxtpx:TrackPointExtension>
        </extensions>
      </trkpt>
      <trkpt lat="29.6877334267" lon="106.525262743">
        <ele>360.8</ele>
        <time>2026-10-03T09:55:50+0800</time>
        <extensions>
          <gpxtpx:TrackPointExtension>
            <gpxtpx:hr>170</gpxtpx:hr>
            <gpxtpx:cad>92</gpxtpx:cad>
          </gpxtpx:TrackPointExtension>
        </extensions>
      </trkpt>
      <trkpt lat="29.6877318341" lon="106.525245141">
        <ele>360.4</ele>
        <time>2026-10-03T09:55:51+0800</time>
        <extensions>
          <gpxtpx:TrackPointExtension>
            <gpxtpx:hr>170</gpxtpx:hr>
            <gpxtpx:cad>92</gpxtpx:cad>
          </gpxtpx:TrackPointExtension>
        </extensions>
      </trkpt>
      <trkpt lat="29.6877276432" lon="106.525224186">
        <ele>360.2</ele>
        <time>2026-10-03T09:55:52+0800</time>
        <extensions>
          <gpxtpx:TrackPointExtension>
            <gpxtpx:hr>169</gpxtpx:hr>
            <gpxtpx:cad>92</gpxtpx:cad>
          </gpxtpx:TrackPointExtension>
        </extensions>
      </trkpt>
      <trkpt lat="29.6877246257" lon="106.525201974">
        <ele>360.0</ele>
        <time>2026-10-03T09:55:53+0800</time>
        <extensions>
          <gpxtpx:TrackPointExtension>
            <gpxtpx:hr>167</gpxtpx:hr>
            <gpxtpx:cad>92</gpxtpx:cad>
          </gpxtpx:TrackPointExtension>
        </extensions>
      </trkpt>
      <trkpt lat="29.6877212729" lon="106.525184875">
        <ele>359.8</ele>
        <time>2026-10-03T09:55:54+0800</time>
        <extensions>
          <gpxtpx:TrackPointExtension>
            <gpxtpx:hr>166</gpxtpx:hr>
            <gpxtpx:cad>91</gpxtpx:cad>
          </gpxtpx:TrackPointExtension>
        </extensions>
      </trkpt>
      <trkpt lat="29.6877169143" lon="106.525163669">
        <ele>360.0</ele>
        <time>2026-10-03T09:55:55+0800</time>
        <extensions>
          <gpxtpx:TrackPointExtension>
            <gpxtpx:hr>166</gpxtpx:hr>
            <gpxtpx:cad>90</gpxtpx:cad>
          </gpxtpx:TrackPointExtension>
        </extensions>
      </trkpt>
      <trkpt lat="29.6877128072" lon="106.525147744">
        <ele>360.0</ele>
        <time>2026-10-03T09:55:56+0800</time>
        <extensions>
          <gpxtpx:TrackPointExtension>
            <gpxtpx:hr>165</gpxtpx:hr>
            <gpxtpx:cad>90</gpxtpx:cad>
          </gpxtpx:TrackPointExtension>
        </extensions>
      </trkpt>
      <trkpt lat="29.6877112146" lon="106.525134165">
        <ele>360.0</ele>
        <time>2026-10-03T09:55:57+0800</time>
        <extensions>
          <gpxtpx:TrackPointExtension>
            <gpxtpx:hr>165</gpxtpx:hr>
            <gpxtpx:cad>91</gpxtpx:cad>
          </gpxtpx:TrackPointExtension>
        </extensions>
      </trkpt>
      <trkpt lat="29.6877077781" lon="106.525117233">
        <ele>360.0</ele>
        <time>2026-10-03T09:55:58+0800</time>
        <extensions>
          <gpxtpx:TrackPointExtension>
            <gpxtpx:hr>164</gpxtpx:hr>
            <gpxtpx:cad>91</gpxtpx:cad>
          </gpxtpx:TrackPointExtension>
        </extensions>
      </trkpt>
      <trkpt lat="29.6877089515" lon="106.525108181">
        <ele>360.0</ele>
        <time>2026-10-03T09:55:59+0800</time>
        <extensions>
          <gpxtpx:TrackPointExtension>
            <gpxtpx:hr>164</gpxtpx:hr>
            <gpxtpx:cad>91</gpxtpx:cad>
          </gpxtpx:TrackPointExtension>
        </extensions>
      </trkpt>
      <trkpt lat="29.6877051797" lon="106.525092255">
        <ele>359.8</ele>
        <time>2026-10-03T09:56:00+0800</time>
        <extensions>
          <gpxtpx:TrackPointExtension>
            <gpxtpx:hr>164</gpxtpx:hr>
            <gpxtpx:cad>91</gpxtpx:cad>
          </gpxtpx:TrackPointExtension>
        </extensions>
      </trkpt>
      <trkpt lat="29.6877072752" lon="106.525081778">
        <ele>359.8</ele>
        <time>2026-10-03T09:56:01+0800</time>
        <extensions>
          <gpxtpx:TrackPointExtension>
            <gpxtpx:hr>164</gpxtpx:hr>
            <gpxtpx:cad>89</gpxtpx:cad>
          </gpxtpx:TrackPointExtension>
        </extensions>
      </trkpt>
      <trkpt lat="29.6876993123" lon="106.525065517">
        <ele>360.0</ele>
        <time>2026-10-03T09:56:02+0800</time>
        <extensions>
          <gpxtpx:TrackPointExtension>
            <gpxtpx:hr>165</gpxtpx:hr>
            <gpxtpx:cad>88</gpxtpx:cad>
          </gpxtpx:TrackPointExtension>
        </extensions>
      </trkpt>
      <trkpt lat="29.687703168" lon="106.525063924">
        <ele>360.0</ele>
        <time>2026-10-03T09:56:03+0800</time>
        <extensions>
          <gpxtpx:TrackPointExtension>
            <gpxtpx:hr>164</gpxtpx:hr>
            <gpxtpx:cad>87</gpxtpx:cad>
          </gpxtpx:TrackPointExtension>
        </extensions>
      </trkpt>
      <trkpt lat="29.687701324" lon="106.525053196">
        <ele>360.0</ele>
        <time>2026-10-03T09:56:04+0800</time>
        <extensions>
          <gpxtpx:TrackPointExtension>
            <gpxtpx:hr>164</gpxtpx:hr>
            <gpxtpx:cad>87</gpxtpx:cad>
          </gpxtpx:TrackPointExtension>
        </extensions>
      </trkpt>
      <trkpt lat="29.6876984742" lon="106.525024613">
        <ele>360.0</ele>
        <time>2026-10-03T09:56:05+0800</time>
        <extensions>
          <gpxtpx:TrackPointExtension>
            <gpxtpx:hr>164</gpxtpx:hr>
            <gpxtpx:cad>87</gpxtpx:cad>
          </gpxtpx:TrackPointExtension>
        </extensions>
      </trkpt>
      <trkpt lat="29.6877030842" lon="106.524999803">
        <ele>359.8</ele>
        <time>2026-10-03T09:56:06+0800</time>
        <extensions>
          <gpxtpx:TrackPointExtension>
            <gpxtpx:hr>164</gpxtpx:hr>
            <gpxtpx:cad>87</gpxtpx:cad>
          </gpxtpx:TrackPointExtension>
        </extensions>
      </trkpt>
      <trkpt lat="29.6877023298" lon="106.524967449">
        <ele>359.8</ele>
        <time>2026-10-03T09:56:07+0800</time>
        <extensions>
          <gpxtpx:TrackPointExtension>
            <gpxtpx:hr>163</gpxtpx:hr>
            <gpxtpx:cad>0</gpxtpx:cad>
          </gpxtpx:TrackPointExtension>
        </extensions>
      </trkpt>
      <trkpt lat="29.68770409" lon="106.524952278">
        <ele>359.8</ele>
        <time>2026-10-03T09:56:08+0800</time>
        <extensions>
          <gpxtpx:TrackPointExtension>
            <gpxtpx:hr>163</gpxtpx:hr>
            <gpxtpx:cad>0</gpxtpx:cad>
          </gpxtpx:TrackPointExtension>
        </extensions>
      </trkpt>
      <trkpt lat="29.6877046768" lon="106.524930736">
        <ele>359.8</ele>
        <time>2026-10-03T09:56:09+0800</time>
        <extensions>
          <gpxtpx:TrackPointExtension>
            <gpxtpx:hr>164</gpxtpx:hr>
            <gpxtpx:cad>0</gpxtpx:cad>
          </gpxtpx:TrackPointExtension>
        </extensions>
      </trkpt>
      <trkpt lat="29.6877028327" lon="106.524911961">
        <ele>360.0</ele>
        <time>2026-10-03T09:56:10+0800</time>
        <extensions>
          <gpxtpx:TrackPointExtension>
            <gpxtpx:hr>164</gpxtpx:hr>
            <gpxtpx:cad>0</gpxtpx:cad>
          </gpxtpx:TrackPointExtension>
        </extensions>
      </trkpt>
      <trkpt lat="29.6877049282" lon="106.524894442">
        <ele>360.0</ele>
        <time>2026-10-03T09:56:11+0800</time>
        <extensions>
          <gpxtpx:TrackPointExtension>
            <gpxtpx:hr>165</gpxtpx:hr>
            <gpxtpx:cad>0</gpxtpx:cad>
          </gpxtpx:TrackPointExtension>
        </extensions>
      </trkpt>
      <trkpt lat="29.6876961272" lon="106.524882708">
        <ele>360.0</ele>
        <time>2026-10-03T09:56:12+0800</time>
        <extensions>
          <gpxtpx:TrackPointExtension>
            <gpxtpx:hr>166</gpxtpx:hr>
            <gpxtpx:cad>92</gpxtpx:cad>
          </gpxtpx:TrackPointExtension>
        </extensions>
      </trkpt>
      <trkpt lat="29.6877004858" lon="106.524869883">
        <ele>360.0</ele>
        <time>2026-10-03T09:56:13+0800</time>
        <extensions>
          <gpxtpx:TrackPointExtension>
            <gpxtpx:hr>166</gpxtpx:hr>
            <gpxtpx:cad>92</gpxtpx:cad>
          </gpxtpx:TrackPointExtension>
        </extensions>
      </trkpt>
      <trkpt lat="29.6876981389" lon="106.524853539">
        <ele>360.0</ele>
        <time>2026-10-03T09:56:14+0800</time>
        <extensions>
          <gpxtpx:TrackPointExtension>
            <gpxtpx:hr>166</gpxtpx:hr>
            <gpxtpx:cad>86</gpxtpx:cad>
          </gpxtpx:TrackPointExtension>
        </extensions>
      </trkpt>
      <trkpt lat="29.6876989771" lon="106.524841301">
        <ele>360.0</ele>
        <time>2026-10-03T09:56:15+0800</time>
        <extensions>
          <gpxtpx:TrackPointExtension>
            <gpxtpx:hr>166</gpxtpx:hr>
            <gpxtpx:cad>86</gpxtpx:cad>
          </gpxtpx:TrackPointExtension>
        </extensions>
      </trkpt>
      <trkpt lat="29.6877021622" lon="106.524824705">
        <ele>360.0</ele>
        <time>2026-10-03T09:56:16+0800</time>
        <extensions>
          <gpxtpx:TrackPointExtension>
            <gpxtpx:hr>165</gpxtpx:hr>
            <gpxtpx:cad>87</gpxtpx:cad>
          </gpxtpx:TrackPointExtension>
        </extensions>
      </trkpt>
      <trkpt lat="29.6877028327" lon="106.524809198">
        <ele>360.0</ele>
        <time>2026-10-03T09:56:17+0800</time>
        <extensions>
          <gpxtpx:TrackPointExtension>
            <gpxtpx:hr>165</gpxtpx:hr>
            <gpxtpx:cad>87</gpxtpx:cad>
          </gpxtpx:TrackPointExtension>
        </extensions>
      </trkpt>
      <trkpt lat="29.6877028327" lon="106.524799811">
        <ele>360.0</ele>
        <time>2026-10-03T09:56:18+0800</time>
        <extensions>
          <gpxtpx:TrackPointExtension>
            <gpxtpx:hr>164</gpxtpx:hr>
            <gpxtpx:cad>87</gpxtpx:cad>
          </gpxtpx:TrackPointExtension>
        </extensions>
      </trkpt>
      <trkpt lat="29.687701324" lon="106.524780113">
        <ele>360.0</ele>
        <time>2026-10-03T09:56:19+0800</time>
        <extensions>
          <gpxtpx:TrackPointExtension>
            <gpxtpx:hr>164</gpxtpx:hr>
            <gpxtpx:cad>87</gpxtpx:cad>
          </gpxtpx:TrackPointExtension>
        </extensions>
      </trkpt>
      <trkpt lat="29.6877055988" lon="106.524765696">
        <ele>359.8</ele>
        <time>2026-10-03T09:56:20+0800</time>
        <extensions>
          <gpxtpx:TrackPointExtension>
            <gpxtpx:hr>163</gpxtpx:hr>
            <gpxtpx:cad>87</gpxtpx:cad>
          </gpxtpx:TrackPointExtension>
        </extensions>
      </trkpt>
      <trkpt lat="29.6877040062" lon="106.524749435">
        <ele>359.8</ele>
        <time>2026-10-03T09:56:21+0800</time>
        <extensions>
          <gpxtpx:TrackPointExtension>
            <gpxtpx:hr>161</gpxtpx:hr>
            <gpxtpx:cad>87</gpxtpx:cad>
          </gpxtpx:TrackPointExtension>
        </extensions>
      </trkpt>
      <trkpt lat="29.6877071075" lon="106.524737952">
        <ele>359.8</ele>
        <time>2026-10-03T09:56:22+0800</time>
        <extensions>
          <gpxtpx:TrackPointExtension>
            <gpxtpx:hr>157</gpxtpx:hr>
            <gpxtpx:cad>87</gpxtpx:cad>
          </gpxtpx:TrackPointExtension>
        </extensions>
      </trkpt>
      <trkpt lat="29.6877143998" lon="106.524723954">
        <ele>359.8</ele>
        <time>2026-10-03T09:56:23+0800</time>
        <extensions>
          <gpxtpx:TrackPointExtension>
            <gpxtpx:hr>149</gpxtpx:hr>
            <gpxtpx:cad>86</gpxtpx:cad>
          </gpxtpx:TrackPointExtension>
        </extensions>
      </trkpt>
      <trkpt lat="29.6877124719" lon="106.524722278">
        <ele>359.8</ele>
        <time>2026-10-03T09:56:25+0800</time>
        <extensions>
          <gpxtpx:TrackPointExtension>
            <gpxtpx:hr>140</gpxtpx:hr>
            <gpxtpx:cad>85</gpxtpx:cad>
          </gpxtpx:TrackPointExtension>
        </extensions>
      </trkpt>
      <trkpt lat="29.6877281461" lon="106.524696294">
        <ele>359.8</ele>
        <time>2026-10-03T09:56:26+0800</time>
        <extensions>
          <gpxtpx:TrackPointExtension>
            <gpxtpx:hr>140</gpxtpx:hr>
            <gpxtpx:cad>85</gpxtpx:cad>
          </gpxtpx:TrackPointExtension>
        </extensions>
      </trkpt>
      <trkpt lat="29.6877427306" lon="106.524654469">
        <ele>359.6</ele>
        <time>2026-10-03T09:56:27+0800</time>
        <extensions>
          <gpxtpx:TrackPointExtension>
            <gpxtpx:hr>139</gpxtpx:hr>
            <gpxtpx:cad>85</gpxtpx:cad>
          </gpxtpx:TrackPointExtension>
        </extensions>
      </trkpt>
      <trkpt lat="29.6877555549" lon="106.524613146">
        <ele>359.4</ele>
        <time>2026-10-03T09:56:28+0800</time>
        <extensions>
          <gpxtpx:TrackPointExtension>
            <gpxtpx:hr>138</gpxtpx:hr>
            <gpxtpx:cad>0</gpxtpx:cad>
          </gpxtpx:TrackPointExtension>
        </extensions>
      </trkpt>
      <trkpt lat="29.6877633501" lon="106.524590598">
        <ele>359.4</ele>
        <time>2026-10-03T09:56:29+0800</time>
        <extensions>
          <gpxtpx:TrackPointExtension>
            <gpxtpx:hr>137</gpxtpx:hr>
            <gpxtpx:cad>0</gpxtpx:cad>
          </gpxtpx:TrackPointExtension>
        </extensions>
      </trkpt>
      <trkpt lat="29.6877702232" lon="106.524566878">
        <ele>359.6</ele>
        <time>2026-10-03T09:56:30+0800</time>
        <extensions>
          <gpxtpx:TrackPointExtension>
            <gpxtpx:hr>137</gpxtpx:hr>
            <gpxtpx:cad>0</gpxtpx:cad>
          </gpxtpx:TrackPointExtension>
        </extensions>
      </trkpt>
      <trkpt lat="29.6877738275" lon="106.524553718">
        <ele>359.6</ele>
        <time>2026-10-03T09:56:31+0800</time>
        <extensions>
          <gpxtpx:TrackPointExtension>
            <gpxtpx:hr>137</gpxtpx:hr>
            <gpxtpx:cad>0</gpxtpx:cad>
          </gpxtpx:TrackPointExtension>
        </extensions>
      </trkpt>
      <trkpt lat="29.6877821255" lon="106.524534943">
        <ele>359.8</ele>
        <time>2026-10-03T09:56:32+0800</time>
        <extensions>
          <gpxtpx:TrackPointExtension>
            <gpxtpx:hr>137</gpxtpx:hr>
            <gpxtpx:cad>0</gpxtpx:cad>
          </gpxtpx:TrackPointExtension>
        </extensions>
      </trkpt>
      <trkpt lat="29.687785143" lon="106.524520777">
        <ele>359.8</ele>
        <time>2026-10-03T09:56:33+0800</time>
        <extensions>
          <gpxtpx:TrackPointExtension>
            <gpxtpx:hr>137</gpxtpx:hr>
            <gpxtpx:cad>0</gpxtpx:cad>
          </gpxtpx:TrackPointExtension>
        </extensions>
      </trkpt>
      <trkpt lat="29.6877889149" lon="106.524507618">
        <ele>360.0</ele>
        <time>2026-10-03T09:56:34+0800</time>
        <extensions>
          <gpxtpx:TrackPointExtension>
            <gpxtpx:hr>136</gpxtpx:hr>
            <gpxtpx:cad>0</gpxtpx:cad>
          </gpxtpx:TrackPointExtension>
        </extensions>
      </trkpt>
      <trkpt lat="29.6877941117" lon="106.524491776">
        <ele>359.8</ele>
        <time>2026-10-03T09:56:35+0800</time>
        <extensions>
          <gpxtpx:TrackPointExtension>
            <gpxtpx:hr>135</gpxtpx:hr>
            <gpxtpx:cad>0</gpxtpx:cad>
          </gpxtpx:TrackPointExtension>
        </extensions>
      </trkpt>
      <trkpt lat="29.6878006496" lon="106.524479119">
        <ele>359.8</ele>
        <time>2026-10-03T09:56:36+0800</time>
        <extensions>
          <gpxtpx:TrackPointExtension>
            <gpxtpx:hr>135</gpxtpx:hr>
            <gpxtpx:cad>88</gpxtpx:cad>
          </gpxtpx:TrackPointExtension>
        </extensions>
      </trkpt>
      <trkpt lat="29.6878080256" lon="106.524460763">
        <ele>359.8</ele>
        <time>2026-10-03T09:56:37+0800</time>
        <extensions>
          <gpxtpx:TrackPointExtension>
            <gpxtpx:hr>134</gpxtpx:hr>
            <gpxtpx:cad>88</gpxtpx:cad>
          </gpxtpx:TrackPointExtension>
        </extensions>
      </trkpt>
      <trkpt lat="29.6878154855" lon="106.524447436">
        <ele>359.6</ele>
        <time>2026-10-03T09:56:38+0800</time>
        <extensions>
          <gpxtpx:TrackPointExtension>
            <gpxtpx:hr>134</gpxtpx:hr>
            <gpxtpx:cad>87</gpxtpx:cad>
          </gpxtpx:TrackPointExtension>
        </extensions>
      </trkpt>
      <trkpt lat="29.6878182516" lon="106.524422541">
        <ele>359.6</ele>
        <time>2026-10-03T09:56:39+0800</time>
        <extensions>
          <gpxtpx:TrackPointExtension>
            <gpxtpx:hr>134</gpxtpx:hr>
            <gpxtpx:cad>87</gpxtpx:cad>
          </gpxtpx:TrackPointExtension>
        </extensions>
      </trkpt>
      <trkpt lat="29.6878258791" lon="106.524408711">
        <ele>359.6</ele>
        <time>2026-10-03T09:56:40+0800</time>
        <extensions>
          <gpxtpx:TrackPointExtension>
            <gpxtpx:hr>134</gpxtpx:hr>
            <gpxtpx:cad>87</gpxtpx:cad>
          </gpxtpx:TrackPointExtension>
        </extensions>
      </trkpt>
      <trkpt lat="29.6878371947" lon="106.524393121">
        <ele>359.6</ele>
        <time>2026-10-03T09:56:41+0800</time>
        <extensions>
          <gpxtpx:TrackPointExtension>
            <gpxtpx:hr>133</gpxtpx:hr>
            <gpxtpx:cad>87</gpxtpx:cad>
          </gpxtpx:TrackPointExtension>
        </extensions>
      </trkpt>
      <trkpt lat="29.6878446545" lon="106.524380799">
        <ele>359.6</ele>
        <time>2026-10-03T09:56:42+0800</time>
        <extensions>
          <gpxtpx:TrackPointExtension>
            <gpxtpx:hr>134</gpxtpx:hr>
            <gpxtpx:cad>87</gpxtpx:cad>
          </gpxtpx:TrackPointExtension>
        </extensions>
      </trkpt>
      <trkpt lat="29.6878479235" lon="106.524359677">
        <ele>359.6</ele>
        <time>2026-10-03T09:56:43+0800</time>
        <extensions>
          <gpxtpx:TrackPointExtension>
            <gpxtpx:hr>134</gpxtpx:hr>
            <gpxtpx:cad>89</gpxtpx:cad>
          </gpxtpx:TrackPointExtension>
        </extensions>
      </trkpt>
      <trkpt lat="29.6878552996" lon="106.524345847">
        <ele>359.6</ele>
        <time>2026-10-03T09:56:44+0800</time>
        <extensions>
          <gpxtpx:TrackPointExtension>
            <gpxtpx:hr>135</gpxtpx:hr>
            <gpxtpx:cad>90</gpxtpx:cad>
          </gpxtpx:TrackPointExtension>
        </extensions>
      </trkpt>
      <trkpt lat="29.6878641006" lon="106.524329083">
        <ele>359.6</ele>
        <time>2026-10-03T09:56:45+0800</time>
        <extensions>
          <gpxtpx:TrackPointExtension>
            <gpxtpx:hr>135</gpxtpx:hr>
            <gpxtpx:cad>91</gpxtpx:cad>
          </gpxtpx:TrackPointExtension>
        </extensions>
      </trkpt>
      <trkpt lat="29.6878720634" lon="106.524314163">
        <ele>359.6</ele>
        <time>2026-10-03T09:56:46+0800</time>
        <extensions>
          <gpxtpx:TrackPointExtension>
            <gpxtpx:hr>135</gpxtpx:hr>
            <gpxtpx:cad>91</gpxtpx:cad>
          </gpxtpx:TrackPointExtension>
        </extensions>
      </trkpt>
      <trkpt lat="29.6878777631" lon="106.524299327">
        <ele>359.6</ele>
        <time>2026-10-03T09:56:47+0800</time>
        <extensions>
          <gpxtpx:TrackPointExtension>
            <gpxtpx:hr>135</gpxtpx:hr>
            <gpxtpx:cad>90</gpxtpx:cad>
          </gpxtpx:TrackPointExtension>
        </extensions>
      </trkpt>
      <trkpt lat="29.687885223" lon="106.524283234">
        <ele>359.6</ele>
        <time>2026-10-03T09:56:48+0800</time>
        <extensions>
          <gpxtpx:TrackPointExtension>
            <gpxtpx:hr>135</gpxtpx:hr>
            <gpxtpx:cad>90</gpxtpx:cad>
          </gpxtpx:TrackPointExtension>
        </extensions>
      </trkpt>
      <trkpt lat="29.6878944431" lon="106.524267644">
        <ele>359.6</ele>
        <time>2026-10-03T09:56:49+0800</time>
        <extensions>
          <gpxtpx:TrackPointExtension>
            <gpxtpx:hr>135</gpxtpx:hr>
            <gpxtpx:cad>91</gpxtpx:cad>
          </gpxtpx:TrackPointExtension>
        </extensions>
      </trkpt>
      <trkpt lat="29.6879053395" lon="106.524255909">
        <ele>359.6</ele>
        <time>2026-10-03T09:56:50+0800</time>
        <extensions>
          <gpxtpx:TrackPointExtension>
            <gpxtpx:hr>134</gpxtpx:hr>
            <gpxtpx:cad>91</gpxtpx:cad>
          </gpxtpx:TrackPointExtension>
        </extensions>
      </trkpt>
      <trkpt lat="29.687912045" lon="106.5242399">
        <ele>359.6</ele>
        <time>2026-10-03T09:56:51+0800</time>
        <extensions>
          <gpxtpx:TrackPointExtension>
            <gpxtpx:hr>135</gpxtpx:hr>
            <gpxtpx:cad>91</gpxtpx:cad>
          </gpxtpx:TrackPointExtension>
        </extensions>
      </trkpt>
      <trkpt lat="29.6879206784" lon="106.524222633">
        <ele>359.8</ele>
        <time>2026-10-03T09:56:52+0800</time>
        <extensions>
          <gpxtpx:TrackPointExtension>
            <gpxtpx:hr>135</gpxtpx:hr>
            <gpxtpx:cad>90</gpxtpx:cad>
          </gpxtpx:TrackPointExtension>
        </extensions>
      </trkpt>
      <trkpt lat="29.6879288089" lon="106.524204528">
        <ele>360.0</ele>
        <time>2026-10-03T09:56:53+0800</time>
        <extensions>
          <gpxtpx:TrackPointExtension>
            <gpxtpx:hr>135</gpxtpx:hr>
            <gpxtpx:cad>89</gpxtpx:cad>
          </gpxtpx:TrackPointExtension>
        </extensions>
      </trkpt>
      <trkpt lat="29.6879364364" lon="106.524187094">
        <ele>360.2</ele>
        <time>2026-10-03T09:56:54+0800</time>
        <extensions>
          <gpxtpx:TrackPointExtension>
            <gpxtpx:hr>135</gpxtpx:hr>
            <gpxtpx:cad>88</gpxtpx:cad>
          </gpxtpx:TrackPointExtension>
        </extensions>
      </trkpt>
      <trkpt lat="29.6879464108" lon="106.524174688">
        <ele>360.2</ele>
        <time>2026-10-03T09:56:55+0800</time>
        <extensions>
          <gpxtpx:TrackPointExtension>
            <gpxtpx:hr>134</gpxtpx:hr>
            <gpxtpx:cad>88</gpxtpx:cad>
          </gpxtpx:TrackPointExtension>
        </extensions>
      </trkpt>
      <trkpt lat="29.6879561339" lon="106.524153985">
        <ele>360.2</ele>
        <time>2026-10-03T09:56:56+0800</time>
        <extensions>
          <gpxtpx:TrackPointExtension>
            <gpxtpx:hr>135</gpxtpx:hr>
            <gpxtpx:cad>88</gpxtpx:cad>
          </gpxtpx:TrackPointExtension>
        </extensions>
      </trkpt>
      <trkpt lat="29.6879651863" lon="106.524142502">
        <ele>360.0</ele>
        <time>2026-10-03T09:56:57+0800</time>
        <extensions>
          <gpxtpx:TrackPointExtension>
            <gpxtpx:hr>135</gpxtpx:hr>
            <gpxtpx:cad>92</gpxtpx:cad>
          </gpxtpx:TrackPointExtension>
        </extensions>
      </trkpt>
      <trkpt lat="29.6879779268" lon="106.524126492">
        <ele>360.0</ele>
        <time>2026-10-03T09:56:58+0800</time>
        <extensions>
          <gpxtpx:TrackPointExtension>
            <gpxtpx:hr>135</gpxtpx:hr>
            <gpxtpx:cad>92</gpxtpx:cad>
          </gpxtpx:TrackPointExtension>
        </extensions>
      </trkpt>
      <trkpt lat="29.6879834589" lon="106.524111237">
        <ele>359.8</ele>
        <time>2026-10-03T09:56:59+0800</time>
        <extensions>
          <gpxtpx:TrackPointExtension>
            <gpxtpx:hr>135</gpxtpx:hr>
            <gpxtpx:cad>92</gpxtpx:cad>
          </gpxtpx:TrackPointExtension>
        </extensions>
      </trkpt>
      <trkpt lat="29.687998211" lon="106.52409615">
        <ele>359.8</ele>
        <time>2026-10-03T09:57:00+0800</time>
        <extensions>
          <gpxtpx:TrackPointExtension>
            <gpxtpx:hr>135</gpxtpx:hr>
            <gpxtpx:cad>92</gpxtpx:cad>
          </gpxtpx:TrackPointExtension>
        </extensions>
      </trkpt>
      <trkpt lat="29.6880096104" lon="106.524081901">
        <ele>359.8</ele>
        <time>2026-10-03T09:57:01+0800</time>
        <extensions>
          <gpxtpx:TrackPointExtension>
            <gpxtpx:hr>135</gpxtpx:hr>
            <gpxtpx:cad>89</gpxtpx:cad>
          </gpxtpx:TrackPointExtension>
        </extensions>
      </trkpt>
      <trkpt lat="29.6880178247" lon="106.52406564">
        <ele>360.0</ele>
        <time>2026-10-03T09:57:02+0800</time>
        <extensions>
          <gpxtpx:TrackPointExtension>
            <gpxtpx:hr>135</gpxtpx:hr>
            <gpxtpx:cad>89</gpxtpx:cad>
          </gpxtpx:TrackPointExtension>
        </extensions>
      </trkpt>
      <trkpt lat="29.6880289726" lon="106.524052229">
        <ele>360.0</ele>
        <time>2026-10-03T09:57:03+0800</time>
        <extensions>
          <gpxtpx:TrackPointExtension>
            <gpxtpx:hr>135</gpxtpx:hr>
            <gpxtpx:cad>89</gpxtpx:cad>
          </gpxtpx:TrackPointExtension>
        </extensions>
      </trkpt>
      <trkpt lat="29.6880378574" lon="106.524034962">
        <ele>360.2</ele>
        <time>2026-10-03T09:57:04+0800</time>
        <extensions>
          <gpxtpx:TrackPointExtension>
            <gpxtpx:hr>135</gpxtpx:hr>
            <gpxtpx:cad>90</gpxtpx:cad>
          </gpxtpx:TrackPointExtension>
        </extensions>
      </trkpt>
      <trkpt lat="29.6880462393" lon="106.524025407">
        <ele>360.0</ele>
        <time>2026-10-03T09:57:05+0800</time>
        <extensions>
          <gpxtpx:TrackPointExtension>
            <gpxtpx:hr>135</gpxtpx:hr>
            <gpxtpx:cad>92</gpxtpx:cad>
          </gpxtpx:TrackPointExtension>
        </extensions>
      </trkpt>
      <trkpt lat="29.6880574711" lon="106.524006715">
        <ele>360.0</ele>
        <time>2026-10-03T09:57:06+0800</time>
        <extensions>
          <gpxtpx:TrackPointExtension>
            <gpxtpx:hr>136</gpxtpx:hr>
            <gpxtpx:cad>92</gpxtpx:cad>
          </gpxtpx:TrackPointExtension>
        </extensions>
      </trkpt>
      <trkpt lat="29.6880631708" lon="106.523994058">
        <ele>359.8</ele>
        <time>2026-10-03T09:57:07+0800</time>
        <extensions>
          <gpxtpx:TrackPointExtension>
            <gpxtpx:hr>136</gpxtpx:hr>
            <gpxtpx:cad>92</gpxtpx:cad>
          </gpxtpx:TrackPointExtension>
        </extensions>
      </trkpt>
      <trkpt lat="29.6880768333" lon="106.523973104">
        <ele>359.6</ele>
        <time>2026-10-03T09:57:08+0800</time>
        <extensions>
          <gpxtpx:TrackPointExtension>
            <gpxtpx:hr>136</gpxtpx:hr>
            <gpxtpx:cad>91</gpxtpx:cad>
          </gpxtpx:TrackPointExtension>
        </extensions>
      </trkpt>
      <trkpt lat="29.6880865563" lon="106.52396095">
        <ele>359.6</ele>
        <time>2026-10-03T09:57:09+0800</time>
        <extensions>
          <gpxtpx:TrackPointExtension>
            <gpxtpx:hr>136</gpxtpx:hr>
            <gpxtpx:cad>90</gpxtpx:cad>
          </gpxtpx:TrackPointExtension>
        </extensions>
      </trkpt>
      <trkpt lat="29.6880930103" lon="106.523928512">
        <ele>359.6</ele>
        <time>2026-10-03T09:57:10+0800</time>
        <extensions>
          <gpxtpx:TrackPointExtension>
            <gpxtpx:hr>136</gpxtpx:hr>
            <gpxtpx:cad>90</gpxtpx:cad>
          </gpxtpx:TrackPointExtension>
        </extensions>
      </trkpt>
      <trkpt lat="29.6881078463" lon="106.523924069">
        <ele>359.6</ele>
        <time>2026-10-03T09:57:11+0800</time>
        <extensions>
          <gpxtpx:TrackPointExtension>
            <gpxtpx:hr>135</gpxtpx:hr>
            <gpxtpx:cad>90</gpxtpx:cad>
          </gpxtpx:TrackPointExtension>
        </extensions>
      </trkpt>
      <trkpt lat="29.6881212573" lon="106.523903282">
        <ele>359.6</ele>
        <time>2026-10-03T09:57:12+0800</time>
        <extensions>
          <gpxtpx:TrackPointExtension>
            <gpxtpx:hr>136</gpxtpx:hr>
            <gpxtpx:cad>90</gpxtpx:cad>
          </gpxtpx:TrackPointExtension>
        </extensions>
      </trkpt>
      <trkpt lat="29.6881307289" lon="106.523892889">
        <ele>359.6</ele>
        <time>2026-10-03T09:57:13+0800</time>
        <extensions>
          <gpxtpx:TrackPointExtension>
            <gpxtpx:hr>136</gpxtpx:hr>
            <gpxtpx:cad>91</gpxtpx:cad>
          </gpxtpx:TrackPointExtension>
        </extensions>
      </trkpt>
      <trkpt lat="29.6881421283" lon="106.523872521">
        <ele>359.6</ele>
        <time>2026-10-03T09:57:14+0800</time>
        <extensions>
          <gpxtpx:TrackPointExtension>
            <gpxtpx:hr>136</gpxtpx:hr>
            <gpxtpx:cad>91</gpxtpx:cad>
          </gpxtpx:TrackPointExtension>
        </extensions>
      </trkpt>
      <trkpt lat="29.6881561261" lon="106.523857098">
        <ele>359.4</ele>
        <time>2026-10-03T09:57:15+0800</time>
        <extensions>
          <gpxtpx:TrackPointExtension>
            <gpxtpx:hr>136</gpxtpx:hr>
            <gpxtpx:cad>91</gpxtpx:cad>
          </gpxtpx:TrackPointExtension>
        </extensions>
      </trkpt>
      <trkpt lat="29.6881743986" lon="106.523841843">
        <ele>359.4</ele>
        <time>2026-10-03T09:57:16+0800</time>
        <extensions>
          <gpxtpx:TrackPointExtension>
            <gpxtpx:hr>136</gpxtpx:hr>
            <gpxtpx:cad>91</gpxtpx:cad>
          </gpxtpx:TrackPointExtension>
        </extensions>
      </trkpt>
      <trkpt lat="29.6881860495" lon="106.523814686">
        <ele>359.4</ele>
        <time>2026-10-03T09:57:17+0800</time>
        <extensions>
          <gpxtpx:TrackPointExtension>
            <gpxtpx:hr>136</gpxtpx:hr>
            <gpxtpx:cad>91</gpxtpx:cad>
          </gpxtpx:TrackPointExtension>
        </extensions>
      </trkpt>
      <trkpt lat="29.6881928388" lon="106.523799431">
        <ele>359.6</ele>
        <time>2026-10-03T09:57:18+0800</time>
        <extensions>
          <gpxtpx:TrackPointExtension>
            <gpxtpx:hr>136</gpxtpx:hr>
            <gpxtpx:cad>91</gpxtpx:cad>
          </gpxtpx:TrackPointExtension>
        </extensions>
      </trkpt>
      <trkpt lat="29.6882041544" lon="106.523775458">
        <ele>359.6</ele>
        <time>2026-10-03T09:57:19+0800</time>
        <extensions>
          <gpxtpx:TrackPointExtension>
            <gpxtpx:hr>136</gpxtpx:hr>
            <gpxtpx:cad>93</gpxtpx:cad>
          </gpxtpx:TrackPointExtension>
        </extensions>
      </trkpt>
      <trkpt lat="29.6882122848" lon="106.5237597">
        <ele>359.6</ele>
        <time>2026-10-03T09:57:20+0800</time>
        <extensions>
          <gpxtpx:TrackPointExtension>
            <gpxtpx:hr>137</gpxtpx:hr>
            <gpxtpx:cad>93</gpxtpx:cad>
          </gpxtpx:TrackPointExtension>
        </extensions>
      </trkpt>
      <trkpt lat="29.6882173978" lon="106.523734555">
        <ele>359.8</ele>
        <time>2026-10-03T09:57:21+0800</time>
        <extensions>
          <gpxtpx:TrackPointExtension>
            <gpxtpx:hr>136</gpxtpx:hr>
            <gpxtpx:cad>93</gpxtpx:cad>
          </gpxtpx:TrackPointExtension>
        </extensions>
      </trkpt>
      <trkpt lat="29.6882293001" lon="106.523723491">
        <ele>359.8</ele>
        <time>2026-10-03T09:57:22+0800</time>
        <extensions>
          <gpxtpx:TrackPointExtension>
            <gpxtpx:hr>137</gpxtpx:hr>
            <gpxtpx:cad>93</gpxtpx:cad>
          </gpxtpx:TrackPointExtension>
        </extensions>
      </trkpt>
      <trkpt lat="29.688243717" lon="106.52369977">
        <ele>359.6</ele>
        <time>2026-10-03T09:57:23+0800</time>
        <extensions>
          <gpxtpx:TrackPointExtension>
            <gpxtpx:hr>137</gpxtpx:hr>
            <gpxtpx:cad>92</gpxtpx:cad>
          </gpxtpx:TrackPointExtension>
        </extensions>
      </trkpt>
      <trkpt lat="29.688254362" lon="106.523676384">
        <ele>359.4</ele>
        <time>2026-10-03T09:57:24+0800</time>
        <extensions>
          <gpxtpx:TrackPointExtension>
            <gpxtpx:hr>137</gpxtpx:hr>
            <gpxtpx:cad>92</gpxtpx:cad>
          </gpxtpx:TrackPointExtension>
        </extensions>
      </trkpt>
      <trkpt lat="29.688281687" lon="106.523644784">
        <ele>359.4</ele>
        <time>2026-10-03T09:57:25+0800</time>
        <extensions>
          <gpxtpx:TrackPointExtension>
            <gpxtpx:hr>137</gpxtpx:hr>
            <gpxtpx:cad>92</gpxtpx:cad>
          </gpxtpx:TrackPointExtension>
        </extensions>
      </trkpt>
      <trkpt lat="29.6883053239" lon="106.523611592">
        <ele>359.0</ele>
        <time>2026-10-03T09:57:26+0800</time>
        <extensions>
          <gpxtpx:TrackPointExtension>
            <gpxtpx:hr>136</gpxtpx:hr>
            <gpxtpx:cad>92</gpxtpx:cad>
          </gpxtpx:TrackPointExtension>
        </extensions>
      </trkpt>
      <trkpt lat="29.6883276198" lon="106.523566414">
        <ele>358.8</ele>
        <time>2026-10-03T09:57:27+0800</time>
        <extensions>
          <gpxtpx:TrackPointExtension>
            <gpxtpx:hr>137</gpxtpx:hr>
            <gpxtpx:cad>0</gpxtpx:cad>
          </gpxtpx:TrackPointExtension>
        </extensions>
      </trkpt>
      <trkpt lat="29.6883514244" lon="106.523522241">
        <ele>358.8</ele>
        <time>2026-10-03T09:57:28+0800</time>
        <extensions>
          <gpxtpx:TrackPointExtension>
            <gpxtpx:hr>137</gpxtpx:hr>
            <gpxtpx:cad>0</gpxtpx:cad>
          </gpxtpx:TrackPointExtension>
        </extensions>
      </trkpt>
      <trkpt lat="29.6883710381" lon="106.523479577">
        <ele>358.8</ele>
        <time>2026-10-03T09:57:29+0800</time>
        <extensions>
          <gpxtpx:TrackPointExtension>
            <gpxtpx:hr>137</gpxtpx:hr>
            <gpxtpx:cad>0</gpxtpx:cad>
          </gpxtpx:TrackPointExtension>
        </extensions>
      </trkpt>
      <trkpt lat="29.6883940883" lon="106.523452923">
        <ele>358.8</ele>
        <time>2026-10-03T09:57:30+0800</time>
        <extensions>
          <gpxtpx:TrackPointExtension>
            <gpxtpx:hr>138</gpxtpx:hr>
            <gpxtpx:cad>0</gpxtpx:cad>
          </gpxtpx:TrackPointExtension>
        </extensions>
      </trkpt>
      <trkpt lat="29.6884150431" lon="106.523429453">
        <ele>358.6</ele>
        <time>2026-10-03T09:57:31+0800</time>
        <extensions>
          <gpxtpx:TrackPointExtension>
            <gpxtpx:hr>139</gpxtpx:hr>
            <gpxtpx:cad>0</gpxtpx:cad>
          </gpxtpx:TrackPointExtension>
        </extensions>
      </trkpt>
      <trkpt lat="29.6884313039" lon="106.523396261">
        <ele>358.4</ele>
        <time>2026-10-03T09:57:32+0800</time>
        <extensions>
          <gpxtpx:TrackPointExtension>
            <gpxtpx:hr>140</gpxtpx:hr>
            <gpxtpx:cad>112</gpxtpx:cad>
          </gpxtpx:TrackPointExtension>
        </extensions>
      </trkpt>
      <trkpt lat="29.6884546895" lon="106.52335762">
        <ele>358.2</ele>
        <time>2026-10-03T09:57:33+0800</time>
        <extensions>
          <gpxtpx:TrackPointExtension>
            <gpxtpx:hr>141</gpxtpx:hr>
            <gpxtpx:cad>112</gpxtpx:cad>
          </gpxtpx:TrackPointExtension>
        </extensions>
      </trkpt>
      <trkpt lat="29.6884793323" lon="106.523315124">
        <ele>357.8</ele>
        <time>2026-10-03T09:57:34+0800</time>
        <extensions>
          <gpxtpx:TrackPointExtension>
            <gpxtpx:hr>141</gpxtpx:hr>
            <gpxtpx:cad>112</gpxtpx:cad>
          </gpxtpx:TrackPointExtension>
        </extensions>
      </trkpt>
      <trkpt lat="29.6884991974" lon="106.523275226">
        <ele>357.6</ele>
        <time>2026-10-03T09:57:35+0800</time>
        <extensions>
          <gpxtpx:TrackPointExtension>
            <gpxtpx:hr>140</gpxtpx:hr>
            <gpxtpx:cad>112</gpxtpx:cad>
          </gpxtpx:TrackPointExtension>
        </extensions>
      </trkpt>
      <trkpt lat="29.6885187272" lon="106.523236251">
        <ele>357.4</ele>
        <time>2026-10-03T09:57:36+0800</time>
        <extensions>
          <gpxtpx:TrackPointExtension>
            <gpxtpx:hr>140</gpxtpx:hr>
            <gpxtpx:cad>111</gpxtpx:cad>
          </gpxtpx:TrackPointExtension>
        </extensions>
      </trkpt>
      <trkpt lat="29.6885296237" lon="106.523194592">
        <ele>357.2</ele>
        <time>2026-10-03T09:57:37+0800</time>
        <extensions>
          <gpxtpx:TrackPointExtension>
            <gpxtpx:hr>139</gpxtpx:hr>
            <gpxtpx:cad>111</gpxtpx:cad>
          </gpxtpx:TrackPointExtension>
        </extensions>
      </trkpt>
      <trkpt lat="29.6885347366" lon="106.523168609">
        <ele>357.0</ele>
        <time>2026-10-03T09:57:38+0800</time>
        <extensions>
          <gpxtpx:TrackPointExtension>
            <gpxtpx:hr>139</gpxtpx:hr>
            <gpxtpx:cad>111</gpxtpx:cad>
          </gpxtpx:TrackPointExtension>
        </extensions>
      </trkpt>
      <trkpt lat="29.688536413" lon="106.5231412">
        <ele>357.0</ele>
        <time>2026-10-03T09:57:39+0800</time>
        <extensions>
          <gpxtpx:TrackPointExtension>
            <gpxtpx:hr>138</gpxtpx:hr>
            <gpxtpx:cad>107</gpxtpx:cad>
          </gpxtpx:TrackPointExtension>
        </extensions>
      </trkpt>
      <trkpt lat="29.6885349881" lon="106.523126448">
        <ele>357.0</ele>
        <time>2026-10-03T09:57:40+0800</time>
        <extensions>
          <gpxtpx:TrackPointExtension>
            <gpxtpx:hr>139</gpxtpx:hr>
            <gpxtpx:cad>103</gpxtpx:cad>
          </gpxtpx:TrackPointExtension>
        </extensions>
      </trkpt>
      <trkpt lat="29.6885429509" lon="106.523116473">
        <ele>357.0</ele>
        <time>2026-10-03T09:57:41+0800</time>
        <extensions>
          <gpxtpx:TrackPointExtension>
            <gpxtpx:hr>139</gpxtpx:hr>
            <gpxtpx:cad>103</gpxtpx:cad>
          </gpxtpx:TrackPointExtension>
        </extensions>
      </trkpt>
      <trkpt lat="29.6885449626" lon="106.523098201">
        <ele>357.0</ele>
        <time>2026-10-03T09:57:42+0800</time>
        <extensions>
          <gpxtpx:TrackPointExtension>
            <gpxtpx:hr>139</gpxtpx:hr>
            <gpxtpx:cad>103</gpxtpx:cad>
          </gpxtpx:TrackPointExtension>
        </extensions>
      </trkpt>
      <trkpt lat="29.6885449626" lon="106.523079509">
        <ele>356.8</ele>
        <time>2026-10-03T09:57:43+0800</time>
        <extensions>
          <gpxtpx:TrackPointExtension>
            <gpxtpx:hr>139</gpxtpx:hr>
            <gpxtpx:cad>103</gpxtpx:cad>
          </gpxtpx:TrackPointExtension>
        </extensions>
      </trkpt>
      <trkpt lat="29.6885438729" lon="106.523057129">
        <ele>356.8</ele>
        <time>2026-10-03T09:57:44+0800</time>
        <extensions>
          <gpxtpx:TrackPointExtension>
            <gpxtpx:hr>140</gpxtpx:hr>
            <gpxtpx:cad>103</gpxtpx:cad>
          </gpxtpx:TrackPointExtension>
        </extensions>
      </trkpt>
      <trkpt lat="29.6885440405" lon="106.52303651">
        <ele>356.8</ele>
        <time>2026-10-03T09:57:45+0800</time>
        <extensions>
          <gpxtpx:TrackPointExtension>
            <gpxtpx:hr>140</gpxtpx:hr>
            <gpxtpx:cad>103</gpxtpx:cad>
          </gpxtpx:TrackPointExtension>
        </extensions>
      </trkpt>
      <trkpt lat="29.6885423642" lon="106.52301589">
        <ele>356.6</ele>
        <time>2026-10-03T09:57:46+0800</time>
        <extensions>
          <gpxtpx:TrackPointExtension>
            <gpxtpx:hr>140</gpxtpx:hr>
            <gpxtpx:cad>103</gpxtpx:cad>
          </gpxtpx:TrackPointExtension>
        </extensions>
      </trkpt>
      <trkpt lat="29.6885411907" lon="106.522994516">
        <ele>356.4</ele>
        <time>2026-10-03T09:57:47+0800</time>
        <extensions>
          <gpxtpx:TrackPointExtension>
            <gpxtpx:hr>139</gpxtpx:hr>
            <gpxtpx:cad>103</gpxtpx:cad>
          </gpxtpx:TrackPointExtension>
        </extensions>
      </trkpt>
      <trkpt lat="29.6885432862" lon="106.52297616">
        <ele>356.4</ele>
        <time>2026-10-03T09:57:48+0800</time>
        <extensions>
          <gpxtpx:TrackPointExtension>
            <gpxtpx:hr>139</gpxtpx:hr>
            <gpxtpx:cad>103</gpxtpx:cad>
          </gpxtpx:TrackPointExtension>
        </extensions>
      </trkpt>
      <trkpt lat="29.6885418613" lon="106.522956295">
        <ele>356.2</ele>
        <time>2026-10-03T09:57:49+0800</time>
        <extensions>
          <gpxtpx:TrackPointExtension>
            <gpxtpx:hr>139</gpxtpx:hr>
            <gpxtpx:cad>89</gpxtpx:cad>
          </gpxtpx:TrackPointExtension>
        </extensions>
      </trkpt>
      <trkpt lat="29.6885463037" lon="106.522945063">
        <ele>356.2</ele>
        <time>2026-10-03T09:57:50+0800</time>
        <extensions>
          <gpxtpx:TrackPointExtension>
            <gpxtpx:hr>139</gpxtpx:hr>
            <gpxtpx:cad>89</gpxtpx:cad>
          </gpxtpx:TrackPointExtension>
        </extensions>
      </trkpt>
      <trkpt lat="29.6885405201" lon="106.522927294">
        <ele>356.2</ele>
        <time>2026-10-03T09:57:51+0800</time>
        <extensions>
          <gpxtpx:TrackPointExtension>
            <gpxtpx:hr>138</gpxtpx:hr>
            <gpxtpx:cad>89</gpxtpx:cad>
          </gpxtpx:TrackPointExtension>
        </extensions>
      </trkpt>
      <trkpt lat="29.6885381732" lon="106.52291296">
        <ele>356.2</ele>
        <time>2026-10-03T09:57:52+0800</time>
        <extensions>
          <gpxtpx:TrackPointExtension>
            <gpxtpx:hr>137</gpxtpx:hr>
            <gpxtpx:cad>88</gpxtpx:cad>
          </gpxtpx:TrackPointExtension>
        </extensions>
      </trkpt>
      <trkpt lat="29.688535491" lon="106.522896197">
        <ele>356.0</ele>
        <time>2026-10-03T09:57:53+0800</time>
        <extensions>
          <gpxtpx:TrackPointExtension>
            <gpxtpx:hr>137</gpxtpx:hr>
            <gpxtpx:cad>88</gpxtpx:cad>
          </gpxtpx:TrackPointExtension>
        </extensions>
      </trkpt>
      <trkpt lat="29.6885306295" lon="106.52288178">
        <ele>356.0</ele>
        <time>2026-10-03T09:57:54+0800</time>
        <extensions>
          <gpxtpx:TrackPointExtension>
            <gpxtpx:hr>137</gpxtpx:hr>
            <gpxtpx:cad>85</gpxtpx:cad>
          </gpxtpx:TrackPointExtension>
        </extensions>
      </trkpt>
      <trkpt lat="29.6885305457" lon="106.52287147">
        <ele>355.8</ele>
        <time>2026-10-03T09:57:55+0800</time>
        <extensions>
          <gpxtpx:TrackPointExtension>
            <gpxtpx:hr>137</gpxtpx:hr>
            <gpxtpx:cad>85</gpxtpx:cad>
          </gpxtpx:TrackPointExtension>
        </extensions>
      </trkpt>
      <trkpt lat="29.6885198168" lon="106.522857556">
        <ele>355.8</ele>
        <time>2026-10-03T09:57:56+0800</time>
        <extensions>
          <gpxtpx:TrackPointExtension>
            <gpxtpx:hr>138</gpxtpx:hr>
            <gpxtpx:cad>85</gpxtpx:cad>
          </gpxtpx:TrackPointExtension>
        </extensions>
      </trkpt>
      <trkpt lat="29.6885178052" lon="106.52284381">
        <ele>355.6</ele>
        <time>2026-10-03T09:57:57+0800</time>
        <extensions>
          <gpxtpx:TrackPointExtension>
            <gpxtpx:hr>138</gpxtpx:hr>
            <gpxtpx:cad>85</gpxtpx:cad>
          </gpxtpx:TrackPointExtension>
        </extensions>
      </trkpt>
      <trkpt lat="29.6885144524" lon="106.522823777">
        <ele>355.6</ele>
        <time>2026-10-03T09:57:58+0800</time>
        <extensions>
          <gpxtpx:TrackPointExtension>
            <gpxtpx:hr>138</gpxtpx:hr>
            <gpxtpx:cad>84</gpxtpx:cad>
          </gpxtpx:TrackPointExtension>
        </extensions>
      </trkpt>
      <trkpt lat="29.6885202359" lon="106.522811959">
        <ele>355.6</ele>
        <time>2026-10-03T09:57:59+0800</time>
        <extensions>
          <gpxtpx:TrackPointExtension>
            <gpxtpx:hr>138</gpxtpx:hr>
            <gpxtpx:cad>84</gpxtpx:cad>
          </gpxtpx:TrackPointExtension>
        </extensions>
      </trkpt>
      <trkpt lat="29.6885178052" lon="106.522792932">
        <ele>355.4</ele>
        <time>2026-10-03T09:58:00+0800</time>
        <extensions>
          <gpxtpx:TrackPointExtension>
            <gpxtpx:hr>139</gpxtpx:hr>
            <gpxtpx:cad>84</gpxtpx:cad>
          </gpxtpx:TrackPointExtension>
        </extensions>
      </trkpt>
      <trkpt lat="29.6885162126" lon="106.522776419">
        <ele>355.2</ele>
        <time>2026-10-03T09:58:01+0800</time>
        <extensions>
          <gpxtpx:TrackPointExtension>
            <gpxtpx:hr>138</gpxtpx:hr>
            <gpxtpx:cad>86</gpxtpx:cad>
          </gpxtpx:TrackPointExtension>
        </extensions>
      </trkpt>
      <trkpt lat="29.6885018796" lon="106.522765355">
        <ele>355.2</ele>
        <time>2026-10-03T09:58:02+0800</time>
        <extensions>
          <gpxtpx:TrackPointExtension>
            <gpxtpx:hr>138</gpxtpx:hr>
            <gpxtpx:cad>86</gpxtpx:cad>
          </gpxtpx:TrackPointExtension>
        </extensions>
      </trkpt>
      <trkpt lat="29.6885001194" lon="106.522750687">
        <ele>355.0</ele>
        <time>2026-10-03T09:58:03+0800</time>
        <extensions>
          <gpxtpx:TrackPointExtension>
            <gpxtpx:hr>138</gpxtpx:hr>
            <gpxtpx:cad>87</gpxtpx:cad>
          </gpxtpx:TrackPointExtension>
        </extensions>
      </trkpt>
      <trkpt lat="29.6884943359" lon="106.522726379">
        <ele>355.0</ele>
        <time>2026-10-03T09:58:04+0800</time>
        <extensions>
          <gpxtpx:TrackPointExtension>
            <gpxtpx:hr>138</gpxtpx:hr>
            <gpxtpx:cad>87</gpxtpx:cad>
          </gpxtpx:TrackPointExtension>
        </extensions>
      </trkpt>
      <trkpt lat="29.6884884685" lon="106.522711208">
        <ele>354.8</ele>
        <time>2026-10-03T09:58:05+0800</time>
        <extensions>
          <gpxtpx:TrackPointExtension>
            <gpxtpx:hr>139</gpxtpx:hr>
            <gpxtpx:cad>88</gpxtpx:cad>
          </gpxtpx:TrackPointExtension>
        </extensions>
      </trkpt>
      <trkpt lat="29.6884722915" lon="106.522697965">
        <ele>354.8</ele>
        <time>2026-10-03T09:58:06+0800</time>
        <extensions>
          <gpxtpx:TrackPointExtension>
            <gpxtpx:hr>138</gpxtpx:hr>
            <gpxtpx:cad>88</gpxtpx:cad>
          </gpxtpx:TrackPointExtension>
        </extensions>
      </trkpt>
      <trkpt lat="29.6884706151" lon="106.522684889">
        <ele>354.6</ele>
        <time>2026-10-03T09:58:07+0800</time>
        <extensions>
          <gpxtpx:TrackPointExtension>
            <gpxtpx:hr>138</gpxtpx:hr>
            <gpxtpx:cad>88</gpxtpx:cad>
          </gpxtpx:TrackPointExtension>
        </extensions>
      </trkpt>
      <trkpt lat="29.6884628199" lon="106.522660414">
        <ele>354.4</ele>
        <time>2026-10-03T09:58:08+0800</time>
        <extensions>
          <gpxtpx:TrackPointExtension>
            <gpxtpx:hr>138</gpxtpx:hr>
            <gpxtpx:cad>88</gpxtpx:cad>
          </gpxtpx:TrackPointExtension>
        </extensions>
      </trkpt>
      <trkpt lat="29.6884574555" lon="106.52264541">
        <ele>354.4</ele>
        <time>2026-10-03T09:58:09+0800</time>
        <extensions>
          <gpxtpx:TrackPointExtension>
            <gpxtpx:hr>137</gpxtpx:hr>
            <gpxtpx:cad>88</gpxtpx:cad>
          </gpxtpx:TrackPointExtension>
        </extensions>
      </trkpt>
      <trkpt lat="29.6884463076" lon="106.522620851">
        <ele>354.2</ele>
        <time>2026-10-03T09:58:10+0800</time>
        <extensions>
          <gpxtpx:TrackPointExtension>
            <gpxtpx:hr>137</gpxtpx:hr>
            <gpxtpx:cad>90</gpxtpx:cad>
          </gpxtpx:TrackPointExtension>
        </extensions>
      </trkpt>
      <trkpt lat="29.6884411108" lon="106.522605931">
        <ele>354.2</ele>
        <time>2026-10-03T09:58:11+0800</time>
        <extensions>
          <gpxtpx:TrackPointExtension>
            <gpxtpx:hr>137</gpxtpx:hr>
            <gpxtpx:cad>90</gpxtpx:cad>
          </gpxtpx:TrackPointExtension>
        </extensions>
      </trkpt>
      <trkpt lat="29.6884341538" lon="106.52258967">
        <ele>354.2</ele>
        <time>2026-10-03T09:58:12+0800</time>
        <extensions>
          <gpxtpx:TrackPointExtension>
            <gpxtpx:hr>137</gpxtpx:hr>
            <gpxtpx:cad>89</gpxtpx:cad>
          </gpxtpx:TrackPointExtension>
        </extensions>
      </trkpt>
      <trkpt lat="29.6884264424" lon="106.522581205">
        <ele>354.2</ele>
        <time>2026-10-03T09:58:13+0800</time>
        <extensions>
          <gpxtpx:TrackPointExtension>
            <gpxtpx:hr>137</gpxtpx:hr>
            <gpxtpx:cad>89</gpxtpx:cad>
          </gpxtpx:TrackPointExtension>
        </extensions>
      </trkpt>
      <trkpt lat="29.6884204913" lon="106.522565698">
        <ele>354.2</ele>
        <time>2026-10-03T09:58:14+0800</time>
        <extensions>
          <gpxtpx:TrackPointExtension>
            <gpxtpx:hr>137</gpxtpx:hr>
            <gpxtpx:cad>88</gpxtpx:cad>
          </gpxtpx:TrackPointExtension>
        </extensions>
      </trkpt>
      <trkpt lat="29.6884060744" lon="106.522550611">
        <ele>354.2</ele>
        <time>2026-10-03T09:58:15+0800</time>
        <extensions>
          <gpxtpx:TrackPointExtension>
            <gpxtpx:hr>137</gpxtpx:hr>
            <gpxtpx:cad>87</gpxtpx:cad>
          </gpxtpx:TrackPointExtension>
        </extensions>
      </trkpt>
      <trkpt lat="29.6883967705" lon="106.522534601">
        <ele>354.2</ele>
        <time>2026-10-03T09:58:16+0800</time>
        <extensions>
          <gpxtpx:TrackPointExtension>
            <gpxtpx:hr>137</gpxtpx:hr>
            <gpxtpx:cad>87</gpxtpx:cad>
          </gpxtpx:TrackPointExtension>
        </extensions>
      </trkpt>
      <trkpt lat="29.6883834433" lon="106.522519682">
        <ele>354.0</ele>
        <time>2026-10-03T09:58:17+0800</time>
        <extensions>
          <gpxtpx:TrackPointExtension>
            <gpxtpx:hr>137</gpxtpx:hr>
            <gpxtpx:cad>87</gpxtpx:cad>
          </gpxtpx:TrackPointExtension>
        </extensions>
      </trkpt>
      <trkpt lat="29.6883800905" lon="106.522502163">
        <ele>354.0</ele>
        <time>2026-10-03T09:58:18+0800</time>
        <extensions>
          <gpxtpx:TrackPointExtension>
            <gpxtpx:hr>138</gpxtpx:hr>
            <gpxtpx:cad>87</gpxtpx:cad>
          </gpxtpx:TrackPointExtension>
        </extensions>
      </trkpt>
      <trkpt lat="29.6883699484" lon="106.522487495">
        <ele>353.8</ele>
        <time>2026-10-03T09:58:19+0800</time>
        <extensions>
          <gpxtpx:TrackPointExtension>
            <gpxtpx:hr>137</gpxtpx:hr>
            <gpxtpx:cad>87</gpxtpx:cad>
          </gpxtpx:TrackPointExtension>
        </extensions>
      </trkpt>
      <trkpt lat="29.6883649193" lon="106.522473497">
        <ele>353.8</ele>
        <time>2026-10-03T09:58:20+0800</time>
        <extensions>
          <gpxtpx:TrackPointExtension>
            <gpxtpx:hr>137</gpxtpx:hr>
            <gpxtpx:cad>88</gpxtpx:cad>
          </gpxtpx:TrackPointExtension>
        </extensions>
      </trkpt>
      <trkpt lat="29.6883593034" lon="106.522457153">
        <ele>353.8</ele>
        <time>2026-10-03T09:58:21+0800</time>
        <extensions>
          <gpxtpx:TrackPointExtension>
            <gpxtpx:hr>137</gpxtpx:hr>
            <gpxtpx:cad>88</gpxtpx:cad>
          </gpxtpx:TrackPointExtension>
        </extensions>
      </trkpt>
      <trkpt lat="29.6883510053" lon="106.522441646">
        <ele>353.6</ele>
        <time>2026-10-03T09:58:22+0800</time>
        <extensions>
          <gpxtpx:TrackPointExtension>
            <gpxtpx:hr>138</gpxtpx:hr>
            <gpxtpx:cad>86</gpxtpx:cad>
          </gpxtpx:TrackPointExtension>
        </extensions>
      </trkpt>
      <trkpt lat="29.6883457247" lon="106.522427481">
        <ele>353.4</ele>
        <time>2026-10-03T09:58:23+0800</time>
        <extensions>
          <gpxtpx:TrackPointExtension>
            <gpxtpx:hr>137</gpxtpx:hr>
            <gpxtpx:cad>86</gpxtpx:cad>
          </gpxtpx:TrackPointExtension>
        </extensions>
      </trkpt>
      <trkpt lat="29.6883297153" lon="106.522415746">
        <ele>353.4</ele>
        <time>2026-10-03T09:58:24+0800</time>
        <extensions>
          <gpxtpx:TrackPointExtension>
            <gpxtpx:hr>137</gpxtpx:hr>
            <gpxtpx:cad>86</gpxtpx:cad>
          </gpxtpx:TrackPointExtension>
        </extensions>
      </trkpt>
      <trkpt lat="29.6883213334" lon="106.522402838">
        <ele>353.2</ele>
        <time>2026-10-03T09:58:25+0800</time>
        <extensions>
          <gpxtpx:TrackPointExtension>
            <gpxtpx:hr>137</gpxtpx:hr>
            <gpxtpx:cad>86</gpxtpx:cad>
          </gpxtpx:TrackPointExtension>
        </extensions>
      </trkpt>
      <trkpt lat="29.6883050725" lon="106.522381213">
        <ele>353.0</ele>
        <time>2026-10-03T09:58:26+0800</time>
        <extensions>
          <gpxtpx:TrackPointExtension>
            <gpxtpx:hr>137</gpxtpx:hr>
            <gpxtpx:cad>86</gpxtpx:cad>
          </gpxtpx:TrackPointExtension>
        </extensions>
      </trkpt>
      <trkpt lat="29.6882985346" lon="106.522365706">
        <ele>352.8</ele>
        <time>2026-10-03T09:58:27+0800</time>
        <extensions>
          <gpxtpx:TrackPointExtension>
            <gpxtpx:hr>137</gpxtpx:hr>
            <gpxtpx:cad>86</gpxtpx:cad>
          </gpxtpx:TrackPointExtension>
        </extensions>
      </trkpt>
      <trkpt lat="29.6882836148" lon="106.522346511">
        <ele>352.6</ele>
        <time>2026-10-03T09:58:28+0800</time>
        <extensions>
          <gpxtpx:TrackPointExtension>
            <gpxtpx:hr>137</gpxtpx:hr>
            <gpxtpx:cad>87</gpxtpx:cad>
          </gpxtpx:TrackPointExtension>
        </extensions>
      </trkpt>
      <trkpt lat="29.6882769093" lon="106.522328323">
        <ele>352.6</ele>
        <time>2026-10-03T09:58:29+0800</time>
        <extensions>
          <gpxtpx:TrackPointExtension>
            <gpxtpx:hr>137</gpxtpx:hr>
            <gpxtpx:cad>88</gpxtpx:cad>
          </gpxtpx:TrackPointExtension>
        </extensions>
      </trkpt>
      <trkpt lat="29.6882642526" lon="106.522308122">
        <ele>352.4</ele>
        <time>2026-10-03T09:58:30+0800</time>
        <extensions>
          <gpxtpx:TrackPointExtension>
            <gpxtpx:hr>137</gpxtpx:hr>
            <gpxtpx:cad>87</gpxtpx:cad>
          </gpxtpx:TrackPointExtension>
        </extensions>
      </trkpt>
      <trkpt lat="29.6882608999" lon="106.522291861">
        <ele>352.4</ele>
        <time>2026-10-03T09:58:31+0800</time>
        <extensions>
          <gpxtpx:TrackPointExtension>
            <gpxtpx:hr>137</gpxtpx:hr>
            <gpxtpx:cad>87</gpxtpx:cad>
          </gpxtpx:TrackPointExtension>
        </extensions>
      </trkpt>
      <trkpt lat="29.6882531885" lon="106.522273924">
        <ele>352.4</ele>
        <time>2026-10-03T09:58:32+0800</time>
        <extensions>
          <gpxtpx:TrackPointExtension>
            <gpxtpx:hr>137</gpxtpx:hr>
            <gpxtpx:cad>87</gpxtpx:cad>
          </gpxtpx:TrackPointExtension>
        </extensions>
      </trkpt>
      <trkpt lat="29.6882394422" lon="106.52225825">
        <ele>352.2</ele>
        <time>2026-10-03T09:58:33+0800</time>
        <extensions>
          <gpxtpx:TrackPointExtension>
            <gpxtpx:hr>138</gpxtpx:hr>
            <gpxtpx:cad>87</gpxtpx:cad>
          </gpxtpx:TrackPointExtension>
        </extensions>
      </trkpt>
      <trkpt lat="29.6882303059" lon="106.522242827">
        <ele>352.0</ele>
        <time>2026-10-03T09:58:34+0800</time>
        <extensions>
          <gpxtpx:TrackPointExtension>
            <gpxtpx:hr>137</gpxtpx:hr>
            <gpxtpx:cad>87</gpxtpx:cad>
          </gpxtpx:TrackPointExtension>
        </extensions>
      </trkpt>
      <trkpt lat="29.6882173978" lon="106.522221873">
        <ele>351.8</ele>
        <time>2026-10-03T09:58:35+0800</time>
        <extensions>
          <gpxtpx:TrackPointExtension>
            <gpxtpx:hr>137</gpxtpx:hr>
            <gpxtpx:cad>87</gpxtpx:cad>
          </gpxtpx:TrackPointExtension>
        </extensions>
      </trkpt>
      <trkpt lat="29.688210357" lon="106.522206031">
        <ele>351.6</ele>
        <time>2026-10-03T09:58:36+0800</time>
        <extensions>
          <gpxtpx:TrackPointExtension>
            <gpxtpx:hr>137</gpxtpx:hr>
            <gpxtpx:cad>88</gpxtpx:cad>
          </gpxtpx:TrackPointExtension>
        </extensions>
      </trkpt>
      <trkpt lat="29.6881910786" lon="106.522190021">
        <ele>351.4</ele>
        <time>2026-10-03T09:58:37+0800</time>
        <extensions>
          <gpxtpx:TrackPointExtension>
            <gpxtpx:hr>138</gpxtpx:hr>
            <gpxtpx:cad>88</gpxtpx:cad>
          </gpxtpx:TrackPointExtension>
        </extensions>
      </trkpt>
      <trkpt lat="29.6881853789" lon="106.522174515">
        <ele>351.4</ele>
        <time>2026-10-03T09:58:38+0800</time>
        <extensions>
          <gpxtpx:TrackPointExtension>
            <gpxtpx:hr>137</gpxtpx:hr>
            <gpxtpx:cad>88</gpxtpx:cad>
          </gpxtpx:TrackPointExtension>
        </extensions>
      </trkpt>
      <trkpt lat="29.6881726384" lon="106.522157164">
        <ele>351.2</ele>
        <time>2026-10-03T09:58:39+0800</time>
        <extensions>
          <gpxtpx:TrackPointExtension>
            <gpxtpx:hr>138</gpxtpx:hr>
            <gpxtpx:cad>87</gpxtpx:cad>
          </gpxtpx:TrackPointExtension>
        </extensions>
      </trkpt>
      <trkpt lat="29.6881681122" lon="106.522147357">
        <ele>351.2</ele>
        <time>2026-10-03T09:58:40+0800</time>
        <extensions>
          <gpxtpx:TrackPointExtension>
            <gpxtpx:hr>138</gpxtpx:hr>
            <gpxtpx:cad>87</gpxtpx:cad>
          </gpxtpx:TrackPointExtension>
        </extensions>
      </trkpt>
      <trkpt lat="29.688152438" lon="106.522130929">
        <ele>351.2</ele>
        <time>2026-10-03T09:58:41+0800</time>
        <extensions>
          <gpxtpx:TrackPointExtension>
            <gpxtpx:hr>138</gpxtpx:hr>
            <gpxtpx:cad>87</gpxtpx:cad>
          </gpxtpx:TrackPointExtension>
        </extensions>
      </trkpt>
      <trkpt lat="29.6881474927" lon="106.522117686">
        <ele>351.0</ele>
        <time>2026-10-03T09:58:42+0800</time>
        <extensions>
          <gpxtpx:TrackPointExtension>
            <gpxtpx:hr>137</gpxtpx:hr>
            <gpxtpx:cad>88</gpxtpx:cad>
          </gpxtpx:TrackPointExtension>
        </extensions>
      </trkpt>
      <trkpt lat="29.6881380212" lon="106.522103185">
        <ele>350.8</ele>
        <time>2026-10-03T09:58:43+0800</time>
        <extensions>
          <gpxtpx:TrackPointExtension>
            <gpxtpx:hr>137</gpxtpx:hr>
            <gpxtpx:cad>88</gpxtpx:cad>
          </gpxtpx:TrackPointExtension>
        </extensions>
      </trkpt>
      <trkpt lat="29.688132992" lon="106.522084828">
        <ele>350.8</ele>
        <time>2026-10-03T09:58:44+0800</time>
        <extensions>
          <gpxtpx:TrackPointExtension>
            <gpxtpx:hr>137</gpxtpx:hr>
            <gpxtpx:cad>88</gpxtpx:cad>
          </gpxtpx:TrackPointExtension>
        </extensions>
      </trkpt>
      <trkpt lat="29.688118659" lon="106.522068651">
        <ele>350.6</ele>
        <time>2026-10-03T09:58:45+0800</time>
        <extensions>
          <gpxtpx:TrackPointExtension>
            <gpxtpx:hr>137</gpxtpx:hr>
            <gpxtpx:cad>89</gpxtpx:cad>
          </gpxtpx:TrackPointExtension>
        </extensions>
      </trkpt>
      <trkpt lat="29.6881079301" lon="106.522054989">
        <ele>350.6</ele>
        <time>2026-10-03T09:58:46+0800</time>
        <extensions>
          <gpxtpx:TrackPointExtension>
            <gpxtpx:hr>137</gpxtpx:hr>
            <gpxtpx:cad>89</gpxtpx:cad>
          </gpxtpx:TrackPointExtension>
        </extensions>
      </trkpt>
      <trkpt lat="29.6880966146" lon="106.522037722">
        <ele>350.4</ele>
        <time>2026-10-03T09:58:47+0800</time>
        <extensions>
          <gpxtpx:TrackPointExtension>
            <gpxtpx:hr>137</gpxtpx:hr>
            <gpxtpx:cad>89</gpxtpx:cad>
          </gpxtpx:TrackPointExtension>
        </extensions>
      </trkpt>
      <trkpt lat="29.6880836226" lon="106.522022467">
        <ele>350.4</ele>
        <time>2026-10-03T09:58:48+0800</time>
        <extensions>
          <gpxtpx:TrackPointExtension>
            <gpxtpx:hr>137</gpxtpx:hr>
            <gpxtpx:cad>88</gpxtpx:cad>
          </gpxtpx:TrackPointExtension>
        </extensions>
      </trkpt>
      <trkpt lat="29.6880749892" lon="106.522006877">
        <ele>350.4</ele>
        <time>2026-10-03T09:58:49+0800</time>
        <extensions>
          <gpxtpx:TrackPointExtension>
            <gpxtpx:hr>137</gpxtpx:hr>
            <gpxtpx:cad>88</gpxtpx:cad>
          </gpxtpx:TrackPointExtension>
        </extensions>
      </trkpt>
      <trkpt lat="29.6880595665" lon="106.521990364">
        <ele>350.2</ele>
        <time>2026-10-03T09:58:50+0800</time>
        <extensions>
          <gpxtpx:TrackPointExtension>
            <gpxtpx:hr>137</gpxtpx:hr>
            <gpxtpx:cad>87</gpxtpx:cad>
          </gpxtpx:TrackPointExtension>
        </extensions>
      </trkpt>
      <trkpt lat="29.6880534478" lon="106.521976283">
        <ele>350.0</ele>
        <time>2026-10-03T09:58:51+0800</time>
        <extensions>
          <gpxtpx:TrackPointExtension>
            <gpxtpx:hr>138</gpxtpx:hr>
            <gpxtpx:cad>87</gpxtpx:cad>
          </gpxtpx:TrackPointExtension>
        </extensions>
      </trkpt>
      <trkpt lat="29.688036181" lon="106.521956837">
        <ele>350.0</ele>
        <time>2026-10-03T09:58:52+0800</time>
        <extensions>
          <gpxtpx:TrackPointExtension>
            <gpxtpx:hr>137</gpxtpx:hr>
            <gpxtpx:cad>86</gpxtpx:cad>
          </gpxtpx:TrackPointExtension>
        </extensions>
      </trkpt>
      <trkpt lat="29.6880348399" lon="106.521944348">
        <ele>349.8</ele>
        <time>2026-10-03T09:58:53+0800</time>
        <extensions>
          <gpxtpx:TrackPointExtension>
            <gpxtpx:hr>137</gpxtpx:hr>
            <gpxtpx:cad>86</gpxtpx:cad>
          </gpxtpx:TrackPointExtension>
        </extensions>
      </trkpt>
      <trkpt lat="29.6880186629" lon="106.521923561">
        <ele>349.6</ele>
        <time>2026-10-03T09:58:54+0800</time>
        <extensions>
          <gpxtpx:TrackPointExtension>
            <gpxtpx:hr>137</gpxtpx:hr>
            <gpxtpx:cad>87</gpxtpx:cad>
          </gpxtpx:TrackPointExtension>
        </extensions>
      </trkpt>
      <trkpt lat="29.6880174056" lon="106.521910569">
        <ele>349.6</ele>
        <time>2026-10-03T09:58:55+0800</time>
        <extensions>
          <gpxtpx:TrackPointExtension>
            <gpxtpx:hr>137</gpxtpx:hr>
            <gpxtpx:cad>87</gpxtpx:cad>
          </gpxtpx:TrackPointExtension>
        </extensions>
      </trkpt>
      <trkpt lat="29.6880044136" lon="106.521893218">
        <ele>349.6</ele>
        <time>2026-10-03T09:58:56+0800</time>
        <extensions>
          <gpxtpx:TrackPointExtension>
            <gpxtpx:hr>138</gpxtpx:hr>
            <gpxtpx:cad>88</gpxtpx:cad>
          </gpxtpx:TrackPointExtension>
        </extensions>
      </trkpt>
      <trkpt lat="29.6879977081" lon="106.521878717">
        <ele>349.4</ele>
        <time>2026-10-03T09:58:57+0800</time>
        <extensions>
          <gpxtpx:TrackPointExtension>
            <gpxtpx:hr>137</gpxtpx:hr>
            <gpxtpx:cad>88</gpxtpx:cad>
          </gpxtpx:TrackPointExtension>
        </extensions>
      </trkpt>
      <trkpt lat="29.6879904997" lon="106.52186757">
        <ele>349.4</ele>
        <time>2026-10-03T09:58:58+0800</time>
        <extensions>
          <gpxtpx:TrackPointExtension>
            <gpxtpx:hr>137</gpxtpx:hr>
            <gpxtpx:cad>89</gpxtpx:cad>
          </gpxtpx:TrackPointExtension>
        </extensions>
      </trkpt>
      <trkpt lat="29.6879801061" lon="106.52185441">
        <ele>349.2</ele>
        <time>2026-10-03T09:58:59+0800</time>
        <extensions>
          <gpxtpx:TrackPointExtension>
            <gpxtpx:hr>138</gpxtpx:hr>
            <gpxtpx:cad>89</gpxtpx:cad>
          </gpxtpx:TrackPointExtension>
        </extensions>
      </trkpt>
      <trkpt lat="29.6879738197" lon="106.521841837">
        <ele>349.2</ele>
        <time>2026-10-03T09:59:00+0800</time>
        <extensions>
          <gpxtpx:TrackPointExtension>
            <gpxtpx:hr>138</gpxtpx:hr>
            <gpxtpx:cad>89</gpxtpx:cad>
          </gpxtpx:TrackPointExtension>
        </extensions>
      </trkpt>
      <trkpt lat="29.6879605763" lon="106.521828594">
        <ele>349.2</ele>
        <time>2026-10-03T09:59:01+0800</time>
        <extensions>
          <gpxtpx:TrackPointExtension>
            <gpxtpx:hr>138</gpxtpx:hr>
            <gpxtpx:cad>89</gpxtpx:cad>
          </gpxtpx:TrackPointExtension>
        </extensions>
      </trkpt>
      <trkpt lat="29.6879542898" lon="106.521814512">
        <ele>349.2</ele>
        <time>2026-10-03T09:59:02+0800</time>
        <extensions>
          <gpxtpx:TrackPointExtension>
            <gpxtpx:hr>137</gpxtpx:hr>
            <gpxtpx:cad>89</gpxtpx:cad>
          </gpxtpx:TrackPointExtension>
        </extensions>
      </trkpt>
      <trkpt lat="29.6879412979" lon="106.521794815">
        <ele>349.2</ele>
        <time>2026-10-03T09:59:03+0800</time>
        <extensions>
          <gpxtpx:TrackPointExtension>
            <gpxtpx:hr>138</gpxtpx:hr>
            <gpxtpx:cad>89</gpxtpx:cad>
          </gpxtpx:TrackPointExtension>
        </extensions>
      </trkpt>
      <trkpt lat="29.6879357658" lon="106.521782828">
        <ele>349.0</ele>
        <time>2026-10-03T09:59:04+0800</time>
        <extensions>
          <gpxtpx:TrackPointExtension>
            <gpxtpx:hr>138</gpxtpx:hr>
            <gpxtpx:cad>86</gpxtpx:cad>
          </gpxtpx:TrackPointExtension>
        </extensions>
      </trkpt>
      <trkpt lat="29.6879289765" lon="106.521768831">
        <ele>349.0</ele>
        <time>2026-10-03T09:59:05+0800</time>
        <extensions>
          <gpxtpx:TrackPointExtension>
            <gpxtpx:hr>137</gpxtpx:hr>
            <gpxtpx:cad>86</gpxtpx:cad>
          </gpxtpx:TrackPointExtension>
        </extensions>
      </trkpt>
      <trkpt lat="29.6879186668" lon="106.521756928">
        <ele>348.8</ele>
        <time>2026-10-03T09:59:06+0800</time>
        <extensions>
          <gpxtpx:TrackPointExtension>
            <gpxtpx:hr>138</gpxtpx:hr>
            <gpxtpx:cad>86</gpxtpx:cad>
          </gpxtpx:TrackPointExtension>
        </extensions>
      </trkpt>
      <trkpt lat="29.6879108716" lon="106.52174335">
        <ele>348.8</ele>
        <time>2026-10-03T09:59:07+0800</time>
        <extensions>
          <gpxtpx:TrackPointExtension>
            <gpxtpx:hr>138</gpxtpx:hr>
            <gpxtpx:cad>86</gpxtpx:cad>
          </gpxtpx:TrackPointExtension>
        </extensions>
      </trkpt>
      <trkpt lat="29.68789679" lon="106.521727089">
        <ele>348.6</ele>
        <time>2026-10-03T09:59:08+0800</time>
        <extensions>
          <gpxtpx:TrackPointExtension>
            <gpxtpx:hr>138</gpxtpx:hr>
            <gpxtpx:cad>86</gpxtpx:cad>
          </gpxtpx:TrackPointExtension>
        </extensions>
      </trkpt>
      <trkpt lat="29.6878911741" lon="106.521714013">
        <ele>348.6</ele>
        <time>2026-10-03T09:59:09+0800</time>
        <extensions>
          <gpxtpx:TrackPointExtension>
            <gpxtpx:hr>138</gpxtpx:hr>
            <gpxtpx:cad>86</gpxtpx:cad>
          </gpxtpx:TrackPointExtension>
        </extensions>
      </trkpt>
      <trkpt lat="29.6878754161" lon="106.521696998">
        <ele>348.4</ele>
        <time>2026-10-03T09:59:10+0800</time>
        <extensions>
          <gpxtpx:TrackPointExtension>
            <gpxtpx:hr>138</gpxtpx:hr>
            <gpxtpx:cad>86</gpxtpx:cad>
          </gpxtpx:TrackPointExtension>
        </extensions>
      </trkpt>
      <trkpt lat="29.6878727339" lon="106.521682665">
        <ele>348.2</ele>
        <time>2026-10-03T09:59:11+0800</time>
        <extensions>
          <gpxtpx:TrackPointExtension>
            <gpxtpx:hr>138</gpxtpx:hr>
            <gpxtpx:cad>86</gpxtpx:cad>
          </gpxtpx:TrackPointExtension>
        </extensions>
      </trkpt>
      <trkpt lat="29.6878591552" lon="106.521666571">
        <ele>348.0</ele>
        <time>2026-10-03T09:59:12+0800</time>
        <extensions>
          <gpxtpx:TrackPointExtension>
            <gpxtpx:hr>139</gpxtpx:hr>
            <gpxtpx:cad>86</gpxtpx:cad>
          </gpxtpx:TrackPointExtension>
        </extensions>
      </trkpt>
      <trkpt lat="29.6878537908" lon="106.521651149">
        <ele>347.8</ele>
        <time>2026-10-03T09:59:13+0800</time>
        <extensions>
          <gpxtpx:TrackPointExtension>
            <gpxtpx:hr>139</gpxtpx:hr>
            <gpxtpx:cad>87</gpxtpx:cad>
          </gpxtpx:TrackPointExtension>
        </extensions>
      </trkpt>
      <trkpt lat="29.6878439002" lon="106.521638408">
        <ele>347.8</ele>
        <time>2026-10-03T09:59:14+0800</time>
        <extensions>
          <gpxtpx:TrackPointExtension>
            <gpxtpx:hr>139</gpxtpx:hr>
            <gpxtpx:cad>87</gpxtpx:cad>
          </gpxtpx:TrackPointExtension>
        </extensions>
      </trkpt>
      <trkpt lat="29.6878325846" lon="106.521622399">
        <ele>347.6</ele>
        <time>2026-10-03T09:59:15+0800</time>
        <extensions>
          <gpxtpx:TrackPointExtension>
            <gpxtpx:hr>139</gpxtpx:hr>
            <gpxtpx:cad>87</gpxtpx:cad>
          </gpxtpx:TrackPointExtension>
        </extensions>
      </trkpt>
      <trkpt lat="29.687828226" lon="106.521608653">
        <ele>347.6</ele>
        <time>2026-10-03T09:59:16+0800</time>
        <extensions>
          <gpxtpx:TrackPointExtension>
            <gpxtpx:hr>140</gpxtpx:hr>
            <gpxtpx:cad>87</gpxtpx:cad>
          </gpxtpx:TrackPointExtension>
        </extensions>
      </trkpt>
      <trkpt lat="29.6878156532" lon="106.52159214">
        <ele>347.6</ele>
        <time>2026-10-03T09:59:17+0800</time>
        <extensions>
          <gpxtpx:TrackPointExtension>
            <gpxtpx:hr>142</gpxtpx:hr>
            <gpxtpx:cad>87</gpxtpx:cad>
          </gpxtpx:TrackPointExtension>
        </extensions>
      </trkpt>
      <trkpt lat="29.6878102887" lon="106.521580322">
        <ele>347.4</ele>
        <time>2026-10-03T09:59:18+0800</time>
        <extensions>
          <gpxtpx:TrackPointExtension>
            <gpxtpx:hr>143</gpxtpx:hr>
            <gpxtpx:cad>83</gpxtpx:cad>
          </gpxtpx:TrackPointExtension>
        </extensions>
      </trkpt>
      <trkpt lat="29.687796291" lon="106.521564899">
        <ele>347.4</ele>
        <time>2026-10-03T09:59:19+0800</time>
        <extensions>
          <gpxtpx:TrackPointExtension>
            <gpxtpx:hr>146</gpxtpx:hr>
            <gpxtpx:cad>83</gpxtpx:cad>
          </gpxtpx:TrackPointExtension>
        </extensions>
      </trkpt>
      <trkpt lat="29.687791178" lon="106.521548051">
        <ele>347.2</ele>
        <time>2026-10-03T09:59:20+0800</time>
        <extensions>
          <gpxtpx:TrackPointExtension>
            <gpxtpx:hr>148</gpxtpx:hr>
            <gpxtpx:cad>83</gpxtpx:cad>
          </gpxtpx:TrackPointExtension>
        </extensions>
      </trkpt>
      <trkpt lat="29.6877790242" lon="106.521530282">
        <ele>347.2</ele>
        <time>2026-10-03T09:59:21+0800</time>
        <extensions>
          <gpxtpx:TrackPointExtension>
            <gpxtpx:hr>149</gpxtpx:hr>
            <gpxtpx:cad>83</gpxtpx:cad>
          </gpxtpx:TrackPointExtension>
        </extensions>
      </trkpt>
      <trkpt lat="29.6877693012" lon="106.521517541">
        <ele>347.0</ele>
        <time>2026-10-03T09:59:22+0800</time>
        <extensions>
          <gpxtpx:TrackPointExtension>
            <gpxtpx:hr>152</gpxtpx:hr>
            <gpxtpx:cad>85</gpxtpx:cad>
          </gpxtpx:TrackPointExtension>
        </extensions>
      </trkpt>
      <trkpt lat="29.6877605841" lon="106.521506058">
        <ele>347.0</ele>
        <time>2026-10-03T09:59:23+0800</time>
        <extensions>
          <gpxtpx:TrackPointExtension>
            <gpxtpx:hr>160</gpxtpx:hr>
            <gpxtpx:cad>85</gpxtpx:cad>
          </gpxtpx:TrackPointExtension>
        </extensions>
      </trkpt>
      <trkpt lat="29.6877496876" lon="106.521490049">
        <ele>346.8</ele>
        <time>2026-10-03T09:59:24+0800</time>
        <extensions>
          <gpxtpx:TrackPointExtension>
            <gpxtpx:hr>164</gpxtpx:hr>
            <gpxtpx:cad>86</gpxtpx:cad>
          </gpxtpx:TrackPointExtension>
        </extensions>
      </trkpt>
      <trkpt lat="29.6877473406" lon="106.521476218">
        <ele>346.8</ele>
        <time>2026-10-03T09:59:25+0800</time>
        <extensions>
          <gpxtpx:TrackPointExtension>
            <gpxtpx:hr>165</gpxtpx:hr>
            <gpxtpx:cad>86</gpxtpx:cad>
          </gpxtpx:TrackPointExtension>
        </extensions>
      </trkpt>
      <trkpt lat="29.6877341811" lon="106.521460209">
        <ele>346.6</ele>
        <time>2026-10-03T09:59:26+0800</time>
        <extensions>
          <gpxtpx:TrackPointExtension>
            <gpxtpx:hr>164</gpxtpx:hr>
            <gpxtpx:cad>86</gpxtpx:cad>
          </gpxtpx:TrackPointExtension>
        </extensions>
      </trkpt>
      <trkpt lat="29.6877265535" lon="106.521445792">
        <ele>346.6</ele>
        <time>2026-10-03T09:59:27+0800</time>
        <extensions>
          <gpxtpx:TrackPointExtension>
            <gpxtpx:hr>164</gpxtpx:hr>
            <gpxtpx:cad>88</gpxtpx:cad>
          </gpxtpx:TrackPointExtension>
        </extensions>
      </trkpt>
      <trkpt lat="29.6877143998" lon="106.521428023">
        <ele>346.4</ele>
        <time>2026-10-03T09:59:28+0800</time>
        <extensions>
          <gpxtpx:TrackPointExtension>
            <gpxtpx:hr>163</gpxtpx:hr>
            <gpxtpx:cad>88</gpxtpx:cad>
          </gpxtpx:TrackPointExtension>
        </extensions>
      </trkpt>
      <trkpt lat="29.6877046768" lon="106.521412181">
        <ele>346.2</ele>
        <time>2026-10-03T09:59:29+0800</time>
        <extensions>
          <gpxtpx:TrackPointExtension>
            <gpxtpx:hr>162</gpxtpx:hr>
            <gpxtpx:cad>86</gpxtpx:cad>
          </gpxtpx:TrackPointExtension>
        </extensions>
      </trkpt>
      <trkpt lat="29.6876974683" lon="106.521394998">
        <ele>346.2</ele>
        <time>2026-10-03T09:59:30+0800</time>
        <extensions>
          <gpxtpx:TrackPointExtension>
            <gpxtpx:hr>162</gpxtpx:hr>
            <gpxtpx:cad>84</gpxtpx:cad>
          </gpxtpx:TrackPointExtension>
        </extensions>
      </trkpt>
      <trkpt lat="29.6876819618" lon="106.521378402">
        <ele>346.0</ele>
        <time>2026-10-03T09:59:31+0800</time>
        <extensions>
          <gpxtpx:TrackPointExtension>
            <gpxtpx:hr>160</gpxtpx:hr>
            <gpxtpx:cad>84</gpxtpx:cad>
          </gpxtpx:TrackPointExtension>
        </extensions>
      </trkpt>
      <trkpt lat="29.6876774356" lon="106.521365158">
        <ele>346.0</ele>
        <time>2026-10-03T09:59:32+0800</time>
        <extensions>
          <gpxtpx:TrackPointExtension>
            <gpxtpx:hr>160</gpxtpx:hr>
            <gpxtpx:cad>86</gpxtpx:cad>
          </gpxtpx:TrackPointExtension>
        </extensions>
      </trkpt>
      <trkpt lat="29.6876615938" lon="106.52134764">
        <ele>346.0</ele>
        <time>2026-10-03T09:59:33+0800</time>
        <extensions>
          <gpxtpx:TrackPointExtension>
            <gpxtpx:hr>160</gpxtpx:hr>
            <gpxtpx:cad>86</gpxtpx:cad>
          </gpxtpx:TrackPointExtension>
        </extensions>
      </trkpt>
      <trkpt lat="29.6876551397" lon="106.521335319">
        <ele>345.8</ele>
        <time>2026-10-03T09:59:34+0800</time>
        <extensions>
          <gpxtpx:TrackPointExtension>
            <gpxtpx:hr>159</gpxtpx:hr>
            <gpxtpx:cad>86</gpxtpx:cad>
          </gpxtpx:TrackPointExtension>
        </extensions>
      </trkpt>
      <trkpt lat="29.6876455843" lon="106.521316711">
        <ele>345.6</ele>
        <time>2026-10-03T09:59:35+0800</time>
        <extensions>
          <gpxtpx:TrackPointExtension>
            <gpxtpx:hr>158</gpxtpx:hr>
            <gpxtpx:cad>86</gpxtpx:cad>
          </gpxtpx:TrackPointExtension>
        </extensions>
      </trkpt>
      <trkpt lat="29.6876384597" lon="106.521302797">
        <ele>345.6</ele>
        <time>2026-10-03T09:59:36+0800</time>
        <extensions>
          <gpxtpx:TrackPointExtension>
            <gpxtpx:hr>158</gpxtpx:hr>
            <gpxtpx:cad>85</gpxtpx:cad>
          </gpxtpx:TrackPointExtension>
        </extensions>
      </trkpt>
      <trkpt lat="29.6876247972" lon="106.521285279">
        <ele>345.6</ele>
        <time>2026-10-03T09:59:37+0800</time>
        <extensions>
          <gpxtpx:TrackPointExtension>
            <gpxtpx:hr>157</gpxtpx:hr>
            <gpxtpx:cad>85</gpxtpx:cad>
          </gpxtpx:TrackPointExtension>
        </extensions>
      </trkpt>
      <trkpt lat="29.6876173373" lon="106.52126994">
        <ele>345.4</ele>
        <time>2026-10-03T09:59:38+0800</time>
        <extensions>
          <gpxtpx:TrackPointExtension>
            <gpxtpx:hr>157</gpxtpx:hr>
            <gpxtpx:cad>87</gpxtpx:cad>
          </gpxtpx:TrackPointExtension>
        </extensions>
      </trkpt>
      <trkpt lat="29.6876031719" lon="106.521249488">
        <ele>345.4</ele>
        <time>2026-10-03T09:59:39+0800</time>
        <extensions>
          <gpxtpx:TrackPointExtension>
            <gpxtpx:hr>156</gpxtpx:hr>
            <gpxtpx:cad>88</gpxtpx:cad>
          </gpxtpx:TrackPointExtension>
        </extensions>
      </trkpt>
      <trkpt lat="29.6875928622" lon="106.521236831">
        <ele>345.2</ele>
        <time>2026-10-03T09:59:40+0800</time>
        <extensions>
          <gpxtpx:TrackPointExtension>
            <gpxtpx:hr>156</gpxtpx:hr>
            <gpxtpx:cad>88</gpxtpx:cad>
          </gpxtpx:TrackPointExtension>
        </extensions>
      </trkpt>
      <trkpt lat="29.6875881683" lon="106.521222414">
        <ele>345.2</ele>
        <time>2026-10-03T09:59:41+0800</time>
        <extensions>
          <gpxtpx:TrackPointExtension>
            <gpxtpx:hr>155</gpxtpx:hr>
            <gpxtpx:cad>89</gpxtpx:cad>
          </gpxtpx:TrackPointExtension>
        </extensions>
      </trkpt>
      <trkpt lat="29.6875781938" lon="106.521209506">
        <ele>345.0</ele>
        <time>2026-10-03T09:59:42+0800</time>
        <extensions>
          <gpxtpx:TrackPointExtension>
            <gpxtpx:hr>155</gpxtpx:hr>
            <gpxtpx:cad>91</gpxtpx:cad>
          </gpxtpx:TrackPointExtension>
        </extensions>
      </trkpt>
      <trkpt lat="29.6875704825" lon="106.521193162">
        <ele>344.8</ele>
        <time>2026-10-03T09:59:43+0800</time>
        <extensions>
          <gpxtpx:TrackPointExtension>
            <gpxtpx:hr>155</gpxtpx:hr>
            <gpxtpx:cad>91</gpxtpx:cad>
          </gpxtpx:TrackPointExtension>
        </extensions>
      </trkpt>
      <trkpt lat="29.6875612624" lon="106.521178912">
        <ele>344.6</ele>
        <time>2026-10-03T09:59:44+0800</time>
        <extensions>
          <gpxtpx:TrackPointExtension>
            <gpxtpx:hr>156</gpxtpx:hr>
            <gpxtpx:cad>88</gpxtpx:cad>
          </gpxtpx:TrackPointExtension>
        </extensions>
      </trkpt>
      <trkpt lat="29.6875552274" lon="106.521164412">
        <ele>344.6</ele>
        <time>2026-10-03T09:59:45+0800</time>
        <extensions>
          <gpxtpx:TrackPointExtension>
            <gpxtpx:hr>155</gpxtpx:hr>
            <gpxtpx:cad>87</gpxtpx:cad>
          </gpxtpx:TrackPointExtension>
        </extensions>
      </trkpt>
      <trkpt lat="29.6875412297" lon="106.52114924">
        <ele>344.4</ele>
        <time>2026-10-03T09:59:46+0800</time>
        <extensions>
          <gpxtpx:TrackPointExtension>
            <gpxtpx:hr>155</gpxtpx:hr>
            <gpxtpx:cad>87</gpxtpx:cad>
          </gpxtpx:TrackPointExtension>
        </extensions>
      </trkpt>
      <trkpt lat="29.6875319257" lon="106.521138009">
        <ele>344.4</ele>
        <time>2026-10-03T09:59:47+0800</time>
        <extensions>
          <gpxtpx:TrackPointExtension>
            <gpxtpx:hr>156</gpxtpx:hr>
            <gpxtpx:cad>87</gpxtpx:cad>
          </gpxtpx:TrackPointExtension>
        </extensions>
      </trkpt>
      <trkpt lat="29.687514659" lon="106.521122167">
        <ele>344.2</ele>
        <time>2026-10-03T09:59:48+0800</time>
        <extensions>
          <gpxtpx:TrackPointExtension>
            <gpxtpx:hr>156</gpxtpx:hr>
            <gpxtpx:cad>88</gpxtpx:cad>
          </gpxtpx:TrackPointExtension>
        </extensions>
      </trkpt>
      <trkpt lat="29.6875095461" lon="106.521108001">
        <ele>344.2</ele>
        <time>2026-10-03T09:59:49+0800</time>
        <extensions>
          <gpxtpx:TrackPointExtension>
            <gpxtpx:hr>156</gpxtpx:hr>
            <gpxtpx:cad>88</gpxtpx:cad>
          </gpxtpx:TrackPointExtension>
        </extensions>
      </trkpt>
      <trkpt lat="29.6874976438" lon="106.521094507">
        <ele>344.0</ele>
        <time>2026-10-03T09:59:50+0800</time>
        <extensions>
          <gpxtpx:TrackPointExtension>
            <gpxtpx:hr>156</gpxtpx:hr>
            <gpxtpx:cad>89</gpxtpx:cad>
          </gpxtpx:TrackPointExtension>
        </extensions>
      </trkpt>
      <trkpt lat="29.6874884237" lon="106.521081766">
        <ele>343.8</ele>
        <time>2026-10-03T09:59:51+0800</time>
        <extensions>
          <gpxtpx:TrackPointExtension>
            <gpxtpx:hr>156</gpxtpx:hr>
            <gpxtpx:cad>89</gpxtpx:cad>
          </gpxtpx:TrackPointExtension>
        </extensions>
      </trkpt>
      <trkpt lat="29.6874777786" lon="106.521065589">
        <ele>343.8</ele>
        <time>2026-10-03T09:59:52+0800</time>
        <extensions>
          <gpxtpx:TrackPointExtension>
            <gpxtpx:hr>155</gpxtpx:hr>
            <gpxtpx:cad>89</gpxtpx:cad>
          </gpxtpx:TrackPointExtension>
        </extensions>
      </trkpt>
      <trkpt lat="29.6874649543" lon="106.52105134">
        <ele>343.6</ele>
        <time>2026-10-03T09:59:53+0800</time>
        <extensions>
          <gpxtpx:TrackPointExtension>
            <gpxtpx:hr>156</gpxtpx:hr>
            <gpxtpx:cad>89</gpxtpx:cad>
          </gpxtpx:TrackPointExtension>
        </extensions>
      </trkpt>
      <trkpt lat="29.6874569915" lon="106.521039521">
        <ele>343.6</ele>
        <time>2026-10-03T09:59:54+0800</time>
        <extensions>
          <gpxtpx:TrackPointExtension>
            <gpxtpx:hr>156</gpxtpx:hr>
            <gpxtpx:cad>88</gpxtpx:cad>
          </gpxtpx:TrackPointExtension>
        </extensions>
      </trkpt>
      <trkpt lat="29.6874415688" lon="106.521023009">
        <ele>343.4</ele>
        <time>2026-10-03T09:59:55+0800</time>
        <extensions>
          <gpxtpx:TrackPointExtension>
            <gpxtpx:hr>156</gpxtpx:hr>
            <gpxtpx:cad>86</gpxtpx:cad>
          </gpxtpx:TrackPointExtension>
        </extensions>
      </trkpt>
      <trkpt lat="29.6874347795" lon="106.52101052">
        <ele>343.2</ele>
        <time>2026-10-03T09:59:56+0800</time>
        <extensions>
          <gpxtpx:TrackPointExtension>
            <gpxtpx:hr>155</gpxtpx:hr>
            <gpxtpx:cad>86</gpxtpx:cad>
          </gpxtpx:TrackPointExtension>
        </extensions>
      </trkpt>
      <trkpt lat="29.6874176804" lon="106.520997277">
        <ele>343.2</ele>
        <time>2026-10-03T09:59:57+0800</time>
        <extensions>
          <gpxtpx:TrackPointExtension>
            <gpxtpx:hr>155</gpxtpx:hr>
            <gpxtpx:cad>86</gpxtpx:cad>
          </gpxtpx:TrackPointExtension>
        </extensions>
      </trkpt>
      <trkpt lat="29.6874063648" lon="106.520984536">
        <ele>343.2</ele>
        <time>2026-10-03T09:59:58+0800</time>
        <extensions>
          <gpxtpx:TrackPointExtension>
            <gpxtpx:hr>155</gpxtpx:hr>
            <gpxtpx:cad>86</gpxtpx:cad>
          </gpxtpx:TrackPointExtension>
        </extensions>
      </trkpt>
      <trkpt lat="29.6873904392" lon="106.52097364">
        <ele>343.0</ele>
        <time>2026-10-03T09:59:59+0800</time>
        <extensions>
          <gpxtpx:TrackPointExtension>
            <gpxtpx:hr>155</gpxtpx:hr>
            <gpxtpx:cad>86</gpxtpx:cad>
          </gpxtpx:TrackPointExtension>
        </extensions>
      </trkpt>
      <trkpt lat="29.6873790398" lon="106.52096157">
        <ele>343.0</ele>
        <time>2026-10-03T10:00:00+0800</time>
        <extensions>
          <gpxtpx:TrackPointExtension>
            <gpxtpx:hr>155</gpxtpx:hr>
            <gpxtpx:cad>87</gpxtpx:cad>
          </gpxtpx:TrackPointExtension>
        </extensions>
      </trkpt>
      <trkpt lat="29.6873619407" lon="106.520946315">
        <ele>343.0</ele>
        <time>2026-10-03T10:00:01+0800</time>
        <extensions>
          <gpxtpx:TrackPointExtension>
            <gpxtpx:hr>156</gpxtpx:hr>
            <gpxtpx:cad>87</gpxtpx:cad>
          </gpxtpx:TrackPointExtension>
        </extensions>
      </trkpt>
      <trkpt lat="29.687348865" lon="106.520930808">
        <ele>342.8</ele>
        <time>2026-10-03T10:00:02+0800</time>
        <extensions>
          <gpxtpx:TrackPointExtension>
            <gpxtpx:hr>156</gpxtpx:hr>
            <gpxtpx:cad>87</gpxtpx:cad>
          </gpxtpx:TrackPointExtension>
        </extensions>
      </trkpt>
      <trkpt lat="29.6873305086" lon="106.52091857">
        <ele>342.6</ele>
        <time>2026-10-03T10:00:03+0800</time>
        <extensions>
          <gpxtpx:TrackPointExtension>
            <gpxtpx:hr>157</gpxtpx:hr>
            <gpxtpx:cad>87</gpxtpx:cad>
          </gpxtpx:TrackPointExtension>
        </extensions>
      </trkpt>
      <trkpt lat="29.6873198636" lon="106.520906249">
        <ele>342.4</ele>
        <time>2026-10-03T10:00:04+0800</time>
        <extensions>
          <gpxtpx:TrackPointExtension>
            <gpxtpx:hr>158</gpxtpx:hr>
            <gpxtpx:cad>87</gpxtpx:cad>
          </gpxtpx:TrackPointExtension>
        </extensions>
      </trkpt>
      <trkpt lat="29.6873053629" lon="106.520897951">
        <ele>342.4</ele>
        <time>2026-10-03T10:00:05+0800</time>
        <extensions>
          <gpxtpx:TrackPointExtension>
            <gpxtpx:hr>159</gpxtpx:hr>
            <gpxtpx:cad>87</gpxtpx:cad>
          </gpxtpx:TrackPointExtension>
        </extensions>
      </trkpt>
      <trkpt lat="29.6872958075" lon="106.52089024">
        <ele>342.2</ele>
        <time>2026-10-03T10:00:06+0800</time>
        <extensions>
          <gpxtpx:TrackPointExtension>
            <gpxtpx:hr>160</gpxtpx:hr>
            <gpxtpx:cad>87</gpxtpx:cad>
          </gpxtpx:TrackPointExtension>
        </extensions>
      </trkpt>
      <trkpt lat="29.6872769482" lon="106.520879762">
        <ele>342.2</ele>
        <time>2026-10-03T10:00:07+0800</time>
        <extensions>
          <gpxtpx:TrackPointExtension>
            <gpxtpx:hr>160</gpxtpx:hr>
            <gpxtpx:cad>87</gpxtpx:cad>
          </gpxtpx:TrackPointExtension>
        </extensions>
      </trkpt>
      <trkpt lat="29.6872699913" lon="106.520867441">
        <ele>342.2</ele>
        <time>2026-10-03T10:00:08+0800</time>
        <extensions>
          <gpxtpx:TrackPointExtension>
            <gpxtpx:hr>160</gpxtpx:hr>
            <gpxtpx:cad>87</gpxtpx:cad>
          </gpxtpx:TrackPointExtension>
        </extensions>
      </trkpt>
      <trkpt lat="29.6872487012" lon="106.520852605">
        <ele>342.2</ele>
        <time>2026-10-03T10:00:09+0800</time>
        <extensions>
          <gpxtpx:TrackPointExtension>
            <gpxtpx:hr>160</gpxtpx:hr>
            <gpxtpx:cad>87</gpxtpx:cad>
          </gpxtpx:TrackPointExtension>
        </extensions>
      </trkpt>
      <trkpt lat="29.6872379724" lon="106.520842211">
        <ele>342.0</ele>
        <time>2026-10-03T10:00:10+0800</time>
        <extensions>
          <gpxtpx:TrackPointExtension>
            <gpxtpx:hr>161</gpxtpx:hr>
            <gpxtpx:cad>87</gpxtpx:cad>
          </gpxtpx:TrackPointExtension>
        </extensions>
      </trkpt>
      <trkpt lat="29.6872155927" lon="106.520828968">
        <ele>341.8</ele>
        <time>2026-10-03T10:00:11+0800</time>
        <extensions>
          <gpxtpx:TrackPointExtension>
            <gpxtpx:hr>160</gpxtpx:hr>
            <gpxtpx:cad>88</gpxtpx:cad>
          </gpxtpx:TrackPointExtension>
        </extensions>
      </trkpt>
      <trkpt lat="29.6872039419" lon="106.520819245">
        <ele>341.6</ele>
        <time>2026-10-03T10:00:12+0800</time>
        <extensions>
          <gpxtpx:TrackPointExtension>
            <gpxtpx:hr>160</gpxtpx:hr>
            <gpxtpx:cad>89</gpxtpx:cad>
          </gpxtpx:TrackPointExtension>
        </extensions>
      </trkpt>
      <trkpt lat="29.6871849988" lon="106.520810192">
        <ele>341.6</ele>
        <time>2026-10-03T10:00:13+0800</time>
        <extensions>
          <gpxtpx:TrackPointExtension>
            <gpxtpx:hr>161</gpxtpx:hr>
            <gpxtpx:cad>90</gpxtpx:cad>
          </gpxtpx:TrackPointExtension>
        </extensions>
      </trkpt>
      <trkpt lat="29.6871730126" lon="106.520800721">
        <ele>341.4</ele>
        <time>2026-10-03T10:00:14+0800</time>
        <extensions>
          <gpxtpx:TrackPointExtension>
            <gpxtpx:hr>161</gpxtpx:hr>
            <gpxtpx:cad>90</gpxtpx:cad>
          </gpxtpx:TrackPointExtension>
        </extensions>
      </trkpt>
      <trkpt lat="29.6871546563" lon="106.520789405">
        <ele>341.4</ele>
        <time>2026-10-03T10:00:15+0800</time>
        <extensions>
          <gpxtpx:TrackPointExtension>
            <gpxtpx:hr>161</gpxtpx:hr>
            <gpxtpx:cad>89</gpxtpx:cad>
          </gpxtpx:TrackPointExtension>
        </extensions>
      </trkpt>
      <trkpt lat="29.68714552" lon="106.520780353">
        <ele>341.2</ele>
        <time>2026-10-03T10:00:16+0800</time>
        <extensions>
          <gpxtpx:TrackPointExtension>
            <gpxtpx:hr>161</gpxtpx:hr>
            <gpxtpx:cad>89</gpxtpx:cad>
          </gpxtpx:TrackPointExtension>
        </extensions>
      </trkpt>
      <trkpt lat="29.6871261578" lon="106.520769289">
        <ele>341.0</ele>
        <time>2026-10-03T10:00:17+0800</time>
        <extensions>
          <gpxtpx:TrackPointExtension>
            <gpxtpx:hr>160</gpxtpx:hr>
            <gpxtpx:cad>89</gpxtpx:cad>
          </gpxtpx:TrackPointExtension>
        </extensions>
      </trkpt>
      <trkpt lat="29.6871167701" lon="106.520761074">
        <ele>341.0</ele>
        <time>2026-10-03T10:00:18+0800</time>
        <extensions>
          <gpxtpx:TrackPointExtension>
            <gpxtpx:hr>161</gpxtpx:hr>
            <gpxtpx:cad>89</gpxtpx:cad>
          </gpxtpx:TrackPointExtension>
        </extensions>
      </trkpt>
      <trkpt lat="29.6870970726" lon="106.520749424">
        <ele>340.8</ele>
        <time>2026-10-03T10:00:19+0800</time>
        <extensions>
          <gpxtpx:TrackPointExtension>
            <gpxtpx:hr>161</gpxtpx:hr>
            <gpxtpx:cad>88</gpxtpx:cad>
          </gpxtpx:TrackPointExtension>
        </extensions>
      </trkpt>
      <trkpt lat="29.6870860085" lon="106.520740036">
        <ele>340.6</ele>
        <time>2026-10-03T10:00:20+0800</time>
        <extensions>
          <gpxtpx:TrackPointExtension>
            <gpxtpx:hr>161</gpxtpx:hr>
            <gpxtpx:cad>88</gpxtpx:cad>
          </gpxtpx:TrackPointExtension>
        </extensions>
      </trkpt>
      <trkpt lat="29.68706958" lon="106.520733079">
        <ele>340.6</ele>
        <time>2026-10-03T10:00:21+0800</time>
        <extensions>
          <gpxtpx:TrackPointExtension>
            <gpxtpx:hr>161</gpxtpx:hr>
            <gpxtpx:cad>88</gpxtpx:cad>
          </gpxtpx:TrackPointExtension>
        </extensions>
      </trkpt>
      <trkpt lat="29.687058432" lon="106.520727631">
        <ele>340.6</ele>
        <time>2026-10-03T10:00:22+0800</time>
        <extensions>
          <gpxtpx:TrackPointExtension>
            <gpxtpx:hr>161</gpxtpx:hr>
            <gpxtpx:cad>89</gpxtpx:cad>
          </gpxtpx:TrackPointExtension>
        </extensions>
      </trkpt>
      <trkpt lat="29.687041752" lon="106.520719333">
        <ele>340.4</ele>
        <time>2026-10-03T10:00:23+0800</time>
        <extensions>
          <gpxtpx:TrackPointExtension>
            <gpxtpx:hr>161</gpxtpx:hr>
            <gpxtpx:cad>89</gpxtpx:cad>
          </gpxtpx:TrackPointExtension>
        </extensions>
      </trkpt>
      <trkpt lat="29.687022306" lon="106.520714387">
        <ele>340.2</ele>
        <time>2026-10-03T10:00:24+0800</time>
        <extensions>
          <gpxtpx:TrackPointExtension>
            <gpxtpx:hr>161</gpxtpx:hr>
            <gpxtpx:cad>89</gpxtpx:cad>
          </gpxtpx:TrackPointExtension>
        </extensions>
      </trkpt>
      <trkpt lat="29.6870064642" lon="106.520705251">
        <ele>340.2</ele>
        <time>2026-10-03T10:00:25+0800</time>
        <extensions>
          <gpxtpx:TrackPointExtension>
            <gpxtpx:hr>162</gpxtpx:hr>
            <gpxtpx:cad>89</gpxtpx:cad>
          </gpxtpx:TrackPointExtension>
        </extensions>
      </trkpt>
      <trkpt lat="29.6869847551" lon="106.520698881">
        <ele>340.2</ele>
        <time>2026-10-03T10:00:26+0800</time>
        <extensions>
          <gpxtpx:TrackPointExtension>
            <gpxtpx:hr>161</gpxtpx:hr>
            <gpxtpx:cad>87</gpxtpx:cad>
          </gpxtpx:TrackPointExtension>
        </extensions>
      </trkpt>
      <trkpt lat="29.6869759541" lon="106.520692259">
        <ele>340.0</ele>
        <time>2026-10-03T10:00:27+0800</time>
        <extensions>
          <gpxtpx:TrackPointExtension>
            <gpxtpx:hr>162</gpxtpx:hr>
            <gpxtpx:cad>87</gpxtpx:cad>
          </gpxtpx:TrackPointExtension>
        </extensions>
      </trkpt>
      <trkpt lat="29.6869565081" lon="106.520686895">
        <ele>340.0</ele>
        <time>2026-10-03T10:00:28+0800</time>
        <extensions>
          <gpxtpx:TrackPointExtension>
            <gpxtpx:hr>161</gpxtpx:hr>
            <gpxtpx:cad>87</gpxtpx:cad>
          </gpxtpx:TrackPointExtension>
        </extensions>
      </trkpt>
      <trkpt lat="29.6869439352" lon="106.520678848">
        <ele>340.0</ele>
        <time>2026-10-03T10:00:29+0800</time>
        <extensions>
          <gpxtpx:TrackPointExtension>
            <gpxtpx:hr>161</gpxtpx:hr>
            <gpxtpx:cad>87</gpxtpx:cad>
          </gpxtpx:TrackPointExtension>
        </extensions>
      </trkpt>
      <trkpt lat="29.6869230643" lon="106.520673316">
        <ele>339.8</ele>
        <time>2026-10-03T10:00:30+0800</time>
        <extensions>
          <gpxtpx:TrackPointExtension>
            <gpxtpx:hr>161</gpxtpx:hr>
            <gpxtpx:cad>87</gpxtpx:cad>
          </gpxtpx:TrackPointExtension>
        </extensions>
      </trkpt>
      <trkpt lat="29.6869137604" lon="106.520665102">
        <ele>339.8</ele>
        <time>2026-10-03T10:00:31+0800</time>
        <extensions>
          <gpxtpx:TrackPointExtension>
            <gpxtpx:hr>161</gpxtpx:hr>
            <gpxtpx:cad>87</gpxtpx:cad>
          </gpxtpx:TrackPointExtension>
        </extensions>
      </trkpt>
      <trkpt lat="29.6868969966" lon="106.520658229">
        <ele>339.6</ele>
        <time>2026-10-03T10:00:32+0800</time>
        <extensions>
          <gpxtpx:TrackPointExtension>
            <gpxtpx:hr>162</gpxtpx:hr>
            <gpxtpx:cad>87</gpxtpx:cad>
          </gpxtpx:TrackPointExtension>
        </extensions>
      </trkpt>
      <trkpt lat="29.6868848428" lon="106.520653535">
        <ele>339.4</ele>
        <time>2026-10-03T10:00:33+0800</time>
        <extensions>
          <gpxtpx:TrackPointExtension>
            <gpxtpx:hr>161</gpxtpx:hr>
            <gpxtpx:cad>88</gpxtpx:cad>
          </gpxtpx:TrackPointExtension>
        </extensions>
      </trkpt>
      <trkpt lat="29.6868648101" lon="106.520646075">
        <ele>339.4</ele>
        <time>2026-10-03T10:00:34+0800</time>
        <extensions>
          <gpxtpx:TrackPointExtension>
            <gpxtpx:hr>161</gpxtpx:hr>
            <gpxtpx:cad>88</gpxtpx:cad>
          </gpxtpx:TrackPointExtension>
        </extensions>
      </trkpt>
      <trkpt lat="29.6868484654" lon="106.520639285">
        <ele>339.2</ele>
        <time>2026-10-03T10:00:35+0800</time>
        <extensions>
          <gpxtpx:TrackPointExtension>
            <gpxtpx:hr>162</gpxtpx:hr>
            <gpxtpx:cad>87</gpxtpx:cad>
          </gpxtpx:TrackPointExtension>
        </extensions>
      </trkpt>
      <trkpt lat="29.6868296899" lon="106.520633753">
        <ele>339.2</ele>
        <time>2026-10-03T10:00:36+0800</time>
        <extensions>
          <gpxtpx:TrackPointExtension>
            <gpxtpx:hr>161</gpxtpx:hr>
            <gpxtpx:cad>87</gpxtpx:cad>
          </gpxtpx:TrackPointExtension>
        </extensions>
      </trkpt>
      <trkpt lat="29.6868142672" lon="106.520629311">
        <ele>339.0</ele>
        <time>2026-10-03T10:00:37+0800</time>
        <extensions>
          <gpxtpx:TrackPointExtension>
            <gpxtpx:hr>162</gpxtpx:hr>
            <gpxtpx:cad>87</gpxtpx:cad>
          </gpxtpx:TrackPointExtension>
        </extensions>
      </trkpt>
      <trkpt lat="29.6867998503" lon="106.520621935">
        <ele>338.8</ele>
        <time>2026-10-03T10:00:38+0800</time>
        <extensions>
          <gpxtpx:TrackPointExtension>
            <gpxtpx:hr>162</gpxtpx:hr>
            <gpxtpx:cad>87</gpxtpx:cad>
          </gpxtpx:TrackPointExtension>
        </extensions>
      </trkpt>
      <trkpt lat="29.6867827512" lon="106.520618917">
        <ele>338.8</ele>
        <time>2026-10-03T10:00:39+0800</time>
        <extensions>
          <gpxtpx:TrackPointExtension>
            <gpxtpx:hr>162</gpxtpx:hr>
            <gpxtpx:cad>88</gpxtpx:cad>
          </gpxtpx:TrackPointExtension>
        </extensions>
      </trkpt>
      <trkpt lat="29.6867700107" lon="106.520610368">
        <ele>338.6</ele>
        <time>2026-10-03T10:00:40+0800</time>
        <extensions>
          <gpxtpx:TrackPointExtension>
            <gpxtpx:hr>162</gpxtpx:hr>
            <gpxtpx:cad>89</gpxtpx:cad>
          </gpxtpx:TrackPointExtension>
        </extensions>
      </trkpt>
      <trkpt lat="29.6867530793" lon="106.520604501">
        <ele>338.6</ele>
        <time>2026-10-03T10:00:41+0800</time>
        <extensions>
          <gpxtpx:TrackPointExtension>
            <gpxtpx:hr>163</gpxtpx:hr>
            <gpxtpx:cad>89</gpxtpx:cad>
          </gpxtpx:TrackPointExtension>
        </extensions>
      </trkpt>
      <trkpt lat="29.6867400873" lon="106.520594442">
        <ele>338.4</ele>
        <time>2026-10-03T10:00:42+0800</time>
        <extensions>
          <gpxtpx:TrackPointExtension>
            <gpxtpx:hr>163</gpxtpx:hr>
            <gpxtpx:cad>89</gpxtpx:cad>
          </gpxtpx:TrackPointExtension>
        </extensions>
      </trkpt>
      <trkpt lat="29.6867193002" lon="106.520587066">
        <ele>338.2</ele>
        <time>2026-10-03T10:00:43+0800</time>
        <extensions>
          <gpxtpx:TrackPointExtension>
            <gpxtpx:hr>163</gpxtpx:hr>
            <gpxtpx:cad>89</gpxtpx:cad>
          </gpxtpx:TrackPointExtension>
        </extensions>
      </trkpt>
      <trkpt lat="29.6867072303" lon="106.520579103">
        <ele>338.2</ele>
        <time>2026-10-03T10:00:44+0800</time>
        <extensions>
          <gpxtpx:TrackPointExtension>
            <gpxtpx:hr>164</gpxtpx:hr>
            <gpxtpx:cad>89</gpxtpx:cad>
          </gpxtpx:TrackPointExtension>
        </extensions>
      </trkpt>
      <trkpt lat="29.6866861917" lon="106.520571057">
        <ele>338.0</ele>
        <time>2026-10-03T10:00:45+0800</time>
        <extensions>
          <gpxtpx:TrackPointExtension>
            <gpxtpx:hr>163</gpxtpx:hr>
            <gpxtpx:cad>88</gpxtpx:cad>
          </gpxtpx:TrackPointExtension>
        </extensions>
      </trkpt>
      <trkpt lat="29.686676804" lon="106.520563513">
        <ele>338.0</ele>
        <time>2026-10-03T10:00:46+0800</time>
        <extensions>
          <gpxtpx:TrackPointExtension>
            <gpxtpx:hr>163</gpxtpx:hr>
            <gpxtpx:cad>88</gpxtpx:cad>
          </gpxtpx:TrackPointExtension>
        </extensions>
      </trkpt>
      <trkpt lat="29.6866597049" lon="106.520557059">
        <ele>338.0</ele>
        <time>2026-10-03T10:00:47+0800</time>
        <extensions>
          <gpxtpx:TrackPointExtension>
            <gpxtpx:hr>162</gpxtpx:hr>
            <gpxtpx:cad>88</gpxtpx:cad>
          </gpxtpx:TrackPointExtension>
        </extensions>
      </trkpt>
      <trkpt lat="29.6866447851" lon="106.520550773">
        <ele>338.0</ele>
        <time>2026-10-03T10:00:48+0800</time>
        <extensions>
          <gpxtpx:TrackPointExtension>
            <gpxtpx:hr>162</gpxtpx:hr>
            <gpxtpx:cad>88</gpxtpx:cad>
          </gpxtpx:TrackPointExtension>
        </extensions>
      </trkpt>
      <trkpt lat="29.686632799" lon="106.520544235">
        <ele>338.0</ele>
        <time>2026-10-03T10:00:49+0800</time>
        <extensions>
          <gpxtpx:TrackPointExtension>
            <gpxtpx:hr>161</gpxtpx:hr>
            <gpxtpx:cad>88</gpxtpx:cad>
          </gpxtpx:TrackPointExtension>
        </extensions>
      </trkpt>
      <trkpt lat="29.6866141073" lon="106.520540463">
        <ele>337.8</ele>
        <time>2026-10-03T10:00:50+0800</time>
        <extensions>
          <gpxtpx:TrackPointExtension>
            <gpxtpx:hr>160</gpxtpx:hr>
            <gpxtpx:cad>88</gpxtpx:cad>
          </gpxtpx:TrackPointExtension>
        </extensions>
      </trkpt>
      <trkpt lat="29.6866057254" lon="106.520531494">
        <ele>337.8</ele>
        <time>2026-10-03T10:00:51+0800</time>
        <extensions>
          <gpxtpx:TrackPointExtension>
            <gpxtpx:hr>159</gpxtpx:hr>
            <gpxtpx:cad>85</gpxtpx:cad>
          </gpxtpx:TrackPointExtension>
        </extensions>
      </trkpt>
      <trkpt lat="29.6865919791" lon="106.520526214">
        <ele>337.6</ele>
        <time>2026-10-03T10:00:52+0800</time>
        <extensions>
          <gpxtpx:TrackPointExtension>
            <gpxtpx:hr>159</gpxtpx:hr>
            <gpxtpx:cad>84</gpxtpx:cad>
          </gpxtpx:TrackPointExtension>
        </extensions>
      </trkpt>
      <trkpt lat="29.686577227" lon="106.520520765">
        <ele>337.6</ele>
        <time>2026-10-03T10:00:53+0800</time>
        <extensions>
          <gpxtpx:TrackPointExtension>
            <gpxtpx:hr>159</gpxtpx:hr>
            <gpxtpx:cad>84</gpxtpx:cad>
          </gpxtpx:TrackPointExtension>
        </extensions>
      </trkpt>
      <trkpt lat="29.6865628939" lon="106.520514982">
        <ele>337.6</ele>
        <time>2026-10-03T10:00:54+0800</time>
        <extensions>
          <gpxtpx:TrackPointExtension>
            <gpxtpx:hr>159</gpxtpx:hr>
            <gpxtpx:cad>84</gpxtpx:cad>
          </gpxtpx:TrackPointExtension>
        </extensions>
      </trkpt>
      <trkpt lat="29.6865474712" lon="106.520510036">
        <ele>337.4</ele>
        <time>2026-10-03T10:00:55+0800</time>
        <extensions>
          <gpxtpx:TrackPointExtension>
            <gpxtpx:hr>159</gpxtpx:hr>
            <gpxtpx:cad>84</gpxtpx:cad>
          </gpxtpx:TrackPointExtension>
        </extensions>
      </trkpt>
      <trkpt lat="29.6865355689" lon="106.520504756">
        <ele>337.4</ele>
        <time>2026-10-03T10:00:56+0800</time>
        <extensions>
          <gpxtpx:TrackPointExtension>
            <gpxtpx:hr>159</gpxtpx:hr>
            <gpxtpx:cad>84</gpxtpx:cad>
          </gpxtpx:TrackPointExtension>
        </extensions>
      </trkpt>
      <trkpt lat="29.686512351" lon="106.520496877">
        <ele>337.4</ele>
        <time>2026-10-03T10:00:57+0800</time>
        <extensions>
          <gpxtpx:TrackPointExtension>
            <gpxtpx:hr>160</gpxtpx:hr>
            <gpxtpx:cad>84</gpxtpx:cad>
          </gpxtpx:TrackPointExtension>
        </extensions>
      </trkpt>
      <trkpt lat="29.6864991914" lon="106.520489417">
        <ele>337.2</ele>
        <time>2026-10-03T10:00:58+0800</time>
        <extensions>
          <gpxtpx:TrackPointExtension>
            <gpxtpx:hr>160</gpxtpx:hr>
            <gpxtpx:cad>83</gpxtpx:cad>
          </gpxtpx:TrackPointExtension>
        </extensions>
      </trkpt>
      <trkpt lat="29.6864815056" lon="106.5204864">
        <ele>337.0</ele>
        <time>2026-10-03T10:00:59+0800</time>
        <extensions>
          <gpxtpx:TrackPointExtension>
            <gpxtpx:hr>160</gpxtpx:hr>
            <gpxtpx:cad>83</gpxtpx:cad>
          </gpxtpx:TrackPointExtension>
        </extensions>
      </trkpt>
      <trkpt lat="29.6864675079" lon="106.520477515">
        <ele>337.0</ele>
        <time>2026-10-03T10:01:00+0800</time>
        <extensions>
          <gpxtpx:TrackPointExtension>
            <gpxtpx:hr>160</gpxtpx:hr>
            <gpxtpx:cad>86</gpxtpx:cad>
          </gpxtpx:TrackPointExtension>
        </extensions>
      </trkpt>
      <trkpt lat="29.6864496544" lon="106.520474749">
        <ele>336.8</ele>
        <time>2026-10-03T10:01:01+0800</time>
        <extensions>
          <gpxtpx:TrackPointExtension>
            <gpxtpx:hr>160</gpxtpx:hr>
            <gpxtpx:cad>87</gpxtpx:cad>
          </gpxtpx:TrackPointExtension>
        </extensions>
      </trkpt>
      <trkpt lat="29.6864403505" lon="106.520465361">
        <ele>336.8</ele>
        <time>2026-10-03T10:01:02+0800</time>
        <extensions>
          <gpxtpx:TrackPointExtension>
            <gpxtpx:hr>159</gpxtpx:hr>
            <gpxtpx:cad>87</gpxtpx:cad>
          </gpxtpx:TrackPointExtension>
        </extensions>
      </trkpt>
      <trkpt lat="29.6864247601" lon="106.520464858">
        <ele>336.8</ele>
        <time>2026-10-03T10:01:03+0800</time>
        <extensions>
          <gpxtpx:TrackPointExtension>
            <gpxtpx:hr>159</gpxtpx:hr>
            <gpxtpx:cad>91</gpxtpx:cad>
          </gpxtpx:TrackPointExtension>
        </extensions>
      </trkpt>
      <trkpt lat="29.6864132769" lon="106.520459661">
        <ele>336.8</ele>
        <time>2026-10-03T10:01:04+0800</time>
        <extensions>
          <gpxtpx:TrackPointExtension>
            <gpxtpx:hr>159</gpxtpx:hr>
            <gpxtpx:cad>91</gpxtpx:cad>
          </gpxtpx:TrackPointExtension>
        </extensions>
      </trkpt>
      <trkpt lat="29.6863997821" lon="106.520455973">
        <ele>336.8</ele>
        <time>2026-10-03T10:01:05+0800</time>
        <extensions>
          <gpxtpx:TrackPointExtension>
            <gpxtpx:hr>159</gpxtpx:hr>
            <gpxtpx:cad>90</gpxtpx:cad>
          </gpxtpx:TrackPointExtension>
        </extensions>
      </trkpt>
      <trkpt lat="29.6863894723" lon="106.520447759">
        <ele>336.8</ele>
        <time>2026-10-03T10:01:06+0800</time>
        <extensions>
          <gpxtpx:TrackPointExtension>
            <gpxtpx:hr>159</gpxtpx:hr>
            <gpxtpx:cad>90</gpxtpx:cad>
          </gpxtpx:TrackPointExtension>
        </extensions>
      </trkpt>
      <trkpt lat="29.6863677632" lon="106.520441221">
        <ele>336.6</ele>
        <time>2026-10-03T10:01:07+0800</time>
        <extensions>
          <gpxtpx:TrackPointExtension>
            <gpxtpx:hr>159</gpxtpx:hr>
            <gpxtpx:cad>89</gpxtpx:cad>
          </gpxtpx:TrackPointExtension>
        </extensions>
      </trkpt>
      <trkpt lat="29.6863530949" lon="106.520434432">
        <ele>336.4</ele>
        <time>2026-10-03T10:01:08+0800</time>
        <extensions>
          <gpxtpx:TrackPointExtension>
            <gpxtpx:hr>159</gpxtpx:hr>
            <gpxtpx:cad>89</gpxtpx:cad>
          </gpxtpx:TrackPointExtension>
        </extensions>
      </trkpt>
      <trkpt lat="29.686333565" lon="106.520430073">
        <ele>336.4</ele>
        <time>2026-10-03T10:01:09+0800</time>
        <extensions>
          <gpxtpx:TrackPointExtension>
            <gpxtpx:hr>159</gpxtpx:hr>
            <gpxtpx:cad>89</gpxtpx:cad>
          </gpxtpx:TrackPointExtension>
        </extensions>
      </trkpt>
      <trkpt lat="29.6863186453" lon="106.520422949">
        <ele>336.2</ele>
        <time>2026-10-03T10:01:10+0800</time>
        <extensions>
          <gpxtpx:TrackPointExtension>
            <gpxtpx:hr>159</gpxtpx:hr>
            <gpxtpx:cad>88</gpxtpx:cad>
          </gpxtpx:TrackPointExtension>
        </extensions>
      </trkpt>
      <trkpt lat="29.6862976067" lon="106.520416494">
        <ele>336.2</ele>
        <time>2026-10-03T10:01:11+0800</time>
        <extensions>
          <gpxtpx:TrackPointExtension>
            <gpxtpx:hr>159</gpxtpx:hr>
            <gpxtpx:cad>88</gpxtpx:cad>
          </gpxtpx:TrackPointExtension>
        </extensions>
      </trkpt>
      <trkpt lat="29.6862881351" lon="106.520407023">
        <ele>336.0</ele>
        <time>2026-10-03T10:01:12+0800</time>
        <extensions>
          <gpxtpx:TrackPointExtension>
            <gpxtpx:hr>159</gpxtpx:hr>
            <gpxtpx:cad>88</gpxtpx:cad>
          </gpxtpx:TrackPointExtension>
        </extensions>
      </trkpt>
      <trkpt lat="29.6862691082" lon="106.520400234">
        <ele>336.0</ele>
        <time>2026-10-03T10:01:13+0800</time>
        <extensions>
          <gpxtpx:TrackPointExtension>
            <gpxtpx:hr>160</gpxtpx:hr>
            <gpxtpx:cad>88</gpxtpx:cad>
          </gpxtpx:TrackPointExtension>
        </extensions>
      </trkpt>
      <trkpt lat="29.6862574574" lon="106.520393277">
        <ele>335.8</ele>
        <time>2026-10-03T10:01:14+0800</time>
        <extensions>
          <gpxtpx:TrackPointExtension>
            <gpxtpx:hr>159</gpxtpx:hr>
            <gpxtpx:cad>90</gpxtpx:cad>
          </gpxtpx:TrackPointExtension>
        </extensions>
      </trkpt>
      <trkpt lat="29.6862434596" lon="106.520385817">
        <ele>335.8</ele>
        <time>2026-10-03T10:01:15+0800</time>
        <extensions>
          <gpxtpx:TrackPointExtension>
            <gpxtpx:hr>159</gpxtpx:hr>
            <gpxtpx:cad>90</gpxtpx:cad>
          </gpxtpx:TrackPointExtension>
        </extensions>
      </trkpt>
      <trkpt lat="29.6862281207" lon="106.52038238">
        <ele>335.6</ele>
        <time>2026-10-03T10:01:16+0800</time>
        <extensions>
          <gpxtpx:TrackPointExtension>
            <gpxtpx:hr>160</gpxtpx:hr>
            <gpxtpx:cad>90</gpxtpx:cad>
          </gpxtpx:TrackPointExtension>
        </extensions>
      </trkpt>
      <trkpt lat="29.6862138715" lon="106.520375172">
        <ele>335.6</ele>
        <time>2026-10-03T10:01:17+0800</time>
        <extensions>
          <gpxtpx:TrackPointExtension>
            <gpxtpx:hr>160</gpxtpx:hr>
            <gpxtpx:cad>89</gpxtpx:cad>
          </gpxtpx:TrackPointExtension>
        </extensions>
      </trkpt>
      <trkpt lat="29.6861972753" lon="106.520368131">
        <ele>335.6</ele>
        <time>2026-10-03T10:01:18+0800</time>
        <extensions>
          <gpxtpx:TrackPointExtension>
            <gpxtpx:hr>160</gpxtpx:hr>
            <gpxtpx:cad>89</gpxtpx:cad>
          </gpxtpx:TrackPointExtension>
        </extensions>
      </trkpt>
      <trkpt lat="29.6861831099" lon="106.520359749">
        <ele>335.4</ele>
        <time>2026-10-03T10:01:19+0800</time>
        <extensions>
          <gpxtpx:TrackPointExtension>
            <gpxtpx:hr>160</gpxtpx:hr>
            <gpxtpx:cad>87</gpxtpx:cad>
          </gpxtpx:TrackPointExtension>
        </extensions>
      </trkpt>
      <trkpt lat="29.6861685254" lon="106.52035363">
        <ele>335.4</ele>
        <time>2026-10-03T10:01:20+0800</time>
        <extensions>
          <gpxtpx:TrackPointExtension>
            <gpxtpx:hr>160</gpxtpx:hr>
            <gpxtpx:cad>87</gpxtpx:cad>
          </gpxtpx:TrackPointExtension>
        </extensions>
      </trkpt>
      <trkpt lat="29.6861546114" lon="106.520343823">
        <ele>335.2</ele>
        <time>2026-10-03T10:01:21+0800</time>
        <extensions>
          <gpxtpx:TrackPointExtension>
            <gpxtpx:hr>160</gpxtpx:hr>
            <gpxtpx:cad>87</gpxtpx:cad>
          </gpxtpx:TrackPointExtension>
        </extensions>
      </trkpt>
      <trkpt lat="29.6861331537" lon="106.520337537">
        <ele>335.2</ele>
        <time>2026-10-03T10:01:22+0800</time>
        <extensions>
          <gpxtpx:TrackPointExtension>
            <gpxtpx:hr>160</gpxtpx:hr>
            <gpxtpx:cad>88</gpxtpx:cad>
          </gpxtpx:TrackPointExtension>
        </extensions>
      </trkpt>
      <trkpt lat="29.6861259453" lon="106.520330831">
        <ele>335.0</ele>
        <time>2026-10-03T10:01:23+0800</time>
        <extensions>
          <gpxtpx:TrackPointExtension>
            <gpxtpx:hr>160</gpxtpx:hr>
            <gpxtpx:cad>89</gpxtpx:cad>
          </gpxtpx:TrackPointExtension>
        </extensions>
      </trkpt>
      <trkpt lat="29.686108008" lon="106.520322114">
        <ele>335.0</ele>
        <time>2026-10-03T10:01:24+0800</time>
        <extensions>
          <gpxtpx:TrackPointExtension>
            <gpxtpx:hr>160</gpxtpx:hr>
            <gpxtpx:cad>91</gpxtpx:cad>
          </gpxtpx:TrackPointExtension>
        </extensions>
      </trkpt>
      <trkpt lat="29.6860995423" lon="106.520311721">
        <ele>335.0</ele>
        <time>2026-10-03T10:01:25+0800</time>
        <extensions>
          <gpxtpx:TrackPointExtension>
            <gpxtpx:hr>160</gpxtpx:hr>
            <gpxtpx:cad>91</gpxtpx:cad>
          </gpxtpx:TrackPointExtension>
        </extensions>
      </trkpt>
      <trkpt lat="29.6860787552" lon="106.520305267">
        <ele>334.8</ele>
        <time>2026-10-03T10:01:26+0800</time>
        <extensions>
          <gpxtpx:TrackPointExtension>
            <gpxtpx:hr>160</gpxtpx:hr>
            <gpxtpx:cad>88</gpxtpx:cad>
          </gpxtpx:TrackPointExtension>
        </extensions>
      </trkpt>
      <trkpt lat="29.6860676911" lon="106.520306608">
        <ele>334.8</ele>
        <time>2026-10-03T10:01:27+0800</time>
        <extensions>
          <gpxtpx:TrackPointExtension>
            <gpxtpx:hr>160</gpxtpx:hr>
            <gpxtpx:cad>88</gpxtpx:cad>
          </gpxtpx:TrackPointExtension>
        </extensions>
      </trkpt>
      <trkpt lat="29.6860467363" lon="106.520302333">
        <ele>334.8</ele>
        <time>2026-10-03T10:01:28+0800</time>
        <extensions>
          <gpxtpx:TrackPointExtension>
            <gpxtpx:hr>160</gpxtpx:hr>
            <gpxtpx:cad>88</gpxtpx:cad>
          </gpxtpx:TrackPointExtension>
        </extensions>
      </trkpt>
      <trkpt lat="29.6860337444" lon="106.520302417">
        <ele>334.8</ele>
        <time>2026-10-03T10:01:29+0800</time>
        <extensions>
          <gpxtpx:TrackPointExtension>
            <gpxtpx:hr>160</gpxtpx:hr>
            <gpxtpx:cad>88</gpxtpx:cad>
          </gpxtpx:TrackPointExtension>
        </extensions>
      </trkpt>
      <trkpt lat="29.6860153042" lon="106.520292442">
        <ele>334.6</ele>
        <time>2026-10-03T10:01:30+0800</time>
        <extensions>
          <gpxtpx:TrackPointExtension>
            <gpxtpx:hr>160</gpxtpx:hr>
            <gpxtpx:cad>89</gpxtpx:cad>
          </gpxtpx:TrackPointExtension>
        </extensions>
      </trkpt>
      <trkpt lat="29.6860032342" lon="106.520293448">
        <ele>334.6</ele>
        <time>2026-10-03T10:01:31+0800</time>
        <extensions>
          <gpxtpx:TrackPointExtension>
            <gpxtpx:hr>160</gpxtpx:hr>
            <gpxtpx:cad>89</gpxtpx:cad>
          </gpxtpx:TrackPointExtension>
        </extensions>
      </trkpt>
      <trkpt lat="29.6859803516" lon="106.520285988">
        <ele>334.6</ele>
        <time>2026-10-03T10:01:32+0800</time>
        <extensions>
          <gpxtpx:TrackPointExtension>
            <gpxtpx:hr>160</gpxtpx:hr>
            <gpxtpx:cad>89</gpxtpx:cad>
          </gpxtpx:TrackPointExtension>
        </extensions>
      </trkpt>
      <trkpt lat="29.6859673597" lon="106.52028054">
        <ele>334.4</ele>
        <time>2026-10-03T10:01:33+0800</time>
        <extensions>
          <gpxtpx:TrackPointExtension>
            <gpxtpx:hr>160</gpxtpx:hr>
            <gpxtpx:cad>90</gpxtpx:cad>
          </gpxtpx:TrackPointExtension>
        </extensions>
      </trkpt>
      <trkpt lat="29.6859489195" lon="106.520274505">
        <ele>334.4</ele>
        <time>2026-10-03T10:01:34+0800</time>
        <extensions>
          <gpxtpx:TrackPointExtension>
            <gpxtpx:hr>160</gpxtpx:hr>
            <gpxtpx:cad>90</gpxtpx:cad>
          </gpxtpx:TrackPointExtension>
        </extensions>
      </trkpt>
      <trkpt lat="29.6859313175" lon="106.520267045">
        <ele>334.4</ele>
        <time>2026-10-03T10:01:35+0800</time>
        <extensions>
          <gpxtpx:TrackPointExtension>
            <gpxtpx:hr>159</gpxtpx:hr>
            <gpxtpx:cad>90</gpxtpx:cad>
          </gpxtpx:TrackPointExtension>
        </extensions>
      </trkpt>
      <trkpt lat="29.6859175712" lon="106.520255394">
        <ele>334.4</ele>
        <time>2026-10-03T10:01:36+0800</time>
        <extensions>
          <gpxtpx:TrackPointExtension>
            <gpxtpx:hr>159</gpxtpx:hr>
            <gpxtpx:cad>90</gpxtpx:cad>
          </gpxtpx:TrackPointExtension>
        </extensions>
      </trkpt>
      <trkpt lat="29.6859032381" lon="106.520252377">
        <ele>334.2</ele>
        <time>2026-10-03T10:01:37+0800</time>
        <extensions>
          <gpxtpx:TrackPointExtension>
            <gpxtpx:hr>159</gpxtpx:hr>
            <gpxtpx:cad>90</gpxtpx:cad>
          </gpxtpx:TrackPointExtension>
        </extensions>
      </trkpt>
      <trkpt lat="29.6858858876" lon="106.520242486">
        <ele>334.2</ele>
        <time>2026-10-03T10:01:38+0800</time>
        <extensions>
          <gpxtpx:TrackPointExtension>
            <gpxtpx:hr>160</gpxtpx:hr>
            <gpxtpx:cad>89</gpxtpx:cad>
          </gpxtpx:TrackPointExtension>
        </extensions>
      </trkpt>
      <trkpt lat="29.6858730633" lon="106.520237708">
        <ele>334.2</ele>
        <time>2026-10-03T10:01:39+0800</time>
        <extensions>
          <gpxtpx:TrackPointExtension>
            <gpxtpx:hr>160</gpxtpx:hr>
            <gpxtpx:cad>88</gpxtpx:cad>
          </gpxtpx:TrackPointExtension>
        </extensions>
      </trkpt>
      <trkpt lat="29.6858580597" lon="106.520228656">
        <ele>334.2</ele>
        <time>2026-10-03T10:01:40+0800</time>
        <extensions>
          <gpxtpx:TrackPointExtension>
            <gpxtpx:hr>160</gpxtpx:hr>
            <gpxtpx:cad>88</gpxtpx:cad>
          </gpxtpx:TrackPointExtension>
        </extensions>
      </trkpt>
      <trkpt lat="29.6858448163" lon="106.520224717">
        <ele>334.2</ele>
        <time>2026-10-03T10:01:41+0800</time>
        <extensions>
          <gpxtpx:TrackPointExtension>
            <gpxtpx:hr>161</gpxtpx:hr>
            <gpxtpx:cad>89</gpxtpx:cad>
          </gpxtpx:TrackPointExtension>
        </extensions>
      </trkpt>
      <trkpt lat="29.6858300641" lon="106.520216754">
        <ele>334.0</ele>
        <time>2026-10-03T10:01:42+0800</time>
        <extensions>
          <gpxtpx:TrackPointExtension>
            <gpxtpx:hr>161</gpxtpx:hr>
            <gpxtpx:cad>90</gpxtpx:cad>
          </gpxtpx:TrackPointExtension>
        </extensions>
      </trkpt>
      <trkpt lat="29.6858160663" lon="106.520208539">
        <ele>334.0</ele>
        <time>2026-10-03T10:01:43+0800</time>
        <extensions>
          <gpxtpx:TrackPointExtension>
            <gpxtpx:hr>161</gpxtpx:hr>
            <gpxtpx:cad>90</gpxtpx:cad>
          </gpxtpx:TrackPointExtension>
        </extensions>
      </trkpt>
      <trkpt lat="29.6857965365" lon="106.520201834">
        <ele>334.0</ele>
        <time>2026-10-03T10:01:44+0800</time>
        <extensions>
          <gpxtpx:TrackPointExtension>
            <gpxtpx:hr>161</gpxtpx:hr>
            <gpxtpx:cad>89</gpxtpx:cad>
          </gpxtpx:TrackPointExtension>
        </extensions>
      </trkpt>
      <trkpt lat="29.68578103" lon="106.520195128">
        <ele>333.8</ele>
        <time>2026-10-03T10:01:45+0800</time>
        <extensions>
          <gpxtpx:TrackPointExtension>
            <gpxtpx:hr>161</gpxtpx:hr>
            <gpxtpx:cad>88</gpxtpx:cad>
          </gpxtpx:TrackPointExtension>
        </extensions>
      </trkpt>
      <trkpt lat="29.685756471" lon="106.520189177">
        <ele>333.8</ele>
        <time>2026-10-03T10:01:46+0800</time>
        <extensions>
          <gpxtpx:TrackPointExtension>
            <gpxtpx:hr>161</gpxtpx:hr>
            <gpxtpx:cad>88</gpxtpx:cad>
          </gpxtpx:TrackPointExtension>
        </extensions>
      </trkpt>
      <trkpt lat="29.685741635" lon="106.520179287">
        <ele>333.8</ele>
        <time>2026-10-03T10:01:47+0800</time>
        <extensions>
          <gpxtpx:TrackPointExtension>
            <gpxtpx:hr>162</gpxtpx:hr>
            <gpxtpx:cad>88</gpxtpx:cad>
          </gpxtpx:TrackPointExtension>
        </extensions>
      </trkpt>
      <trkpt lat="29.6857267991" lon="106.520173587">
        <ele>333.6</ele>
        <time>2026-10-03T10:01:48+0800</time>
        <extensions>
          <gpxtpx:TrackPointExtension>
            <gpxtpx:hr>161</gpxtpx:hr>
            <gpxtpx:cad>88</gpxtpx:cad>
          </gpxtpx:TrackPointExtension>
        </extensions>
      </trkpt>
      <trkpt lat="29.68571431" lon="106.520170653">
        <ele>333.6</ele>
        <time>2026-10-03T10:01:49+0800</time>
        <extensions>
          <gpxtpx:TrackPointExtension>
            <gpxtpx:hr>161</gpxtpx:hr>
            <gpxtpx:cad>91</gpxtpx:cad>
          </gpxtpx:TrackPointExtension>
        </extensions>
      </trkpt>
      <trkpt lat="29.6857029945" lon="106.520169396">
        <ele>333.6</ele>
        <time>2026-10-03T10:01:50+0800</time>
        <extensions>
          <gpxtpx:TrackPointExtension>
            <gpxtpx:hr>162</gpxtpx:hr>
            <gpxtpx:cad>91</gpxtpx:cad>
          </gpxtpx:TrackPointExtension>
        </extensions>
      </trkpt>
      <trkpt lat="29.6856922656" lon="106.520162858">
        <ele>333.6</ele>
        <time>2026-10-03T10:01:51+0800</time>
        <extensions>
          <gpxtpx:TrackPointExtension>
            <gpxtpx:hr>162</gpxtpx:hr>
            <gpxtpx:cad>91</gpxtpx:cad>
          </gpxtpx:TrackPointExtension>
        </extensions>
      </trkpt>
      <trkpt lat="29.6856806986" lon="106.520159338">
        <ele>333.6</ele>
        <time>2026-10-03T10:01:52+0800</time>
        <extensions>
          <gpxtpx:TrackPointExtension>
            <gpxtpx:hr>162</gpxtpx:hr>
            <gpxtpx:cad>91</gpxtpx:cad>
          </gpxtpx:TrackPointExtension>
        </extensions>
      </trkpt>
      <trkpt lat="29.6856703889" lon="106.520153889">
        <ele>333.6</ele>
        <time>2026-10-03T10:01:53+0800</time>
        <extensions>
          <gpxtpx:TrackPointExtension>
            <gpxtpx:hr>162</gpxtpx:hr>
            <gpxtpx:cad>91</gpxtpx:cad>
          </gpxtpx:TrackPointExtension>
        </extensions>
      </trkpt>
      <trkpt lat="29.685662007" lon="106.520150201">
        <ele>333.6</ele>
        <time>2026-10-03T10:01:54+0800</time>
        <extensions>
          <gpxtpx:TrackPointExtension>
            <gpxtpx:hr>163</gpxtpx:hr>
            <gpxtpx:cad>75</gpxtpx:cad>
          </gpxtpx:TrackPointExtension>
        </extensions>
      </trkpt>
    </trkseg>
  </trk>
</gpx>