<?xml version="1.0" encoding="UTF-8"?>
<gpx xmlns="http://www.topografix.com/GPX/1/1" xmlns:gpxtpx="http://www.garmin.com/xmlschemas/TrackPointExtension/v1" xmlns:xsi="http://www.w3.org/2001/XMLSchema-instance" xsi:schemaLocation="http://www.topografix.com/GPX/1/1 http://www.topografix.com/GPX/1/1/gpx.xsd" version="1.1" creator="gpx.py -- https://github.com/tkrajina/gpxpy">
  <trk>
    <name>run from tulipsport by Garmin FR255</name>
    <trkseg>
      <trkpt lat="29.7023552377" lon="106.513528917">
        <ele>202.6</ele>
        <time>2026-08-30T09:34:56+0800</time>
        <extensions>
          <gpxtpx:TrackPointExtension>
            <gpxtpx:hr>82</gpxtpx:hr>
            <gpxtpx:cad>0</gpxtpx:cad>
          </gpxtpx:TrackPointExtension>
        </extensions>
      </trkpt>
      <trkpt lat="29.7023691516" lon="106.513532018">
        <ele>202.6</ele>
        <time>2026-08-30T09:34:57+0800</time>
        <extensions>
          <gpxtpx:TrackPointExtension>
            <gpxtpx:hr>81</gpxtpx:hr>
            <gpxtpx:cad>0</gpxtpx:cad>
          </gpxtpx:TrackPointExtension>
        </extensions>
      </trkpt>
      <trkpt lat="29.7023815569" lon="106.513530593">
        <ele>202.6</ele>
        <time>2026-08-30T09:34:58+0800</time>
        <extensions>
          <gpxtpx:TrackPointExtension>
            <gpxtpx:hr>80</gpxtpx:hr>
            <gpxtpx:cad>75</gpxtpx:cad>
          </gpxtpx:TrackPointExtension>
        </extensions>
      </trkpt>
      <trkpt lat="29.7023973987" lon="106.513531012">
        <ele>202.4</ele>
        <time>2026-08-30T09:34:59+0800</time>
        <extensions>
          <gpxtpx:TrackPointExtension>
            <gpxtpx:hr>79</gpxtpx:hr>
            <gpxtpx:cad>75</gpxtpx:cad>
          </gpxtpx:TrackPointExtension>
        </extensions>
      </trkpt>
      <trkpt lat="29.7023642901" lon="106.513531851">
        <ele>202.4</ele>
        <time>2026-08-30T09:35:00+0800</time>
        <extensions>
          <gpxtpx:TrackPointExtension>
            <gpxtpx:hr>79</gpxtpx:hr>
            <gpxtpx:cad>75</gpxtpx:cad>
          </gpxtpx:TrackPointExtension>
        </extensions>
      </trkpt>
      <trkpt lat="29.7023787908" lon="106.51353227">
        <ele>202.4</ele>
        <time>2026-08-30T09:35:01+0800</time>
        <extensions>
          <gpxtpx:TrackPointExtension>
            <gpxtpx:hr>80</gpxtpx:hr>
            <gpxtpx:cad>75</gpxtpx:cad>
          </gpxtpx:TrackPointExtension>
        </extensions>
      </trkpt>
      <trkpt lat="29.7023959737" lon="106.513534952">
        <ele>202.4</ele>
        <time>2026-08-30T09:35:02+0800</time>
        <extensions>
          <gpxtpx:TrackPointExtension>
            <gpxtpx:hr>80</gpxtpx:hr>
            <gpxtpx:cad>79</gpxtpx:cad>
          </gpxtpx:TrackPointExtension>
        </extensions>
      </trkpt>
      <trkpt lat="29.7024099715" lon="106.513541322">
        <ele>202.4</ele>
        <time>2026-08-30T09:35:03+0800</time>
        <extensions>
          <gpxtpx:TrackPointExtension>
            <gpxtpx:hr>80</gpxtpx:hr>
            <gpxtpx:cad>79</gpxtpx:cad>
          </gpxtpx:TrackPointExtension>
        </extensions>
      </trkpt>
      <trkpt lat="29.7024263162" lon="106.513545932">
        <ele>202.4</ele>
        <time>2026-08-30T09:35:04+0800</time>
        <extensions>
          <gpxtpx:TrackPointExtension>
            <gpxtpx:hr>80</gpxtpx:hr>
            <gpxtpx:cad>79</gpxtpx:cad>
          </gpxtpx:TrackPointExtension>
        </extensions>
      </trkpt>
      <trkpt lat="29.7024466004" lon="106.51355356">
        <ele>202.4</ele>
        <time>2026-08-30T09:35:05+0800</time>
        <extensions>
          <gpxtpx:TrackPointExtension>
            <gpxtpx:hr>81</gpxtpx:hr>
            <gpxtpx:cad>79</gpxtpx:cad>
          </gpxtpx:TrackPointExtension>
        </extensions>
      </trkpt>
      <trkpt lat="29.7024640348" lon="106.513562361">
        <ele>202.4</ele>
        <time>2026-08-30T09:35:06+0800</time>
        <extensions>
          <gpxtpx:TrackPointExtension>
            <gpxtpx:hr>81</gpxtpx:hr>
            <gpxtpx:cad>80</gpxtpx:cad>
          </gpxtpx:TrackPointExtension>
        </extensions>
      </trkpt>
      <trkpt lat="29.7024798766" lon="106.51356848">
        <ele>202.4</ele>
        <time>2026-08-30T09:35:07+0800</time>
        <extensions>
          <gpxtpx:TrackPointExtension>
            <gpxtpx:hr>82</gpxtpx:hr>
            <gpxtpx:cad>80</gpxtpx:cad>
          </gpxtpx:TrackPointExtension>
        </extensions>
      </trkpt>
      <trkpt lat="29.7024948802" lon="106.513580885">
        <ele>202.4</ele>
        <time>2026-08-30T09:35:08+0800</time>
        <extensions>
          <gpxtpx:TrackPointExtension>
            <gpxtpx:hr>82</gpxtpx:hr>
            <gpxtpx:cad>81</gpxtpx:cad>
          </gpxtpx:TrackPointExtension>
        </extensions>
      </trkpt>
      <trkpt lat="29.7025051061" lon="106.513587004">
        <ele>202.4</ele>
        <time>2026-08-30T09:35:09+0800</time>
        <extensions>
          <gpxtpx:TrackPointExtension>
            <gpxtpx:hr>83</gpxtpx:hr>
            <gpxtpx:cad>81</gpxtpx:cad>
          </gpxtpx:TrackPointExtension>
        </extensions>
      </trkpt>
      <trkpt lat="29.7025181819" lon="106.513593709">
        <ele>202.4</ele>
        <time>2026-08-30T09:35:10+0800</time>
        <extensions>
          <gpxtpx:TrackPointExtension>
            <gpxtpx:hr>84</gpxtpx:hr>
            <gpxtpx:cad>81</gpxtpx:cad>
          </gpxtpx:TrackPointExtension>
        </extensions>
      </trkpt>
      <trkpt lat="29.7025351133" lon="106.513602678">
        <ele>202.4</ele>
        <time>2026-08-30T09:35:11+0800</time>
        <extensions>
          <gpxtpx:TrackPointExtension>
            <gpxtpx:hr>85</gpxtpx:hr>
            <gpxtpx:cad>81</gpxtpx:cad>
          </gpxtpx:TrackPointExtension>
        </extensions>
      </trkpt>
      <trkpt lat="29.7025483567" lon="106.513609383">
        <ele>202.4</ele>
        <time>2026-08-30T09:35:12+0800</time>
        <extensions>
          <gpxtpx:TrackPointExtension>
            <gpxtpx:hr>86</gpxtpx:hr>
            <gpxtpx:cad>81</gpxtpx:cad>
          </gpxtpx:TrackPointExtension>
        </extensions>
      </trkpt>
      <trkpt lat="29.7025650367" lon="106.513616759">
        <ele>202.4</ele>
        <time>2026-08-30T09:35:13+0800</time>
        <extensions>
          <gpxtpx:TrackPointExtension>
            <gpxtpx:hr>87</gpxtpx:hr>
            <gpxtpx:cad>81</gpxtpx:cad>
          </gpxtpx:TrackPointExtension>
        </extensions>
      </trkpt>
      <trkpt lat="29.702582974" lon="106.513624974">
        <ele>202.4</ele>
        <time>2026-08-30T09:35:14+0800</time>
        <extensions>
          <gpxtpx:TrackPointExtension>
            <gpxtpx:hr>88</gpxtpx:hr>
            <gpxtpx:cad>80</gpxtpx:cad>
          </gpxtpx:TrackPointExtension>
        </extensions>
      </trkpt>
      <trkpt lat="29.7025974747" lon="106.513627572">
        <ele>202.4</ele>
        <time>2026-08-30T09:35:15+0800</time>
        <extensions>
          <gpxtpx:TrackPointExtension>
            <gpxtpx:hr>88</gpxtpx:hr>
            <gpxtpx:cad>80</gpxtpx:cad>
          </gpxtpx:TrackPointExtension>
        </extensions>
      </trkpt>
      <trkpt lat="29.7026201896" lon="106.513628494">
        <ele>202.4</ele>
        <time>2026-08-30T09:35:16+0800</time>
        <extensions>
          <gpxtpx:TrackPointExtension>
            <gpxtpx:hr>90</gpxtpx:hr>
            <gpxtpx:cad>80</gpxtpx:cad>
          </gpxtpx:TrackPointExtension>
        </extensions>
      </trkpt>
      <trkpt lat="29.7026388813" lon="106.513631428">
        <ele>202.6</ele>
        <time>2026-08-30T09:35:17+0800</time>
        <extensions>
          <gpxtpx:TrackPointExtension>
            <gpxtpx:hr>92</gpxtpx:hr>
            <gpxtpx:cad>80</gpxtpx:cad>
          </gpxtpx:TrackPointExtension>
        </extensions>
      </trkpt>
      <trkpt lat="29.7026514541" lon="106.513632098">
        <ele>202.6</ele>
        <time>2026-08-30T09:35:18+0800</time>
        <extensions>
          <gpxtpx:TrackPointExtension>
            <gpxtpx:hr>93</gpxtpx:hr>
            <gpxtpx:cad>81</gpxtpx:cad>
          </gpxtpx:TrackPointExtension>
        </extensions>
      </trkpt>
      <trkpt lat="29.7026687209" lon="106.513631763">
        <ele>202.6</ele>
        <time>2026-08-30T09:35:19+0800</time>
        <extensions>
          <gpxtpx:TrackPointExtension>
            <gpxtpx:hr>94</gpxtpx:hr>
            <gpxtpx:cad>81</gpxtpx:cad>
          </gpxtpx:TrackPointExtension>
        </extensions>
      </trkpt>
      <trkpt lat="29.7026854847" lon="106.513632182">
        <ele>202.6</ele>
        <time>2026-08-30T09:35:20+0800</time>
        <extensions>
          <gpxtpx:TrackPointExtension>
            <gpxtpx:hr>95</gpxtpx:hr>
            <gpxtpx:cad>81</gpxtpx:cad>
          </gpxtpx:TrackPointExtension>
        </extensions>
      </trkpt>
      <trkpt lat="29.7027004883" lon="106.513630003">
        <ele>202.4</ele>
        <time>2026-08-30T09:35:21+0800</time>
        <extensions>
          <gpxtpx:TrackPointExtension>
            <gpxtpx:hr>95</gpxtpx:hr>
            <gpxtpx:cad>80</gpxtpx:cad>
          </gpxtpx:TrackPointExtension>
        </extensions>
      </trkpt>
      <trkpt lat="29.7027224489" lon="106.513626901">
        <ele>202.4</ele>
        <time>2026-08-30T09:35:22+0800</time>
        <extensions>
          <gpxtpx:TrackPointExtension>
            <gpxtpx:hr>96</gpxtpx:hr>
            <gpxtpx:cad>80</gpxtpx:cad>
          </gpxtpx:TrackPointExtension>
        </extensions>
      </trkpt>
      <trkpt lat="29.7027428169" lon="106.513625812">
        <ele>202.4</ele>
        <time>2026-08-30T09:35:23+0800</time>
        <extensions>
          <gpxtpx:TrackPointExtension>
            <gpxtpx:hr>96</gpxtpx:hr>
            <gpxtpx:cad>81</gpxtpx:cad>
          </gpxtpx:TrackPointExtension>
        </extensions>
      </trkpt>
      <trkpt lat="29.7027591616" lon="106.513623465">
        <ele>202.4</ele>
        <time>2026-08-30T09:35:24+0800</time>
        <extensions>
          <gpxtpx:TrackPointExtension>
            <gpxtpx:hr>97</gpxtpx:hr>
            <gpxtpx:cad>81</gpxtpx:cad>
          </gpxtpx:TrackPointExtension>
        </extensions>
      </trkpt>
      <trkpt lat="29.702779362" lon="106.513622962">
        <ele>202.4</ele>
        <time>2026-08-30T09:35:25+0800</time>
        <extensions>
          <gpxtpx:TrackPointExtension>
            <gpxtpx:hr>97</gpxtpx:hr>
            <gpxtpx:cad>81</gpxtpx:cad>
          </gpxtpx:TrackPointExtension>
        </extensions>
      </trkpt>
      <trkpt lat="29.7027941979" lon="106.513622459">
        <ele>202.4</ele>
        <time>2026-08-30T09:35:26+0800</time>
        <extensions>
          <gpxtpx:TrackPointExtension>
            <gpxtpx:hr>98</gpxtpx:hr>
            <gpxtpx:cad>82</gpxtpx:cad>
          </gpxtpx:TrackPointExtension>
        </extensions>
      </trkpt>
      <trkpt lat="29.7028101236" lon="106.513620447">
        <ele>202.4</ele>
        <time>2026-08-30T09:35:27+0800</time>
        <extensions>
          <gpxtpx:TrackPointExtension>
            <gpxtpx:hr>98</gpxtpx:hr>
            <gpxtpx:cad>82</gpxtpx:cad>
          </gpxtpx:TrackPointExtension>
        </extensions>
      </trkpt>
      <trkpt lat="29.7028257977" lon="106.513621705">
        <ele>202.4</ele>
        <time>2026-08-30T09:35:28+0800</time>
        <extensions>
          <gpxtpx:TrackPointExtension>
            <gpxtpx:hr>99</gpxtpx:hr>
            <gpxtpx:cad>81</gpxtpx:cad>
          </gpxtpx:TrackPointExtension>
        </extensions>
      </trkpt>
      <trkpt lat="29.7028407175" lon="106.513618017">
        <ele>202.4</ele>
        <time>2026-08-30T09:35:29+0800</time>
        <extensions>
          <gpxtpx:TrackPointExtension>
            <gpxtpx:hr>99</gpxtpx:hr>
            <gpxtpx:cad>81</gpxtpx:cad>
          </gpxtpx:TrackPointExtension>
        </extensions>
      </trkpt>
      <trkpt lat="29.7028634325" lon="106.513613993">
        <ele>202.4</ele>
        <time>2026-08-30T09:35:30+0800</time>
        <extensions>
          <gpxtpx:TrackPointExtension>
            <gpxtpx:hr>100</gpxtpx:hr>
            <gpxtpx:cad>81</gpxtpx:cad>
          </gpxtpx:TrackPointExtension>
        </extensions>
      </trkpt>
      <trkpt lat="29.7028832138" lon="106.513610976">
        <ele>202.4</ele>
        <time>2026-08-30T09:35:31+0800</time>
        <extensions>
          <gpxtpx:TrackPointExtension>
            <gpxtpx:hr>100</gpxtpx:hr>
            <gpxtpx:cad>81</gpxtpx:cad>
          </gpxtpx:TrackPointExtension>
        </extensions>
      </trkpt>
      <trkpt lat="29.7028967086" lon="106.513605444">
        <ele>202.4</ele>
        <time>2026-08-30T09:35:32+0800</time>
        <extensions>
          <gpxtpx:TrackPointExtension>
            <gpxtpx:hr>100</gpxtpx:hr>
            <gpxtpx:cad>81</gpxtpx:cad>
          </gpxtpx:TrackPointExtension>
        </extensions>
      </trkpt>
      <trkpt lat="29.7029209323" lon="106.513601337">
        <ele>202.4</ele>
        <time>2026-08-30T09:35:33+0800</time>
        <extensions>
          <gpxtpx:TrackPointExtension>
            <gpxtpx:hr>101</gpxtpx:hr>
            <gpxtpx:cad>81</gpxtpx:cad>
          </gpxtpx:TrackPointExtension>
        </extensions>
      </trkpt>
      <trkpt lat="29.7029388696" lon="106.513598654">
        <ele>202.4</ele>
        <time>2026-08-30T09:35:34+0800</time>
        <extensions>
          <gpxtpx:TrackPointExtension>
            <gpxtpx:hr>101</gpxtpx:hr>
            <gpxtpx:cad>81</gpxtpx:cad>
          </gpxtpx:TrackPointExtension>
        </extensions>
      </trkpt>
      <trkpt lat="29.7029518615" lon="106.513592536">
        <ele>202.4</ele>
        <time>2026-08-30T09:35:35+0800</time>
        <extensions>
          <gpxtpx:TrackPointExtension>
            <gpxtpx:hr>101</gpxtpx:hr>
            <gpxtpx:cad>81</gpxtpx:cad>
          </gpxtpx:TrackPointExtension>
        </extensions>
      </trkpt>
      <trkpt lat="29.702973403" lon="106.513589602">
        <ele>202.4</ele>
        <time>2026-08-30T09:35:36+0800</time>
        <extensions>
          <gpxtpx:TrackPointExtension>
            <gpxtpx:hr>102</gpxtpx:hr>
            <gpxtpx:cad>81</gpxtpx:cad>
          </gpxtpx:TrackPointExtension>
        </extensions>
      </trkpt>
      <trkpt lat="29.7029897477" lon="106.513587842">
        <ele>202.6</ele>
        <time>2026-08-30T09:35:37+0800</time>
        <extensions>
          <gpxtpx:TrackPointExtension>
            <gpxtpx:hr>102</gpxtpx:hr>
            <gpxtpx:cad>81</gpxtpx:cad>
          </gpxtpx:TrackPointExtension>
        </extensions>
      </trkpt>
      <trkpt lat="29.7030051704" lon="106.513582477">
        <ele>202.6</ele>
        <time>2026-08-30T09:35:38+0800</time>
        <extensions>
          <gpxtpx:TrackPointExtension>
            <gpxtpx:hr>102</gpxtpx:hr>
            <gpxtpx:cad>81</gpxtpx:cad>
          </gpxtpx:TrackPointExtension>
        </extensions>
      </trkpt>
      <trkpt lat="29.7030270472" lon="106.513579125">
        <ele>202.6</ele>
        <time>2026-08-30T09:35:39+0800</time>
        <extensions>
          <gpxtpx:TrackPointExtension>
            <gpxtpx:hr>103</gpxtpx:hr>
            <gpxtpx:cad>81</gpxtpx:cad>
          </gpxtpx:TrackPointExtension>
        </extensions>
      </trkpt>
      <trkpt lat="29.7030418832" lon="106.513571749">
        <ele>202.6</ele>
        <time>2026-08-30T09:35:40+0800</time>
        <extensions>
          <gpxtpx:TrackPointExtension>
            <gpxtpx:hr>103</gpxtpx:hr>
            <gpxtpx:cad>81</gpxtpx:cad>
          </gpxtpx:TrackPointExtension>
        </extensions>
      </trkpt>
      <trkpt lat="29.7030645143" lon="106.513565462">
        <ele>202.8</ele>
        <time>2026-08-30T09:35:41+0800</time>
        <extensions>
          <gpxtpx:TrackPointExtension>
            <gpxtpx:hr>104</gpxtpx:hr>
            <gpxtpx:cad>82</gpxtpx:cad>
          </gpxtpx:TrackPointExtension>
        </extensions>
      </trkpt>
      <trkpt lat="29.7030826192" lon="106.513560601">
        <ele>202.8</ele>
        <time>2026-08-30T09:35:42+0800</time>
        <extensions>
          <gpxtpx:TrackPointExtension>
            <gpxtpx:hr>104</gpxtpx:hr>
            <gpxtpx:cad>82</gpxtpx:cad>
          </gpxtpx:TrackPointExtension>
        </extensions>
      </trkpt>
      <trkpt lat="29.703098461" lon="106.513555655">
        <ele>202.8</ele>
        <time>2026-08-30T09:35:43+0800</time>
        <extensions>
          <gpxtpx:TrackPointExtension>
            <gpxtpx:hr>104</gpxtpx:hr>
            <gpxtpx:cad>82</gpxtpx:cad>
          </gpxtpx:TrackPointExtension>
        </extensions>
      </trkpt>
      <trkpt lat="29.7031183261" lon="106.513549201">
        <ele>202.8</ele>
        <time>2026-08-30T09:35:44+0800</time>
        <extensions>
          <gpxtpx:TrackPointExtension>
            <gpxtpx:hr>104</gpxtpx:hr>
            <gpxtpx:cad>82</gpxtpx:cad>
          </gpxtpx:TrackPointExtension>
        </extensions>
      </trkpt>
      <trkpt lat="29.7031367663" lon="106.513542579">
        <ele>202.8</ele>
        <time>2026-08-30T09:35:45+0800</time>
        <extensions>
          <gpxtpx:TrackPointExtension>
            <gpxtpx:hr>105</gpxtpx:hr>
            <gpxtpx:cad>81</gpxtpx:cad>
          </gpxtpx:TrackPointExtension>
        </extensions>
      </trkpt>
      <trkpt lat="29.7031543683" lon="106.51353579">
        <ele>202.8</ele>
        <time>2026-08-30T09:35:46+0800</time>
        <extensions>
          <gpxtpx:TrackPointExtension>
            <gpxtpx:hr>105</gpxtpx:hr>
            <gpxtpx:cad>81</gpxtpx:cad>
          </gpxtpx:TrackPointExtension>
        </extensions>
      </trkpt>
      <trkpt lat="29.7031751554" lon="106.513527408">
        <ele>202.8</ele>
        <time>2026-08-30T09:35:47+0800</time>
        <extensions>
          <gpxtpx:TrackPointExtension>
            <gpxtpx:hr>105</gpxtpx:hr>
            <gpxtpx:cad>82</gpxtpx:cad>
          </gpxtpx:TrackPointExtension>
        </extensions>
      </trkpt>
      <trkpt lat="29.7031896561" lon="106.513522379">
        <ele>202.6</ele>
        <time>2026-08-30T09:35:48+0800</time>
        <extensions>
          <gpxtpx:TrackPointExtension>
            <gpxtpx:hr>106</gpxtpx:hr>
            <gpxtpx:cad>82</gpxtpx:cad>
          </gpxtpx:TrackPointExtension>
        </extensions>
      </trkpt>
      <trkpt lat="29.7032099403" lon="106.513515254">
        <ele>202.6</ele>
        <time>2026-08-30T09:35:49+0800</time>
        <extensions>
          <gpxtpx:TrackPointExtension>
            <gpxtpx:hr>106</gpxtpx:hr>
            <gpxtpx:cad>82</gpxtpx:cad>
          </gpxtpx:TrackPointExtension>
        </extensions>
      </trkpt>
      <trkpt lat="29.7032273747" lon="106.51350704">
        <ele>202.8</ele>
        <time>2026-08-30T09:35:50+0800</time>
        <extensions>
          <gpxtpx:TrackPointExtension>
            <gpxtpx:hr>106</gpxtpx:hr>
            <gpxtpx:cad>82</gpxtpx:cad>
          </gpxtpx:TrackPointExtension>
        </extensions>
      </trkpt>
      <trkpt lat="29.7032385226" lon="106.513497988">
        <ele>202.8</ele>
        <time>2026-08-30T09:35:51+0800</time>
        <extensions>
          <gpxtpx:TrackPointExtension>
            <gpxtpx:hr>106</gpxtpx:hr>
            <gpxtpx:cad>82</gpxtpx:cad>
          </gpxtpx:TrackPointExtension>
        </extensions>
      </trkpt>
      <trkpt lat="29.7032581363" lon="106.513487091">
        <ele>202.8</ele>
        <time>2026-08-30T09:35:52+0800</time>
        <extensions>
          <gpxtpx:TrackPointExtension>
            <gpxtpx:hr>107</gpxtpx:hr>
            <gpxtpx:cad>81</gpxtpx:cad>
          </gpxtpx:TrackPointExtension>
        </extensions>
      </trkpt>
      <trkpt lat="29.7032739781" lon="106.513480134">
        <ele>202.6</ele>
        <time>2026-08-30T09:35:53+0800</time>
        <extensions>
          <gpxtpx:TrackPointExtension>
            <gpxtpx:hr>107</gpxtpx:hr>
            <gpxtpx:cad>81</gpxtpx:cad>
          </gpxtpx:TrackPointExtension>
        </extensions>
      </trkpt>
      <trkpt lat="29.7032857966" lon="106.51347083">
        <ele>202.6</ele>
        <time>2026-08-30T09:35:54+0800</time>
        <extensions>
          <gpxtpx:TrackPointExtension>
            <gpxtpx:hr>107</gpxtpx:hr>
            <gpxtpx:cad>81</gpxtpx:cad>
          </gpxtpx:TrackPointExtension>
        </extensions>
      </trkpt>
      <trkpt lat="29.7033044882" lon="106.513463873">
        <ele>202.6</ele>
        <time>2026-08-30T09:35:55+0800</time>
        <extensions>
          <gpxtpx:TrackPointExtension>
            <gpxtpx:hr>107</gpxtpx:hr>
            <gpxtpx:cad>82</gpxtpx:cad>
          </gpxtpx:TrackPointExtension>
        </extensions>
      </trkpt>
      <trkpt lat="29.7033204138" lon="106.513457336">
        <ele>202.6</ele>
        <time>2026-08-30T09:35:56+0800</time>
        <extensions>
          <gpxtpx:TrackPointExtension>
            <gpxtpx:hr>107</gpxtpx:hr>
            <gpxtpx:cad>82</gpxtpx:cad>
          </gpxtpx:TrackPointExtension>
        </extensions>
      </trkpt>
      <trkpt lat="29.7033409495" lon="106.513449624">
        <ele>202.6</ele>
        <time>2026-08-30T09:35:57+0800</time>
        <extensions>
          <gpxtpx:TrackPointExtension>
            <gpxtpx:hr>107</gpxtpx:hr>
            <gpxtpx:cad>82</gpxtpx:cad>
          </gpxtpx:TrackPointExtension>
        </extensions>
      </trkpt>
      <trkpt lat="29.7033595573" lon="106.513443505">
        <ele>202.6</ele>
        <time>2026-08-30T09:35:58+0800</time>
        <extensions>
          <gpxtpx:TrackPointExtension>
            <gpxtpx:hr>107</gpxtpx:hr>
            <gpxtpx:cad>82</gpxtpx:cad>
          </gpxtpx:TrackPointExtension>
        </extensions>
      </trkpt>
      <trkpt lat="29.7033752315" lon="106.513439566">
        <ele>202.8</ele>
        <time>2026-08-30T09:35:59+0800</time>
        <extensions>
          <gpxtpx:TrackPointExtension>
            <gpxtpx:hr>107</gpxtpx:hr>
            <gpxtpx:cad>82</gpxtpx:cad>
          </gpxtpx:TrackPointExtension>
        </extensions>
      </trkpt>
      <trkpt lat="29.7033932526" lon="106.513431771">
        <ele>202.8</ele>
        <time>2026-08-30T09:36:00+0800</time>
        <extensions>
          <gpxtpx:TrackPointExtension>
            <gpxtpx:hr>108</gpxtpx:hr>
            <gpxtpx:cad>82</gpxtpx:cad>
          </gpxtpx:TrackPointExtension>
        </extensions>
      </trkpt>
      <trkpt lat="29.703411106" lon="106.513431268">
        <ele>202.8</ele>
        <time>2026-08-30T09:36:01+0800</time>
        <extensions>
          <gpxtpx:TrackPointExtension>
            <gpxtpx:hr>108</gpxtpx:hr>
            <gpxtpx:cad>82</gpxtpx:cad>
          </gpxtpx:TrackPointExtension>
        </extensions>
      </trkpt>
      <trkpt lat="29.7034271993" lon="106.513426742">
        <ele>202.8</ele>
        <time>2026-08-30T09:36:02+0800</time>
        <extensions>
          <gpxtpx:TrackPointExtension>
            <gpxtpx:hr>108</gpxtpx:hr>
            <gpxtpx:cad>82</gpxtpx:cad>
          </gpxtpx:TrackPointExtension>
        </extensions>
      </trkpt>
      <trkpt lat="29.7034501657" lon="106.513421545">
        <ele>202.8</ele>
        <time>2026-08-30T09:36:03+0800</time>
        <extensions>
          <gpxtpx:TrackPointExtension>
            <gpxtpx:hr>108</gpxtpx:hr>
            <gpxtpx:cad>81</gpxtpx:cad>
          </gpxtpx:TrackPointExtension>
        </extensions>
      </trkpt>
      <trkpt lat="29.7034701146" lon="106.513419868">
        <ele>202.8</ele>
        <time>2026-08-30T09:36:04+0800</time>
        <extensions>
          <gpxtpx:TrackPointExtension>
            <gpxtpx:hr>109</gpxtpx:hr>
            <gpxtpx:cad>81</gpxtpx:cad>
          </gpxtpx:TrackPointExtension>
        </extensions>
      </trkpt>
      <trkpt lat="29.7034836933" lon="106.51341551">
        <ele>202.8</ele>
        <time>2026-08-30T09:36:05+0800</time>
        <extensions>
          <gpxtpx:TrackPointExtension>
            <gpxtpx:hr>109</gpxtpx:hr>
            <gpxtpx:cad>81</gpxtpx:cad>
          </gpxtpx:TrackPointExtension>
        </extensions>
      </trkpt>
      <trkpt lat="29.7035043128" lon="106.513411906">
        <ele>202.8</ele>
        <time>2026-08-30T09:36:06+0800</time>
        <extensions>
          <gpxtpx:TrackPointExtension>
            <gpxtpx:hr>108</gpxtpx:hr>
            <gpxtpx:cad>81</gpxtpx:cad>
          </gpxtpx:TrackPointExtension>
        </extensions>
      </trkpt>
      <trkpt lat="29.7035216633" lon="106.513413079">
        <ele>202.8</ele>
        <time>2026-08-30T09:36:07+0800</time>
        <extensions>
          <gpxtpx:TrackPointExtension>
            <gpxtpx:hr>107</gpxtpx:hr>
            <gpxtpx:cad>82</gpxtpx:cad>
          </gpxtpx:TrackPointExtension>
        </extensions>
      </trkpt>
      <trkpt lat="29.7035408579" lon="106.513411319">
        <ele>202.8</ele>
        <time>2026-08-30T09:36:08+0800</time>
        <extensions>
          <gpxtpx:TrackPointExtension>
            <gpxtpx:hr>107</gpxtpx:hr>
            <gpxtpx:cad>82</gpxtpx:cad>
          </gpxtpx:TrackPointExtension>
        </extensions>
      </trkpt>
      <trkpt lat="29.7035593819" lon="106.513410062">
        <ele>202.8</ele>
        <time>2026-08-30T09:36:09+0800</time>
        <extensions>
          <gpxtpx:TrackPointExtension>
            <gpxtpx:hr>106</gpxtpx:hr>
            <gpxtpx:cad>82</gpxtpx:cad>
          </gpxtpx:TrackPointExtension>
        </extensions>
      </trkpt>
      <trkpt lat="29.7035731282" lon="106.513406793">
        <ele>202.8</ele>
        <time>2026-08-30T09:36:10+0800</time>
        <extensions>
          <gpxtpx:TrackPointExtension>
            <gpxtpx:hr>106</gpxtpx:hr>
            <gpxtpx:cad>82</gpxtpx:cad>
          </gpxtpx:TrackPointExtension>
        </extensions>
      </trkpt>
      <trkpt lat="29.7035943344" lon="106.513405619">
        <ele>202.8</ele>
        <time>2026-08-30T09:36:11+0800</time>
        <extensions>
          <gpxtpx:TrackPointExtension>
            <gpxtpx:hr>104</gpxtpx:hr>
            <gpxtpx:cad>82</gpxtpx:cad>
          </gpxtpx:TrackPointExtension>
        </extensions>
      </trkpt>
      <trkpt lat="29.7036136966" lon="106.513409391">
        <ele>202.8</ele>
        <time>2026-08-30T09:36:12+0800</time>
        <extensions>
          <gpxtpx:TrackPointExtension>
            <gpxtpx:hr>104</gpxtpx:hr>
            <gpxtpx:cad>82</gpxtpx:cad>
          </gpxtpx:TrackPointExtension>
        </extensions>
      </trkpt>
      <trkpt lat="29.7036304604" lon="106.513409978">
        <ele>202.8</ele>
        <time>2026-08-30T09:36:13+0800</time>
        <extensions>
          <gpxtpx:TrackPointExtension>
            <gpxtpx:hr>102</gpxtpx:hr>
            <gpxtpx:cad>82</gpxtpx:cad>
          </gpxtpx:TrackPointExtension>
        </extensions>
      </trkpt>
      <trkpt lat="29.7036544327" lon="106.513410565">
        <ele>202.8</ele>
        <time>2026-08-30T09:36:14+0800</time>
        <extensions>
          <gpxtpx:TrackPointExtension>
            <gpxtpx:hr>101</gpxtpx:hr>
            <gpxtpx:cad>82</gpxtpx:cad>
          </gpxtpx:TrackPointExtension>
        </extensions>
      </trkpt>
      <trkpt lat="29.7036727052" lon="106.513413498">
        <ele>202.8</ele>
        <time>2026-08-30T09:36:15+0800</time>
        <extensions>
          <gpxtpx:TrackPointExtension>
            <gpxtpx:hr>102</gpxtpx:hr>
            <gpxtpx:cad>82</gpxtpx:cad>
          </gpxtpx:TrackPointExtension>
        </extensions>
      </trkpt>
      <trkpt lat="29.703691816" lon="106.513417019">
        <ele>202.6</ele>
        <time>2026-08-30T09:36:16+0800</time>
        <extensions>
          <gpxtpx:TrackPointExtension>
            <gpxtpx:hr>102</gpxtpx:hr>
            <gpxtpx:cad>82</gpxtpx:cad>
          </gpxtpx:TrackPointExtension>
        </extensions>
      </trkpt>
      <trkpt lat="29.7037144471" lon="106.513424227">
        <ele>202.6</ele>
        <time>2026-08-30T09:36:17+0800</time>
        <extensions>
          <gpxtpx:TrackPointExtension>
            <gpxtpx:hr>102</gpxtpx:hr>
            <gpxtpx:cad>82</gpxtpx:cad>
          </gpxtpx:TrackPointExtension>
        </extensions>
      </trkpt>
      <trkpt lat="29.7037322167" lon="106.513427915">
        <ele>202.4</ele>
        <time>2026-08-30T09:36:18+0800</time>
        <extensions>
          <gpxtpx:TrackPointExtension>
            <gpxtpx:hr>102</gpxtpx:hr>
            <gpxtpx:cad>82</gpxtpx:cad>
          </gpxtpx:TrackPointExtension>
        </extensions>
      </trkpt>
      <trkpt lat="29.7037576139" lon="106.513435962">
        <ele>202.4</ele>
        <time>2026-08-30T09:36:19+0800</time>
        <extensions>
          <gpxtpx:TrackPointExtension>
            <gpxtpx:hr>103</gpxtpx:hr>
            <gpxtpx:cad>82</gpxtpx:cad>
          </gpxtpx:TrackPointExtension>
        </extensions>
      </trkpt>
      <trkpt lat="29.7037760541" lon="106.513445349">
        <ele>202.2</ele>
        <time>2026-08-30T09:36:20+0800</time>
        <extensions>
          <gpxtpx:TrackPointExtension>
            <gpxtpx:hr>103</gpxtpx:hr>
            <gpxtpx:cad>82</gpxtpx:cad>
          </gpxtpx:TrackPointExtension>
        </extensions>
      </trkpt>
      <trkpt lat="29.7037937399" lon="106.513454402">
        <ele>202.0</ele>
        <time>2026-08-30T09:36:21+0800</time>
        <extensions>
          <gpxtpx:TrackPointExtension>
            <gpxtpx:hr>103</gpxtpx:hr>
            <gpxtpx:cad>84</gpxtpx:cad>
          </gpxtpx:TrackPointExtension>
        </extensions>
      </trkpt>
      <trkpt lat="29.7038124315" lon="106.513469154">
        <ele>202.0</ele>
        <time>2026-08-30T09:36:22+0800</time>
        <extensions>
          <gpxtpx:TrackPointExtension>
            <gpxtpx:hr>102</gpxtpx:hr>
            <gpxtpx:cad>84</gpxtpx:cad>
          </gpxtpx:TrackPointExtension>
        </extensions>
      </trkpt>
      <trkpt lat="29.7038265131" lon="106.513479296">
        <ele>202.0</ele>
        <time>2026-08-30T09:36:23+0800</time>
        <extensions>
          <gpxtpx:TrackPointExtension>
            <gpxtpx:hr>102</gpxtpx:hr>
            <gpxtpx:cad>83</gpxtpx:cad>
          </gpxtpx:TrackPointExtension>
        </extensions>
      </trkpt>
      <trkpt lat="29.7038439475" lon="106.513496228">
        <ele>201.8</ele>
        <time>2026-08-30T09:36:24+0800</time>
        <extensions>
          <gpxtpx:TrackPointExtension>
            <gpxtpx:hr>103</gpxtpx:hr>
            <gpxtpx:cad>83</gpxtpx:cad>
          </gpxtpx:TrackPointExtension>
        </extensions>
      </trkpt>
      <trkpt lat="29.7038577776" lon="106.513513578">
        <ele>201.8</ele>
        <time>2026-08-30T09:36:25+0800</time>
        <extensions>
          <gpxtpx:TrackPointExtension>
            <gpxtpx:hr>103</gpxtpx:hr>
            <gpxtpx:cad>83</gpxtpx:cad>
          </gpxtpx:TrackPointExtension>
        </extensions>
      </trkpt>
      <trkpt lat="29.7038732003" lon="106.51353051">
        <ele>201.6</ele>
        <time>2026-08-30T09:36:26+0800</time>
        <extensions>
          <gpxtpx:TrackPointExtension>
            <gpxtpx:hr>103</gpxtpx:hr>
            <gpxtpx:cad>83</gpxtpx:cad>
          </gpxtpx:TrackPointExtension>
        </extensions>
      </trkpt>
      <trkpt lat="29.7038863599" lon="106.513551297">
        <ele>201.6</ele>
        <time>2026-08-30T09:36:27+0800</time>
        <extensions>
          <gpxtpx:TrackPointExtension>
            <gpxtpx:hr>103</gpxtpx:hr>
            <gpxtpx:cad>83</gpxtpx:cad>
          </gpxtpx:TrackPointExtension>
        </extensions>
      </trkpt>
      <trkpt lat="29.7038980108" lon="106.513570324">
        <ele>201.4</ele>
        <time>2026-08-30T09:36:28+0800</time>
        <extensions>
          <gpxtpx:TrackPointExtension>
            <gpxtpx:hr>102</gpxtpx:hr>
            <gpxtpx:cad>84</gpxtpx:cad>
          </gpxtpx:TrackPointExtension>
        </extensions>
      </trkpt>
      <trkpt lat="29.7039104998" lon="106.513595972">
        <ele>201.2</ele>
        <time>2026-08-30T09:36:29+0800</time>
        <extensions>
          <gpxtpx:TrackPointExtension>
            <gpxtpx:hr>103</gpxtpx:hr>
            <gpxtpx:cad>84</gpxtpx:cad>
          </gpxtpx:TrackPointExtension>
        </extensions>
      </trkpt>
      <trkpt lat="29.703916451" lon="106.513622459">
        <ele>201.2</ele>
        <time>2026-08-30T09:36:30+0800</time>
        <extensions>
          <gpxtpx:TrackPointExtension>
            <gpxtpx:hr>103</gpxtpx:hr>
            <gpxtpx:cad>84</gpxtpx:cad>
          </gpxtpx:TrackPointExtension>
        </extensions>
      </trkpt>
      <trkpt lat="29.7039236594" lon="106.513641486">
        <ele>201.0</ele>
        <time>2026-08-30T09:36:31+0800</time>
        <extensions>
          <gpxtpx:TrackPointExtension>
            <gpxtpx:hr>103</gpxtpx:hr>
            <gpxtpx:cad>84</gpxtpx:cad>
          </gpxtpx:TrackPointExtension>
        </extensions>
      </trkpt>
      <trkpt lat="29.7039292753" lon="106.513669314">
        <ele>200.8</ele>
        <time>2026-08-30T09:36:32+0800</time>
        <extensions>
          <gpxtpx:TrackPointExtension>
            <gpxtpx:hr>103</gpxtpx:hr>
            <gpxtpx:cad>83</gpxtpx:cad>
          </gpxtpx:TrackPointExtension>
        </extensions>
      </trkpt>
      <trkpt lat="29.7039317898" lon="106.513690269">
        <ele>200.8</ele>
        <time>2026-08-30T09:36:33+0800</time>
        <extensions>
          <gpxtpx:TrackPointExtension>
            <gpxtpx:hr>103</gpxtpx:hr>
            <gpxtpx:cad>83</gpxtpx:cad>
          </gpxtpx:TrackPointExtension>
        </extensions>
      </trkpt>
      <trkpt lat="29.7039367352" lon="106.513709379">
        <ele>200.6</ele>
        <time>2026-08-30T09:36:34+0800</time>
        <extensions>
          <gpxtpx:TrackPointExtension>
            <gpxtpx:hr>103</gpxtpx:hr>
            <gpxtpx:cad>83</gpxtpx:cad>
          </gpxtpx:TrackPointExtension>
        </extensions>
      </trkpt>
      <trkpt lat="29.703941429" lon="106.51373025">
        <ele>200.6</ele>
        <time>2026-08-30T09:36:35+0800</time>
        <extensions>
          <gpxtpx:TrackPointExtension>
            <gpxtpx:hr>103</gpxtpx:hr>
            <gpxtpx:cad>83</gpxtpx:cad>
          </gpxtpx:TrackPointExtension>
        </extensions>
      </trkpt>
      <trkpt lat="29.7039484698" lon="106.513744164">
        <ele>200.4</ele>
        <time>2026-08-30T09:36:36+0800</time>
        <extensions>
          <gpxtpx:TrackPointExtension>
            <gpxtpx:hr>103</gpxtpx:hr>
            <gpxtpx:cad>83</gpxtpx:cad>
          </gpxtpx:TrackPointExtension>
        </extensions>
      </trkpt>
      <trkpt lat="29.7039596178" lon="106.513761096">
        <ele>200.4</ele>
        <time>2026-08-30T09:36:37+0800</time>
        <extensions>
          <gpxtpx:TrackPointExtension>
            <gpxtpx:hr>103</gpxtpx:hr>
            <gpxtpx:cad>83</gpxtpx:cad>
          </gpxtpx:TrackPointExtension>
        </extensions>
      </trkpt>
      <trkpt lat="29.7039686702" lon="106.513779704">
        <ele>200.2</ele>
        <time>2026-08-30T09:36:38+0800</time>
        <extensions>
          <gpxtpx:TrackPointExtension>
            <gpxtpx:hr>103</gpxtpx:hr>
            <gpxtpx:cad>82</gpxtpx:cad>
          </gpxtpx:TrackPointExtension>
        </extensions>
      </trkpt>
      <trkpt lat="29.7039787285" lon="106.513792947">
        <ele>200.2</ele>
        <time>2026-08-30T09:36:39+0800</time>
        <extensions>
          <gpxtpx:TrackPointExtension>
            <gpxtpx:hr>103</gpxtpx:hr>
            <gpxtpx:cad>82</gpxtpx:cad>
          </gpxtpx:TrackPointExtension>
        </extensions>
      </trkpt>
      <trkpt lat="29.7039912175" lon="106.513817254">
        <ele>200.0</ele>
        <time>2026-08-30T09:36:40+0800</time>
        <extensions>
          <gpxtpx:TrackPointExtension>
            <gpxtpx:hr>104</gpxtpx:hr>
            <gpxtpx:cad>82</gpxtpx:cad>
          </gpxtpx:TrackPointExtension>
        </extensions>
      </trkpt>
      <trkpt lat="29.7039998509" lon="106.513834856">
        <ele>199.8</ele>
        <time>2026-08-30T09:36:41+0800</time>
        <extensions>
          <gpxtpx:TrackPointExtension>
            <gpxtpx:hr>104</gpxtpx:hr>
            <gpxtpx:cad>81</gpxtpx:cad>
          </gpxtpx:TrackPointExtension>
        </extensions>
      </trkpt>
      <trkpt lat="29.7040109988" lon="106.513850195">
        <ele>199.8</ele>
        <time>2026-08-30T09:36:42+0800</time>
        <extensions>
          <gpxtpx:TrackPointExtension>
            <gpxtpx:hr>104</gpxtpx:hr>
            <gpxtpx:cad>81</gpxtpx:cad>
          </gpxtpx:TrackPointExtension>
        </extensions>
      </trkpt>
      <trkpt lat="29.7040267568" lon="106.513868803">
        <ele>199.6</ele>
        <time>2026-08-30T09:36:43+0800</time>
        <extensions>
          <gpxtpx:TrackPointExtension>
            <gpxtpx:hr>104</gpxtpx:hr>
            <gpxtpx:cad>81</gpxtpx:cad>
          </gpxtpx:TrackPointExtension>
        </extensions>
      </trkpt>
      <trkpt lat="29.7040418442" lon="106.513880454">
        <ele>199.6</ele>
        <time>2026-08-30T09:36:44+0800</time>
        <extensions>
          <gpxtpx:TrackPointExtension>
            <gpxtpx:hr>105</gpxtpx:hr>
            <gpxtpx:cad>81</gpxtpx:cad>
          </gpxtpx:TrackPointExtension>
        </extensions>
      </trkpt>
      <trkpt lat="29.704063721" lon="106.513889004">
        <ele>199.6</ele>
        <time>2026-08-30T09:36:45+0800</time>
        <extensions>
          <gpxtpx:TrackPointExtension>
            <gpxtpx:hr>105</gpxtpx:hr>
            <gpxtpx:cad>82</gpxtpx:cad>
          </gpxtpx:TrackPointExtension>
        </extensions>
      </trkpt>
      <trkpt lat="29.7040828317" lon="106.51389881">
        <ele>199.4</ele>
        <time>2026-08-30T09:36:46+0800</time>
        <extensions>
          <gpxtpx:TrackPointExtension>
            <gpxtpx:hr>105</gpxtpx:hr>
            <gpxtpx:cad>82</gpxtpx:cad>
          </gpxtpx:TrackPointExtension>
        </extensions>
      </trkpt>
      <trkpt lat="29.7040974163" lon="106.513901073">
        <ele>199.4</ele>
        <time>2026-08-30T09:36:47+0800</time>
        <extensions>
          <gpxtpx:TrackPointExtension>
            <gpxtpx:hr>106</gpxtpx:hr>
            <gpxtpx:cad>82</gpxtpx:cad>
          </gpxtpx:TrackPointExtension>
        </extensions>
      </trkpt>
      <trkpt lat="29.7041223943" lon="106.513904259">
        <ele>199.4</ele>
        <time>2026-08-30T09:36:48+0800</time>
        <extensions>
          <gpxtpx:TrackPointExtension>
            <gpxtpx:hr>106</gpxtpx:hr>
            <gpxtpx:cad>83</gpxtpx:cad>
          </gpxtpx:TrackPointExtension>
        </extensions>
      </trkpt>
      <trkpt lat="29.7041394096" lon="106.513907695">
        <ele>199.2</ele>
        <time>2026-08-30T09:36:49+0800</time>
        <extensions>
          <gpxtpx:TrackPointExtension>
            <gpxtpx:hr>106</gpxtpx:hr>
            <gpxtpx:cad>83</gpxtpx:cad>
          </gpxtpx:TrackPointExtension>
        </extensions>
      </trkpt>
      <trkpt lat="29.704158185" lon="106.513909288">
        <ele>199.2</ele>
        <time>2026-08-30T09:36:50+0800</time>
        <extensions>
          <gpxtpx:TrackPointExtension>
            <gpxtpx:hr>106</gpxtpx:hr>
            <gpxtpx:cad>83</gpxtpx:cad>
          </gpxtpx:TrackPointExtension>
        </extensions>
      </trkpt>
      <trkpt lat="29.7041794751" lon="106.513912808">
        <ele>199.2</ele>
        <time>2026-08-30T09:36:51+0800</time>
        <extensions>
          <gpxtpx:TrackPointExtension>
            <gpxtpx:hr>107</gpxtpx:hr>
            <gpxtpx:cad>83</gpxtpx:cad>
          </gpxtpx:TrackPointExtension>
        </extensions>
      </trkpt>
      <trkpt lat="29.7042016871" lon="106.513905851">
        <ele>199.4</ele>
        <time>2026-08-30T09:36:52+0800</time>
        <extensions>
          <gpxtpx:TrackPointExtension>
            <gpxtpx:hr>107</gpxtpx:hr>
            <gpxtpx:cad>82</gpxtpx:cad>
          </gpxtpx:TrackPointExtension>
        </extensions>
      </trkpt>
      <trkpt lat="29.704223061" lon="106.51390803">
        <ele>199.4</ele>
        <time>2026-08-30T09:36:53+0800</time>
        <extensions>
          <gpxtpx:TrackPointExtension>
            <gpxtpx:hr>107</gpxtpx:hr>
            <gpxtpx:cad>82</gpxtpx:cad>
          </gpxtpx:TrackPointExtension>
        </extensions>
      </trkpt>
      <trkpt lat="29.7042455245" lon="106.513906019">
        <ele>199.4</ele>
        <time>2026-08-30T09:36:54+0800</time>
        <extensions>
          <gpxtpx:TrackPointExtension>
            <gpxtpx:hr>108</gpxtpx:hr>
            <gpxtpx:cad>82</gpxtpx:cad>
          </gpxtpx:TrackPointExtension>
        </extensions>
      </trkpt>
      <trkpt lat="29.7042586841" lon="106.513898978">
        <ele>199.4</ele>
        <time>2026-08-30T09:36:55+0800</time>
        <extensions>
          <gpxtpx:TrackPointExtension>
            <gpxtpx:hr>108</gpxtpx:hr>
            <gpxtpx:cad>82</gpxtpx:cad>
          </gpxtpx:TrackPointExtension>
        </extensions>
      </trkpt>
      <trkpt lat="29.7042762861" lon="106.513883891">
        <ele>199.4</ele>
        <time>2026-08-30T09:36:56+0800</time>
        <extensions>
          <gpxtpx:TrackPointExtension>
            <gpxtpx:hr>108</gpxtpx:hr>
            <gpxtpx:cad>82</gpxtpx:cad>
          </gpxtpx:TrackPointExtension>
        </extensions>
      </trkpt>
      <trkpt lat="29.7042880207" lon="106.513865534">
        <ele>199.2</ele>
        <time>2026-08-30T09:36:57+0800</time>
        <extensions>
          <gpxtpx:TrackPointExtension>
            <gpxtpx:hr>108</gpxtpx:hr>
            <gpxtpx:cad>82</gpxtpx:cad>
          </gpxtpx:TrackPointExtension>
        </extensions>
      </trkpt>
      <trkpt lat="29.7042969894" lon="106.513848603">
        <ele>199.2</ele>
        <time>2026-08-30T09:36:58+0800</time>
        <extensions>
          <gpxtpx:TrackPointExtension>
            <gpxtpx:hr>109</gpxtpx:hr>
            <gpxtpx:cad>82</gpxtpx:cad>
          </gpxtpx:TrackPointExtension>
        </extensions>
      </trkpt>
      <trkpt lat="29.7043073829" lon="106.513824211">
        <ele>199.0</ele>
        <time>2026-08-30T09:36:59+0800</time>
        <extensions>
          <gpxtpx:TrackPointExtension>
            <gpxtpx:hr>109</gpxtpx:hr>
            <gpxtpx:cad>82</gpxtpx:cad>
          </gpxtpx:TrackPointExtension>
        </extensions>
      </trkpt>
      <trkpt lat="29.7043168545" lon="106.513807112">
        <ele>199.0</ele>
        <time>2026-08-30T09:37:00+0800</time>
        <extensions>
          <gpxtpx:TrackPointExtension>
            <gpxtpx:hr>109</gpxtpx:hr>
            <gpxtpx:cad>82</gpxtpx:cad>
          </gpxtpx:TrackPointExtension>
        </extensions>
      </trkpt>
      <trkpt lat="29.7043186985" lon="106.513782805">
        <ele>198.8</ele>
        <time>2026-08-30T09:37:01+0800</time>
        <extensions>
          <gpxtpx:TrackPointExtension>
            <gpxtpx:hr>110</gpxtpx:hr>
            <gpxtpx:cad>81</gpxtpx:cad>
          </gpxtpx:TrackPointExtension>
        </extensions>
      </trkpt>
      <trkpt lat="29.7043240629" lon="106.513757072">
        <ele>198.8</ele>
        <time>2026-08-30T09:37:02+0800</time>
        <extensions>
          <gpxtpx:TrackPointExtension>
            <gpxtpx:hr>110</gpxtpx:hr>
            <gpxtpx:cad>81</gpxtpx:cad>
          </gpxtpx:TrackPointExtension>
        </extensions>
      </trkpt>
      <trkpt lat="29.7043269966" lon="106.513736872">
        <ele>198.6</ele>
        <time>2026-08-30T09:37:03+0800</time>
        <extensions>
          <gpxtpx:TrackPointExtension>
            <gpxtpx:hr>110</gpxtpx:hr>
            <gpxtpx:cad>81</gpxtpx:cad>
          </gpxtpx:TrackPointExtension>
        </extensions>
      </trkpt>
      <trkpt lat="29.7043357138" lon="106.513705021">
        <ele>198.6</ele>
        <time>2026-08-30T09:37:04+0800</time>
        <extensions>
          <gpxtpx:TrackPointExtension>
            <gpxtpx:hr>110</gpxtpx:hr>
            <gpxtpx:cad>81</gpxtpx:cad>
          </gpxtpx:TrackPointExtension>
        </extensions>
      </trkpt>
      <trkpt lat="29.7043421678" lon="106.513681384">
        <ele>198.4</ele>
        <time>2026-08-30T09:37:05+0800</time>
        <extensions>
          <gpxtpx:TrackPointExtension>
            <gpxtpx:hr>110</gpxtpx:hr>
            <gpxtpx:cad>82</gpxtpx:cad>
          </gpxtpx:TrackPointExtension>
        </extensions>
      </trkpt>
      <trkpt lat="29.7043459397" lon="106.513659842">
        <ele>198.2</ele>
        <time>2026-08-30T09:37:06+0800</time>
        <extensions>
          <gpxtpx:TrackPointExtension>
            <gpxtpx:hr>110</gpxtpx:hr>
            <gpxtpx:cad>83</gpxtpx:cad>
          </gpxtpx:TrackPointExtension>
        </extensions>
      </trkpt>
      <trkpt lat="29.704351807" lon="106.513633355">
        <ele>198.2</ele>
        <time>2026-08-30T09:37:07+0800</time>
        <extensions>
          <gpxtpx:TrackPointExtension>
            <gpxtpx:hr>109</gpxtpx:hr>
            <gpxtpx:cad>84</gpxtpx:cad>
          </gpxtpx:TrackPointExtension>
        </extensions>
      </trkpt>
      <trkpt lat="29.7043535672" lon="106.513612317">
        <ele>198.0</ele>
        <time>2026-08-30T09:37:08+0800</time>
        <extensions>
          <gpxtpx:TrackPointExtension>
            <gpxtpx:hr>110</gpxtpx:hr>
            <gpxtpx:cad>84</gpxtpx:cad>
          </gpxtpx:TrackPointExtension>
        </extensions>
      </trkpt>
      <trkpt lat="29.7043589316" lon="106.513579125">
        <ele>198.0</ele>
        <time>2026-08-30T09:37:09+0800</time>
        <extensions>
          <gpxtpx:TrackPointExtension>
            <gpxtpx:hr>110</gpxtpx:hr>
            <gpxtpx:cad>84</gpxtpx:cad>
          </gpxtpx:TrackPointExtension>
        </extensions>
      </trkpt>
      <trkpt lat="29.7043629549" lon="106.513555488">
        <ele>198.0</ele>
        <time>2026-08-30T09:37:10+0800</time>
        <extensions>
          <gpxtpx:TrackPointExtension>
            <gpxtpx:hr>110</gpxtpx:hr>
            <gpxtpx:cad>84</gpxtpx:cad>
          </gpxtpx:TrackPointExtension>
        </extensions>
      </trkpt>
      <trkpt lat="29.704362452" lon="106.513532437">
        <ele>198.0</ele>
        <time>2026-08-30T09:37:11+0800</time>
        <extensions>
          <gpxtpx:TrackPointExtension>
            <gpxtpx:hr>109</gpxtpx:hr>
            <gpxtpx:cad>83</gpxtpx:cad>
          </gpxtpx:TrackPointExtension>
        </extensions>
      </trkpt>
      <trkpt lat="29.7043652181" lon="106.513507459">
        <ele>198.0</ele>
        <time>2026-08-30T09:37:12+0800</time>
        <extensions>
          <gpxtpx:TrackPointExtension>
            <gpxtpx:hr>110</gpxtpx:hr>
            <gpxtpx:cad>83</gpxtpx:cad>
          </gpxtpx:TrackPointExtension>
        </extensions>
      </trkpt>
      <trkpt lat="29.7043632902" lon="106.513491534">
        <ele>198.0</ele>
        <time>2026-08-30T09:37:13+0800</time>
        <extensions>
          <gpxtpx:TrackPointExtension>
            <gpxtpx:hr>111</gpxtpx:hr>
            <gpxtpx:cad>83</gpxtpx:cad>
          </gpxtpx:TrackPointExtension>
        </extensions>
      </trkpt>
      <trkpt lat="29.704363877" lon="106.513462784">
        <ele>198.0</ele>
        <time>2026-08-30T09:37:14+0800</time>
        <extensions>
          <gpxtpx:TrackPointExtension>
            <gpxtpx:hr>111</gpxtpx:hr>
            <gpxtpx:cad>84</gpxtpx:cad>
          </gpxtpx:TrackPointExtension>
        </extensions>
      </trkpt>
      <trkpt lat="29.7043676488" lon="106.513443338">
        <ele>198.0</ele>
        <time>2026-08-30T09:37:15+0800</time>
        <extensions>
          <gpxtpx:TrackPointExtension>
            <gpxtpx:hr>113</gpxtpx:hr>
            <gpxtpx:cad>84</gpxtpx:cad>
          </gpxtpx:TrackPointExtension>
        </extensions>
      </trkpt>
      <trkpt lat="29.704371253" lon="106.513419282">
        <ele>197.8</ele>
        <time>2026-08-30T09:37:16+0800</time>
        <extensions>
          <gpxtpx:TrackPointExtension>
            <gpxtpx:hr>114</gpxtpx:hr>
            <gpxtpx:cad>84</gpxtpx:cad>
          </gpxtpx:TrackPointExtension>
        </extensions>
      </trkpt>
      <trkpt lat="29.7043741867" lon="106.513396483">
        <ele>198.0</ele>
        <time>2026-08-30T09:37:17+0800</time>
        <extensions>
          <gpxtpx:TrackPointExtension>
            <gpxtpx:hr>116</gpxtpx:hr>
            <gpxtpx:cad>84</gpxtpx:cad>
          </gpxtpx:TrackPointExtension>
        </extensions>
      </trkpt>
      <trkpt lat="29.7043760307" lon="106.513381395">
        <ele>198.0</ele>
        <time>2026-08-30T09:37:18+0800</time>
        <extensions>
          <gpxtpx:TrackPointExtension>
            <gpxtpx:hr>116</gpxtpx:hr>
            <gpxtpx:cad>84</gpxtpx:cad>
          </gpxtpx:TrackPointExtension>
        </extensions>
      </trkpt>
      <trkpt lat="29.7043806408" lon="106.513358597">
        <ele>198.0</ele>
        <time>2026-08-30T09:37:19+0800</time>
        <extensions>
          <gpxtpx:TrackPointExtension>
            <gpxtpx:hr>117</gpxtpx:hr>
            <gpxtpx:cad>84</gpxtpx:cad>
          </gpxtpx:TrackPointExtension>
        </extensions>
      </trkpt>
      <trkpt lat="29.7043811437" lon="106.513342587">
        <ele>198.2</ele>
        <time>2026-08-30T09:37:20+0800</time>
        <extensions>
          <gpxtpx:TrackPointExtension>
            <gpxtpx:hr>117</gpxtpx:hr>
            <gpxtpx:cad>84</gpxtpx:cad>
          </gpxtpx:TrackPointExtension>
        </extensions>
      </trkpt>
      <trkpt lat="29.7043778747" lon="106.513326326">
        <ele>198.2</ele>
        <time>2026-08-30T09:37:21+0800</time>
        <extensions>
          <gpxtpx:TrackPointExtension>
            <gpxtpx:hr>117</gpxtpx:hr>
            <gpxtpx:cad>83</gpxtpx:cad>
          </gpxtpx:TrackPointExtension>
        </extensions>
      </trkpt>
      <trkpt lat="29.704380054" lon="106.513303947">
        <ele>198.2</ele>
        <time>2026-08-30T09:37:22+0800</time>
        <extensions>
          <gpxtpx:TrackPointExtension>
            <gpxtpx:hr>117</gpxtpx:hr>
            <gpxtpx:cad>82</gpxtpx:cad>
          </gpxtpx:TrackPointExtension>
        </extensions>
      </trkpt>
      <trkpt lat="29.7043825686" lon="106.513283243">
        <ele>198.2</ele>
        <time>2026-08-30T09:37:23+0800</time>
        <extensions>
          <gpxtpx:TrackPointExtension>
            <gpxtpx:hr>118</gpxtpx:hr>
            <gpxtpx:cad>81</gpxtpx:cad>
          </gpxtpx:TrackPointExtension>
        </extensions>
      </trkpt>
      <trkpt lat="29.7043810599" lon="106.513268491">
        <ele>198.2</ele>
        <time>2026-08-30T09:37:24+0800</time>
        <extensions>
          <gpxtpx:TrackPointExtension>
            <gpxtpx:hr>118</gpxtpx:hr>
            <gpxtpx:cad>81</gpxtpx:cad>
          </gpxtpx:TrackPointExtension>
        </extensions>
      </trkpt>
      <trkpt lat="29.7043839097" lon="106.5132441">
        <ele>198.2</ele>
        <time>2026-08-30T09:37:25+0800</time>
        <extensions>
          <gpxtpx:TrackPointExtension>
            <gpxtpx:hr>118</gpxtpx:hr>
            <gpxtpx:cad>82</gpxtpx:cad>
          </gpxtpx:TrackPointExtension>
        </extensions>
      </trkpt>
      <trkpt lat="29.704387011" lon="106.513229851">
        <ele>198.2</ele>
        <time>2026-08-30T09:37:26+0800</time>
        <extensions>
          <gpxtpx:TrackPointExtension>
            <gpxtpx:hr>118</gpxtpx:hr>
            <gpxtpx:cad>82</gpxtpx:cad>
          </gpxtpx:TrackPointExtension>
        </extensions>
      </trkpt>
      <trkpt lat="29.7043868434" lon="106.51321359">
        <ele>198.2</ele>
        <time>2026-08-30T09:37:27+0800</time>
        <extensions>
          <gpxtpx:TrackPointExtension>
            <gpxtpx:hr>118</gpxtpx:hr>
            <gpxtpx:cad>82</gpxtpx:cad>
          </gpxtpx:TrackPointExtension>
        </extensions>
      </trkpt>
      <trkpt lat="29.7043909505" lon="106.513195317">
        <ele>198.2</ele>
        <time>2026-08-30T09:37:28+0800</time>
        <extensions>
          <gpxtpx:TrackPointExtension>
            <gpxtpx:hr>118</gpxtpx:hr>
            <gpxtpx:cad>82</gpxtpx:cad>
          </gpxtpx:TrackPointExtension>
        </extensions>
      </trkpt>
      <trkpt lat="29.704393046" lon="106.513182577">
        <ele>198.2</ele>
        <time>2026-08-30T09:37:29+0800</time>
        <extensions>
          <gpxtpx:TrackPointExtension>
            <gpxtpx:hr>119</gpxtpx:hr>
            <gpxtpx:cad>82</gpxtpx:cad>
          </gpxtpx:TrackPointExtension>
        </extensions>
      </trkpt>
      <trkpt lat="29.7043962311" lon="106.513167825">
        <ele>198.2</ele>
        <time>2026-08-30T09:37:30+0800</time>
        <extensions>
          <gpxtpx:TrackPointExtension>
            <gpxtpx:hr>119</gpxtpx:hr>
            <gpxtpx:cad>82</gpxtpx:cad>
          </gpxtpx:TrackPointExtension>
        </extensions>
      </trkpt>
      <trkpt lat="29.7044000868" lon="106.513149804">
        <ele>198.0</ele>
        <time>2026-08-30T09:37:31+0800</time>
        <extensions>
          <gpxtpx:TrackPointExtension>
            <gpxtpx:hr>119</gpxtpx:hr>
            <gpxtpx:cad>81</gpxtpx:cad>
          </gpxtpx:TrackPointExtension>
        </extensions>
      </trkpt>
      <trkpt lat="29.7044048645" lon="106.513135554">
        <ele>198.0</ele>
        <time>2026-08-30T09:37:32+0800</time>
        <extensions>
          <gpxtpx:TrackPointExtension>
            <gpxtpx:hr>119</gpxtpx:hr>
            <gpxtpx:cad>80</gpxtpx:cad>
          </gpxtpx:TrackPointExtension>
        </extensions>
      </trkpt>
      <trkpt lat="29.7044037748" lon="106.513117282">
        <ele>198.0</ele>
        <time>2026-08-30T09:37:33+0800</time>
        <extensions>
          <gpxtpx:TrackPointExtension>
            <gpxtpx:hr>119</gpxtpx:hr>
            <gpxtpx:cad>80</gpxtpx:cad>
          </gpxtpx:TrackPointExtension>
        </extensions>
      </trkpt>
      <trkpt lat="29.7044041939" lon="106.513097668">
        <ele>198.0</ele>
        <time>2026-08-30T09:37:34+0800</time>
        <extensions>
          <gpxtpx:TrackPointExtension>
            <gpxtpx:hr>118</gpxtpx:hr>
            <gpxtpx:cad>80</gpxtpx:cad>
          </gpxtpx:TrackPointExtension>
        </extensions>
      </trkpt>
      <trkpt lat="29.7044062056" lon="106.513081575">
        <ele>198.0</ele>
        <time>2026-08-30T09:37:35+0800</time>
        <extensions>
          <gpxtpx:TrackPointExtension>
            <gpxtpx:hr>119</gpxtpx:hr>
            <gpxtpx:cad>80</gpxtpx:cad>
          </gpxtpx:TrackPointExtension>
        </extensions>
      </trkpt>
      <trkpt lat="29.7044108156" lon="106.513059614">
        <ele>198.0</ele>
        <time>2026-08-30T09:37:36+0800</time>
        <extensions>
          <gpxtpx:TrackPointExtension>
            <gpxtpx:hr>118</gpxtpx:hr>
            <gpxtpx:cad>80</gpxtpx:cad>
          </gpxtpx:TrackPointExtension>
        </extensions>
      </trkpt>
      <trkpt lat="29.7044175211" lon="106.513039917">
        <ele>198.0</ele>
        <time>2026-08-30T09:37:37+0800</time>
        <extensions>
          <gpxtpx:TrackPointExtension>
            <gpxtpx:hr>118</gpxtpx:hr>
            <gpxtpx:cad>80</gpxtpx:cad>
          </gpxtpx:TrackPointExtension>
        </extensions>
      </trkpt>
      <trkpt lat="29.7044252325" lon="106.513024746">
        <ele>197.8</ele>
        <time>2026-08-30T09:37:38+0800</time>
        <extensions>
          <gpxtpx:TrackPointExtension>
            <gpxtpx:hr>118</gpxtpx:hr>
            <gpxtpx:cad>80</gpxtpx:cad>
          </gpxtpx:TrackPointExtension>
        </extensions>
      </trkpt>
      <trkpt lat="29.7044389788" lon="106.513002785">
        <ele>197.8</ele>
        <time>2026-08-30T09:37:39+0800</time>
        <extensions>
          <gpxtpx:TrackPointExtension>
            <gpxtpx:hr>118</gpxtpx:hr>
            <gpxtpx:cad>81</gpxtpx:cad>
          </gpxtpx:TrackPointExtension>
        </extensions>
      </trkpt>
      <trkpt lat="29.7044512164" lon="106.512984596">
        <ele>197.8</ele>
        <time>2026-08-30T09:37:40+0800</time>
        <extensions>
          <gpxtpx:TrackPointExtension>
            <gpxtpx:hr>117</gpxtpx:hr>
            <gpxtpx:cad>80</gpxtpx:cad>
          </gpxtpx:TrackPointExtension>
        </extensions>
      </trkpt>
      <trkpt lat="29.7044591792" lon="106.512970179">
        <ele>197.6</ele>
        <time>2026-08-30T09:37:41+0800</time>
        <extensions>
          <gpxtpx:TrackPointExtension>
            <gpxtpx:hr>117</gpxtpx:hr>
            <gpxtpx:cad>80</gpxtpx:cad>
          </gpxtpx:TrackPointExtension>
        </extensions>
      </trkpt>
      <trkpt lat="29.7044734284" lon="106.512958864">
        <ele>197.6</ele>
        <time>2026-08-30T09:37:42+0800</time>
        <extensions>
          <gpxtpx:TrackPointExtension>
            <gpxtpx:hr>118</gpxtpx:hr>
            <gpxtpx:cad>80</gpxtpx:cad>
          </gpxtpx:TrackPointExtension>
        </extensions>
      </trkpt>
      <trkpt lat="29.7044902761" lon="106.512947548">
        <ele>197.6</ele>
        <time>2026-08-30T09:37:43+0800</time>
        <extensions>
          <gpxtpx:TrackPointExtension>
            <gpxtpx:hr>118</gpxtpx:hr>
            <gpxtpx:cad>80</gpxtpx:cad>
          </gpxtpx:TrackPointExtension>
        </extensions>
      </trkpt>
      <trkpt lat="29.7045079619" lon="106.512938244">
        <ele>197.4</ele>
        <time>2026-08-30T09:37:44+0800</time>
        <extensions>
          <gpxtpx:TrackPointExtension>
            <gpxtpx:hr>119</gpxtpx:hr>
            <gpxtpx:cad>81</gpxtpx:cad>
          </gpxtpx:TrackPointExtension>
        </extensions>
      </trkpt>
      <trkpt lat="29.7045290843" lon="106.512928773">
        <ele>197.4</ele>
        <time>2026-08-30T09:37:45+0800</time>
        <extensions>
          <gpxtpx:TrackPointExtension>
            <gpxtpx:hr>119</gpxtpx:hr>
            <gpxtpx:cad>81</gpxtpx:cad>
          </gpxtpx:TrackPointExtension>
        </extensions>
      </trkpt>
      <trkpt lat="29.7045476083" lon="106.512922822">
        <ele>197.4</ele>
        <time>2026-08-30T09:37:46+0800</time>
        <extensions>
          <gpxtpx:TrackPointExtension>
            <gpxtpx:hr>119</gpxtpx:hr>
            <gpxtpx:cad>81</gpxtpx:cad>
          </gpxtpx:TrackPointExtension>
        </extensions>
      </trkpt>
      <trkpt lat="29.7045664676" lon="106.512915445">
        <ele>197.4</ele>
        <time>2026-08-30T09:37:47+0800</time>
        <extensions>
          <gpxtpx:TrackPointExtension>
            <gpxtpx:hr>117</gpxtpx:hr>
            <gpxtpx:cad>81</gpxtpx:cad>
          </gpxtpx:TrackPointExtension>
        </extensions>
      </trkpt>
      <trkpt lat="29.7045859974" lon="106.512906309">
        <ele>197.4</ele>
        <time>2026-08-30T09:37:48+0800</time>
        <extensions>
          <gpxtpx:TrackPointExtension>
            <gpxtpx:hr>116</gpxtpx:hr>
            <gpxtpx:cad>82</gpxtpx:cad>
          </gpxtpx:TrackPointExtension>
        </extensions>
      </trkpt>
      <trkpt lat="29.7046022583" lon="106.512903711">
        <ele>197.6</ele>
        <time>2026-08-30T09:37:49+0800</time>
        <extensions>
          <gpxtpx:TrackPointExtension>
            <gpxtpx:hr>113</gpxtpx:hr>
            <gpxtpx:cad>82</gpxtpx:cad>
          </gpxtpx:TrackPointExtension>
        </extensions>
      </trkpt>
      <trkpt lat="29.704622291" lon="106.51289843">
        <ele>197.6</ele>
        <time>2026-08-30T09:37:50+0800</time>
        <extensions>
          <gpxtpx:TrackPointExtension>
            <gpxtpx:hr>112</gpxtpx:hr>
            <gpxtpx:cad>82</gpxtpx:cad>
          </gpxtpx:TrackPointExtension>
        </extensions>
      </trkpt>
      <trkpt lat="29.7046420723" lon="106.512895413">
        <ele>197.6</ele>
        <time>2026-08-30T09:37:51+0800</time>
        <extensions>
          <gpxtpx:TrackPointExtension>
            <gpxtpx:hr>111</gpxtpx:hr>
            <gpxtpx:cad>82</gpxtpx:cad>
          </gpxtpx:TrackPointExtension>
        </extensions>
      </trkpt>
      <trkpt lat="29.704657495" lon="106.512887953">
        <ele>197.6</ele>
        <time>2026-08-30T09:37:52+0800</time>
        <extensions>
          <gpxtpx:TrackPointExtension>
            <gpxtpx:hr>111</gpxtpx:hr>
            <gpxtpx:cad>82</gpxtpx:cad>
          </gpxtpx:TrackPointExtension>
        </extensions>
      </trkpt>
      <trkpt lat="29.7046773601" lon="106.512881499">
        <ele>197.6</ele>
        <time>2026-08-30T09:37:53+0800</time>
        <extensions>
          <gpxtpx:TrackPointExtension>
            <gpxtpx:hr>111</gpxtpx:hr>
            <gpxtpx:cad>82</gpxtpx:cad>
          </gpxtpx:TrackPointExtension>
        </extensions>
      </trkpt>
      <trkpt lat="29.704690855" lon="106.512875883">
        <ele>197.6</ele>
        <time>2026-08-30T09:37:54+0800</time>
        <extensions>
          <gpxtpx:TrackPointExtension>
            <gpxtpx:hr>110</gpxtpx:hr>
            <gpxtpx:cad>82</gpxtpx:cad>
          </gpxtpx:TrackPointExtension>
        </extensions>
      </trkpt>
      <trkpt lat="29.7047087923" lon="106.51286792">
        <ele>197.6</ele>
        <time>2026-08-30T09:37:55+0800</time>
        <extensions>
          <gpxtpx:TrackPointExtension>
            <gpxtpx:hr>111</gpxtpx:hr>
            <gpxtpx:cad>82</gpxtpx:cad>
          </gpxtpx:TrackPointExtension>
        </extensions>
      </trkpt>
      <trkpt lat="29.704725137" lon="106.512859287">
        <ele>197.8</ele>
        <time>2026-08-30T09:37:56+0800</time>
        <extensions>
          <gpxtpx:TrackPointExtension>
            <gpxtpx:hr>111</gpxtpx:hr>
            <gpxtpx:cad>82</gpxtpx:cad>
          </gpxtpx:TrackPointExtension>
        </extensions>
      </trkpt>
      <trkpt lat="29.7047356982" lon="106.512854341">
        <ele>197.8</ele>
        <time>2026-08-30T09:37:57+0800</time>
        <extensions>
          <gpxtpx:TrackPointExtension>
            <gpxtpx:hr>111</gpxtpx:hr>
            <gpxtpx:cad>83</gpxtpx:cad>
          </gpxtpx:TrackPointExtension>
        </extensions>
      </trkpt>
      <trkpt lat="29.7047529649" lon="106.512848977">
        <ele>197.8</ele>
        <time>2026-08-30T09:37:58+0800</time>
        <extensions>
          <gpxtpx:TrackPointExtension>
            <gpxtpx:hr>112</gpxtpx:hr>
            <gpxtpx:cad>82</gpxtpx:cad>
          </gpxtpx:TrackPointExtension>
        </extensions>
      </trkpt>
      <trkpt lat="29.7047709022" lon="106.512846798">
        <ele>198.0</ele>
        <time>2026-08-30T09:37:59+0800</time>
        <extensions>
          <gpxtpx:TrackPointExtension>
            <gpxtpx:hr>112</gpxtpx:hr>
            <gpxtpx:cad>82</gpxtpx:cad>
          </gpxtpx:TrackPointExtension>
        </extensions>
      </trkpt>
      <trkpt lat="29.7047860734" lon="106.51284378">
        <ele>198.0</ele>
        <time>2026-08-30T09:38:00+0800</time>
        <extensions>
          <gpxtpx:TrackPointExtension>
            <gpxtpx:hr>113</gpxtpx:hr>
            <gpxtpx:cad>81</gpxtpx:cad>
          </gpxtpx:TrackPointExtension>
        </extensions>
      </trkpt>
      <trkpt lat="29.7048082855" lon="106.512839422">
        <ele>198.0</ele>
        <time>2026-08-30T09:38:01+0800</time>
        <extensions>
          <gpxtpx:TrackPointExtension>
            <gpxtpx:hr>113</gpxtpx:hr>
            <gpxtpx:cad>81</gpxtpx:cad>
          </gpxtpx:TrackPointExtension>
        </extensions>
      </trkpt>
      <trkpt lat="29.7048268095" lon="106.51283741">
        <ele>198.2</ele>
        <time>2026-08-30T09:38:02+0800</time>
        <extensions>
          <gpxtpx:TrackPointExtension>
            <gpxtpx:hr>114</gpxtpx:hr>
            <gpxtpx:cad>82</gpxtpx:cad>
          </gpxtpx:TrackPointExtension>
        </extensions>
      </trkpt>
      <trkpt lat="29.7048419807" lon="106.512830956">
        <ele>198.2</ele>
        <time>2026-08-30T09:38:03+0800</time>
        <extensions>
          <gpxtpx:TrackPointExtension>
            <gpxtpx:hr>119</gpxtpx:hr>
            <gpxtpx:cad>82</gpxtpx:cad>
          </gpxtpx:TrackPointExtension>
        </extensions>
      </trkpt>
      <trkpt lat="29.7048610076" lon="106.512827519">
        <ele>198.2</ele>
        <time>2026-08-30T09:38:04+0800</time>
        <extensions>
          <gpxtpx:TrackPointExtension>
            <gpxtpx:hr>122</gpxtpx:hr>
            <gpxtpx:cad>82</gpxtpx:cad>
          </gpxtpx:TrackPointExtension>
        </extensions>
      </trkpt>
      <trkpt lat="29.7048719879" lon="106.512823999">
        <ele>198.2</ele>
        <time>2026-08-30T09:38:05+0800</time>
        <extensions>
          <gpxtpx:TrackPointExtension>
            <gpxtpx:hr>128</gpxtpx:hr>
            <gpxtpx:cad>82</gpxtpx:cad>
          </gpxtpx:TrackPointExtension>
        </extensions>
      </trkpt>
      <trkpt lat="29.7048939485" lon="106.512822071">
        <ele>198.2</ele>
        <time>2026-08-30T09:38:06+0800</time>
        <extensions>
          <gpxtpx:TrackPointExtension>
            <gpxtpx:hr>132</gpxtpx:hr>
            <gpxtpx:cad>82</gpxtpx:cad>
          </gpxtpx:TrackPointExtension>
        </extensions>
      </trkpt>
      <trkpt lat="29.7049088683" lon="106.51281964">
        <ele>198.2</ele>
        <time>2026-08-30T09:38:07+0800</time>
        <extensions>
          <gpxtpx:TrackPointExtension>
            <gpxtpx:hr>134</gpxtpx:hr>
            <gpxtpx:cad>82</gpxtpx:cad>
          </gpxtpx:TrackPointExtension>
        </extensions>
      </trkpt>
      <trkpt lat="29.7049206868" lon="106.512815114">
        <ele>198.2</ele>
        <time>2026-08-30T09:38:08+0800</time>
        <extensions>
          <gpxtpx:TrackPointExtension>
            <gpxtpx:hr>135</gpxtpx:hr>
            <gpxtpx:cad>82</gpxtpx:cad>
          </gpxtpx:TrackPointExtension>
        </extensions>
      </trkpt>
      <trkpt lat="29.7049399652" lon="106.512813857">
        <ele>198.2</ele>
        <time>2026-08-30T09:38:09+0800</time>
        <extensions>
          <gpxtpx:TrackPointExtension>
            <gpxtpx:hr>136</gpxtpx:hr>
            <gpxtpx:cad>81</gpxtpx:cad>
          </gpxtpx:TrackPointExtension>
        </extensions>
      </trkpt>
      <trkpt lat="29.7049578186" lon="106.512815701">
        <ele>198.2</ele>
        <time>2026-08-30T09:38:10+0800</time>
        <extensions>
          <gpxtpx:TrackPointExtension>
            <gpxtpx:hr>136</gpxtpx:hr>
            <gpxtpx:cad>81</gpxtpx:cad>
          </gpxtpx:TrackPointExtension>
        </extensions>
      </trkpt>
      <trkpt lat="29.7049731575" lon="106.512810588">
        <ele>198.2</ele>
        <time>2026-08-30T09:38:11+0800</time>
        <extensions>
          <gpxtpx:TrackPointExtension>
            <gpxtpx:hr>136</gpxtpx:hr>
            <gpxtpx:cad>82</gpxtpx:cad>
          </gpxtpx:TrackPointExtension>
        </extensions>
      </trkpt>
      <trkpt lat="29.7049918491" lon="106.512807403">
        <ele>198.2</ele>
        <time>2026-08-30T09:38:12+0800</time>
        <extensions>
          <gpxtpx:TrackPointExtension>
            <gpxtpx:hr>136</gpxtpx:hr>
            <gpxtpx:cad>83</gpxtpx:cad>
          </gpxtpx:TrackPointExtension>
        </extensions>
      </trkpt>
      <trkpt lat="29.7050055955" lon="106.512804134">
        <ele>198.2</ele>
        <time>2026-08-30T09:38:13+0800</time>
        <extensions>
          <gpxtpx:TrackPointExtension>
            <gpxtpx:hr>137</gpxtpx:hr>
            <gpxtpx:cad>83</gpxtpx:cad>
          </gpxtpx:TrackPointExtension>
        </extensions>
      </trkpt>
      <trkpt lat="29.7050224431" lon="106.512800697">
        <ele>198.2</ele>
        <time>2026-08-30T09:38:14+0800</time>
        <extensions>
          <gpxtpx:TrackPointExtension>
            <gpxtpx:hr>137</gpxtpx:hr>
            <gpxtpx:cad>82</gpxtpx:cad>
          </gpxtpx:TrackPointExtension>
        </extensions>
      </trkpt>
      <trkpt lat="29.7050389554" lon="106.512799775">
        <ele>198.2</ele>
        <time>2026-08-30T09:38:15+0800</time>
        <extensions>
          <gpxtpx:TrackPointExtension>
            <gpxtpx:hr>137</gpxtpx:hr>
            <gpxtpx:cad>81</gpxtpx:cad>
          </gpxtpx:TrackPointExtension>
        </extensions>
      </trkpt>
      <trkpt lat="29.7050564736" lon="106.512799356">
        <ele>198.2</ele>
        <time>2026-08-30T09:38:16+0800</time>
        <extensions>
          <gpxtpx:TrackPointExtension>
            <gpxtpx:hr>137</gpxtpx:hr>
            <gpxtpx:cad>81</gpxtpx:cad>
          </gpxtpx:TrackPointExtension>
        </extensions>
      </trkpt>
      <trkpt lat="29.7050759196" lon="106.512797931">
        <ele>198.2</ele>
        <time>2026-08-30T09:38:17+0800</time>
        <extensions>
          <gpxtpx:TrackPointExtension>
            <gpxtpx:hr>137</gpxtpx:hr>
            <gpxtpx:cad>81</gpxtpx:cad>
          </gpxtpx:TrackPointExtension>
        </extensions>
      </trkpt>
      <trkpt lat="29.70509151" lon="106.512798266">
        <ele>198.2</ele>
        <time>2026-08-30T09:38:18+0800</time>
        <extensions>
          <gpxtpx:TrackPointExtension>
            <gpxtpx:hr>137</gpxtpx:hr>
            <gpxtpx:cad>81</gpxtpx:cad>
          </gpxtpx:TrackPointExtension>
        </extensions>
      </trkpt>
      <trkpt lat="29.7051027417" lon="106.512796003">
        <ele>198.2</ele>
        <time>2026-08-30T09:38:19+0800</time>
        <extensions>
          <gpxtpx:TrackPointExtension>
            <gpxtpx:hr>137</gpxtpx:hr>
            <gpxtpx:cad>81</gpxtpx:cad>
          </gpxtpx:TrackPointExtension>
        </extensions>
      </trkpt>
      <trkpt lat="29.7051231097" lon="106.512791142">
        <ele>198.2</ele>
        <time>2026-08-30T09:38:20+0800</time>
        <extensions>
          <gpxtpx:TrackPointExtension>
            <gpxtpx:hr>136</gpxtpx:hr>
            <gpxtpx:cad>81</gpxtpx:cad>
          </gpxtpx:TrackPointExtension>
        </extensions>
      </trkpt>
      <trkpt lat="29.7051400412" lon="106.512791729">
        <ele>198.2</ele>
        <time>2026-08-30T09:38:21+0800</time>
        <extensions>
          <gpxtpx:TrackPointExtension>
            <gpxtpx:hr>137</gpxtpx:hr>
            <gpxtpx:cad>81</gpxtpx:cad>
          </gpxtpx:TrackPointExtension>
        </extensions>
      </trkpt>
      <trkpt lat="29.7051569726" lon="106.512789885">
        <ele>198.2</ele>
        <time>2026-08-30T09:38:22+0800</time>
        <extensions>
          <gpxtpx:TrackPointExtension>
            <gpxtpx:hr>137</gpxtpx:hr>
            <gpxtpx:cad>81</gpxtpx:cad>
          </gpxtpx:TrackPointExtension>
        </extensions>
      </trkpt>
      <trkpt lat="29.7051791847" lon="106.512786532">
        <ele>198.2</ele>
        <time>2026-08-30T09:38:23+0800</time>
        <extensions>
          <gpxtpx:TrackPointExtension>
            <gpxtpx:hr>138</gpxtpx:hr>
            <gpxtpx:cad>81</gpxtpx:cad>
          </gpxtpx:TrackPointExtension>
        </extensions>
      </trkpt>
      <trkpt lat="29.7051932663" lon="106.512779575">
        <ele>198.2</ele>
        <time>2026-08-30T09:38:24+0800</time>
        <extensions>
          <gpxtpx:TrackPointExtension>
            <gpxtpx:hr>138</gpxtpx:hr>
            <gpxtpx:cad>81</gpxtpx:cad>
          </gpxtpx:TrackPointExtension>
        </extensions>
      </trkpt>
      <trkpt lat="29.7052144725" lon="106.5127753">
        <ele>198.2</ele>
        <time>2026-08-30T09:38:25+0800</time>
        <extensions>
          <gpxtpx:TrackPointExtension>
            <gpxtpx:hr>138</gpxtpx:hr>
            <gpxtpx:cad>81</gpxtpx:cad>
          </gpxtpx:TrackPointExtension>
        </extensions>
      </trkpt>
      <trkpt lat="29.7052324098" lon="106.512772785">
        <ele>198.2</ele>
        <time>2026-08-30T09:38:26+0800</time>
        <extensions>
          <gpxtpx:TrackPointExtension>
            <gpxtpx:hr>138</gpxtpx:hr>
            <gpxtpx:cad>82</gpxtpx:cad>
          </gpxtpx:TrackPointExtension>
        </extensions>
      </trkpt>
      <trkpt lat="29.7052459884" lon="106.512768678">
        <ele>198.2</ele>
        <time>2026-08-30T09:38:27+0800</time>
        <extensions>
          <gpxtpx:TrackPointExtension>
            <gpxtpx:hr>138</gpxtpx:hr>
            <gpxtpx:cad>82</gpxtpx:cad>
          </gpxtpx:TrackPointExtension>
        </extensions>
      </trkpt>
      <trkpt lat="29.7052680328" lon="106.512764823">
        <ele>198.2</ele>
        <time>2026-08-30T09:38:28+0800</time>
        <extensions>
          <gpxtpx:TrackPointExtension>
            <gpxtpx:hr>138</gpxtpx:hr>
            <gpxtpx:cad>82</gpxtpx:cad>
          </gpxtpx:TrackPointExtension>
        </extensions>
      </trkpt>
      <trkpt lat="29.7052860539" lon="106.512762895">
        <ele>198.2</ele>
        <time>2026-08-30T09:38:29+0800</time>
        <extensions>
          <gpxtpx:TrackPointExtension>
            <gpxtpx:hr>138</gpxtpx:hr>
            <gpxtpx:cad>82</gpxtpx:cad>
          </gpxtpx:TrackPointExtension>
        </extensions>
      </trkpt>
      <trkpt lat="29.7053076793" lon="106.512758369">
        <ele>198.2</ele>
        <time>2026-08-30T09:38:30+0800</time>
        <extensions>
          <gpxtpx:TrackPointExtension>
            <gpxtpx:hr>138</gpxtpx:hr>
            <gpxtpx:cad>82</gpxtpx:cad>
          </gpxtpx:TrackPointExtension>
        </extensions>
      </trkpt>
      <trkpt lat="29.7053282149" lon="106.512757782">
        <ele>198.2</ele>
        <time>2026-08-30T09:38:31+0800</time>
        <extensions>
          <gpxtpx:TrackPointExtension>
            <gpxtpx:hr>138</gpxtpx:hr>
            <gpxtpx:cad>82</gpxtpx:cad>
          </gpxtpx:TrackPointExtension>
        </extensions>
      </trkpt>
      <trkpt lat="29.7053427156" lon="106.512754345">
        <ele>198.2</ele>
        <time>2026-08-30T09:38:32+0800</time>
        <extensions>
          <gpxtpx:TrackPointExtension>
            <gpxtpx:hr>138</gpxtpx:hr>
            <gpxtpx:cad>82</gpxtpx:cad>
          </gpxtpx:TrackPointExtension>
        </extensions>
      </trkpt>
      <trkpt lat="29.7053653467" lon="106.51275225">
        <ele>198.4</ele>
        <time>2026-08-30T09:38:33+0800</time>
        <extensions>
          <gpxtpx:TrackPointExtension>
            <gpxtpx:hr>139</gpxtpx:hr>
            <gpxtpx:cad>83</gpxtpx:cad>
          </gpxtpx:TrackPointExtension>
        </extensions>
      </trkpt>
      <trkpt lat="29.7053843737" lon="106.512752837">
        <ele>198.4</ele>
        <time>2026-08-30T09:38:34+0800</time>
        <extensions>
          <gpxtpx:TrackPointExtension>
            <gpxtpx:hr>140</gpxtpx:hr>
            <gpxtpx:cad>83</gpxtpx:cad>
          </gpxtpx:TrackPointExtension>
        </extensions>
      </trkpt>
      <trkpt lat="29.7054012213" lon="106.512751244">
        <ele>198.4</ele>
        <time>2026-08-30T09:38:35+0800</time>
        <extensions>
          <gpxtpx:TrackPointExtension>
            <gpxtpx:hr>140</gpxtpx:hr>
            <gpxtpx:cad>83</gpxtpx:cad>
          </gpxtpx:TrackPointExtension>
        </extensions>
      </trkpt>
      <trkpt lat="29.7054225951" lon="106.512750909">
        <ele>198.4</ele>
        <time>2026-08-30T09:38:36+0800</time>
        <extensions>
          <gpxtpx:TrackPointExtension>
            <gpxtpx:hr>141</gpxtpx:hr>
            <gpxtpx:cad>82</gpxtpx:cad>
          </gpxtpx:TrackPointExtension>
        </extensions>
      </trkpt>
      <trkpt lat="29.7054407839" lon="106.512752585">
        <ele>198.4</ele>
        <time>2026-08-30T09:38:37+0800</time>
        <extensions>
          <gpxtpx:TrackPointExtension>
            <gpxtpx:hr>142</gpxtpx:hr>
            <gpxtpx:cad>82</gpxtpx:cad>
          </gpxtpx:TrackPointExtension>
        </extensions>
      </trkpt>
      <trkpt lat="29.7054572962" lon="106.512751076">
        <ele>198.4</ele>
        <time>2026-08-30T09:38:38+0800</time>
        <extensions>
          <gpxtpx:TrackPointExtension>
            <gpxtpx:hr>142</gpxtpx:hr>
            <gpxtpx:cad>82</gpxtpx:cad>
          </gpxtpx:TrackPointExtension>
        </extensions>
      </trkpt>
      <trkpt lat="29.7054748144" lon="106.512750825">
        <ele>198.4</ele>
        <time>2026-08-30T09:38:39+0800</time>
        <extensions>
          <gpxtpx:TrackPointExtension>
            <gpxtpx:hr>142</gpxtpx:hr>
            <gpxtpx:cad>83</gpxtpx:cad>
          </gpxtpx:TrackPointExtension>
        </extensions>
      </trkpt>
      <trkpt lat="29.7054871358" lon="106.512748227">
        <ele>198.4</ele>
        <time>2026-08-30T09:38:40+0800</time>
        <extensions>
          <gpxtpx:TrackPointExtension>
            <gpxtpx:hr>143</gpxtpx:hr>
            <gpxtpx:cad>83</gpxtpx:cad>
          </gpxtpx:TrackPointExtension>
        </extensions>
      </trkpt>
      <trkpt lat="29.705504654" lon="106.512747556">
        <ele>198.4</ele>
        <time>2026-08-30T09:38:41+0800</time>
        <extensions>
          <gpxtpx:TrackPointExtension>
            <gpxtpx:hr>143</gpxtpx:hr>
            <gpxtpx:cad>82</gpxtpx:cad>
          </gpxtpx:TrackPointExtension>
        </extensions>
      </trkpt>
      <trkpt lat="29.7055211663" lon="106.512747724">
        <ele>198.4</ele>
        <time>2026-08-30T09:38:42+0800</time>
        <extensions>
          <gpxtpx:TrackPointExtension>
            <gpxtpx:hr>143</gpxtpx:hr>
            <gpxtpx:cad>82</gpxtpx:cad>
          </gpxtpx:TrackPointExtension>
        </extensions>
      </trkpt>
      <trkpt lat="29.7055323143" lon="106.512745293">
        <ele>198.4</ele>
        <time>2026-08-30T09:38:43+0800</time>
        <extensions>
          <gpxtpx:TrackPointExtension>
            <gpxtpx:hr>143</gpxtpx:hr>
            <gpxtpx:cad>81</gpxtpx:cad>
          </gpxtpx:TrackPointExtension>
        </extensions>
      </trkpt>
      <trkpt lat="29.705550503" lon="106.512743365">
        <ele>198.6</ele>
        <time>2026-08-30T09:38:44+0800</time>
        <extensions>
          <gpxtpx:TrackPointExtension>
            <gpxtpx:hr>143</gpxtpx:hr>
            <gpxtpx:cad>80</gpxtpx:cad>
          </gpxtpx:TrackPointExtension>
        </extensions>
      </trkpt>
      <trkpt lat="29.705566261" lon="106.512743868">
        <ele>198.6</ele>
        <time>2026-08-30T09:38:45+0800</time>
        <extensions>
          <gpxtpx:TrackPointExtension>
            <gpxtpx:hr>143</gpxtpx:hr>
            <gpxtpx:cad>80</gpxtpx:cad>
          </gpxtpx:TrackPointExtension>
        </extensions>
      </trkpt>
      <trkpt lat="29.7055803426" lon="106.512740934">
        <ele>198.6</ele>
        <time>2026-08-30T09:38:46+0800</time>
        <extensions>
          <gpxtpx:TrackPointExtension>
            <gpxtpx:hr>144</gpxtpx:hr>
            <gpxtpx:cad>81</gpxtpx:cad>
          </gpxtpx:TrackPointExtension>
        </extensions>
      </trkpt>
      <trkpt lat="29.7056028061" lon="106.512738168">
        <ele>198.6</ele>
        <time>2026-08-30T09:38:47+0800</time>
        <extensions>
          <gpxtpx:TrackPointExtension>
            <gpxtpx:hr>145</gpxtpx:hr>
            <gpxtpx:cad>81</gpxtpx:cad>
          </gpxtpx:TrackPointExtension>
        </extensions>
      </trkpt>
      <trkpt lat="29.7056193184" lon="106.512738923">
        <ele>198.6</ele>
        <time>2026-08-30T09:38:48+0800</time>
        <extensions>
          <gpxtpx:TrackPointExtension>
            <gpxtpx:hr>146</gpxtpx:hr>
            <gpxtpx:cad>80</gpxtpx:cad>
          </gpxtpx:TrackPointExtension>
        </extensions>
      </trkpt>
      <trkpt lat="29.7056268621" lon="106.512730289">
        <ele>198.8</ele>
        <time>2026-08-30T09:38:49+0800</time>
        <extensions>
          <gpxtpx:TrackPointExtension>
            <gpxtpx:hr>146</gpxtpx:hr>
            <gpxtpx:cad>80</gpxtpx:cad>
          </gpxtpx:TrackPointExtension>
        </extensions>
      </trkpt>
      <trkpt lat="29.7056437936" lon="106.512730625">
        <ele>198.8</ele>
        <time>2026-08-30T09:38:50+0800</time>
        <extensions>
          <gpxtpx:TrackPointExtension>
            <gpxtpx:hr>146</gpxtpx:hr>
            <gpxtpx:cad>80</gpxtpx:cad>
          </gpxtpx:TrackPointExtension>
        </extensions>
      </trkpt>
      <trkpt lat="29.705659803" lon="106.512728697">
        <ele>198.8</ele>
        <time>2026-08-30T09:38:51+0800</time>
        <extensions>
          <gpxtpx:TrackPointExtension>
            <gpxtpx:hr>146</gpxtpx:hr>
            <gpxtpx:cad>81</gpxtpx:cad>
          </gpxtpx:TrackPointExtension>
        </extensions>
      </trkpt>
      <trkpt lat="29.7056736331" lon="106.512725595">
        <ele>198.8</ele>
        <time>2026-08-30T09:38:52+0800</time>
        <extensions>
          <gpxtpx:TrackPointExtension>
            <gpxtpx:hr>146</gpxtpx:hr>
            <gpxtpx:cad>81</gpxtpx:cad>
          </gpxtpx:TrackPointExtension>
        </extensions>
      </trkpt>
      <trkpt lat="29.7056930792" lon="106.512726853">
        <ele>198.8</ele>
        <time>2026-08-30T09:38:53+0800</time>
        <extensions>
          <gpxtpx:TrackPointExtension>
            <gpxtpx:hr>146</gpxtpx:hr>
            <gpxtpx:cad>81</gpxtpx:cad>
          </gpxtpx:TrackPointExtension>
        </extensions>
      </trkpt>
      <trkpt lat="29.7057097591" lon="106.512729032">
        <ele>198.8</ele>
        <time>2026-08-30T09:38:54+0800</time>
        <extensions>
          <gpxtpx:TrackPointExtension>
            <gpxtpx:hr>146</gpxtpx:hr>
            <gpxtpx:cad>81</gpxtpx:cad>
          </gpxtpx:TrackPointExtension>
        </extensions>
      </trkpt>
      <trkpt lat="29.705723254" lon="106.512726182">
        <ele>198.6</ele>
        <time>2026-08-30T09:38:55+0800</time>
        <extensions>
          <gpxtpx:TrackPointExtension>
            <gpxtpx:hr>146</gpxtpx:hr>
            <gpxtpx:cad>81</gpxtpx:cad>
          </gpxtpx:TrackPointExtension>
        </extensions>
      </trkpt>
      <trkpt lat="29.7057387605" lon="106.512720902">
        <ele>198.6</ele>
        <time>2026-08-30T09:38:56+0800</time>
        <extensions>
          <gpxtpx:TrackPointExtension>
            <gpxtpx:hr>146</gpxtpx:hr>
            <gpxtpx:cad>81</gpxtpx:cad>
          </gpxtpx:TrackPointExtension>
        </extensions>
      </trkpt>
      <trkpt lat="29.7057528421" lon="106.512718555">
        <ele>198.6</ele>
        <time>2026-08-30T09:38:57+0800</time>
        <extensions>
          <gpxtpx:TrackPointExtension>
            <gpxtpx:hr>146</gpxtpx:hr>
            <gpxtpx:cad>80</gpxtpx:cad>
          </gpxtpx:TrackPointExtension>
        </extensions>
      </trkpt>
      <trkpt lat="29.705763571" lon="106.512710257">
        <ele>198.4</ele>
        <time>2026-08-30T09:38:58+0800</time>
        <extensions>
          <gpxtpx:TrackPointExtension>
            <gpxtpx:hr>146</gpxtpx:hr>
            <gpxtpx:cad>80</gpxtpx:cad>
          </gpxtpx:TrackPointExtension>
        </extensions>
      </trkpt>
      <trkpt lat="29.7057796642" lon="106.512702378">
        <ele>198.4</ele>
        <time>2026-08-30T09:38:59+0800</time>
        <extensions>
          <gpxtpx:TrackPointExtension>
            <gpxtpx:hr>146</gpxtpx:hr>
            <gpxtpx:cad>80</gpxtpx:cad>
          </gpxtpx:TrackPointExtension>
        </extensions>
      </trkpt>
      <trkpt lat="29.7057949193" lon="106.512701875">
        <ele>198.4</ele>
        <time>2026-08-30T09:39:00+0800</time>
        <extensions>
          <gpxtpx:TrackPointExtension>
            <gpxtpx:hr>145</gpxtpx:hr>
            <gpxtpx:cad>80</gpxtpx:cad>
          </gpxtpx:TrackPointExtension>
        </extensions>
      </trkpt>
      <trkpt lat="29.7058109287" lon="106.512699025">
        <ele>198.4</ele>
        <time>2026-08-30T09:39:01+0800</time>
        <extensions>
          <gpxtpx:TrackPointExtension>
            <gpxtpx:hr>145</gpxtpx:hr>
            <gpxtpx:cad>80</gpxtpx:cad>
          </gpxtpx:TrackPointExtension>
        </extensions>
      </trkpt>
      <trkpt lat="29.7058264352" lon="106.51269584">
        <ele>198.2</ele>
        <time>2026-08-30T09:39:02+0800</time>
        <extensions>
          <gpxtpx:TrackPointExtension>
            <gpxtpx:hr>145</gpxtpx:hr>
            <gpxtpx:cad>80</gpxtpx:cad>
          </gpxtpx:TrackPointExtension>
        </extensions>
      </trkpt>
      <trkpt lat="29.7058379184" lon="106.512692235">
        <ele>198.2</ele>
        <time>2026-08-30T09:39:03+0800</time>
        <extensions>
          <gpxtpx:TrackPointExtension>
            <gpxtpx:hr>145</gpxtpx:hr>
            <gpxtpx:cad>80</gpxtpx:cad>
          </gpxtpx:TrackPointExtension>
        </extensions>
      </trkpt>
      <trkpt lat="29.7058518324" lon="106.512687374">
        <ele>198.2</ele>
        <time>2026-08-30T09:39:04+0800</time>
        <extensions>
          <gpxtpx:TrackPointExtension>
            <gpxtpx:hr>144</gpxtpx:hr>
            <gpxtpx:cad>80</gpxtpx:cad>
          </gpxtpx:TrackPointExtension>
        </extensions>
      </trkpt>
      <trkpt lat="29.70586868" lon="106.512684105">
        <ele>198.2</ele>
        <time>2026-08-30T09:39:05+0800</time>
        <extensions>
          <gpxtpx:TrackPointExtension>
            <gpxtpx:hr>143</gpxtpx:hr>
            <gpxtpx:cad>79</gpxtpx:cad>
          </gpxtpx:TrackPointExtension>
        </extensions>
      </trkpt>
      <trkpt lat="29.7058870364" lon="106.512681758">
        <ele>198.2</ele>
        <time>2026-08-30T09:39:06+0800</time>
        <extensions>
          <gpxtpx:TrackPointExtension>
            <gpxtpx:hr>143</gpxtpx:hr>
            <gpxtpx:cad>79</gpxtpx:cad>
          </gpxtpx:TrackPointExtension>
        </extensions>
      </trkpt>
      <trkpt lat="29.7059031297" lon="106.512675807">
        <ele>198.0</ele>
        <time>2026-08-30T09:39:07+0800</time>
        <extensions>
          <gpxtpx:TrackPointExtension>
            <gpxtpx:hr>142</gpxtpx:hr>
            <gpxtpx:cad>80</gpxtpx:cad>
          </gpxtpx:TrackPointExtension>
        </extensions>
      </trkpt>
      <trkpt lat="29.7059198935" lon="106.512669353">
        <ele>198.0</ele>
        <time>2026-08-30T09:39:08+0800</time>
        <extensions>
          <gpxtpx:TrackPointExtension>
            <gpxtpx:hr>142</gpxtpx:hr>
            <gpxtpx:cad>80</gpxtpx:cad>
          </gpxtpx:TrackPointExtension>
        </extensions>
      </trkpt>
      <trkpt lat="29.705933053" lon="106.512665162">
        <ele>198.0</ele>
        <time>2026-08-30T09:39:09+0800</time>
        <extensions>
          <gpxtpx:TrackPointExtension>
            <gpxtpx:hr>142</gpxtpx:hr>
            <gpxtpx:cad>80</gpxtpx:cad>
          </gpxtpx:TrackPointExtension>
        </extensions>
      </trkpt>
      <trkpt lat="29.7059525829" lon="106.512658708">
        <ele>198.0</ele>
        <time>2026-08-30T09:39:10+0800</time>
        <extensions>
          <gpxtpx:TrackPointExtension>
            <gpxtpx:hr>142</gpxtpx:hr>
            <gpxtpx:cad>80</gpxtpx:cad>
          </gpxtpx:TrackPointExtension>
        </extensions>
      </trkpt>
      <trkpt lat="29.7059681732" lon="106.512655606">
        <ele>198.0</ele>
        <time>2026-08-30T09:39:11+0800</time>
        <extensions>
          <gpxtpx:TrackPointExtension>
            <gpxtpx:hr>141</gpxtpx:hr>
            <gpxtpx:cad>81</gpxtpx:cad>
          </gpxtpx:TrackPointExtension>
        </extensions>
      </trkpt>
      <trkpt lat="29.7059815843" lon="106.512650494">
        <ele>198.0</ele>
        <time>2026-08-30T09:39:12+0800</time>
        <extensions>
          <gpxtpx:TrackPointExtension>
            <gpxtpx:hr>141</gpxtpx:hr>
            <gpxtpx:cad>82</gpxtpx:cad>
          </gpxtpx:TrackPointExtension>
        </extensions>
      </trkpt>
      <trkpt lat="29.7060000245" lon="106.512639597">
        <ele>198.0</ele>
        <time>2026-08-30T09:39:13+0800</time>
        <extensions>
          <gpxtpx:TrackPointExtension>
            <gpxtpx:hr>141</gpxtpx:hr>
            <gpxtpx:cad>83</gpxtpx:cad>
          </gpxtpx:TrackPointExtension>
        </extensions>
      </trkpt>
      <trkpt lat="29.7060107533" lon="106.512630293">
        <ele>198.0</ele>
        <time>2026-08-30T09:39:14+0800</time>
        <extensions>
          <gpxtpx:TrackPointExtension>
            <gpxtpx:hr>140</gpxtpx:hr>
            <gpxtpx:cad>83</gpxtpx:cad>
          </gpxtpx:TrackPointExtension>
        </extensions>
      </trkpt>
      <trkpt lat="29.7060245834" lon="106.512618307">
        <ele>198.0</ele>
        <time>2026-08-30T09:39:15+0800</time>
        <extensions>
          <gpxtpx:TrackPointExtension>
            <gpxtpx:hr>140</gpxtpx:hr>
            <gpxtpx:cad>82</gpxtpx:cad>
          </gpxtpx:TrackPointExtension>
        </extensions>
      </trkpt>
      <trkpt lat="29.7060382459" lon="106.51260565">
        <ele>198.2</ele>
        <time>2026-08-30T09:39:16+0800</time>
        <extensions>
          <gpxtpx:TrackPointExtension>
            <gpxtpx:hr>140</gpxtpx:hr>
            <gpxtpx:cad>82</gpxtpx:cad>
          </gpxtpx:TrackPointExtension>
        </extensions>
      </trkpt>
      <trkpt lat="29.7060494777" lon="106.512594251">
        <ele>198.2</ele>
        <time>2026-08-30T09:39:17+0800</time>
        <extensions>
          <gpxtpx:TrackPointExtension>
            <gpxtpx:hr>140</gpxtpx:hr>
            <gpxtpx:cad>81</gpxtpx:cad>
          </gpxtpx:TrackPointExtension>
        </extensions>
      </trkpt>
      <trkpt lat="29.706065068" lon="106.512580337">
        <ele>198.2</ele>
        <time>2026-08-30T09:39:18+0800</time>
        <extensions>
          <gpxtpx:TrackPointExtension>
            <gpxtpx:hr>140</gpxtpx:hr>
            <gpxtpx:cad>81</gpxtpx:cad>
          </gpxtpx:TrackPointExtension>
        </extensions>
      </trkpt>
      <trkpt lat="29.7060796525" lon="106.512569189">
        <ele>198.2</ele>
        <time>2026-08-30T09:39:19+0800</time>
        <extensions>
          <gpxtpx:TrackPointExtension>
            <gpxtpx:hr>139</gpxtpx:hr>
            <gpxtpx:cad>81</gpxtpx:cad>
          </gpxtpx:TrackPointExtension>
        </extensions>
      </trkpt>
      <trkpt lat="29.7060892917" lon="106.512556197">
        <ele>198.4</ele>
        <time>2026-08-30T09:39:20+0800</time>
        <extensions>
          <gpxtpx:TrackPointExtension>
            <gpxtpx:hr>139</gpxtpx:hr>
            <gpxtpx:cad>81</gpxtpx:cad>
          </gpxtpx:TrackPointExtension>
        </extensions>
      </trkpt>
      <trkpt lat="29.7061058879" lon="106.512541529">
        <ele>198.4</ele>
        <time>2026-08-30T09:39:21+0800</time>
        <extensions>
          <gpxtpx:TrackPointExtension>
            <gpxtpx:hr>137</gpxtpx:hr>
            <gpxtpx:cad>81</gpxtpx:cad>
          </gpxtpx:TrackPointExtension>
        </extensions>
      </trkpt>
      <trkpt lat="29.7061183769" lon="106.512531219">
        <ele>198.4</ele>
        <time>2026-08-30T09:39:22+0800</time>
        <extensions>
          <gpxtpx:TrackPointExtension>
            <gpxtpx:hr>136</gpxtpx:hr>
            <gpxtpx:cad>81</gpxtpx:cad>
          </gpxtpx:TrackPointExtension>
        </extensions>
      </trkpt>
      <trkpt lat="29.7061278485" lon="106.512518059">
        <ele>198.4</ele>
        <time>2026-08-30T09:39:23+0800</time>
        <extensions>
          <gpxtpx:TrackPointExtension>
            <gpxtpx:hr>136</gpxtpx:hr>
            <gpxtpx:cad>82</gpxtpx:cad>
          </gpxtpx:TrackPointExtension>
        </extensions>
      </trkpt>
      <trkpt lat="29.7061425168" lon="106.512508001">
        <ele>198.6</ele>
        <time>2026-08-30T09:39:24+0800</time>
        <extensions>
          <gpxtpx:TrackPointExtension>
            <gpxtpx:hr>136</gpxtpx:hr>
            <gpxtpx:cad>82</gpxtpx:cad>
          </gpxtpx:TrackPointExtension>
        </extensions>
      </trkpt>
      <trkpt lat="29.7061523236" lon="106.512499368">
        <ele>198.6</ele>
        <time>2026-08-30T09:39:25+0800</time>
        <extensions>
          <gpxtpx:TrackPointExtension>
            <gpxtpx:hr>136</gpxtpx:hr>
            <gpxtpx:cad>82</gpxtpx:cad>
          </gpxtpx:TrackPointExtension>
        </extensions>
      </trkpt>
      <trkpt lat="29.7061662376" lon="106.512491154">
        <ele>198.8</ele>
        <time>2026-08-30T09:39:26+0800</time>
        <extensions>
          <gpxtpx:TrackPointExtension>
            <gpxtpx:hr>136</gpxtpx:hr>
            <gpxtpx:cad>82</gpxtpx:cad>
          </gpxtpx:TrackPointExtension>
        </extensions>
      </trkpt>
      <trkpt lat="29.7061820794" lon="106.512484532">
        <ele>198.8</ele>
        <time>2026-08-30T09:39:27+0800</time>
        <extensions>
          <gpxtpx:TrackPointExtension>
            <gpxtpx:hr>136</gpxtpx:hr>
            <gpxtpx:cad>82</gpxtpx:cad>
          </gpxtpx:TrackPointExtension>
        </extensions>
      </trkpt>
      <trkpt lat="29.706192892" lon="106.512477323">
        <ele>198.8</ele>
        <time>2026-08-30T09:39:28+0800</time>
        <extensions>
          <gpxtpx:TrackPointExtension>
            <gpxtpx:hr>136</gpxtpx:hr>
            <gpxtpx:cad>81</gpxtpx:cad>
          </gpxtpx:TrackPointExtension>
        </extensions>
      </trkpt>
      <trkpt lat="29.7062075604" lon="106.512471875">
        <ele>198.8</ele>
        <time>2026-08-30T09:39:29+0800</time>
        <extensions>
          <gpxtpx:TrackPointExtension>
            <gpxtpx:hr>136</gpxtpx:hr>
            <gpxtpx:cad>81</gpxtpx:cad>
          </gpxtpx:TrackPointExtension>
        </extensions>
      </trkpt>
      <trkpt lat="29.7062208038" lon="106.512463829">
        <ele>199.0</ele>
        <time>2026-08-30T09:39:30+0800</time>
        <extensions>
          <gpxtpx:TrackPointExtension>
            <gpxtpx:hr>137</gpxtpx:hr>
            <gpxtpx:cad>82</gpxtpx:cad>
          </gpxtpx:TrackPointExtension>
        </extensions>
      </trkpt>
      <trkpt lat="29.7062300239" lon="106.512457123">
        <ele>199.2</ele>
        <time>2026-08-30T09:39:31+0800</time>
        <extensions>
          <gpxtpx:TrackPointExtension>
            <gpxtpx:hr>137</gpxtpx:hr>
            <gpxtpx:cad>82</gpxtpx:cad>
          </gpxtpx:TrackPointExtension>
        </extensions>
      </trkpt>
      <trkpt lat="29.7062416747" lon="106.512449663">
        <ele>199.2</ele>
        <time>2026-08-30T09:39:32+0800</time>
        <extensions>
          <gpxtpx:TrackPointExtension>
            <gpxtpx:hr>137</gpxtpx:hr>
            <gpxtpx:cad>82</gpxtpx:cad>
          </gpxtpx:TrackPointExtension>
        </extensions>
      </trkpt>
      <trkpt lat="29.7062547505" lon="106.512440946">
        <ele>199.4</ele>
        <time>2026-08-30T09:39:33+0800</time>
        <extensions>
          <gpxtpx:TrackPointExtension>
            <gpxtpx:hr>138</gpxtpx:hr>
            <gpxtpx:cad>82</gpxtpx:cad>
          </gpxtpx:TrackPointExtension>
        </extensions>
      </trkpt>
      <trkpt lat="29.7062658146" lon="106.512436504">
        <ele>199.4</ele>
        <time>2026-08-30T09:39:34+0800</time>
        <extensions>
          <gpxtpx:TrackPointExtension>
            <gpxtpx:hr>138</gpxtpx:hr>
            <gpxtpx:cad>79</gpxtpx:cad>
          </gpxtpx:TrackPointExtension>
        </extensions>
      </trkpt>
      <trkpt lat="29.7062819079" lon="106.512429547">
        <ele>199.6</ele>
        <time>2026-08-30T09:39:35+0800</time>
        <extensions>
          <gpxtpx:TrackPointExtension>
            <gpxtpx:hr>138</gpxtpx:hr>
            <gpxtpx:cad>79</gpxtpx:cad>
          </gpxtpx:TrackPointExtension>
        </extensions>
      </trkpt>
      <trkpt lat="29.7062879428" lon="106.512433905">
        <ele>199.6</ele>
        <time>2026-08-30T09:39:36+0800</time>
        <extensions>
          <gpxtpx:TrackPointExtension>
            <gpxtpx:hr>137</gpxtpx:hr>
            <gpxtpx:cad>80</gpxtpx:cad>
          </gpxtpx:TrackPointExtension>
        </extensions>
      </trkpt>
      <trkpt lat="29.7062928881" lon="106.512441281">
        <ele>199.6</ele>
        <time>2026-08-30T09:39:37+0800</time>
        <extensions>
          <gpxtpx:TrackPointExtension>
            <gpxtpx:hr>138</gpxtpx:hr>
            <gpxtpx:cad>80</gpxtpx:cad>
          </gpxtpx:TrackPointExtension>
        </extensions>
      </trkpt>
      <trkpt lat="29.7063011862" lon="106.512442287">
        <ele>199.8</ele>
        <time>2026-08-30T09:39:38+0800</time>
        <extensions>
          <gpxtpx:TrackPointExtension>
            <gpxtpx:hr>138</gpxtpx:hr>
            <gpxtpx:cad>80</gpxtpx:cad>
          </gpxtpx:TrackPointExtension>
        </extensions>
      </trkpt>
      <trkpt lat="29.70631334" lon="106.512437845">
        <ele>199.8</ele>
        <time>2026-08-30T09:39:39+0800</time>
        <extensions>
          <gpxtpx:TrackPointExtension>
            <gpxtpx:hr>137</gpxtpx:hr>
            <gpxtpx:cad>80</gpxtpx:cad>
          </gpxtpx:TrackPointExtension>
        </extensions>
      </trkpt>
      <trkpt lat="29.7063263319" lon="106.512431391">
        <ele>199.8</ele>
        <time>2026-08-30T09:39:40+0800</time>
        <extensions>
          <gpxtpx:TrackPointExtension>
            <gpxtpx:hr>138</gpxtpx:hr>
            <gpxtpx:cad>80</gpxtpx:cad>
          </gpxtpx:TrackPointExtension>
        </extensions>
      </trkpt>
      <trkpt lat="29.706341587" lon="106.512428038">
        <ele>199.6</ele>
        <time>2026-08-30T09:39:41+0800</time>
        <extensions>
          <gpxtpx:TrackPointExtension>
            <gpxtpx:hr>138</gpxtpx:hr>
            <gpxtpx:cad>81</gpxtpx:cad>
          </gpxtpx:TrackPointExtension>
        </extensions>
      </trkpt>
      <trkpt lat="29.706354076" lon="106.512421668">
        <ele>199.6</ele>
        <time>2026-08-30T09:39:42+0800</time>
        <extensions>
          <gpxtpx:TrackPointExtension>
            <gpxtpx:hr>138</gpxtpx:hr>
            <gpxtpx:cad>81</gpxtpx:cad>
          </gpxtpx:TrackPointExtension>
        </extensions>
      </trkpt>
      <trkpt lat="29.7063674033" lon="106.512415297">
        <ele>199.6</ele>
        <time>2026-08-30T09:39:43+0800</time>
        <extensions>
          <gpxtpx:TrackPointExtension>
            <gpxtpx:hr>138</gpxtpx:hr>
            <gpxtpx:cad>81</gpxtpx:cad>
          </gpxtpx:TrackPointExtension>
        </extensions>
      </trkpt>
      <trkpt lat="29.7063856758" lon="106.51240834">
        <ele>199.6</ele>
        <time>2026-08-30T09:39:44+0800</time>
        <extensions>
          <gpxtpx:TrackPointExtension>
            <gpxtpx:hr>138</gpxtpx:hr>
            <gpxtpx:cad>81</gpxtpx:cad>
          </gpxtpx:TrackPointExtension>
        </extensions>
      </trkpt>
      <trkpt lat="29.7063999251" lon="106.512402305">
        <ele>199.6</ele>
        <time>2026-08-30T09:39:45+0800</time>
        <extensions>
          <gpxtpx:TrackPointExtension>
            <gpxtpx:hr>137</gpxtpx:hr>
            <gpxtpx:cad>82</gpxtpx:cad>
          </gpxtpx:TrackPointExtension>
        </extensions>
      </trkpt>
      <trkpt lat="29.7064176109" lon="106.51239627">
        <ele>199.6</ele>
        <time>2026-08-30T09:39:46+0800</time>
        <extensions>
          <gpxtpx:TrackPointExtension>
            <gpxtpx:hr>137</gpxtpx:hr>
            <gpxtpx:cad>82</gpxtpx:cad>
          </gpxtpx:TrackPointExtension>
        </extensions>
      </trkpt>
      <trkpt lat="29.7064337041" lon="106.512392499">
        <ele>199.6</ele>
        <time>2026-08-30T09:39:47+0800</time>
        <extensions>
          <gpxtpx:TrackPointExtension>
            <gpxtpx:hr>137</gpxtpx:hr>
            <gpxtpx:cad>82</gpxtpx:cad>
          </gpxtpx:TrackPointExtension>
        </extensions>
      </trkpt>
      <trkpt lat="29.7064451035" lon="106.512384955">
        <ele>199.6</ele>
        <time>2026-08-30T09:39:48+0800</time>
        <extensions>
          <gpxtpx:TrackPointExtension>
            <gpxtpx:hr>137</gpxtpx:hr>
            <gpxtpx:cad>82</gpxtpx:cad>
          </gpxtpx:TrackPointExtension>
        </extensions>
      </trkpt>
      <trkpt lat="29.706463879" lon="106.512379758">
        <ele>199.6</ele>
        <time>2026-08-30T09:39:49+0800</time>
        <extensions>
          <gpxtpx:TrackPointExtension>
            <gpxtpx:hr>137</gpxtpx:hr>
            <gpxtpx:cad>82</gpxtpx:cad>
          </gpxtpx:TrackPointExtension>
        </extensions>
      </trkpt>
      <trkpt lat="29.7064819839" lon="106.51237959">
        <ele>199.6</ele>
        <time>2026-08-30T09:39:50+0800</time>
        <extensions>
          <gpxtpx:TrackPointExtension>
            <gpxtpx:hr>137</gpxtpx:hr>
            <gpxtpx:cad>82</gpxtpx:cad>
          </gpxtpx:TrackPointExtension>
        </extensions>
      </trkpt>
      <trkpt lat="29.7065001726" lon="106.512379423">
        <ele>199.6</ele>
        <time>2026-08-30T09:39:51+0800</time>
        <extensions>
          <gpxtpx:TrackPointExtension>
            <gpxtpx:hr>138</gpxtpx:hr>
            <gpxtpx:cad>83</gpxtpx:cad>
          </gpxtpx:TrackPointExtension>
        </extensions>
      </trkpt>
      <trkpt lat="29.7065166011" lon="106.512378082">
        <ele>199.6</ele>
        <time>2026-08-30T09:39:52+0800</time>
        <extensions>
          <gpxtpx:TrackPointExtension>
            <gpxtpx:hr>138</gpxtpx:hr>
            <gpxtpx:cad>83</gpxtpx:cad>
          </gpxtpx:TrackPointExtension>
        </extensions>
      </trkpt>
      <trkpt lat="29.706531018" lon="106.512376741">
        <ele>199.6</ele>
        <time>2026-08-30T09:39:53+0800</time>
        <extensions>
          <gpxtpx:TrackPointExtension>
            <gpxtpx:hr>138</gpxtpx:hr>
            <gpxtpx:cad>82</gpxtpx:cad>
          </gpxtpx:TrackPointExtension>
        </extensions>
      </trkpt>
      <trkpt lat="29.7065488715" lon="106.512376405">
        <ele>199.6</ele>
        <time>2026-08-30T09:39:54+0800</time>
        <extensions>
          <gpxtpx:TrackPointExtension>
            <gpxtpx:hr>138</gpxtpx:hr>
            <gpxtpx:cad>82</gpxtpx:cad>
          </gpxtpx:TrackPointExtension>
        </extensions>
      </trkpt>
      <trkpt lat="29.7065645456" lon="106.512383698">
        <ele>199.6</ele>
        <time>2026-08-30T09:39:55+0800</time>
        <extensions>
          <gpxtpx:TrackPointExtension>
            <gpxtpx:hr>139</gpxtpx:hr>
            <gpxtpx:cad>82</gpxtpx:cad>
          </gpxtpx:TrackPointExtension>
        </extensions>
      </trkpt>
      <trkpt lat="29.706578292" lon="106.512385793">
        <ele>199.6</ele>
        <time>2026-08-30T09:39:56+0800</time>
        <extensions>
          <gpxtpx:TrackPointExtension>
            <gpxtpx:hr>139</gpxtpx:hr>
            <gpxtpx:cad>81</gpxtpx:cad>
          </gpxtpx:TrackPointExtension>
        </extensions>
      </trkpt>
      <trkpt lat="29.7065978218" lon="106.512391996">
        <ele>199.6</ele>
        <time>2026-08-30T09:39:57+0800</time>
        <extensions>
          <gpxtpx:TrackPointExtension>
            <gpxtpx:hr>140</gpxtpx:hr>
            <gpxtpx:cad>81</gpxtpx:cad>
          </gpxtpx:TrackPointExtension>
        </extensions>
      </trkpt>
      <trkpt lat="29.7066090535" lon="106.512397109">
        <ele>199.6</ele>
        <time>2026-08-30T09:39:58+0800</time>
        <extensions>
          <gpxtpx:TrackPointExtension>
            <gpxtpx:hr>140</gpxtpx:hr>
            <gpxtpx:cad>81</gpxtpx:cad>
          </gpxtpx:TrackPointExtension>
        </extensions>
      </trkpt>
      <trkpt lat="29.706624141" lon="106.512403814">
        <ele>199.6</ele>
        <time>2026-08-30T09:39:59+0800</time>
        <extensions>
          <gpxtpx:TrackPointExtension>
            <gpxtpx:hr>141</gpxtpx:hr>
            <gpxtpx:cad>82</gpxtpx:cad>
          </gpxtpx:TrackPointExtension>
        </extensions>
      </trkpt>
      <trkpt lat="29.7066383064" lon="106.512416638">
        <ele>199.6</ele>
        <time>2026-08-30T09:40:00+0800</time>
        <extensions>
          <gpxtpx:TrackPointExtension>
            <gpxtpx:hr>141</gpxtpx:hr>
            <gpxtpx:cad>82</gpxtpx:cad>
          </gpxtpx:TrackPointExtension>
        </extensions>
      </trkpt>
      <trkpt lat="29.7066512145" lon="106.512423428">
        <ele>199.6</ele>
        <time>2026-08-30T09:40:01+0800</time>
        <extensions>
          <gpxtpx:TrackPointExtension>
            <gpxtpx:hr>141</gpxtpx:hr>
            <gpxtpx:cad>82</gpxtpx:cad>
          </gpxtpx:TrackPointExtension>
        </extensions>
      </trkpt>
      <trkpt lat="29.7066674754" lon="106.512433821">
        <ele>199.6</ele>
        <time>2026-08-30T09:40:02+0800</time>
        <extensions>
          <gpxtpx:TrackPointExtension>
            <gpxtpx:hr>142</gpxtpx:hr>
            <gpxtpx:cad>82</gpxtpx:cad>
          </gpxtpx:TrackPointExtension>
        </extensions>
      </trkpt>
      <trkpt lat="29.7066784557" lon="106.51245025">
        <ele>199.6</ele>
        <time>2026-08-30T09:40:03+0800</time>
        <extensions>
          <gpxtpx:TrackPointExtension>
            <gpxtpx:hr>142</gpxtpx:hr>
            <gpxtpx:cad>82</gpxtpx:cad>
          </gpxtpx:TrackPointExtension>
        </extensions>
      </trkpt>
      <trkpt lat="29.7066887654" lon="106.512458045">
        <ele>199.6</ele>
        <time>2026-08-30T09:40:04+0800</time>
        <extensions>
          <gpxtpx:TrackPointExtension>
            <gpxtpx:hr>143</gpxtpx:hr>
            <gpxtpx:cad>82</gpxtpx:cad>
          </gpxtpx:TrackPointExtension>
        </extensions>
      </trkpt>
      <trkpt lat="29.7067036852" lon="106.512471288">
        <ele>199.6</ele>
        <time>2026-08-30T09:40:05+0800</time>
        <extensions>
          <gpxtpx:TrackPointExtension>
            <gpxtpx:hr>143</gpxtpx:hr>
            <gpxtpx:cad>82</gpxtpx:cad>
          </gpxtpx:TrackPointExtension>
        </extensions>
      </trkpt>
      <trkpt lat="29.7067120671" lon="106.512487717">
        <ele>199.6</ele>
        <time>2026-08-30T09:40:06+0800</time>
        <extensions>
          <gpxtpx:TrackPointExtension>
            <gpxtpx:hr>143</gpxtpx:hr>
            <gpxtpx:cad>82</gpxtpx:cad>
          </gpxtpx:TrackPointExtension>
        </extensions>
      </trkpt>
      <trkpt lat="29.706720449" lon="106.512499033">
        <ele>199.6</ele>
        <time>2026-08-30T09:40:07+0800</time>
        <extensions>
          <gpxtpx:TrackPointExtension>
            <gpxtpx:hr>143</gpxtpx:hr>
            <gpxtpx:cad>81</gpxtpx:cad>
          </gpxtpx:TrackPointExtension>
        </extensions>
      </trkpt>
      <trkpt lat="29.7067316808" lon="106.512512695">
        <ele>199.6</ele>
        <time>2026-08-30T09:40:08+0800</time>
        <extensions>
          <gpxtpx:TrackPointExtension>
            <gpxtpx:hr>143</gpxtpx:hr>
            <gpxtpx:cad>81</gpxtpx:cad>
          </gpxtpx:TrackPointExtension>
        </extensions>
      </trkpt>
      <trkpt lat="29.7067357041" lon="106.512521915">
        <ele>199.6</ele>
        <time>2026-08-30T09:40:09+0800</time>
        <extensions>
          <gpxtpx:TrackPointExtension>
            <gpxtpx:hr>143</gpxtpx:hr>
            <gpxtpx:cad>81</gpxtpx:cad>
          </gpxtpx:TrackPointExtension>
        </extensions>
      </trkpt>
      <trkpt lat="29.7067396436" lon="106.512530297">
        <ele>199.6</ele>
        <time>2026-08-30T09:40:10+0800</time>
        <extensions>
          <gpxtpx:TrackPointExtension>
            <gpxtpx:hr>144</gpxtpx:hr>
            <gpxtpx:cad>81</gpxtpx:cad>
          </gpxtpx:TrackPointExtension>
        </extensions>
      </trkpt>
      <trkpt lat="29.706745008" lon="106.512547564">
        <ele>199.6</ele>
        <time>2026-08-30T09:40:11+0800</time>
        <extensions>
          <gpxtpx:TrackPointExtension>
            <gpxtpx:hr>144</gpxtpx:hr>
            <gpxtpx:cad>81</gpxtpx:cad>
          </gpxtpx:TrackPointExtension>
        </extensions>
      </trkpt>
      <trkpt lat="29.7067445051" lon="106.512562819">
        <ele>199.6</ele>
        <time>2026-08-30T09:40:12+0800</time>
        <extensions>
          <gpxtpx:TrackPointExtension>
            <gpxtpx:hr>144</gpxtpx:hr>
            <gpxtpx:cad>81</gpxtpx:cad>
          </gpxtpx:TrackPointExtension>
        </extensions>
      </trkpt>
      <trkpt lat="29.7067467682" lon="106.512576398">
        <ele>199.6</ele>
        <time>2026-08-30T09:40:13+0800</time>
        <extensions>
          <gpxtpx:TrackPointExtension>
            <gpxtpx:hr>144</gpxtpx:hr>
            <gpxtpx:cad>80</gpxtpx:cad>
          </gpxtpx:TrackPointExtension>
        </extensions>
      </trkpt>
      <trkpt lat="29.7067524679" lon="106.512595005">
        <ele>199.6</ele>
        <time>2026-08-30T09:40:14+0800</time>
        <extensions>
          <gpxtpx:TrackPointExtension>
            <gpxtpx:hr>144</gpxtpx:hr>
            <gpxtpx:cad>81</gpxtpx:cad>
          </gpxtpx:TrackPointExtension>
        </extensions>
      </trkpt>
      <trkpt lat="29.7067554854" lon="106.512607494">
        <ele>199.6</ele>
        <time>2026-08-30T09:40:15+0800</time>
        <extensions>
          <gpxtpx:TrackPointExtension>
            <gpxtpx:hr>144</gpxtpx:hr>
            <gpxtpx:cad>81</gpxtpx:cad>
          </gpxtpx:TrackPointExtension>
        </extensions>
      </trkpt>
      <trkpt lat="29.7067609336" lon="106.512627276">
        <ele>199.6</ele>
        <time>2026-08-30T09:40:16+0800</time>
        <extensions>
          <gpxtpx:TrackPointExtension>
            <gpxtpx:hr>144</gpxtpx:hr>
            <gpxtpx:cad>81</gpxtpx:cad>
          </gpxtpx:TrackPointExtension>
        </extensions>
      </trkpt>
      <trkpt lat="29.7067648731" lon="106.512649991">
        <ele>199.6</ele>
        <time>2026-08-30T09:40:17+0800</time>
        <extensions>
          <gpxtpx:TrackPointExtension>
            <gpxtpx:hr>143</gpxtpx:hr>
            <gpxtpx:cad>81</gpxtpx:cad>
          </gpxtpx:TrackPointExtension>
        </extensions>
      </trkpt>
      <trkpt lat="29.7067730036" lon="106.512667676">
        <ele>199.6</ele>
        <time>2026-08-30T09:40:18+0800</time>
        <extensions>
          <gpxtpx:TrackPointExtension>
            <gpxtpx:hr>142</gpxtpx:hr>
            <gpxtpx:cad>81</gpxtpx:cad>
          </gpxtpx:TrackPointExtension>
        </extensions>
      </trkpt>
      <trkpt lat="29.7067790385" lon="106.512692403">
        <ele>199.6</ele>
        <time>2026-08-30T09:40:19+0800</time>
        <extensions>
          <gpxtpx:TrackPointExtension>
            <gpxtpx:hr>142</gpxtpx:hr>
            <gpxtpx:cad>81</gpxtpx:cad>
          </gpxtpx:TrackPointExtension>
        </extensions>
      </trkpt>
      <trkpt lat="29.7067827266" lon="106.512709502">
        <ele>199.6</ele>
        <time>2026-08-30T09:40:20+0800</time>
        <extensions>
          <gpxtpx:TrackPointExtension>
            <gpxtpx:hr>142</gpxtpx:hr>
            <gpxtpx:cad>81</gpxtpx:cad>
          </gpxtpx:TrackPointExtension>
        </extensions>
      </trkpt>
      <trkpt lat="29.7067909408" lon="106.512728613">
        <ele>199.6</ele>
        <time>2026-08-30T09:40:21+0800</time>
        <extensions>
          <gpxtpx:TrackPointExtension>
            <gpxtpx:hr>141</gpxtpx:hr>
            <gpxtpx:cad>83</gpxtpx:cad>
          </gpxtpx:TrackPointExtension>
        </extensions>
      </trkpt>
      <trkpt lat="29.706795048" lon="106.512749819">
        <ele>199.6</ele>
        <time>2026-08-30T09:40:22+0800</time>
        <extensions>
          <gpxtpx:TrackPointExtension>
            <gpxtpx:hr>141</gpxtpx:hr>
            <gpxtpx:cad>84</gpxtpx:cad>
          </gpxtpx:TrackPointExtension>
        </extensions>
      </trkpt>
      <trkpt lat="29.7068025079" lon="106.512764823">
        <ele>199.6</ele>
        <time>2026-08-30T09:40:23+0800</time>
        <extensions>
          <gpxtpx:TrackPointExtension>
            <gpxtpx:hr>141</gpxtpx:hr>
            <gpxtpx:cad>84</gpxtpx:cad>
          </gpxtpx:TrackPointExtension>
        </extensions>
      </trkpt>
      <trkpt lat="29.7068114765" lon="106.512787873">
        <ele>199.6</ele>
        <time>2026-08-30T09:40:24+0800</time>
        <extensions>
          <gpxtpx:TrackPointExtension>
            <gpxtpx:hr>141</gpxtpx:hr>
            <gpxtpx:cad>84</gpxtpx:cad>
          </gpxtpx:TrackPointExtension>
        </extensions>
      </trkpt>
      <trkpt lat="29.7068191878" lon="106.512804888">
        <ele>199.6</ele>
        <time>2026-08-30T09:40:25+0800</time>
        <extensions>
          <gpxtpx:TrackPointExtension>
            <gpxtpx:hr>140</gpxtpx:hr>
            <gpxtpx:cad>84</gpxtpx:cad>
          </gpxtpx:TrackPointExtension>
        </extensions>
      </trkpt>
      <trkpt lat="29.7068315092" lon="106.512821149">
        <ele>199.6</ele>
        <time>2026-08-30T09:40:26+0800</time>
        <extensions>
          <gpxtpx:TrackPointExtension>
            <gpxtpx:hr>140</gpxtpx:hr>
            <gpxtpx:cad>83</gpxtpx:cad>
          </gpxtpx:TrackPointExtension>
        </extensions>
      </trkpt>
      <trkpt lat="29.706840897" lon="106.512837242">
        <ele>199.6</ele>
        <time>2026-08-30T09:40:27+0800</time>
        <extensions>
          <gpxtpx:TrackPointExtension>
            <gpxtpx:hr>139</gpxtpx:hr>
            <gpxtpx:cad>83</gpxtpx:cad>
          </gpxtpx:TrackPointExtension>
        </extensions>
      </trkpt>
      <trkpt lat="29.7068536375" lon="106.512848223">
        <ele>199.4</ele>
        <time>2026-08-30T09:40:28+0800</time>
        <extensions>
          <gpxtpx:TrackPointExtension>
            <gpxtpx:hr>139</gpxtpx:hr>
            <gpxtpx:cad>83</gpxtpx:cad>
          </gpxtpx:TrackPointExtension>
        </extensions>
      </trkpt>
      <trkpt lat="29.7068735864" lon="106.51286222">
        <ele>199.4</ele>
        <time>2026-08-30T09:40:29+0800</time>
        <extensions>
          <gpxtpx:TrackPointExtension>
            <gpxtpx:hr>139</gpxtpx:hr>
            <gpxtpx:cad>83</gpxtpx:cad>
          </gpxtpx:TrackPointExtension>
        </extensions>
      </trkpt>
      <trkpt lat="29.7068884224" lon="106.51287077">
        <ele>199.4</ele>
        <time>2026-08-30T09:40:30+0800</time>
        <extensions>
          <gpxtpx:TrackPointExtension>
            <gpxtpx:hr>140</gpxtpx:hr>
            <gpxtpx:cad>83</gpxtpx:cad>
          </gpxtpx:TrackPointExtension>
        </extensions>
      </trkpt>
      <trkpt lat="29.7069069464" lon="106.512876637">
        <ele>199.4</ele>
        <time>2026-08-30T09:40:31+0800</time>
        <extensions>
          <gpxtpx:TrackPointExtension>
            <gpxtpx:hr>140</gpxtpx:hr>
            <gpxtpx:cad>83</gpxtpx:cad>
          </gpxtpx:TrackPointExtension>
        </extensions>
      </trkpt>
      <trkpt lat="29.7069273982" lon="106.5128846">
        <ele>199.4</ele>
        <time>2026-08-30T09:40:32+0800</time>
        <extensions>
          <gpxtpx:TrackPointExtension>
            <gpxtpx:hr>140</gpxtpx:hr>
            <gpxtpx:cad>83</gpxtpx:cad>
          </gpxtpx:TrackPointExtension>
        </extensions>
      </trkpt>
      <trkpt lat="29.7069439106" lon="106.512884516">
        <ele>199.4</ele>
        <time>2026-08-30T09:40:33+0800</time>
        <extensions>
          <gpxtpx:TrackPointExtension>
            <gpxtpx:hr>140</gpxtpx:hr>
            <gpxtpx:cad>83</gpxtpx:cad>
          </gpxtpx:TrackPointExtension>
        </extensions>
      </trkpt>
      <trkpt lat="29.7069675475" lon="106.512879655">
        <ele>199.4</ele>
        <time>2026-08-30T09:40:34+0800</time>
        <extensions>
          <gpxtpx:TrackPointExtension>
            <gpxtpx:hr>139</gpxtpx:hr>
            <gpxtpx:cad>83</gpxtpx:cad>
          </gpxtpx:TrackPointExtension>
        </extensions>
      </trkpt>
      <trkpt lat="29.7069848143" lon="106.512875464">
        <ele>199.4</ele>
        <time>2026-08-30T09:40:35+0800</time>
        <extensions>
          <gpxtpx:TrackPointExtension>
            <gpxtpx:hr>140</gpxtpx:hr>
            <gpxtpx:cad>83</gpxtpx:cad>
          </gpxtpx:TrackPointExtension>
        </extensions>
      </trkpt>
      <trkpt lat="29.7070036735" lon="106.512866328">
        <ele>199.4</ele>
        <time>2026-08-30T09:40:36+0800</time>
        <extensions>
          <gpxtpx:TrackPointExtension>
            <gpxtpx:hr>140</gpxtpx:hr>
            <gpxtpx:cad>84</gpxtpx:cad>
          </gpxtpx:TrackPointExtension>
        </extensions>
      </trkpt>
      <trkpt lat="29.7070236225" lon="106.512856856">
        <ele>199.4</ele>
        <time>2026-08-30T09:40:37+0800</time>
        <extensions>
          <gpxtpx:TrackPointExtension>
            <gpxtpx:hr>139</gpxtpx:hr>
            <gpxtpx:cad>84</gpxtpx:cad>
          </gpxtpx:TrackPointExtension>
        </extensions>
      </trkpt>
      <trkpt lat="29.7070392128" lon="106.512845624">
        <ele>199.2</ele>
        <time>2026-08-30T09:40:38+0800</time>
        <extensions>
          <gpxtpx:TrackPointExtension>
            <gpxtpx:hr>140</gpxtpx:hr>
            <gpxtpx:cad>84</gpxtpx:cad>
          </gpxtpx:TrackPointExtension>
        </extensions>
      </trkpt>
      <trkpt lat="29.7070580721" lon="106.512825675">
        <ele>199.4</ele>
        <time>2026-08-30T09:40:39+0800</time>
        <extensions>
          <gpxtpx:TrackPointExtension>
            <gpxtpx:hr>141</gpxtpx:hr>
            <gpxtpx:cad>85</gpxtpx:cad>
          </gpxtpx:TrackPointExtension>
        </extensions>
      </trkpt>
      <trkpt lat="29.7070728242" lon="106.512811007">
        <ele>199.4</ele>
        <time>2026-08-30T09:40:40+0800</time>
        <extensions>
          <gpxtpx:TrackPointExtension>
            <gpxtpx:hr>142</gpxtpx:hr>
            <gpxtpx:cad>85</gpxtpx:cad>
          </gpxtpx:TrackPointExtension>
        </extensions>
      </trkpt>
      <trkpt lat="29.7070852295" lon="106.512792483">
        <ele>199.4</ele>
        <time>2026-08-30T09:40:41+0800</time>
        <extensions>
          <gpxtpx:TrackPointExtension>
            <gpxtpx:hr>142</gpxtpx:hr>
            <gpxtpx:cad>84</gpxtpx:cad>
          </gpxtpx:TrackPointExtension>
        </extensions>
      </trkpt>
      <trkpt lat="29.7070936114" lon="106.512771528">
        <ele>199.6</ele>
        <time>2026-08-30T09:40:42+0800</time>
        <extensions>
          <gpxtpx:TrackPointExtension>
            <gpxtpx:hr>143</gpxtpx:hr>
            <gpxtpx:cad>84</gpxtpx:cad>
          </gpxtpx:TrackPointExtension>
        </extensions>
      </trkpt>
      <trkpt lat="29.7070972994" lon="106.51275292">
        <ele>199.6</ele>
        <time>2026-08-30T09:40:43+0800</time>
        <extensions>
          <gpxtpx:TrackPointExtension>
            <gpxtpx:hr>143</gpxtpx:hr>
            <gpxtpx:cad>84</gpxtpx:cad>
          </gpxtpx:TrackPointExtension>
        </extensions>
      </trkpt>
      <trkpt lat="29.7071008198" lon="106.512727104">
        <ele>199.6</ele>
        <time>2026-08-30T09:40:44+0800</time>
        <extensions>
          <gpxtpx:TrackPointExtension>
            <gpxtpx:hr>144</gpxtpx:hr>
            <gpxtpx:cad>84</gpxtpx:cad>
          </gpxtpx:TrackPointExtension>
        </extensions>
      </trkpt>
      <trkpt lat="29.7070988081" lon="106.512707239">
        <ele>199.6</ele>
        <time>2026-08-30T09:40:45+0800</time>
        <extensions>
          <gpxtpx:TrackPointExtension>
            <gpxtpx:hr>145</gpxtpx:hr>
            <gpxtpx:cad>84</gpxtpx:cad>
          </gpxtpx:TrackPointExtension>
        </extensions>
      </trkpt>
      <trkpt lat="29.7070983052" lon="106.512682093">
        <ele>199.6</ele>
        <time>2026-08-30T09:40:46+0800</time>
        <extensions>
          <gpxtpx:TrackPointExtension>
            <gpxtpx:hr>145</gpxtpx:hr>
            <gpxtpx:cad>84</gpxtpx:cad>
          </gpxtpx:TrackPointExtension>
        </extensions>
      </trkpt>
      <trkpt lat="29.7071005683" lon="106.512658792">
        <ele>199.6</ele>
        <time>2026-08-30T09:40:47+0800</time>
        <extensions>
          <gpxtpx:TrackPointExtension>
            <gpxtpx:hr>146</gpxtpx:hr>
            <gpxtpx:cad>84</gpxtpx:cad>
          </gpxtpx:TrackPointExtension>
        </extensions>
      </trkpt>
      <trkpt lat="29.7071014903" lon="106.512639346">
        <ele>199.6</ele>
        <time>2026-08-30T09:40:48+0800</time>
        <extensions>
          <gpxtpx:TrackPointExtension>
            <gpxtpx:hr>146</gpxtpx:hr>
            <gpxtpx:cad>84</gpxtpx:cad>
          </gpxtpx:TrackPointExtension>
        </extensions>
      </trkpt>
      <trkpt lat="29.7071055137" lon="106.51261487">
        <ele>199.6</ele>
        <time>2026-08-30T09:40:49+0800</time>
        <extensions>
          <gpxtpx:TrackPointExtension>
            <gpxtpx:hr>147</gpxtpx:hr>
            <gpxtpx:cad>84</gpxtpx:cad>
          </gpxtpx:TrackPointExtension>
        </extensions>
      </trkpt>
      <trkpt lat="29.7071081959" lon="106.512596514">
        <ele>199.6</ele>
        <time>2026-08-30T09:40:50+0800</time>
        <extensions>
          <gpxtpx:TrackPointExtension>
            <gpxtpx:hr>147</gpxtpx:hr>
            <gpxtpx:cad>84</gpxtpx:cad>
          </gpxtpx:TrackPointExtension>
        </extensions>
      </trkpt>
      <trkpt lat="29.7071149014" lon="106.512571955">
        <ele>199.6</ele>
        <time>2026-08-30T09:40:51+0800</time>
        <extensions>
          <gpxtpx:TrackPointExtension>
            <gpxtpx:hr>147</gpxtpx:hr>
            <gpxtpx:cad>84</gpxtpx:cad>
          </gpxtpx:TrackPointExtension>
        </extensions>
      </trkpt>
      <trkpt lat="29.7071211878" lon="106.512547983">
        <ele>199.8</ele>
        <time>2026-08-30T09:40:52+0800</time>
        <extensions>
          <gpxtpx:TrackPointExtension>
            <gpxtpx:hr>146</gpxtpx:hr>
            <gpxtpx:cad>84</gpxtpx:cad>
          </gpxtpx:TrackPointExtension>
        </extensions>
      </trkpt>
      <trkpt lat="29.7071264684" lon="106.512526441">
        <ele>199.8</ele>
        <time>2026-08-30T09:40:53+0800</time>
        <extensions>
          <gpxtpx:TrackPointExtension>
            <gpxtpx:hr>147</gpxtpx:hr>
            <gpxtpx:cad>84</gpxtpx:cad>
          </gpxtpx:TrackPointExtension>
        </extensions>
      </trkpt>
      <trkpt lat="29.7071383707" lon="106.51250096">
        <ele>199.6</ele>
        <time>2026-08-30T09:40:54+0800</time>
        <extensions>
          <gpxtpx:TrackPointExtension>
            <gpxtpx:hr>147</gpxtpx:hr>
            <gpxtpx:cad>84</gpxtpx:cad>
          </gpxtpx:TrackPointExtension>
        </extensions>
      </trkpt>
      <trkpt lat="29.7071457468" lon="106.512484532">
        <ele>199.6</ele>
        <time>2026-08-30T09:40:55+0800</time>
        <extensions>
          <gpxtpx:TrackPointExtension>
            <gpxtpx:hr>147</gpxtpx:hr>
            <gpxtpx:cad>84</gpxtpx:cad>
          </gpxtpx:TrackPointExtension>
        </extensions>
      </trkpt>
      <trkpt lat="29.7071565595" lon="106.512462487">
        <ele>199.6</ele>
        <time>2026-08-30T09:40:56+0800</time>
        <extensions>
          <gpxtpx:TrackPointExtension>
            <gpxtpx:hr>146</gpxtpx:hr>
            <gpxtpx:cad>83</gpxtpx:cad>
          </gpxtpx:TrackPointExtension>
        </extensions>
      </trkpt>
      <trkpt lat="29.7071672883" lon="106.512446646">
        <ele>199.6</ele>
        <time>2026-08-30T09:40:57+0800</time>
        <extensions>
          <gpxtpx:TrackPointExtension>
            <gpxtpx:hr>147</gpxtpx:hr>
            <gpxtpx:cad>83</gpxtpx:cad>
          </gpxtpx:TrackPointExtension>
        </extensions>
      </trkpt>
      <trkpt lat="29.7071770951" lon="106.512434576">
        <ele>199.8</ele>
        <time>2026-08-30T09:40:58+0800</time>
        <extensions>
          <gpxtpx:TrackPointExtension>
            <gpxtpx:hr>147</gpxtpx:hr>
            <gpxtpx:cad>83</gpxtpx:cad>
          </gpxtpx:TrackPointExtension>
        </extensions>
      </trkpt>
      <trkpt lat="29.7071928531" lon="106.512418985">
        <ele>199.8</ele>
        <time>2026-08-30T09:40:59+0800</time>
        <extensions>
          <gpxtpx:TrackPointExtension>
            <gpxtpx:hr>147</gpxtpx:hr>
            <gpxtpx:cad>84</gpxtpx:cad>
          </gpxtpx:TrackPointExtension>
        </extensions>
      </trkpt>
      <trkpt lat="29.7072061803" lon="106.512407418">
        <ele>199.8</ele>
        <time>2026-08-30T09:41:00+0800</time>
        <extensions>
          <gpxtpx:TrackPointExtension>
            <gpxtpx:hr>147</gpxtpx:hr>
            <gpxtpx:cad>84</gpxtpx:cad>
          </gpxtpx:TrackPointExtension>
        </extensions>
      </trkpt>
      <trkpt lat="29.7072190046" lon="106.512395432">
        <ele>199.8</ele>
        <time>2026-08-30T09:41:01+0800</time>
        <extensions>
          <gpxtpx:TrackPointExtension>
            <gpxtpx:hr>147</gpxtpx:hr>
            <gpxtpx:cad>83</gpxtpx:cad>
          </gpxtpx:TrackPointExtension>
        </extensions>
      </trkpt>
      <trkpt lat="29.7072301526" lon="106.512383027">
        <ele>199.8</ele>
        <time>2026-08-30T09:41:02+0800</time>
        <extensions>
          <gpxtpx:TrackPointExtension>
            <gpxtpx:hr>147</gpxtpx:hr>
            <gpxtpx:cad>83</gpxtpx:cad>
          </gpxtpx:TrackPointExtension>
        </extensions>
      </trkpt>
      <trkpt lat="29.7072392888" lon="106.512373388">
        <ele>200.0</ele>
        <time>2026-08-30T09:41:03+0800</time>
        <extensions>
          <gpxtpx:TrackPointExtension>
            <gpxtpx:hr>149</gpxtpx:hr>
            <gpxtpx:cad>83</gpxtpx:cad>
          </gpxtpx:TrackPointExtension>
        </extensions>
      </trkpt>
      <trkpt lat="29.7072564717" lon="106.512361318">
        <ele>200.0</ele>
        <time>2026-08-30T09:41:04+0800</time>
        <extensions>
          <gpxtpx:TrackPointExtension>
            <gpxtpx:hr>150</gpxtpx:hr>
            <gpxtpx:cad>82</gpxtpx:cad>
          </gpxtpx:TrackPointExtension>
        </extensions>
      </trkpt>
      <trkpt lat="29.7072740737" lon="106.512355367">
        <ele>200.0</ele>
        <time>2026-08-30T09:41:05+0800</time>
        <extensions>
          <gpxtpx:TrackPointExtension>
            <gpxtpx:hr>152</gpxtpx:hr>
            <gpxtpx:cad>83</gpxtpx:cad>
          </gpxtpx:TrackPointExtension>
        </extensions>
      </trkpt>
      <trkpt lat="29.7072873171" lon="106.512346063">
        <ele>200.0</ele>
        <time>2026-08-30T09:41:06+0800</time>
        <extensions>
          <gpxtpx:TrackPointExtension>
            <gpxtpx:hr>154</gpxtpx:hr>
            <gpxtpx:cad>83</gpxtpx:cad>
          </gpxtpx:TrackPointExtension>
        </extensions>
      </trkpt>
      <trkpt lat="29.7073051706" lon="106.512338184">
        <ele>200.0</ele>
        <time>2026-08-30T09:41:07+0800</time>
        <extensions>
          <gpxtpx:TrackPointExtension>
            <gpxtpx:hr>154</gpxtpx:hr>
            <gpxtpx:cad>83</gpxtpx:cad>
          </gpxtpx:TrackPointExtension>
        </extensions>
      </trkpt>
      <trkpt lat="29.7073172405" lon="106.512334747">
        <ele>200.2</ele>
        <time>2026-08-30T09:41:08+0800</time>
        <extensions>
          <gpxtpx:TrackPointExtension>
            <gpxtpx:hr>154</gpxtpx:hr>
            <gpxtpx:cad>83</gpxtpx:cad>
          </gpxtpx:TrackPointExtension>
        </extensions>
      </trkpt>
      <trkpt lat="29.7073234431" lon="106.512334412">
        <ele>200.2</ele>
        <time>2026-08-30T09:41:09+0800</time>
        <extensions>
          <gpxtpx:TrackPointExtension>
            <gpxtpx:hr>154</gpxtpx:hr>
            <gpxtpx:cad>83</gpxtpx:cad>
          </gpxtpx:TrackPointExtension>
        </extensions>
      </trkpt>
      <trkpt lat="29.7073334176" lon="106.512328712">
        <ele>200.4</ele>
        <time>2026-08-30T09:41:10+0800</time>
        <extensions>
          <gpxtpx:TrackPointExtension>
            <gpxtpx:hr>154</gpxtpx:hr>
            <gpxtpx:cad>83</gpxtpx:cad>
          </gpxtpx:TrackPointExtension>
        </extensions>
      </trkpt>
      <trkpt lat="29.7073425539" lon="106.512326198">
        <ele>200.2</ele>
        <time>2026-08-30T09:41:11+0800</time>
        <extensions>
          <gpxtpx:TrackPointExtension>
            <gpxtpx:hr>154</gpxtpx:hr>
            <gpxtpx:cad>83</gpxtpx:cad>
          </gpxtpx:TrackPointExtension>
        </extensions>
      </trkpt>
      <trkpt lat="29.707355462" lon="106.512319911">
        <ele>200.2</ele>
        <time>2026-08-30T09:41:12+0800</time>
        <extensions>
          <gpxtpx:TrackPointExtension>
            <gpxtpx:hr>154</gpxtpx:hr>
            <gpxtpx:cad>81</gpxtpx:cad>
          </gpxtpx:TrackPointExtension>
        </extensions>
      </trkpt>
      <trkpt lat="29.7073706333" lon="106.512319073">
        <ele>200.4</ele>
        <time>2026-08-30T09:41:13+0800</time>
        <extensions>
          <gpxtpx:TrackPointExtension>
            <gpxtpx:hr>155</gpxtpx:hr>
            <gpxtpx:cad>81</gpxtpx:cad>
          </gpxtpx:TrackPointExtension>
        </extensions>
      </trkpt>
      <trkpt lat="29.7073737346" lon="106.512319744">
        <ele>200.4</ele>
        <time>2026-08-30T09:41:14+0800</time>
        <extensions>
          <gpxtpx:TrackPointExtension>
            <gpxtpx:hr>155</gpxtpx:hr>
            <gpxtpx:cad>81</gpxtpx:cad>
          </gpxtpx:TrackPointExtension>
        </extensions>
      </trkpt>
      <trkpt lat="29.7073853854" lon="106.512314882">
        <ele>200.4</ele>
        <time>2026-08-30T09:41:15+0800</time>
        <extensions>
          <gpxtpx:TrackPointExtension>
            <gpxtpx:hr>155</gpxtpx:hr>
            <gpxtpx:cad>81</gpxtpx:cad>
          </gpxtpx:TrackPointExtension>
        </extensions>
      </trkpt>
      <trkpt lat="29.707402233" lon="106.512311446">
        <ele>200.6</ele>
        <time>2026-08-30T09:41:16+0800</time>
        <extensions>
          <gpxtpx:TrackPointExtension>
            <gpxtpx:hr>155</gpxtpx:hr>
            <gpxtpx:cad>81</gpxtpx:cad>
          </gpxtpx:TrackPointExtension>
        </extensions>
      </trkpt>
      <trkpt lat="29.7074193321" lon="106.512312116">
        <ele>200.6</ele>
        <time>2026-08-30T09:41:17+0800</time>
        <extensions>
          <gpxtpx:TrackPointExtension>
            <gpxtpx:hr>155</gpxtpx:hr>
            <gpxtpx:cad>81</gpxtpx:cad>
          </gpxtpx:TrackPointExtension>
        </extensions>
      </trkpt>
      <trkpt lat="29.7074364312" lon="106.512321504">
        <ele>200.4</ele>
        <time>2026-08-30T09:41:18+0800</time>
        <extensions>
          <gpxtpx:TrackPointExtension>
            <gpxtpx:hr>155</gpxtpx:hr>
            <gpxtpx:cad>81</gpxtpx:cad>
          </gpxtpx:TrackPointExtension>
        </extensions>
      </trkpt>
      <trkpt lat="29.7074516024" lon="106.512319157">
        <ele>200.4</ele>
        <time>2026-08-30T09:41:19+0800</time>
        <extensions>
          <gpxtpx:TrackPointExtension>
            <gpxtpx:hr>155</gpxtpx:hr>
            <gpxtpx:cad>81</gpxtpx:cad>
          </gpxtpx:TrackPointExtension>
        </extensions>
      </trkpt>
      <trkpt lat="29.7074692883" lon="106.512320247">
        <ele>200.2</ele>
        <time>2026-08-30T09:41:20+0800</time>
        <extensions>
          <gpxtpx:TrackPointExtension>
            <gpxtpx:hr>155</gpxtpx:hr>
            <gpxtpx:cad>81</gpxtpx:cad>
          </gpxtpx:TrackPointExtension>
        </extensions>
      </trkpt>
      <trkpt lat="29.707485633" lon="106.512323851">
        <ele>200.2</ele>
        <time>2026-08-30T09:41:21+0800</time>
        <extensions>
          <gpxtpx:TrackPointExtension>
            <gpxtpx:hr>155</gpxtpx:hr>
            <gpxtpx:cad>81</gpxtpx:cad>
          </gpxtpx:TrackPointExtension>
        </extensions>
      </trkpt>
      <trkpt lat="29.7074940987" lon="106.512326198">
        <ele>200.2</ele>
        <time>2026-08-30T09:41:22+0800</time>
        <extensions>
          <gpxtpx:TrackPointExtension>
            <gpxtpx:hr>155</gpxtpx:hr>
            <gpxtpx:cad>81</gpxtpx:cad>
          </gpxtpx:TrackPointExtension>
        </extensions>
      </trkpt>
      <trkpt lat="29.7075062525" lon="106.512332316">
        <ele>200.2</ele>
        <time>2026-08-30T09:41:23+0800</time>
        <extensions>
          <gpxtpx:TrackPointExtension>
            <gpxtpx:hr>155</gpxtpx:hr>
            <gpxtpx:cad>81</gpxtpx:cad>
          </gpxtpx:TrackPointExtension>
        </extensions>
      </trkpt>
      <trkpt lat="29.7075216752" lon="106.512339609">
        <ele>200.4</ele>
        <time>2026-08-30T09:41:24+0800</time>
        <extensions>
          <gpxtpx:TrackPointExtension>
            <gpxtpx:hr>155</gpxtpx:hr>
            <gpxtpx:cad>81</gpxtpx:cad>
          </gpxtpx:TrackPointExtension>
        </extensions>
      </trkpt>
      <trkpt lat="29.7075335775" lon="106.512343213">
        <ele>200.4</ele>
        <time>2026-08-30T09:41:25+0800</time>
        <extensions>
          <gpxtpx:TrackPointExtension>
            <gpxtpx:hr>156</gpxtpx:hr>
            <gpxtpx:cad>81</gpxtpx:cad>
          </gpxtpx:TrackPointExtension>
        </extensions>
      </trkpt>
      <trkpt lat="29.7075517662" lon="106.512348074">
        <ele>200.4</ele>
        <time>2026-08-30T09:41:26+0800</time>
        <extensions>
          <gpxtpx:TrackPointExtension>
            <gpxtpx:hr>155</gpxtpx:hr>
            <gpxtpx:cad>80</gpxtpx:cad>
          </gpxtpx:TrackPointExtension>
        </extensions>
      </trkpt>
      <trkpt lat="29.7075640876" lon="106.512354864">
        <ele>200.4</ele>
        <time>2026-08-30T09:41:27+0800</time>
        <extensions>
          <gpxtpx:TrackPointExtension>
            <gpxtpx:hr>155</gpxtpx:hr>
            <gpxtpx:cad>80</gpxtpx:cad>
          </gpxtpx:TrackPointExtension>
        </extensions>
      </trkpt>
      <trkpt lat="29.7075751517" lon="106.512358803">
        <ele>200.4</ele>
        <time>2026-08-30T09:41:28+0800</time>
        <extensions>
          <gpxtpx:TrackPointExtension>
            <gpxtpx:hr>156</gpxtpx:hr>
            <gpxtpx:cad>80</gpxtpx:cad>
          </gpxtpx:TrackPointExtension>
        </extensions>
      </trkpt>
      <trkpt lat="29.7075922508" lon="106.51236224">
        <ele>200.4</ele>
        <time>2026-08-30T09:41:29+0800</time>
        <extensions>
          <gpxtpx:TrackPointExtension>
            <gpxtpx:hr>155</gpxtpx:hr>
            <gpxtpx:cad>82</gpxtpx:cad>
          </gpxtpx:TrackPointExtension>
        </extensions>
      </trkpt>
      <trkpt lat="29.7076048236" lon="106.512364419">
        <ele>200.4</ele>
        <time>2026-08-30T09:41:30+0800</time>
        <extensions>
          <gpxtpx:TrackPointExtension>
            <gpxtpx:hr>154</gpxtpx:hr>
            <gpxtpx:cad>82</gpxtpx:cad>
          </gpxtpx:TrackPointExtension>
        </extensions>
      </trkpt>
      <trkpt lat="29.7076205816" lon="106.512366934">
        <ele>200.4</ele>
        <time>2026-08-30T09:41:31+0800</time>
        <extensions>
          <gpxtpx:TrackPointExtension>
            <gpxtpx:hr>153</gpxtpx:hr>
            <gpxtpx:cad>82</gpxtpx:cad>
          </gpxtpx:TrackPointExtension>
        </extensions>
      </trkpt>
      <trkpt lat="29.7076378483" lon="106.512370789">
        <ele>200.2</ele>
        <time>2026-08-30T09:41:32+0800</time>
        <extensions>
          <gpxtpx:TrackPointExtension>
            <gpxtpx:hr>153</gpxtpx:hr>
            <gpxtpx:cad>82</gpxtpx:cad>
          </gpxtpx:TrackPointExtension>
        </extensions>
      </trkpt>
      <trkpt lat="29.7076505888" lon="106.512370119">
        <ele>200.2</ele>
        <time>2026-08-30T09:41:33+0800</time>
        <extensions>
          <gpxtpx:TrackPointExtension>
            <gpxtpx:hr>152</gpxtpx:hr>
            <gpxtpx:cad>81</gpxtpx:cad>
          </gpxtpx:TrackPointExtension>
        </extensions>
      </trkpt>
      <trkpt lat="29.7076685261" lon="106.512371628">
        <ele>200.4</ele>
        <time>2026-08-30T09:41:34+0800</time>
        <extensions>
          <gpxtpx:TrackPointExtension>
            <gpxtpx:hr>152</gpxtpx:hr>
            <gpxtpx:cad>81</gpxtpx:cad>
          </gpxtpx:TrackPointExtension>
        </extensions>
      </trkpt>
      <trkpt lat="29.707680596" lon="106.512372717">
        <ele>200.4</ele>
        <time>2026-08-30T09:41:35+0800</time>
        <extensions>
          <gpxtpx:TrackPointExtension>
            <gpxtpx:hr>152</gpxtpx:hr>
            <gpxtpx:cad>81</gpxtpx:cad>
          </gpxtpx:TrackPointExtension>
        </extensions>
      </trkpt>
      <trkpt lat="29.7076894809" lon="106.512371041">
        <ele>200.4</ele>
        <time>2026-08-30T09:41:36+0800</time>
        <extensions>
          <gpxtpx:TrackPointExtension>
            <gpxtpx:hr>152</gpxtpx:hr>
            <gpxtpx:cad>81</gpxtpx:cad>
          </gpxtpx:TrackPointExtension>
        </extensions>
      </trkpt>
      <trkpt lat="29.7077056579" lon="106.51237146">
        <ele>200.4</ele>
        <time>2026-08-30T09:41:37+0800</time>
        <extensions>
          <gpxtpx:TrackPointExtension>
            <gpxtpx:hr>152</gpxtpx:hr>
            <gpxtpx:cad>82</gpxtpx:cad>
          </gpxtpx:TrackPointExtension>
        </extensions>
      </trkpt>
      <trkpt lat="29.7077188175" lon="106.51237431">
        <ele>200.4</ele>
        <time>2026-08-30T09:41:38+0800</time>
        <extensions>
          <gpxtpx:TrackPointExtension>
            <gpxtpx:hr>151</gpxtpx:hr>
            <gpxtpx:cad>82</gpxtpx:cad>
          </gpxtpx:TrackPointExtension>
        </extensions>
      </trkpt>
      <trkpt lat="29.7077330668" lon="106.512375232">
        <ele>200.4</ele>
        <time>2026-08-30T09:41:39+0800</time>
        <extensions>
          <gpxtpx:TrackPointExtension>
            <gpxtpx:hr>151</gpxtpx:hr>
            <gpxtpx:cad>83</gpxtpx:cad>
          </gpxtpx:TrackPointExtension>
        </extensions>
      </trkpt>
      <trkpt lat="29.70774916" lon="106.512378333">
        <ele>200.4</ele>
        <time>2026-08-30T09:41:40+0800</time>
        <extensions>
          <gpxtpx:TrackPointExtension>
            <gpxtpx:hr>151</gpxtpx:hr>
            <gpxtpx:cad>83</gpxtpx:cad>
          </gpxtpx:TrackPointExtension>
        </extensions>
      </trkpt>
      <trkpt lat="29.7077620681" lon="106.512380596">
        <ele>200.4</ele>
        <time>2026-08-30T09:41:41+0800</time>
        <extensions>
          <gpxtpx:TrackPointExtension>
            <gpxtpx:hr>151</gpxtpx:hr>
            <gpxtpx:cad>83</gpxtpx:cad>
          </gpxtpx:TrackPointExtension>
        </extensions>
      </trkpt>
      <trkpt lat="29.7077811789" lon="106.512383027">
        <ele>200.6</ele>
        <time>2026-08-30T09:41:42+0800</time>
        <extensions>
          <gpxtpx:TrackPointExtension>
            <gpxtpx:hr>151</gpxtpx:hr>
            <gpxtpx:cad>82</gpxtpx:cad>
          </gpxtpx:TrackPointExtension>
        </extensions>
      </trkpt>
      <trkpt lat="29.7077961825" lon="106.512389481">
        <ele>200.6</ele>
        <time>2026-08-30T09:41:43+0800</time>
        <extensions>
          <gpxtpx:TrackPointExtension>
            <gpxtpx:hr>151</gpxtpx:hr>
            <gpxtpx:cad>82</gpxtpx:cad>
          </gpxtpx:TrackPointExtension>
        </extensions>
      </trkpt>
      <trkpt lat="29.7078058217" lon="106.512391325">
        <ele>200.6</ele>
        <time>2026-08-30T09:41:44+0800</time>
        <extensions>
          <gpxtpx:TrackPointExtension>
            <gpxtpx:hr>150</gpxtpx:hr>
            <gpxtpx:cad>82</gpxtpx:cad>
          </gpxtpx:TrackPointExtension>
        </extensions>
      </trkpt>
      <trkpt lat="29.7078224178" lon="106.512396103">
        <ele>200.8</ele>
        <time>2026-08-30T09:41:45+0800</time>
        <extensions>
          <gpxtpx:TrackPointExtension>
            <gpxtpx:hr>150</gpxtpx:hr>
            <gpxtpx:cad>82</gpxtpx:cad>
          </gpxtpx:TrackPointExtension>
        </extensions>
      </trkpt>
      <trkpt lat="29.707844127" lon="106.512401467">
        <ele>200.8</ele>
        <time>2026-08-30T09:41:47+0800</time>
        <extensions>
          <gpxtpx:TrackPointExtension>
            <gpxtpx:hr>149</gpxtpx:hr>
            <gpxtpx:cad>82</gpxtpx:cad>
          </gpxtpx:TrackPointExtension>
        </extensions>
      </trkpt>
      <trkpt lat="29.7078586277" lon="106.512399456">
        <ele>200.8</ele>
        <time>2026-08-30T09:41:48+0800</time>
        <extensions>
          <gpxtpx:TrackPointExtension>
            <gpxtpx:hr>149</gpxtpx:hr>
            <gpxtpx:cad>81</gpxtpx:cad>
          </gpxtpx:TrackPointExtension>
        </extensions>
      </trkpt>
      <trkpt lat="29.707874218" lon="106.512400629">
        <ele>200.8</ele>
        <time>2026-08-30T09:41:49+0800</time>
        <extensions>
          <gpxtpx:TrackPointExtension>
            <gpxtpx:hr>149</gpxtpx:hr>
            <gpxtpx:cad>81</gpxtpx:cad>
          </gpxtpx:TrackPointExtension>
        </extensions>
      </trkpt>
      <trkpt lat="29.707889976" lon="106.512400713">
        <ele>200.8</ele>
        <time>2026-08-30T09:41:50+0800</time>
        <extensions>
          <gpxtpx:TrackPointExtension>
            <gpxtpx:hr>148</gpxtpx:hr>
            <gpxtpx:cad>81</gpxtpx:cad>
          </gpxtpx:TrackPointExtension>
        </extensions>
      </trkpt>
      <trkpt lat="29.7079067398" lon="106.512401802">
        <ele>200.8</ele>
        <time>2026-08-30T09:41:51+0800</time>
        <extensions>
          <gpxtpx:TrackPointExtension>
            <gpxtpx:hr>149</gpxtpx:hr>
            <gpxtpx:cad>81</gpxtpx:cad>
          </gpxtpx:TrackPointExtension>
        </extensions>
      </trkpt>
      <trkpt lat="29.7079183068" lon="106.512400294">
        <ele>200.8</ele>
        <time>2026-08-30T09:41:52+0800</time>
        <extensions>
          <gpxtpx:TrackPointExtension>
            <gpxtpx:hr>149</gpxtpx:hr>
            <gpxtpx:cad>81</gpxtpx:cad>
          </gpxtpx:TrackPointExtension>
        </extensions>
      </trkpt>
      <trkpt lat="29.7079359926" lon="106.512396187">
        <ele>200.8</ele>
        <time>2026-08-30T09:41:53+0800</time>
        <extensions>
          <gpxtpx:TrackPointExtension>
            <gpxtpx:hr>149</gpxtpx:hr>
            <gpxtpx:cad>81</gpxtpx:cad>
          </gpxtpx:TrackPointExtension>
        </extensions>
      </trkpt>
      <trkpt lat="29.7079520859" lon="106.512398617">
        <ele>200.8</ele>
        <time>2026-08-30T09:41:54+0800</time>
        <extensions>
          <gpxtpx:TrackPointExtension>
            <gpxtpx:hr>150</gpxtpx:hr>
            <gpxtpx:cad>81</gpxtpx:cad>
          </gpxtpx:TrackPointExtension>
        </extensions>
      </trkpt>
      <trkpt lat="29.7079632338" lon="106.512398031">
        <ele>200.8</ele>
        <time>2026-08-30T09:41:55+0800</time>
        <extensions>
          <gpxtpx:TrackPointExtension>
            <gpxtpx:hr>149</gpxtpx:hr>
            <gpxtpx:cad>82</gpxtpx:cad>
          </gpxtpx:TrackPointExtension>
        </extensions>
      </trkpt>
      <trkpt lat="29.7079815064" lon="106.512396354">
        <ele>200.8</ele>
        <time>2026-08-30T09:41:56+0800</time>
        <extensions>
          <gpxtpx:TrackPointExtension>
            <gpxtpx:hr>149</gpxtpx:hr>
            <gpxtpx:cad>82</gpxtpx:cad>
          </gpxtpx:TrackPointExtension>
        </extensions>
      </trkpt>
      <trkpt lat="29.70800112" lon="106.512397192">
        <ele>200.8</ele>
        <time>2026-08-30T09:41:57+0800</time>
        <extensions>
          <gpxtpx:TrackPointExtension>
            <gpxtpx:hr>148</gpxtpx:hr>
            <gpxtpx:cad>83</gpxtpx:cad>
          </gpxtpx:TrackPointExtension>
        </extensions>
      </trkpt>
      <trkpt lat="29.7080169618" lon="106.512393504">
        <ele>200.8</ele>
        <time>2026-08-30T09:41:58+0800</time>
        <extensions>
          <gpxtpx:TrackPointExtension>
            <gpxtpx:hr>148</gpxtpx:hr>
            <gpxtpx:cad>83</gpxtpx:cad>
          </gpxtpx:TrackPointExtension>
        </extensions>
      </trkpt>
      <trkpt lat="29.708035402" lon="106.512391241">
        <ele>200.6</ele>
        <time>2026-08-30T09:41:59+0800</time>
        <extensions>
          <gpxtpx:TrackPointExtension>
            <gpxtpx:hr>148</gpxtpx:hr>
            <gpxtpx:cad>82</gpxtpx:cad>
          </gpxtpx:TrackPointExtension>
        </extensions>
      </trkpt>
      <trkpt lat="29.7080485616" lon="106.5123899">
        <ele>200.6</ele>
        <time>2026-08-30T09:42:00+0800</time>
        <extensions>
          <gpxtpx:TrackPointExtension>
            <gpxtpx:hr>148</gpxtpx:hr>
            <gpxtpx:cad>81</gpxtpx:cad>
          </gpxtpx:TrackPointExtension>
        </extensions>
      </trkpt>
      <trkpt lat="29.7080639005" lon="106.512386128">
        <ele>200.6</ele>
        <time>2026-08-30T09:42:01+0800</time>
        <extensions>
          <gpxtpx:TrackPointExtension>
            <gpxtpx:hr>149</gpxtpx:hr>
            <gpxtpx:cad>81</gpxtpx:cad>
          </gpxtpx:TrackPointExtension>
        </extensions>
      </trkpt>
      <trkpt lat="29.7080804966" lon="106.512376992">
        <ele>200.6</ele>
        <time>2026-08-30T09:42:02+0800</time>
        <extensions>
          <gpxtpx:TrackPointExtension>
            <gpxtpx:hr>148</gpxtpx:hr>
            <gpxtpx:cad>81</gpxtpx:cad>
          </gpxtpx:TrackPointExtension>
        </extensions>
      </trkpt>
      <trkpt lat="29.7080917284" lon="106.512373891">
        <ele>200.6</ele>
        <time>2026-08-30T09:42:03+0800</time>
        <extensions>
          <gpxtpx:TrackPointExtension>
            <gpxtpx:hr>148</gpxtpx:hr>
            <gpxtpx:cad>81</gpxtpx:cad>
          </gpxtpx:TrackPointExtension>
        </extensions>
      </trkpt>
      <trkpt lat="29.7081106715" lon="106.51236752">
        <ele>200.6</ele>
        <time>2026-08-30T09:42:04+0800</time>
        <extensions>
          <gpxtpx:TrackPointExtension>
            <gpxtpx:hr>148</gpxtpx:hr>
            <gpxtpx:cad>81</gpxtpx:cad>
          </gpxtpx:TrackPointExtension>
        </extensions>
      </trkpt>
      <trkpt lat="29.7081274353" lon="106.512363581">
        <ele>200.6</ele>
        <time>2026-08-30T09:42:05+0800</time>
        <extensions>
          <gpxtpx:TrackPointExtension>
            <gpxtpx:hr>148</gpxtpx:hr>
            <gpxtpx:cad>81</gpxtpx:cad>
          </gpxtpx:TrackPointExtension>
        </extensions>
      </trkpt>
      <trkpt lat="29.7081433609" lon="106.512356373">
        <ele>200.6</ele>
        <time>2026-08-30T09:42:06+0800</time>
        <extensions>
          <gpxtpx:TrackPointExtension>
            <gpxtpx:hr>147</gpxtpx:hr>
            <gpxtpx:cad>81</gpxtpx:cad>
          </gpxtpx:TrackPointExtension>
        </extensions>
      </trkpt>
      <trkpt lat="29.7081602085" lon="106.512350254">
        <ele>200.6</ele>
        <time>2026-08-30T09:42:07+0800</time>
        <extensions>
          <gpxtpx:TrackPointExtension>
            <gpxtpx:hr>147</gpxtpx:hr>
            <gpxtpx:cad>82</gpxtpx:cad>
          </gpxtpx:TrackPointExtension>
        </extensions>
      </trkpt>
      <trkpt lat="29.7081711888" lon="106.512345308">
        <ele>200.6</ele>
        <time>2026-08-30T09:42:08+0800</time>
        <extensions>
          <gpxtpx:TrackPointExtension>
            <gpxtpx:hr>147</gpxtpx:hr>
            <gpxtpx:cad>83</gpxtpx:cad>
          </gpxtpx:TrackPointExtension>
        </extensions>
      </trkpt>
      <trkpt lat="29.7081912216" lon="106.512337513">
        <ele>200.4</ele>
        <time>2026-08-30T09:42:09+0800</time>
        <extensions>
          <gpxtpx:TrackPointExtension>
            <gpxtpx:hr>147</gpxtpx:hr>
            <gpxtpx:cad>84</gpxtpx:cad>
          </gpxtpx:TrackPointExtension>
        </extensions>
      </trkpt>
      <trkpt lat="29.7082096618" lon="106.512332484">
        <ele>200.4</ele>
        <time>2026-08-30T09:42:10+0800</time>
        <extensions>
          <gpxtpx:TrackPointExtension>
            <gpxtpx:hr>147</gpxtpx:hr>
            <gpxtpx:cad>84</gpxtpx:cad>
          </gpxtpx:TrackPointExtension>
        </extensions>
      </trkpt>
      <trkpt lat="29.7082234081" lon="106.512324521">
        <ele>200.4</ele>
        <time>2026-08-30T09:42:11+0800</time>
        <extensions>
          <gpxtpx:TrackPointExtension>
            <gpxtpx:hr>147</gpxtpx:hr>
            <gpxtpx:cad>84</gpxtpx:cad>
          </gpxtpx:TrackPointExtension>
        </extensions>
      </trkpt>
      <trkpt lat="29.7082371544" lon="106.512314714">
        <ele>200.4</ele>
        <time>2026-08-30T09:42:12+0800</time>
        <extensions>
          <gpxtpx:TrackPointExtension>
            <gpxtpx:hr>146</gpxtpx:hr>
            <gpxtpx:cad>84</gpxtpx:cad>
          </gpxtpx:TrackPointExtension>
        </extensions>
      </trkpt>
      <trkpt lat="29.7082491405" lon="106.512305913">
        <ele>200.4</ele>
        <time>2026-08-30T09:42:13+0800</time>
        <extensions>
          <gpxtpx:TrackPointExtension>
            <gpxtpx:hr>145</gpxtpx:hr>
            <gpxtpx:cad>84</gpxtpx:cad>
          </gpxtpx:TrackPointExtension>
        </extensions>
      </trkpt>
      <trkpt lat="29.7082649823" lon="106.51229443">
        <ele>200.4</ele>
        <time>2026-08-30T09:42:14+0800</time>
        <extensions>
          <gpxtpx:TrackPointExtension>
            <gpxtpx:hr>144</gpxtpx:hr>
            <gpxtpx:cad>84</gpxtpx:cad>
          </gpxtpx:TrackPointExtension>
        </extensions>
      </trkpt>
      <trkpt lat="29.7082787286" lon="106.512285545">
        <ele>200.4</ele>
        <time>2026-08-30T09:42:15+0800</time>
        <extensions>
          <gpxtpx:TrackPointExtension>
            <gpxtpx:hr>144</gpxtpx:hr>
            <gpxtpx:cad>83</gpxtpx:cad>
          </gpxtpx:TrackPointExtension>
        </extensions>
      </trkpt>
      <trkpt lat="29.7082891222" lon="106.512278169">
        <ele>200.4</ele>
        <time>2026-08-30T09:42:16+0800</time>
        <extensions>
          <gpxtpx:TrackPointExtension>
            <gpxtpx:hr>144</gpxtpx:hr>
            <gpxtpx:cad>83</gpxtpx:cad>
          </gpxtpx:TrackPointExtension>
        </extensions>
      </trkpt>
      <trkpt lat="29.7083048802" lon="106.512269452">
        <ele>200.4</ele>
        <time>2026-08-30T09:42:17+0800</time>
        <extensions>
          <gpxtpx:TrackPointExtension>
            <gpxtpx:hr>144</gpxtpx:hr>
            <gpxtpx:cad>82</gpxtpx:cad>
          </gpxtpx:TrackPointExtension>
        </extensions>
      </trkpt>
      <trkpt lat="29.7083172016" lon="106.512262747">
        <ele>200.4</ele>
        <time>2026-08-30T09:42:18+0800</time>
        <extensions>
          <gpxtpx:TrackPointExtension>
            <gpxtpx:hr>143</gpxtpx:hr>
            <gpxtpx:cad>82</gpxtpx:cad>
          </gpxtpx:TrackPointExtension>
        </extensions>
      </trkpt>
      <trkpt lat="29.708330445" lon="106.512255538">
        <ele>200.4</ele>
        <time>2026-08-30T09:42:19+0800</time>
        <extensions>
          <gpxtpx:TrackPointExtension>
            <gpxtpx:hr>143</gpxtpx:hr>
            <gpxtpx:cad>82</gpxtpx:cad>
          </gpxtpx:TrackPointExtension>
        </extensions>
      </trkpt>
      <trkpt lat="29.7083428502" lon="106.512250844">
        <ele>200.4</ele>
        <time>2026-08-30T09:42:20+0800</time>
        <extensions>
          <gpxtpx:TrackPointExtension>
            <gpxtpx:hr>143</gpxtpx:hr>
            <gpxtpx:cad>83</gpxtpx:cad>
          </gpxtpx:TrackPointExtension>
        </extensions>
      </trkpt>
      <trkpt lat="29.7083538305" lon="106.512243804">
        <ele>200.4</ele>
        <time>2026-08-30T09:42:21+0800</time>
        <extensions>
          <gpxtpx:TrackPointExtension>
            <gpxtpx:hr>143</gpxtpx:hr>
            <gpxtpx:cad>83</gpxtpx:cad>
          </gpxtpx:TrackPointExtension>
        </extensions>
      </trkpt>
      <trkpt lat="29.7083750367" lon="106.512234751">
        <ele>200.2</ele>
        <time>2026-08-30T09:42:22+0800</time>
        <extensions>
          <gpxtpx:TrackPointExtension>
            <gpxtpx:hr>143</gpxtpx:hr>
            <gpxtpx:cad>83</gpxtpx:cad>
          </gpxtpx:TrackPointExtension>
        </extensions>
      </trkpt>
      <trkpt lat="29.7083907947" lon="106.512230057">
        <ele>200.2</ele>
        <time>2026-08-30T09:42:23+0800</time>
        <extensions>
          <gpxtpx:TrackPointExtension>
            <gpxtpx:hr>142</gpxtpx:hr>
            <gpxtpx:cad>82</gpxtpx:cad>
          </gpxtpx:TrackPointExtension>
        </extensions>
      </trkpt>
      <trkpt lat="29.7084042896" lon="106.512224693">
        <ele>200.2</ele>
        <time>2026-08-30T09:42:24+0800</time>
        <extensions>
          <gpxtpx:TrackPointExtension>
            <gpxtpx:hr>142</gpxtpx:hr>
            <gpxtpx:cad>82</gpxtpx:cad>
          </gpxtpx:TrackPointExtension>
        </extensions>
      </trkpt>
      <trkpt lat="29.708414264" lon="106.512220921">
        <ele>200.2</ele>
        <time>2026-08-30T09:42:25+0800</time>
        <extensions>
          <gpxtpx:TrackPointExtension>
            <gpxtpx:hr>142</gpxtpx:hr>
            <gpxtpx:cad>82</gpxtpx:cad>
          </gpxtpx:TrackPointExtension>
        </extensions>
      </trkpt>
      <trkpt lat="29.7084264178" lon="106.512219748">
        <ele>200.2</ele>
        <time>2026-08-30T09:42:26+0800</time>
        <extensions>
          <gpxtpx:TrackPointExtension>
            <gpxtpx:hr>141</gpxtpx:hr>
            <gpxtpx:cad>82</gpxtpx:cad>
          </gpxtpx:TrackPointExtension>
        </extensions>
      </trkpt>
      <trkpt lat="29.7084382363" lon="106.51221673">
        <ele>200.2</ele>
        <time>2026-08-30T09:42:27+0800</time>
        <extensions>
          <gpxtpx:TrackPointExtension>
            <gpxtpx:hr>141</gpxtpx:hr>
            <gpxtpx:cad>82</gpxtpx:cad>
          </gpxtpx:TrackPointExtension>
        </extensions>
      </trkpt>
      <trkpt lat="29.708449468" lon="106.512212958">
        <ele>200.2</ele>
        <time>2026-08-30T09:42:28+0800</time>
        <extensions>
          <gpxtpx:TrackPointExtension>
            <gpxtpx:hr>141</gpxtpx:hr>
            <gpxtpx:cad>82</gpxtpx:cad>
          </gpxtpx:TrackPointExtension>
        </extensions>
      </trkpt>
      <trkpt lat="29.7084487136" lon="106.512215724">
        <ele>200.2</ele>
        <time>2026-08-30T09:42:29+0800</time>
        <extensions>
          <gpxtpx:TrackPointExtension>
            <gpxtpx:hr>141</gpxtpx:hr>
            <gpxtpx:cad>0</gpxtpx:cad>
          </gpxtpx:TrackPointExtension>
        </extensions>
      </trkpt>
      <trkpt lat="29.7084517311" lon="106.512213293">
        <ele>200.2</ele>
        <time>2026-08-30T09:42:30+0800</time>
        <extensions>
          <gpxtpx:TrackPointExtension>
            <gpxtpx:hr>141</gpxtpx:hr>
            <gpxtpx:cad>0</gpxtpx:cad>
          </gpxtpx:TrackPointExtension>
        </extensions>
      </trkpt>
      <trkpt lat="29.7084705066" lon="106.512216562">
        <ele>200.2</ele>
        <time>2026-08-30T09:42:37+0800</time>
        <extensions>
          <gpxtpx:TrackPointExtension>
            <gpxtpx:hr>143</gpxtpx:hr>
            <gpxtpx:cad>0</gpxtpx:cad>
          </gpxtpx:TrackPointExtension>
        </extensions>
      </trkpt>
      <trkpt lat="29.708482828" lon="106.512219831">
        <ele>200.2</ele>
        <time>2026-08-30T09:42:38+0800</time>
        <extensions>
          <gpxtpx:TrackPointExtension>
            <gpxtpx:hr>144</gpxtpx:hr>
            <gpxtpx:cad>0</gpxtpx:cad>
          </gpxtpx:TrackPointExtension>
        </extensions>
      </trkpt>
      <trkpt lat="29.7084933054" lon="106.512217568">
        <ele>200.2</ele>
        <time>2026-08-30T09:42:39+0800</time>
        <extensions>
          <gpxtpx:TrackPointExtension>
            <gpxtpx:hr>144</gpxtpx:hr>
            <gpxtpx:cad>0</gpxtpx:cad>
          </gpxtpx:TrackPointExtension>
        </extensions>
      </trkpt>
      <trkpt lat="29.7085100692" lon="106.512216562">
        <ele>200.2</ele>
        <time>2026-08-30T09:42:40+0800</time>
        <extensions>
          <gpxtpx:TrackPointExtension>
            <gpxtpx:hr>145</gpxtpx:hr>
            <gpxtpx:cad>79</gpxtpx:cad>
          </gpxtpx:TrackPointExtension>
        </extensions>
      </trkpt>
      <trkpt lat="29.7085244022" lon="106.512218826">
        <ele>200.2</ele>
        <time>2026-08-30T09:42:41+0800</time>
        <extensions>
          <gpxtpx:TrackPointExtension>
            <gpxtpx:hr>145</gpxtpx:hr>
            <gpxtpx:cad>79</gpxtpx:cad>
          </gpxtpx:TrackPointExtension>
        </extensions>
      </trkpt>
      <trkpt lat="29.7085396573" lon="106.512220418">
        <ele>200.2</ele>
        <time>2026-08-30T09:42:42+0800</time>
        <extensions>
          <gpxtpx:TrackPointExtension>
            <gpxtpx:hr>144</gpxtpx:hr>
            <gpxtpx:cad>79</gpxtpx:cad>
          </gpxtpx:TrackPointExtension>
        </extensions>
      </trkpt>
      <trkpt lat="29.7085556667" lon="106.512222681">
        <ele>200.2</ele>
        <time>2026-08-30T09:42:43+0800</time>
        <extensions>
          <gpxtpx:TrackPointExtension>
            <gpxtpx:hr>144</gpxtpx:hr>
            <gpxtpx:cad>79</gpxtpx:cad>
          </gpxtpx:TrackPointExtension>
        </extensions>
      </trkpt>
      <trkpt lat="29.708568491" lon="106.512222597">
        <ele>200.2</ele>
        <time>2026-08-30T09:42:44+0800</time>
        <extensions>
          <gpxtpx:TrackPointExtension>
            <gpxtpx:hr>144</gpxtpx:hr>
            <gpxtpx:cad>79</gpxtpx:cad>
          </gpxtpx:TrackPointExtension>
        </extensions>
      </trkpt>
      <trkpt lat="29.7085868474" lon="106.512222933">
        <ele>200.2</ele>
        <time>2026-08-30T09:42:45+0800</time>
        <extensions>
          <gpxtpx:TrackPointExtension>
            <gpxtpx:hr>144</gpxtpx:hr>
            <gpxtpx:cad>79</gpxtpx:cad>
          </gpxtpx:TrackPointExtension>
        </extensions>
      </trkpt>
      <trkpt lat="29.708603695" lon="106.512225866">
        <ele>200.2</ele>
        <time>2026-08-30T09:42:46+0800</time>
        <extensions>
          <gpxtpx:TrackPointExtension>
            <gpxtpx:hr>143</gpxtpx:hr>
            <gpxtpx:cad>80</gpxtpx:cad>
          </gpxtpx:TrackPointExtension>
        </extensions>
      </trkpt>
      <trkpt lat="29.7086161841" lon="106.512225028">
        <ele>200.2</ele>
        <time>2026-08-30T09:42:47+0800</time>
        <extensions>
          <gpxtpx:TrackPointExtension>
            <gpxtpx:hr>142</gpxtpx:hr>
            <gpxtpx:cad>81</gpxtpx:cad>
          </gpxtpx:TrackPointExtension>
        </extensions>
      </trkpt>
      <trkpt lat="29.7086359654" lon="106.512227794">
        <ele>200.0</ele>
        <time>2026-08-30T09:42:48+0800</time>
        <extensions>
          <gpxtpx:TrackPointExtension>
            <gpxtpx:hr>142</gpxtpx:hr>
            <gpxtpx:cad>81</gpxtpx:cad>
          </gpxtpx:TrackPointExtension>
        </extensions>
      </trkpt>
      <trkpt lat="29.7086529806" lon="106.512231985">
        <ele>200.0</ele>
        <time>2026-08-30T09:42:49+0800</time>
        <extensions>
          <gpxtpx:TrackPointExtension>
            <gpxtpx:hr>141</gpxtpx:hr>
            <gpxtpx:cad>82</gpxtpx:cad>
          </gpxtpx:TrackPointExtension>
        </extensions>
      </trkpt>
      <trkpt lat="29.7086684033" lon="106.512234081">
        <ele>200.0</ele>
        <time>2026-08-30T09:42:50+0800</time>
        <extensions>
          <gpxtpx:TrackPointExtension>
            <gpxtpx:hr>140</gpxtpx:hr>
            <gpxtpx:cad>82</gpxtpx:cad>
          </gpxtpx:TrackPointExtension>
        </extensions>
      </trkpt>
      <trkpt lat="29.7086881008" lon="106.512243049">
        <ele>200.0</ele>
        <time>2026-08-30T09:42:51+0800</time>
        <extensions>
          <gpxtpx:TrackPointExtension>
            <gpxtpx:hr>140</gpxtpx:hr>
            <gpxtpx:cad>82</gpxtpx:cad>
          </gpxtpx:TrackPointExtension>
        </extensions>
      </trkpt>
      <trkpt lat="29.7087045293" lon="106.512249084">
        <ele>200.2</ele>
        <time>2026-08-30T09:42:52+0800</time>
        <extensions>
          <gpxtpx:TrackPointExtension>
            <gpxtpx:hr>140</gpxtpx:hr>
            <gpxtpx:cad>82</gpxtpx:cad>
          </gpxtpx:TrackPointExtension>
        </extensions>
      </trkpt>
      <trkpt lat="29.7087236401" lon="106.512256125">
        <ele>200.2</ele>
        <time>2026-08-30T09:42:53+0800</time>
        <extensions>
          <gpxtpx:TrackPointExtension>
            <gpxtpx:hr>141</gpxtpx:hr>
            <gpxtpx:cad>81</gpxtpx:cad>
          </gpxtpx:TrackPointExtension>
        </extensions>
      </trkpt>
      <trkpt lat="29.7087415773" lon="106.51226677">
        <ele>200.2</ele>
        <time>2026-08-30T09:42:54+0800</time>
        <extensions>
          <gpxtpx:TrackPointExtension>
            <gpxtpx:hr>141</gpxtpx:hr>
            <gpxtpx:cad>81</gpxtpx:cad>
          </gpxtpx:TrackPointExtension>
        </extensions>
      </trkpt>
      <trkpt lat="29.7087561619" lon="106.512274314">
        <ele>200.2</ele>
        <time>2026-08-30T09:42:55+0800</time>
        <extensions>
          <gpxtpx:TrackPointExtension>
            <gpxtpx:hr>141</gpxtpx:hr>
            <gpxtpx:cad>81</gpxtpx:cad>
          </gpxtpx:TrackPointExtension>
        </extensions>
      </trkpt>
      <trkpt lat="29.7087742668" lon="106.512287976">
        <ele>200.4</ele>
        <time>2026-08-30T09:42:56+0800</time>
        <extensions>
          <gpxtpx:TrackPointExtension>
            <gpxtpx:hr>142</gpxtpx:hr>
            <gpxtpx:cad>81</gpxtpx:cad>
          </gpxtpx:TrackPointExtension>
        </extensions>
      </trkpt>
      <trkpt lat="29.7087895218" lon="106.512298202">
        <ele>200.4</ele>
        <time>2026-08-30T09:42:57+0800</time>
        <extensions>
          <gpxtpx:TrackPointExtension>
            <gpxtpx:hr>142</gpxtpx:hr>
            <gpxtpx:cad>82</gpxtpx:cad>
          </gpxtpx:TrackPointExtension>
        </extensions>
      </trkpt>
      <trkpt lat="29.7088064533" lon="106.512308177">
        <ele>200.2</ele>
        <time>2026-08-30T09:42:58+0800</time>
        <extensions>
          <gpxtpx:TrackPointExtension>
            <gpxtpx:hr>142</gpxtpx:hr>
            <gpxtpx:cad>82</gpxtpx:cad>
          </gpxtpx:TrackPointExtension>
        </extensions>
      </trkpt>
      <trkpt lat="29.7088226303" lon="106.51232142">
        <ele>200.2</ele>
        <time>2026-08-30T09:42:59+0800</time>
        <extensions>
          <gpxtpx:TrackPointExtension>
            <gpxtpx:hr>143</gpxtpx:hr>
            <gpxtpx:cad>83</gpxtpx:cad>
          </gpxtpx:TrackPointExtension>
        </extensions>
      </trkpt>
      <trkpt lat="29.7088336945" lon="106.51232888">
        <ele>200.2</ele>
        <time>2026-08-30T09:43:00+0800</time>
        <extensions>
          <gpxtpx:TrackPointExtension>
            <gpxtpx:hr>143</gpxtpx:hr>
            <gpxtpx:cad>83</gpxtpx:cad>
          </gpxtpx:TrackPointExtension>
        </extensions>
      </trkpt>
      <trkpt lat="29.7088517994" lon="106.51233919">
        <ele>200.2</ele>
        <time>2026-08-30T09:43:01+0800</time>
        <extensions>
          <gpxtpx:TrackPointExtension>
            <gpxtpx:hr>143</gpxtpx:hr>
            <gpxtpx:cad>83</gpxtpx:cad>
          </gpxtpx:TrackPointExtension>
        </extensions>
      </trkpt>
      <trkpt lat="29.7088660486" lon="106.512349835">
        <ele>200.2</ele>
        <time>2026-08-30T09:43:02+0800</time>
        <extensions>
          <gpxtpx:TrackPointExtension>
            <gpxtpx:hr>143</gpxtpx:hr>
            <gpxtpx:cad>83</gpxtpx:cad>
          </gpxtpx:TrackPointExtension>
        </extensions>
      </trkpt>
      <trkpt lat="29.7088781185" lon="106.512358803">
        <ele>200.2</ele>
        <time>2026-08-30T09:43:03+0800</time>
        <extensions>
          <gpxtpx:TrackPointExtension>
            <gpxtpx:hr>143</gpxtpx:hr>
            <gpxtpx:cad>83</gpxtpx:cad>
          </gpxtpx:TrackPointExtension>
        </extensions>
      </trkpt>
      <trkpt lat="29.7088923678" lon="106.512371711">
        <ele>200.4</ele>
        <time>2026-08-30T09:43:04+0800</time>
        <extensions>
          <gpxtpx:TrackPointExtension>
            <gpxtpx:hr>142</gpxtpx:hr>
            <gpxtpx:cad>83</gpxtpx:cad>
          </gpxtpx:TrackPointExtension>
        </extensions>
      </trkpt>
      <trkpt lat="29.7089067008" lon="106.512380596">
        <ele>200.4</ele>
        <time>2026-08-30T09:43:05+0800</time>
        <extensions>
          <gpxtpx:TrackPointExtension>
            <gpxtpx:hr>143</gpxtpx:hr>
            <gpxtpx:cad>83</gpxtpx:cad>
          </gpxtpx:TrackPointExtension>
        </extensions>
      </trkpt>
      <trkpt lat="29.7089241352" lon="106.512389816">
        <ele>200.4</ele>
        <time>2026-08-30T09:43:06+0800</time>
        <extensions>
          <gpxtpx:TrackPointExtension>
            <gpxtpx:hr>143</gpxtpx:hr>
            <gpxtpx:cad>83</gpxtpx:cad>
          </gpxtpx:TrackPointExtension>
        </extensions>
      </trkpt>
      <trkpt lat="29.7089365404" lon="106.512403311">
        <ele>200.4</ele>
        <time>2026-08-30T09:43:07+0800</time>
        <extensions>
          <gpxtpx:TrackPointExtension>
            <gpxtpx:hr>143</gpxtpx:hr>
            <gpxtpx:cad>83</gpxtpx:cad>
          </gpxtpx:TrackPointExtension>
        </extensions>
      </trkpt>
      <trkpt lat="29.7089498676" lon="106.512408759">
        <ele>200.4</ele>
        <time>2026-08-30T09:43:08+0800</time>
        <extensions>
          <gpxtpx:TrackPointExtension>
            <gpxtpx:hr>142</gpxtpx:hr>
            <gpxtpx:cad>83</gpxtpx:cad>
          </gpxtpx:TrackPointExtension>
        </extensions>
      </trkpt>
      <trkpt lat="29.7089709062" lon="106.512420159">
        <ele>200.4</ele>
        <time>2026-08-30T09:43:09+0800</time>
        <extensions>
          <gpxtpx:TrackPointExtension>
            <gpxtpx:hr>143</gpxtpx:hr>
            <gpxtpx:cad>83</gpxtpx:cad>
          </gpxtpx:TrackPointExtension>
        </extensions>
      </trkpt>
      <trkpt lat="29.7089877538" lon="106.512425356">
        <ele>200.2</ele>
        <time>2026-08-30T09:43:10+0800</time>
        <extensions>
          <gpxtpx:TrackPointExtension>
            <gpxtpx:hr>143</gpxtpx:hr>
            <gpxtpx:cad>83</gpxtpx:cad>
          </gpxtpx:TrackPointExtension>
        </extensions>
      </trkpt>
      <trkpt lat="29.7090074513" lon="106.512431307">
        <ele>200.2</ele>
        <time>2026-08-30T09:43:11+0800</time>
        <extensions>
          <gpxtpx:TrackPointExtension>
            <gpxtpx:hr>143</gpxtpx:hr>
            <gpxtpx:cad>83</gpxtpx:cad>
          </gpxtpx:TrackPointExtension>
        </extensions>
      </trkpt>
      <trkpt lat="29.7090250533" lon="106.512435162">
        <ele>200.2</ele>
        <time>2026-08-30T09:43:12+0800</time>
        <extensions>
          <gpxtpx:TrackPointExtension>
            <gpxtpx:hr>143</gpxtpx:hr>
            <gpxtpx:cad>83</gpxtpx:cad>
          </gpxtpx:TrackPointExtension>
        </extensions>
      </trkpt>
      <trkpt lat="29.709038632" lon="106.51243181">
        <ele>200.2</ele>
        <time>2026-08-30T09:43:13+0800</time>
        <extensions>
          <gpxtpx:TrackPointExtension>
            <gpxtpx:hr>144</gpxtpx:hr>
            <gpxtpx:cad>83</gpxtpx:cad>
          </gpxtpx:TrackPointExtension>
        </extensions>
      </trkpt>
      <trkpt lat="29.7090620175" lon="106.512428373">
        <ele>200.2</ele>
        <time>2026-08-30T09:43:14+0800</time>
        <extensions>
          <gpxtpx:TrackPointExtension>
            <gpxtpx:hr>144</gpxtpx:hr>
            <gpxtpx:cad>83</gpxtpx:cad>
          </gpxtpx:TrackPointExtension>
        </extensions>
      </trkpt>
      <trkpt lat="29.7090811282" lon="106.512424015">
        <ele>200.2</ele>
        <time>2026-08-30T09:43:15+0800</time>
        <extensions>
          <gpxtpx:TrackPointExtension>
            <gpxtpx:hr>144</gpxtpx:hr>
            <gpxtpx:cad>84</gpxtpx:cad>
          </gpxtpx:TrackPointExtension>
        </extensions>
      </trkpt>
      <trkpt lat="29.7091029212" lon="106.512416471">
        <ele>200.2</ele>
        <time>2026-08-30T09:43:16+0800</time>
        <extensions>
          <gpxtpx:TrackPointExtension>
            <gpxtpx:hr>144</gpxtpx:hr>
            <gpxtpx:cad>84</gpxtpx:cad>
          </gpxtpx:TrackPointExtension>
        </extensions>
      </trkpt>
      <trkpt lat="29.7091192659" lon="106.51240834">
        <ele>200.2</ele>
        <time>2026-08-30T09:43:17+0800</time>
        <extensions>
          <gpxtpx:TrackPointExtension>
            <gpxtpx:hr>145</gpxtpx:hr>
            <gpxtpx:cad>84</gpxtpx:cad>
          </gpxtpx:TrackPointExtension>
        </extensions>
      </trkpt>
      <trkpt lat="29.7091300786" lon="106.512397695">
        <ele>200.0</ele>
        <time>2026-08-30T09:43:18+0800</time>
        <extensions>
          <gpxtpx:TrackPointExtension>
            <gpxtpx:hr>145</gpxtpx:hr>
            <gpxtpx:cad>84</gpxtpx:cad>
          </gpxtpx:TrackPointExtension>
        </extensions>
      </trkpt>
      <trkpt lat="29.7091491893" lon="106.512383781">
        <ele>200.0</ele>
        <time>2026-08-30T09:43:19+0800</time>
        <extensions>
          <gpxtpx:TrackPointExtension>
            <gpxtpx:hr>145</gpxtpx:hr>
            <gpxtpx:cad>83</gpxtpx:cad>
          </gpxtpx:TrackPointExtension>
        </extensions>
      </trkpt>
      <trkpt lat="29.7091642767" lon="106.512373975">
        <ele>199.8</ele>
        <time>2026-08-30T09:43:20+0800</time>
        <extensions>
          <gpxtpx:TrackPointExtension>
            <gpxtpx:hr>145</gpxtpx:hr>
            <gpxtpx:cad>83</gpxtpx:cad>
          </gpxtpx:TrackPointExtension>
        </extensions>
      </trkpt>
      <trkpt lat="29.7091734968" lon="106.512361569">
        <ele>199.8</ele>
        <time>2026-08-30T09:43:21+0800</time>
        <extensions>
          <gpxtpx:TrackPointExtension>
            <gpxtpx:hr>145</gpxtpx:hr>
            <gpxtpx:cad>83</gpxtpx:cad>
          </gpxtpx:TrackPointExtension>
        </extensions>
      </trkpt>
      <trkpt lat="29.7091905121" lon="106.512347991">
        <ele>199.8</ele>
        <time>2026-08-30T09:43:22+0800</time>
        <extensions>
          <gpxtpx:TrackPointExtension>
            <gpxtpx:hr>145</gpxtpx:hr>
            <gpxtpx:cad>83</gpxtpx:cad>
          </gpxtpx:TrackPointExtension>
        </extensions>
      </trkpt>
      <trkpt lat="29.7092057671" lon="106.512340279">
        <ele>199.6</ele>
        <time>2026-08-30T09:43:23+0800</time>
        <extensions>
          <gpxtpx:TrackPointExtension>
            <gpxtpx:hr>146</gpxtpx:hr>
            <gpxtpx:cad>83</gpxtpx:cad>
          </gpxtpx:TrackPointExtension>
        </extensions>
      </trkpt>
      <trkpt lat="29.7092242911" lon="106.512328042">
        <ele>199.6</ele>
        <time>2026-08-30T09:43:24+0800</time>
        <extensions>
          <gpxtpx:TrackPointExtension>
            <gpxtpx:hr>147</gpxtpx:hr>
            <gpxtpx:cad>82</gpxtpx:cad>
          </gpxtpx:TrackPointExtension>
        </extensions>
      </trkpt>
      <trkpt lat="29.7092430666" lon="106.512318738">
        <ele>199.6</ele>
        <time>2026-08-30T09:43:25+0800</time>
        <extensions>
          <gpxtpx:TrackPointExtension>
            <gpxtpx:hr>148</gpxtpx:hr>
            <gpxtpx:cad>82</gpxtpx:cad>
          </gpxtpx:TrackPointExtension>
        </extensions>
      </trkpt>
      <trkpt lat="29.7092576511" lon="106.512311278">
        <ele>199.6</ele>
        <time>2026-08-30T09:43:26+0800</time>
        <extensions>
          <gpxtpx:TrackPointExtension>
            <gpxtpx:hr>148</gpxtpx:hr>
            <gpxtpx:cad>82</gpxtpx:cad>
          </gpxtpx:TrackPointExtension>
        </extensions>
      </trkpt>
      <trkpt lat="29.7092804499" lon="106.512301555">
        <ele>199.4</ele>
        <time>2026-08-30T09:43:27+0800</time>
        <extensions>
          <gpxtpx:TrackPointExtension>
            <gpxtpx:hr>149</gpxtpx:hr>
            <gpxtpx:cad>82</gpxtpx:cad>
          </gpxtpx:TrackPointExtension>
        </extensions>
      </trkpt>
      <trkpt lat="29.7092987224" lon="106.512297112">
        <ele>199.4</ele>
        <time>2026-08-30T09:43:28+0800</time>
        <extensions>
          <gpxtpx:TrackPointExtension>
            <gpxtpx:hr>149</gpxtpx:hr>
            <gpxtpx:cad>83</gpxtpx:cad>
          </gpxtpx:TrackPointExtension>
        </extensions>
      </trkpt>
      <trkpt lat="29.7093192581" lon="106.51229267">
        <ele>199.4</ele>
        <time>2026-08-30T09:43:29+0800</time>
        <extensions>
          <gpxtpx:TrackPointExtension>
            <gpxtpx:hr>149</gpxtpx:hr>
            <gpxtpx:cad>83</gpxtpx:cad>
          </gpxtpx:TrackPointExtension>
        </extensions>
      </trkpt>
      <trkpt lat="29.7093368601" lon="106.512291329">
        <ele>199.2</ele>
        <time>2026-08-30T09:43:30+0800</time>
        <extensions>
          <gpxtpx:TrackPointExtension>
            <gpxtpx:hr>150</gpxtpx:hr>
            <gpxtpx:cad>83</gpxtpx:cad>
          </gpxtpx:TrackPointExtension>
        </extensions>
      </trkpt>
      <trkpt lat="29.7093542945" lon="106.512289736">
        <ele>199.2</ele>
        <time>2026-08-30T09:43:31+0800</time>
        <extensions>
          <gpxtpx:TrackPointExtension>
            <gpxtpx:hr>150</gpxtpx:hr>
            <gpxtpx:cad>83</gpxtpx:cad>
          </gpxtpx:TrackPointExtension>
        </extensions>
      </trkpt>
      <trkpt lat="29.7093780991" lon="106.512288898">
        <ele>199.2</ele>
        <time>2026-08-30T09:43:32+0800</time>
        <extensions>
          <gpxtpx:TrackPointExtension>
            <gpxtpx:hr>150</gpxtpx:hr>
            <gpxtpx:cad>83</gpxtpx:cad>
          </gpxtpx:TrackPointExtension>
        </extensions>
      </trkpt>
      <trkpt lat="29.7093967907" lon="106.51228982">
        <ele>199.2</ele>
        <time>2026-08-30T09:43:33+0800</time>
        <extensions>
          <gpxtpx:TrackPointExtension>
            <gpxtpx:hr>150</gpxtpx:hr>
            <gpxtpx:cad>83</gpxtpx:cad>
          </gpxtpx:TrackPointExtension>
        </extensions>
      </trkpt>
      <trkpt lat="29.7094130516" lon="106.512289904">
        <ele>199.2</ele>
        <time>2026-08-30T09:43:34+0800</time>
        <extensions>
          <gpxtpx:TrackPointExtension>
            <gpxtpx:hr>149</gpxtpx:hr>
            <gpxtpx:cad>83</gpxtpx:cad>
          </gpxtpx:TrackPointExtension>
        </extensions>
      </trkpt>
      <trkpt lat="29.7094301507" lon="106.512294346">
        <ele>199.0</ele>
        <time>2026-08-30T09:43:35+0800</time>
        <extensions>
          <gpxtpx:TrackPointExtension>
            <gpxtpx:hr>150</gpxtpx:hr>
            <gpxtpx:cad>83</gpxtpx:cad>
          </gpxtpx:TrackPointExtension>
        </extensions>
      </trkpt>
      <trkpt lat="29.7094418015" lon="106.512294849">
        <ele>199.0</ele>
        <time>2026-08-30T09:43:36+0800</time>
        <extensions>
          <gpxtpx:TrackPointExtension>
            <gpxtpx:hr>150</gpxtpx:hr>
            <gpxtpx:cad>83</gpxtpx:cad>
          </gpxtpx:TrackPointExtension>
        </extensions>
      </trkpt>
      <trkpt lat="29.7094608285" lon="106.512296777">
        <ele>199.0</ele>
        <time>2026-08-30T09:43:37+0800</time>
        <extensions>
          <gpxtpx:TrackPointExtension>
            <gpxtpx:hr>149</gpxtpx:hr>
            <gpxtpx:cad>83</gpxtpx:cad>
          </gpxtpx:TrackPointExtension>
        </extensions>
      </trkpt>
      <trkpt lat="29.7094766703" lon="106.512300801">
        <ele>199.0</ele>
        <time>2026-08-30T09:43:38+0800</time>
        <extensions>
          <gpxtpx:TrackPointExtension>
            <gpxtpx:hr>149</gpxtpx:hr>
            <gpxtpx:cad>83</gpxtpx:cad>
          </gpxtpx:TrackPointExtension>
        </extensions>
      </trkpt>
      <trkpt lat="29.7094920091" lon="106.512301974">
        <ele>199.0</ele>
        <time>2026-08-30T09:43:39+0800</time>
        <extensions>
          <gpxtpx:TrackPointExtension>
            <gpxtpx:hr>149</gpxtpx:hr>
            <gpxtpx:cad>83</gpxtpx:cad>
          </gpxtpx:TrackPointExtension>
        </extensions>
      </trkpt>
      <trkpt lat="29.7095129639" lon="106.51230935">
        <ele>199.0</ele>
        <time>2026-08-30T09:43:40+0800</time>
        <extensions>
          <gpxtpx:TrackPointExtension>
            <gpxtpx:hr>149</gpxtpx:hr>
            <gpxtpx:cad>83</gpxtpx:cad>
          </gpxtpx:TrackPointExtension>
        </extensions>
      </trkpt>
      <trkpt lat="29.7095257882" lon="106.512312368">
        <ele>199.0</ele>
        <time>2026-08-30T09:43:41+0800</time>
        <extensions>
          <gpxtpx:TrackPointExtension>
            <gpxtpx:hr>149</gpxtpx:hr>
            <gpxtpx:cad>83</gpxtpx:cad>
          </gpxtpx:TrackPointExtension>
        </extensions>
      </trkpt>
      <trkpt lat="29.7095454019" lon="106.51231681">
        <ele>199.0</ele>
        <time>2026-08-30T09:43:42+0800</time>
        <extensions>
          <gpxtpx:TrackPointExtension>
            <gpxtpx:hr>149</gpxtpx:hr>
            <gpxtpx:cad>83</gpxtpx:cad>
          </gpxtpx:TrackPointExtension>
        </extensions>
      </trkpt>
      <trkpt lat="29.7095593996" lon="106.512321839">
        <ele>199.0</ele>
        <time>2026-08-30T09:43:43+0800</time>
        <extensions>
          <gpxtpx:TrackPointExtension>
            <gpxtpx:hr>149</gpxtpx:hr>
            <gpxtpx:cad>83</gpxtpx:cad>
          </gpxtpx:TrackPointExtension>
        </extensions>
      </trkpt>
      <trkpt lat="29.7095723916" lon="106.512325276">
        <ele>199.2</ele>
        <time>2026-08-30T09:43:44+0800</time>
        <extensions>
          <gpxtpx:TrackPointExtension>
            <gpxtpx:hr>149</gpxtpx:hr>
            <gpxtpx:cad>83</gpxtpx:cad>
          </gpxtpx:TrackPointExtension>
        </extensions>
      </trkpt>
      <trkpt lat="29.7095854674" lon="106.512334328">
        <ele>199.2</ele>
        <time>2026-08-30T09:43:45+0800</time>
        <extensions>
          <gpxtpx:TrackPointExtension>
            <gpxtpx:hr>149</gpxtpx:hr>
            <gpxtpx:cad>84</gpxtpx:cad>
          </gpxtpx:TrackPointExtension>
        </extensions>
      </trkpt>
      <trkpt lat="29.7095967829" lon="106.512340698">
        <ele>199.2</ele>
        <time>2026-08-30T09:43:46+0800</time>
        <extensions>
          <gpxtpx:TrackPointExtension>
            <gpxtpx:hr>150</gpxtpx:hr>
            <gpxtpx:cad>84</gpxtpx:cad>
          </gpxtpx:TrackPointExtension>
        </extensions>
      </trkpt>
      <trkpt lat="29.7096016444" lon="106.512343297">
        <ele>199.2</ele>
        <time>2026-08-30T09:43:47+0800</time>
        <extensions>
          <gpxtpx:TrackPointExtension>
            <gpxtpx:hr>149</gpxtpx:hr>
            <gpxtpx:cad>83</gpxtpx:cad>
          </gpxtpx:TrackPointExtension>
        </extensions>
      </trkpt>
      <trkpt lat="29.7096036561" lon="106.512354277">
        <ele>199.2</ele>
        <time>2026-08-30T09:43:48+0800</time>
        <extensions>
          <gpxtpx:TrackPointExtension>
            <gpxtpx:hr>149</gpxtpx:hr>
            <gpxtpx:cad>83</gpxtpx:cad>
          </gpxtpx:TrackPointExtension>
        </extensions>
      </trkpt>
      <trkpt lat="29.7096059192" lon="106.512357295">
        <ele>199.2</ele>
        <time>2026-08-30T09:43:49+0800</time>
        <extensions>
          <gpxtpx:TrackPointExtension>
            <gpxtpx:hr>149</gpxtpx:hr>
            <gpxtpx:cad>83</gpxtpx:cad>
          </gpxtpx:TrackPointExtension>
        </extensions>
      </trkpt>
      <trkpt lat="29.7096132115" lon="106.512355953">
        <ele>199.2</ele>
        <time>2026-08-30T09:43:50+0800</time>
        <extensions>
          <gpxtpx:TrackPointExtension>
            <gpxtpx:hr>150</gpxtpx:hr>
            <gpxtpx:cad>0</gpxtpx:cad>
          </gpxtpx:TrackPointExtension>
        </extensions>
      </trkpt>
      <trkpt lat="29.7096132115" lon="106.512359222">
        <ele>199.2</ele>
        <time>2026-08-30T09:43:51+0800</time>
        <extensions>
          <gpxtpx:TrackPointExtension>
            <gpxtpx:hr>150</gpxtpx:hr>
            <gpxtpx:cad>0</gpxtpx:cad>
          </gpxtpx:TrackPointExtension>
        </extensions>
      </trkpt>
      <trkpt lat="29.7096176539" lon="106.512360815">
        <ele>199.2</ele>
        <time>2026-08-30T09:43:52+0800</time>
        <extensions>
          <gpxtpx:TrackPointExtension>
            <gpxtpx:hr>150</gpxtpx:hr>
            <gpxtpx:cad>0</gpxtpx:cad>
          </gpxtpx:TrackPointExtension>
        </extensions>
      </trkpt>
      <trkpt lat="29.7096308973" lon="106.512359641">
        <ele>199.2</ele>
        <time>2026-08-30T09:43:53+0800</time>
        <extensions>
          <gpxtpx:TrackPointExtension>
            <gpxtpx:hr>150</gpxtpx:hr>
            <gpxtpx:cad>0</gpxtpx:cad>
          </gpxtpx:TrackPointExtension>
        </extensions>
      </trkpt>
      <trkpt lat="29.7096341662" lon="106.512364">
        <ele>199.2</ele>
        <time>2026-08-30T09:43:54+0800</time>
        <extensions>
          <gpxtpx:TrackPointExtension>
            <gpxtpx:hr>149</gpxtpx:hr>
            <gpxtpx:cad>0</gpxtpx:cad>
          </gpxtpx:TrackPointExtension>
        </extensions>
      </trkpt>
      <trkpt lat="29.7096376866" lon="106.512368945">
        <ele>199.2</ele>
        <time>2026-08-30T09:43:55+0800</time>
        <extensions>
          <gpxtpx:TrackPointExtension>
            <gpxtpx:hr>149</gpxtpx:hr>
            <gpxtpx:cad>0</gpxtpx:cad>
          </gpxtpx:TrackPointExtension>
        </extensions>
      </trkpt>
      <trkpt lat="29.7096475773" lon="106.512375902">
        <ele>199.2</ele>
        <time>2026-08-30T09:43:56+0800</time>
        <extensions>
          <gpxtpx:TrackPointExtension>
            <gpxtpx:hr>149</gpxtpx:hr>
            <gpxtpx:cad>79</gpxtpx:cad>
          </gpxtpx:TrackPointExtension>
        </extensions>
      </trkpt>
      <trkpt lat="29.7096567135" lon="106.512380848">
        <ele>199.4</ele>
        <time>2026-08-30T09:43:57+0800</time>
        <extensions>
          <gpxtpx:TrackPointExtension>
            <gpxtpx:hr>148</gpxtpx:hr>
            <gpxtpx:cad>79</gpxtpx:cad>
          </gpxtpx:TrackPointExtension>
        </extensions>
      </trkpt>
      <trkpt lat="29.7096611559" lon="106.512385793">
        <ele>199.4</ele>
        <time>2026-08-30T09:43:58+0800</time>
        <extensions>
          <gpxtpx:TrackPointExtension>
            <gpxtpx:hr>147</gpxtpx:hr>
            <gpxtpx:cad>40</gpxtpx:cad>
          </gpxtpx:TrackPointExtension>
        </extensions>
      </trkpt>
      <trkpt lat="29.7096700408" lon="106.512392247">
        <ele>199.4</ele>
        <time>2026-08-30T09:43:59+0800</time>
        <extensions>
          <gpxtpx:TrackPointExtension>
            <gpxtpx:hr>147</gpxtpx:hr>
            <gpxtpx:cad>40</gpxtpx:cad>
          </gpxtpx:TrackPointExtension>
        </extensions>
      </trkpt>
      <trkpt lat="29.7096802667" lon="106.51240021">
        <ele>199.4</ele>
        <time>2026-08-30T09:44:00+0800</time>
        <extensions>
          <gpxtpx:TrackPointExtension>
            <gpxtpx:hr>147</gpxtpx:hr>
            <gpxtpx:cad>0</gpxtpx:cad>
          </gpxtpx:TrackPointExtension>
        </extensions>
      </trkpt>
      <trkpt lat="29.7096896544" lon="106.512411609">
        <ele>199.6</ele>
        <time>2026-08-30T09:44:01+0800</time>
        <extensions>
          <gpxtpx:TrackPointExtension>
            <gpxtpx:hr>146</gpxtpx:hr>
            <gpxtpx:cad>0</gpxtpx:cad>
          </gpxtpx:TrackPointExtension>
        </extensions>
      </trkpt>
      <trkpt lat="29.7096978687" lon="106.512420578">
        <ele>199.6</ele>
        <time>2026-08-30T09:44:02+0800</time>
        <extensions>
          <gpxtpx:TrackPointExtension>
            <gpxtpx:hr>146</gpxtpx:hr>
            <gpxtpx:cad>0</gpxtpx:cad>
          </gpxtpx:TrackPointExtension>
        </extensions>
      </trkpt>
      <trkpt lat="29.7097099386" lon="106.512432816">
        <ele>199.8</ele>
        <time>2026-08-30T09:44:03+0800</time>
        <extensions>
          <gpxtpx:TrackPointExtension>
            <gpxtpx:hr>146</gpxtpx:hr>
            <gpxtpx:cad>0</gpxtpx:cad>
          </gpxtpx:TrackPointExtension>
        </extensions>
      </trkpt>
      <trkpt lat="29.7097198293" lon="106.512445975">
        <ele>199.8</ele>
        <time>2026-08-30T09:44:04+0800</time>
        <extensions>
          <gpxtpx:TrackPointExtension>
            <gpxtpx:hr>145</gpxtpx:hr>
            <gpxtpx:cad>79</gpxtpx:cad>
          </gpxtpx:TrackPointExtension>
        </extensions>
      </trkpt>
      <trkpt lat="29.7097318992" lon="106.512459051">
        <ele>199.8</ele>
        <time>2026-08-30T09:44:05+0800</time>
        <extensions>
          <gpxtpx:TrackPointExtension>
            <gpxtpx:hr>145</gpxtpx:hr>
            <gpxtpx:cad>79</gpxtpx:cad>
          </gpxtpx:TrackPointExtension>
        </extensions>
      </trkpt>
      <trkpt lat="29.7097436339" lon="106.512475396">
        <ele>199.8</ele>
        <time>2026-08-30T09:44:06+0800</time>
        <extensions>
          <gpxtpx:TrackPointExtension>
            <gpxtpx:hr>145</gpxtpx:hr>
            <gpxtpx:cad>83</gpxtpx:cad>
          </gpxtpx:TrackPointExtension>
        </extensions>
      </trkpt>
      <trkpt lat="29.7097542789" lon="106.512485873">
        <ele>199.8</ele>
        <time>2026-08-30T09:44:07+0800</time>
        <extensions>
          <gpxtpx:TrackPointExtension>
            <gpxtpx:hr>146</gpxtpx:hr>
            <gpxtpx:cad>84</gpxtpx:cad>
          </gpxtpx:TrackPointExtension>
        </extensions>
      </trkpt>
      <trkpt lat="29.7097655106" lon="106.512503391">
        <ele>200.0</ele>
        <time>2026-08-30T09:44:08+0800</time>
        <extensions>
          <gpxtpx:TrackPointExtension>
            <gpxtpx:hr>146</gpxtpx:hr>
            <gpxtpx:cad>84</gpxtpx:cad>
          </gpxtpx:TrackPointExtension>
        </extensions>
      </trkpt>
      <trkpt lat="29.709775066" lon="106.512517976">
        <ele>200.0</ele>
        <time>2026-08-30T09:44:09+0800</time>
        <extensions>
          <gpxtpx:TrackPointExtension>
            <gpxtpx:hr>146</gpxtpx:hr>
            <gpxtpx:cad>84</gpxtpx:cad>
          </gpxtpx:TrackPointExtension>
        </extensions>
      </trkpt>
      <trkpt lat="29.7097825259" lon="106.512529207">
        <ele>200.2</ele>
        <time>2026-08-30T09:44:10+0800</time>
        <extensions>
          <gpxtpx:TrackPointExtension>
            <gpxtpx:hr>146</gpxtpx:hr>
            <gpxtpx:cad>83</gpxtpx:cad>
          </gpxtpx:TrackPointExtension>
        </extensions>
      </trkpt>
      <trkpt lat="29.7097919974" lon="106.512546558">
        <ele>200.2</ele>
        <time>2026-08-30T09:44:11+0800</time>
        <extensions>
          <gpxtpx:TrackPointExtension>
            <gpxtpx:hr>147</gpxtpx:hr>
            <gpxtpx:cad>84</gpxtpx:cad>
          </gpxtpx:TrackPointExtension>
        </extensions>
      </trkpt>
      <trkpt lat="29.7097999603" lon="106.512557119">
        <ele>200.2</ele>
        <time>2026-08-30T09:44:12+0800</time>
        <extensions>
          <gpxtpx:TrackPointExtension>
            <gpxtpx:hr>148</gpxtpx:hr>
            <gpxtpx:cad>83</gpxtpx:cad>
          </gpxtpx:TrackPointExtension>
        </extensions>
      </trkpt>
      <trkpt lat="29.7098105215" lon="106.512571955">
        <ele>200.4</ele>
        <time>2026-08-30T09:44:13+0800</time>
        <extensions>
          <gpxtpx:TrackPointExtension>
            <gpxtpx:hr>149</gpxtpx:hr>
            <gpxtpx:cad>82</gpxtpx:cad>
          </gpxtpx:TrackPointExtension>
        </extensions>
      </trkpt>
      <trkpt lat="29.7098210827" lon="106.512585701">
        <ele>200.4</ele>
        <time>2026-08-30T09:44:14+0800</time>
        <extensions>
          <gpxtpx:TrackPointExtension>
            <gpxtpx:hr>150</gpxtpx:hr>
            <gpxtpx:cad>82</gpxtpx:cad>
          </gpxtpx:TrackPointExtension>
        </extensions>
      </trkpt>
      <trkpt lat="29.7098321468" lon="106.512596346">
        <ele>200.6</ele>
        <time>2026-08-30T09:44:15+0800</time>
        <extensions>
          <gpxtpx:TrackPointExtension>
            <gpxtpx:hr>151</gpxtpx:hr>
            <gpxtpx:cad>81</gpxtpx:cad>
          </gpxtpx:TrackPointExtension>
        </extensions>
      </trkpt>
      <trkpt lat="29.7098426241" lon="106.512611769">
        <ele>200.6</ele>
        <time>2026-08-30T09:44:16+0800</time>
        <extensions>
          <gpxtpx:TrackPointExtension>
            <gpxtpx:hr>151</gpxtpx:hr>
            <gpxtpx:cad>81</gpxtpx:cad>
          </gpxtpx:TrackPointExtension>
        </extensions>
      </trkpt>
      <trkpt lat="29.7098517604" lon="106.512627443">
        <ele>200.6</ele>
        <time>2026-08-30T09:44:17+0800</time>
        <extensions>
          <gpxtpx:TrackPointExtension>
            <gpxtpx:hr>152</gpxtpx:hr>
            <gpxtpx:cad>82</gpxtpx:cad>
          </gpxtpx:TrackPointExtension>
        </extensions>
      </trkpt>
      <trkpt lat="29.7098622378" lon="106.512640771">
        <ele>200.6</ele>
        <time>2026-08-30T09:44:18+0800</time>
        <extensions>
          <gpxtpx:TrackPointExtension>
            <gpxtpx:hr>152</gpxtpx:hr>
            <gpxtpx:cad>82</gpxtpx:cad>
          </gpxtpx:TrackPointExtension>
        </extensions>
      </trkpt>
      <trkpt lat="29.7098733857" lon="106.512658624">
        <ele>200.6</ele>
        <time>2026-08-30T09:44:19+0800</time>
        <extensions>
          <gpxtpx:TrackPointExtension>
            <gpxtpx:hr>152</gpxtpx:hr>
            <gpxtpx:cad>82</gpxtpx:cad>
          </gpxtpx:TrackPointExtension>
        </extensions>
      </trkpt>
      <trkpt lat="29.7098831087" lon="106.512670526">
        <ele>200.6</ele>
        <time>2026-08-30T09:44:20+0800</time>
        <extensions>
          <gpxtpx:TrackPointExtension>
            <gpxtpx:hr>151</gpxtpx:hr>
            <gpxtpx:cad>83</gpxtpx:cad>
          </gpxtpx:TrackPointExtension>
        </extensions>
      </trkpt>
      <trkpt lat="29.7098966874" lon="106.512687793">
        <ele>200.8</ele>
        <time>2026-08-30T09:44:21+0800</time>
        <extensions>
          <gpxtpx:TrackPointExtension>
            <gpxtpx:hr>151</gpxtpx:hr>
            <gpxtpx:cad>83</gpxtpx:cad>
          </gpxtpx:TrackPointExtension>
        </extensions>
      </trkpt>
      <trkpt lat="29.7099074163" lon="106.512698522">
        <ele>201.0</ele>
        <time>2026-08-30T09:44:22+0800</time>
        <extensions>
          <gpxtpx:TrackPointExtension>
            <gpxtpx:hr>150</gpxtpx:hr>
            <gpxtpx:cad>84</gpxtpx:cad>
          </gpxtpx:TrackPointExtension>
        </extensions>
      </trkpt>
      <trkpt lat="29.7099182289" lon="106.51270749">
        <ele>201.0</ele>
        <time>2026-08-30T09:44:23+0800</time>
        <extensions>
          <gpxtpx:TrackPointExtension>
            <gpxtpx:hr>150</gpxtpx:hr>
            <gpxtpx:cad>84</gpxtpx:cad>
          </gpxtpx:TrackPointExtension>
        </extensions>
      </trkpt>
      <trkpt lat="29.709932562" lon="106.512720985">
        <ele>201.2</ele>
        <time>2026-08-30T09:44:24+0800</time>
        <extensions>
          <gpxtpx:TrackPointExtension>
            <gpxtpx:hr>150</gpxtpx:hr>
            <gpxtpx:cad>84</gpxtpx:cad>
          </gpxtpx:TrackPointExtension>
        </extensions>
      </trkpt>
      <trkpt lat="29.7099443804" lon="106.512728613">
        <ele>201.2</ele>
        <time>2026-08-30T09:44:25+0800</time>
        <extensions>
          <gpxtpx:TrackPointExtension>
            <gpxtpx:hr>150</gpxtpx:hr>
            <gpxtpx:cad>84</gpxtpx:cad>
          </gpxtpx:TrackPointExtension>
        </extensions>
      </trkpt>
      <trkpt lat="29.7099599708" lon="106.512741521">
        <ele>201.2</ele>
        <time>2026-08-30T09:44:26+0800</time>
        <extensions>
          <gpxtpx:TrackPointExtension>
            <gpxtpx:hr>149</gpxtpx:hr>
            <gpxtpx:cad>83</gpxtpx:cad>
          </gpxtpx:TrackPointExtension>
        </extensions>
      </trkpt>
      <trkpt lat="29.7099721245" lon="106.512753759">
        <ele>201.4</ele>
        <time>2026-08-30T09:44:27+0800</time>
        <extensions>
          <gpxtpx:TrackPointExtension>
            <gpxtpx:hr>149</gpxtpx:hr>
            <gpxtpx:cad>83</gpxtpx:cad>
          </gpxtpx:TrackPointExtension>
        </extensions>
      </trkpt>
      <trkpt lat="29.70998629" lon="106.512767673">
        <ele>201.4</ele>
        <time>2026-08-30T09:44:28+0800</time>
        <extensions>
          <gpxtpx:TrackPointExtension>
            <gpxtpx:hr>149</gpxtpx:hr>
            <gpxtpx:cad>84</gpxtpx:cad>
          </gpxtpx:TrackPointExtension>
        </extensions>
      </trkpt>
      <trkpt lat="29.7099991143" lon="106.512786448">
        <ele>201.4</ele>
        <time>2026-08-30T09:44:29+0800</time>
        <extensions>
          <gpxtpx:TrackPointExtension>
            <gpxtpx:hr>150</gpxtpx:hr>
            <gpxtpx:cad>84</gpxtpx:cad>
          </gpxtpx:TrackPointExtension>
        </extensions>
      </trkpt>
      <trkpt lat="29.7100107651" lon="106.51279768">
        <ele>201.4</ele>
        <time>2026-08-30T09:44:30+0800</time>
        <extensions>
          <gpxtpx:TrackPointExtension>
            <gpxtpx:hr>150</gpxtpx:hr>
            <gpxtpx:cad>84</gpxtpx:cad>
          </gpxtpx:TrackPointExtension>
        </extensions>
      </trkpt>
      <trkpt lat="29.7100271098" lon="106.512816036">
        <ele>201.4</ele>
        <time>2026-08-30T09:44:31+0800</time>
        <extensions>
          <gpxtpx:TrackPointExtension>
            <gpxtpx:hr>150</gpxtpx:hr>
            <gpxtpx:cad>84</gpxtpx:cad>
          </gpxtpx:TrackPointExtension>
        </extensions>
      </trkpt>
      <trkpt lat="29.7100389283" lon="106.512831878">
        <ele>201.4</ele>
        <time>2026-08-30T09:44:32+0800</time>
        <extensions>
          <gpxtpx:TrackPointExtension>
            <gpxtpx:hr>150</gpxtpx:hr>
            <gpxtpx:cad>84</gpxtpx:cad>
          </gpxtpx:TrackPointExtension>
        </extensions>
      </trkpt>
      <trkpt lat="29.710053429" lon="106.51284378">
        <ele>201.4</ele>
        <time>2026-08-30T09:44:33+0800</time>
        <extensions>
          <gpxtpx:TrackPointExtension>
            <gpxtpx:hr>149</gpxtpx:hr>
            <gpxtpx:cad>84</gpxtpx:cad>
          </gpxtpx:TrackPointExtension>
        </extensions>
      </trkpt>
      <trkpt lat="29.7100656666" lon="106.512863394">
        <ele>201.4</ele>
        <time>2026-08-30T09:44:34+0800</time>
        <extensions>
          <gpxtpx:TrackPointExtension>
            <gpxtpx:hr>150</gpxtpx:hr>
            <gpxtpx:cad>84</gpxtpx:cad>
          </gpxtpx:TrackPointExtension>
        </extensions>
      </trkpt>
      <trkpt lat="29.7100730427" lon="106.512877224">
        <ele>201.4</ele>
        <time>2026-08-30T09:44:35+0800</time>
        <extensions>
          <gpxtpx:TrackPointExtension>
            <gpxtpx:hr>150</gpxtpx:hr>
            <gpxtpx:cad>84</gpxtpx:cad>
          </gpxtpx:TrackPointExtension>
        </extensions>
      </trkpt>
      <trkpt lat="29.7100864537" lon="106.512897676">
        <ele>201.4</ele>
        <time>2026-08-30T09:44:36+0800</time>
        <extensions>
          <gpxtpx:TrackPointExtension>
            <gpxtpx:hr>150</gpxtpx:hr>
            <gpxtpx:cad>83</gpxtpx:cad>
          </gpxtpx:TrackPointExtension>
        </extensions>
      </trkpt>
      <trkpt lat="29.710096512" lon="106.512914523">
        <ele>201.4</ele>
        <time>2026-08-30T09:44:37+0800</time>
        <extensions>
          <gpxtpx:TrackPointExtension>
            <gpxtpx:hr>150</gpxtpx:hr>
            <gpxtpx:cad>83</gpxtpx:cad>
          </gpxtpx:TrackPointExtension>
        </extensions>
      </trkpt>
      <trkpt lat="29.7101069055" lon="106.512924666">
        <ele>201.4</ele>
        <time>2026-08-30T09:44:38+0800</time>
        <extensions>
          <gpxtpx:TrackPointExtension>
            <gpxtpx:hr>151</gpxtpx:hr>
            <gpxtpx:cad>83</gpxtpx:cad>
          </gpxtpx:TrackPointExtension>
        </extensions>
      </trkpt>
      <trkpt lat="29.7101199813" lon="106.512943693">
        <ele>201.4</ele>
        <time>2026-08-30T09:44:39+0800</time>
        <extensions>
          <gpxtpx:TrackPointExtension>
            <gpxtpx:hr>151</gpxtpx:hr>
            <gpxtpx:cad>83</gpxtpx:cad>
          </gpxtpx:TrackPointExtension>
        </extensions>
      </trkpt>
      <trkpt lat="29.7101312969" lon="106.512956601">
        <ele>201.4</ele>
        <time>2026-08-30T09:44:40+0800</time>
        <extensions>
          <gpxtpx:TrackPointExtension>
            <gpxtpx:hr>150</gpxtpx:hr>
            <gpxtpx:cad>84</gpxtpx:cad>
          </gpxtpx:TrackPointExtension>
        </extensions>
      </trkpt>
      <trkpt lat="29.7101467196" lon="106.512978226">
        <ele>201.6</ele>
        <time>2026-08-30T09:44:41+0800</time>
        <extensions>
          <gpxtpx:TrackPointExtension>
            <gpxtpx:hr>150</gpxtpx:hr>
            <gpxtpx:cad>84</gpxtpx:cad>
          </gpxtpx:TrackPointExtension>
        </extensions>
      </trkpt>
      <trkpt lat="29.7101582028" lon="106.512997337">
        <ele>201.6</ele>
        <time>2026-08-30T09:44:42+0800</time>
        <extensions>
          <gpxtpx:TrackPointExtension>
            <gpxtpx:hr>150</gpxtpx:hr>
            <gpxtpx:cad>84</gpxtpx:cad>
          </gpxtpx:TrackPointExtension>
        </extensions>
      </trkpt>
      <trkpt lat="29.7101709433" lon="106.513015358">
        <ele>201.6</ele>
        <time>2026-08-30T09:44:43+0800</time>
        <extensions>
          <gpxtpx:TrackPointExtension>
            <gpxtpx:hr>150</gpxtpx:hr>
            <gpxtpx:cad>85</gpxtpx:cad>
          </gpxtpx:TrackPointExtension>
        </extensions>
      </trkpt>
      <trkpt lat="29.7101797443" lon="106.513034636">
        <ele>201.6</ele>
        <time>2026-08-30T09:44:44+0800</time>
        <extensions>
          <gpxtpx:TrackPointExtension>
            <gpxtpx:hr>150</gpxtpx:hr>
            <gpxtpx:cad>85</gpxtpx:cad>
          </gpxtpx:TrackPointExtension>
        </extensions>
      </trkpt>
      <trkpt lat="29.7101869527" lon="106.513048382">
        <ele>201.4</ele>
        <time>2026-08-30T09:44:45+0800</time>
        <extensions>
          <gpxtpx:TrackPointExtension>
            <gpxtpx:hr>150</gpxtpx:hr>
            <gpxtpx:cad>86</gpxtpx:cad>
          </gpxtpx:TrackPointExtension>
        </extensions>
      </trkpt>
      <trkpt lat="29.7101985198" lon="106.513069421">
        <ele>201.4</ele>
        <time>2026-08-30T09:44:46+0800</time>
        <extensions>
          <gpxtpx:TrackPointExtension>
            <gpxtpx:hr>149</gpxtpx:hr>
            <gpxtpx:cad>86</gpxtpx:cad>
          </gpxtpx:TrackPointExtension>
        </extensions>
      </trkpt>
      <trkpt lat="29.7102095" lon="106.513082162">
        <ele>201.4</ele>
        <time>2026-08-30T09:44:47+0800</time>
        <extensions>
          <gpxtpx:TrackPointExtension>
            <gpxtpx:hr>149</gpxtpx:hr>
            <gpxtpx:cad>86</gpxtpx:cad>
          </gpxtpx:TrackPointExtension>
        </extensions>
      </trkpt>
      <trkpt lat="29.7102291137" lon="106.513098171">
        <ele>201.4</ele>
        <time>2026-08-30T09:44:48+0800</time>
        <extensions>
          <gpxtpx:TrackPointExtension>
            <gpxtpx:hr>148</gpxtpx:hr>
            <gpxtpx:cad>86</gpxtpx:cad>
          </gpxtpx:TrackPointExtension>
        </extensions>
      </trkpt>
      <trkpt lat="29.7102457937" lon="106.513109989">
        <ele>201.4</ele>
        <time>2026-08-30T09:44:49+0800</time>
        <extensions>
          <gpxtpx:TrackPointExtension>
            <gpxtpx:hr>148</gpxtpx:hr>
            <gpxtpx:cad>86</gpxtpx:cad>
          </gpxtpx:TrackPointExtension>
        </extensions>
      </trkpt>
      <trkpt lat="29.710266497" lon="106.513121808">
        <ele>201.4</ele>
        <time>2026-08-30T09:44:50+0800</time>
        <extensions>
          <gpxtpx:TrackPointExtension>
            <gpxtpx:hr>147</gpxtpx:hr>
            <gpxtpx:cad>86</gpxtpx:cad>
          </gpxtpx:TrackPointExtension>
        </extensions>
      </trkpt>
      <trkpt lat="29.7102855239" lon="106.513135135">
        <ele>201.4</ele>
        <time>2026-08-30T09:44:51+0800</time>
        <extensions>
          <gpxtpx:TrackPointExtension>
            <gpxtpx:hr>147</gpxtpx:hr>
            <gpxtpx:cad>86</gpxtpx:cad>
          </gpxtpx:TrackPointExtension>
        </extensions>
      </trkpt>
      <trkpt lat="29.7103034612" lon="106.513138069">
        <ele>201.4</ele>
        <time>2026-08-30T09:44:52+0800</time>
        <extensions>
          <gpxtpx:TrackPointExtension>
            <gpxtpx:hr>147</gpxtpx:hr>
            <gpxtpx:cad>85</gpxtpx:cad>
          </gpxtpx:TrackPointExtension>
        </extensions>
      </trkpt>
      <trkpt lat="29.7103270143" lon="106.513141589">
        <ele>201.4</ele>
        <time>2026-08-30T09:44:53+0800</time>
        <extensions>
          <gpxtpx:TrackPointExtension>
            <gpxtpx:hr>148</gpxtpx:hr>
            <gpxtpx:cad>85</gpxtpx:cad>
          </gpxtpx:TrackPointExtension>
        </extensions>
      </trkpt>
      <trkpt lat="29.7103445325" lon="106.513142176">
        <ele>201.4</ele>
        <time>2026-08-30T09:44:54+0800</time>
        <extensions>
          <gpxtpx:TrackPointExtension>
            <gpxtpx:hr>148</gpxtpx:hr>
            <gpxtpx:cad>86</gpxtpx:cad>
          </gpxtpx:TrackPointExtension>
        </extensions>
      </trkpt>
      <trkpt lat="29.7103671636" lon="106.513131615">
        <ele>201.4</ele>
        <time>2026-08-30T09:44:55+0800</time>
        <extensions>
          <gpxtpx:TrackPointExtension>
            <gpxtpx:hr>148</gpxtpx:hr>
            <gpxtpx:cad>86</gpxtpx:cad>
          </gpxtpx:TrackPointExtension>
        </extensions>
      </trkpt>
      <trkpt lat="29.7103826702" lon="106.513121808">
        <ele>201.2</ele>
        <time>2026-08-30T09:44:56+0800</time>
        <extensions>
          <gpxtpx:TrackPointExtension>
            <gpxtpx:hr>149</gpxtpx:hr>
            <gpxtpx:cad>86</gpxtpx:cad>
          </gpxtpx:TrackPointExtension>
        </extensions>
      </trkpt>
      <trkpt lat="29.7103962488" lon="106.513111163">
        <ele>201.2</ele>
        <time>2026-08-30T09:44:57+0800</time>
        <extensions>
          <gpxtpx:TrackPointExtension>
            <gpxtpx:hr>149</gpxtpx:hr>
            <gpxtpx:cad>86</gpxtpx:cad>
          </gpxtpx:TrackPointExtension>
        </extensions>
      </trkpt>
      <trkpt lat="29.710409157" lon="106.513101775">
        <ele>201.2</ele>
        <time>2026-08-30T09:44:58+0800</time>
        <extensions>
          <gpxtpx:TrackPointExtension>
            <gpxtpx:hr>149</gpxtpx:hr>
            <gpxtpx:cad>86</gpxtpx:cad>
          </gpxtpx:TrackPointExtension>
        </extensions>
      </trkpt>
      <trkpt lat="29.7104213107" lon="106.5130975">
        <ele>201.2</ele>
        <time>2026-08-30T09:44:59+0800</time>
        <extensions>
          <gpxtpx:TrackPointExtension>
            <gpxtpx:hr>150</gpxtpx:hr>
            <gpxtpx:cad>85</gpxtpx:cad>
          </gpxtpx:TrackPointExtension>
        </extensions>
      </trkpt>
      <trkpt lat="29.7104405891" lon="106.513098255">
        <ele>201.2</ele>
        <time>2026-08-30T09:45:00+0800</time>
        <extensions>
          <gpxtpx:TrackPointExtension>
            <gpxtpx:hr>151</gpxtpx:hr>
            <gpxtpx:cad>85</gpxtpx:cad>
          </gpxtpx:TrackPointExtension>
        </extensions>
      </trkpt>
      <trkpt lat="29.7104551736" lon="106.513108565">
        <ele>201.2</ele>
        <time>2026-08-30T09:45:01+0800</time>
        <extensions>
          <gpxtpx:TrackPointExtension>
            <gpxtpx:hr>151</gpxtpx:hr>
            <gpxtpx:cad>84</gpxtpx:cad>
          </gpxtpx:TrackPointExtension>
        </extensions>
      </trkpt>
      <trkpt lat="29.7104667407" lon="106.513114851">
        <ele>201.2</ele>
        <time>2026-08-30T09:45:02+0800</time>
        <extensions>
          <gpxtpx:TrackPointExtension>
            <gpxtpx:hr>152</gpxtpx:hr>
            <gpxtpx:cad>83</gpxtpx:cad>
          </gpxtpx:TrackPointExtension>
        </extensions>
      </trkpt>
      <trkpt lat="29.7104814928" lon="106.513127424">
        <ele>201.0</ele>
        <time>2026-08-30T09:45:03+0800</time>
        <extensions>
          <gpxtpx:TrackPointExtension>
            <gpxtpx:hr>152</gpxtpx:hr>
            <gpxtpx:cad>83</gpxtpx:cad>
          </gpxtpx:TrackPointExtension>
        </extensions>
      </trkpt>
      <trkpt lat="29.710492054" lon="106.513138656">
        <ele>201.0</ele>
        <time>2026-08-30T09:45:04+0800</time>
        <extensions>
          <gpxtpx:TrackPointExtension>
            <gpxtpx:hr>152</gpxtpx:hr>
            <gpxtpx:cad>83</gpxtpx:cad>
          </gpxtpx:TrackPointExtension>
        </extensions>
      </trkpt>
      <trkpt lat="29.7105057165" lon="106.513151312">
        <ele>200.8</ele>
        <time>2026-08-30T09:45:05+0800</time>
        <extensions>
          <gpxtpx:TrackPointExtension>
            <gpxtpx:hr>153</gpxtpx:hr>
            <gpxtpx:cad>83</gpxtpx:cad>
          </gpxtpx:TrackPointExtension>
        </extensions>
      </trkpt>
      <trkpt lat="29.7105202172" lon="106.513166903">
        <ele>200.6</ele>
        <time>2026-08-30T09:45:06+0800</time>
        <extensions>
          <gpxtpx:TrackPointExtension>
            <gpxtpx:hr>153</gpxtpx:hr>
            <gpxtpx:cad>82</gpxtpx:cad>
          </gpxtpx:TrackPointExtension>
        </extensions>
      </trkpt>
      <trkpt lat="29.7105343826" lon="106.513179475">
        <ele>200.6</ele>
        <time>2026-08-30T09:45:07+0800</time>
        <extensions>
          <gpxtpx:TrackPointExtension>
            <gpxtpx:hr>153</gpxtpx:hr>
            <gpxtpx:cad>82</gpxtpx:cad>
          </gpxtpx:TrackPointExtension>
        </extensions>
      </trkpt>
      <trkpt lat="29.7105506435" lon="106.513192635">
        <ele>200.4</ele>
        <time>2026-08-30T09:45:08+0800</time>
        <extensions>
          <gpxtpx:TrackPointExtension>
            <gpxtpx:hr>153</gpxtpx:hr>
            <gpxtpx:cad>81</gpxtpx:cad>
          </gpxtpx:TrackPointExtension>
        </extensions>
      </trkpt>
      <trkpt lat="29.710565228" lon="106.513206884">
        <ele>200.4</ele>
        <time>2026-08-30T09:45:09+0800</time>
        <extensions>
          <gpxtpx:TrackPointExtension>
            <gpxtpx:hr>153</gpxtpx:hr>
            <gpxtpx:cad>81</gpxtpx:cad>
          </gpxtpx:TrackPointExtension>
        </extensions>
      </trkpt>
      <trkpt lat="29.7105744481" lon="106.513215099">
        <ele>200.2</ele>
        <time>2026-08-30T09:45:10+0800</time>
        <extensions>
          <gpxtpx:TrackPointExtension>
            <gpxtpx:hr>153</gpxtpx:hr>
            <gpxtpx:cad>81</gpxtpx:cad>
          </gpxtpx:TrackPointExtension>
        </extensions>
      </trkpt>
      <trkpt lat="29.7105902061" lon="106.513228426">
        <ele>200.0</ele>
        <time>2026-08-30T09:45:11+0800</time>
        <extensions>
          <gpxtpx:TrackPointExtension>
            <gpxtpx:hr>154</gpxtpx:hr>
            <gpxtpx:cad>81</gpxtpx:cad>
          </gpxtpx:TrackPointExtension>
        </extensions>
      </trkpt>
      <trkpt lat="29.7106042039" lon="106.513240747">
        <ele>199.8</ele>
        <time>2026-08-30T09:45:12+0800</time>
        <extensions>
          <gpxtpx:TrackPointExtension>
            <gpxtpx:hr>154</gpxtpx:hr>
            <gpxtpx:cad>82</gpxtpx:cad>
          </gpxtpx:TrackPointExtension>
        </extensions>
      </trkpt>
      <trkpt lat="29.7106164414" lon="106.51325156">
        <ele>199.6</ele>
        <time>2026-08-30T09:45:13+0800</time>
        <extensions>
          <gpxtpx:TrackPointExtension>
            <gpxtpx:hr>154</gpxtpx:hr>
            <gpxtpx:cad>82</gpxtpx:cad>
          </gpxtpx:TrackPointExtension>
        </extensions>
      </trkpt>
      <trkpt lat="29.7106322832" lon="106.513268156">
        <ele>199.6</ele>
        <time>2026-08-30T09:45:14+0800</time>
        <extensions>
          <gpxtpx:TrackPointExtension>
            <gpxtpx:hr>154</gpxtpx:hr>
            <gpxtpx:cad>82</gpxtpx:cad>
          </gpxtpx:TrackPointExtension>
        </extensions>
      </trkpt>
      <trkpt lat="29.7106419224" lon="106.513280729">
        <ele>199.4</ele>
        <time>2026-08-30T09:45:15+0800</time>
        <extensions>
          <gpxtpx:TrackPointExtension>
            <gpxtpx:hr>153</gpxtpx:hr>
            <gpxtpx:cad>82</gpxtpx:cad>
          </gpxtpx:TrackPointExtension>
        </extensions>
      </trkpt>
      <trkpt lat="29.7106549144" lon="106.51329238">
        <ele>199.4</ele>
        <time>2026-08-30T09:45:16+0800</time>
        <extensions>
          <gpxtpx:TrackPointExtension>
            <gpxtpx:hr>153</gpxtpx:hr>
            <gpxtpx:cad>82</gpxtpx:cad>
          </gpxtpx:TrackPointExtension>
        </extensions>
      </trkpt>
      <trkpt lat="29.7106677387" lon="106.513307048">
        <ele>199.2</ele>
        <time>2026-08-30T09:45:17+0800</time>
        <extensions>
          <gpxtpx:TrackPointExtension>
            <gpxtpx:hr>153</gpxtpx:hr>
            <gpxtpx:cad>82</gpxtpx:cad>
          </gpxtpx:TrackPointExtension>
        </extensions>
      </trkpt>
      <trkpt lat="29.7106788028" lon="106.513319286">
        <ele>199.0</ele>
        <time>2026-08-30T09:45:18+0800</time>
        <extensions>
          <gpxtpx:TrackPointExtension>
            <gpxtpx:hr>153</gpxtpx:hr>
            <gpxtpx:cad>82</gpxtpx:cad>
          </gpxtpx:TrackPointExtension>
        </extensions>
      </trkpt>
      <trkpt lat="29.7106928006" lon="106.513333619">
        <ele>199.0</ele>
        <time>2026-08-30T09:45:19+0800</time>
        <extensions>
          <gpxtpx:TrackPointExtension>
            <gpxtpx:hr>153</gpxtpx:hr>
            <gpxtpx:cad>82</gpxtpx:cad>
          </gpxtpx:TrackPointExtension>
        </extensions>
      </trkpt>
      <trkpt lat="29.7107047867" lon="106.51335055">
        <ele>198.8</ele>
        <time>2026-08-30T09:45:20+0800</time>
        <extensions>
          <gpxtpx:TrackPointExtension>
            <gpxtpx:hr>154</gpxtpx:hr>
            <gpxtpx:cad>82</gpxtpx:cad>
          </gpxtpx:TrackPointExtension>
        </extensions>
      </trkpt>
      <trkpt lat="29.710715767" lon="106.513361279">
        <ele>198.8</ele>
        <time>2026-08-30T09:45:21+0800</time>
        <extensions>
          <gpxtpx:TrackPointExtension>
            <gpxtpx:hr>154</gpxtpx:hr>
            <gpxtpx:cad>82</gpxtpx:cad>
          </gpxtpx:TrackPointExtension>
        </extensions>
      </trkpt>
      <trkpt lat="29.7107280884" lon="106.51337184">
        <ele>198.6</ele>
        <time>2026-08-30T09:45:22+0800</time>
        <extensions>
          <gpxtpx:TrackPointExtension>
            <gpxtpx:hr>154</gpxtpx:hr>
            <gpxtpx:cad>82</gpxtpx:cad>
          </gpxtpx:TrackPointExtension>
        </extensions>
      </trkpt>
      <trkpt lat="29.7107376438" lon="106.513384245">
        <ele>198.6</ele>
        <time>2026-08-30T09:45:23+0800</time>
        <extensions>
          <gpxtpx:TrackPointExtension>
            <gpxtpx:hr>155</gpxtpx:hr>
            <gpxtpx:cad>82</gpxtpx:cad>
          </gpxtpx:TrackPointExtension>
        </extensions>
      </trkpt>
      <trkpt lat="29.7107469477" lon="106.513391538">
        <ele>198.6</ele>
        <time>2026-08-30T09:45:24+0800</time>
        <extensions>
          <gpxtpx:TrackPointExtension>
            <gpxtpx:hr>155</gpxtpx:hr>
            <gpxtpx:cad>81</gpxtpx:cad>
          </gpxtpx:TrackPointExtension>
        </extensions>
      </trkpt>
      <trkpt lat="29.7107719257" lon="106.513425484">
        <ele>198.4</ele>
        <time>2026-08-30T09:45:25+0800</time>
        <extensions>
          <gpxtpx:TrackPointExtension>
            <gpxtpx:hr>155</gpxtpx:hr>
            <gpxtpx:cad>81</gpxtpx:cad>
          </gpxtpx:TrackPointExtension>
        </extensions>
      </trkpt>
      <trkpt lat="29.7107860912" lon="106.513441494">
        <ele>198.2</ele>
        <time>2026-08-30T09:45:27+0800</time>
        <extensions>
          <gpxtpx:TrackPointExtension>
            <gpxtpx:hr>154</gpxtpx:hr>
            <gpxtpx:cad>81</gpxtpx:cad>
          </gpxtpx:TrackPointExtension>
        </extensions>
      </trkpt>
      <trkpt lat="29.7107967362" lon="106.513458844">
        <ele>198.0</ele>
        <time>2026-08-30T09:45:28+0800</time>
        <extensions>
          <gpxtpx:TrackPointExtension>
            <gpxtpx:hr>155</gpxtpx:hr>
            <gpxtpx:cad>81</gpxtpx:cad>
          </gpxtpx:TrackPointExtension>
        </extensions>
      </trkpt>
      <trkpt lat="29.7108087223" lon="106.513472255">
        <ele>198.0</ele>
        <time>2026-08-30T09:45:29+0800</time>
        <extensions>
          <gpxtpx:TrackPointExtension>
            <gpxtpx:hr>155</gpxtpx:hr>
            <gpxtpx:cad>82</gpxtpx:cad>
          </gpxtpx:TrackPointExtension>
        </extensions>
      </trkpt>
      <trkpt lat="29.7108214628" lon="106.513487007">
        <ele>197.8</ele>
        <time>2026-08-30T09:45:30+0800</time>
        <extensions>
          <gpxtpx:TrackPointExtension>
            <gpxtpx:hr>154</gpxtpx:hr>
            <gpxtpx:cad>83</gpxtpx:cad>
          </gpxtpx:TrackPointExtension>
        </extensions>
      </trkpt>
      <trkpt lat="29.7108310182" lon="106.51349958">
        <ele>197.8</ele>
        <time>2026-08-30T09:45:31+0800</time>
        <extensions>
          <gpxtpx:TrackPointExtension>
            <gpxtpx:hr>154</gpxtpx:hr>
            <gpxtpx:cad>83</gpxtpx:cad>
          </gpxtpx:TrackPointExtension>
        </extensions>
      </trkpt>
      <trkpt lat="29.7108437587" lon="106.513513662">
        <ele>197.6</ele>
        <time>2026-08-30T09:45:32+0800</time>
        <extensions>
          <gpxtpx:TrackPointExtension>
            <gpxtpx:hr>154</gpxtpx:hr>
            <gpxtpx:cad>83</gpxtpx:cad>
          </gpxtpx:TrackPointExtension>
        </extensions>
      </trkpt>
      <trkpt lat="29.7108563315" lon="106.513531767">
        <ele>197.6</ele>
        <time>2026-08-30T09:45:33+0800</time>
        <extensions>
          <gpxtpx:TrackPointExtension>
            <gpxtpx:hr>154</gpxtpx:hr>
            <gpxtpx:cad>83</gpxtpx:cad>
          </gpxtpx:TrackPointExtension>
        </extensions>
      </trkpt>
      <trkpt lat="29.7108656354" lon="106.51354786">
        <ele>197.8</ele>
        <time>2026-08-30T09:45:34+0800</time>
        <extensions>
          <gpxtpx:TrackPointExtension>
            <gpxtpx:hr>153</gpxtpx:hr>
            <gpxtpx:cad>83</gpxtpx:cad>
          </gpxtpx:TrackPointExtension>
        </extensions>
      </trkpt>
      <trkpt lat="29.7108777892" lon="106.513565965">
        <ele>197.6</ele>
        <time>2026-08-30T09:45:35+0800</time>
        <extensions>
          <gpxtpx:TrackPointExtension>
            <gpxtpx:hr>153</gpxtpx:hr>
            <gpxtpx:cad>83</gpxtpx:cad>
          </gpxtpx:TrackPointExtension>
        </extensions>
      </trkpt>
      <trkpt lat="29.7108854167" lon="106.513581723">
        <ele>197.8</ele>
        <time>2026-08-30T09:45:36+0800</time>
        <extensions>
          <gpxtpx:TrackPointExtension>
            <gpxtpx:hr>153</gpxtpx:hr>
            <gpxtpx:cad>83</gpxtpx:cad>
          </gpxtpx:TrackPointExtension>
        </extensions>
      </trkpt>
      <trkpt lat="29.7108948044" lon="106.513593961">
        <ele>197.8</ele>
        <time>2026-08-30T09:45:37+0800</time>
        <extensions>
          <gpxtpx:TrackPointExtension>
            <gpxtpx:hr>153</gpxtpx:hr>
            <gpxtpx:cad>82</gpxtpx:cad>
          </gpxtpx:TrackPointExtension>
        </extensions>
      </trkpt>
      <trkpt lat="29.7109069582" lon="106.513610808">
        <ele>197.8</ele>
        <time>2026-08-30T09:45:38+0800</time>
        <extensions>
          <gpxtpx:TrackPointExtension>
            <gpxtpx:hr>152</gpxtpx:hr>
            <gpxtpx:cad>83</gpxtpx:cad>
          </gpxtpx:TrackPointExtension>
        </extensions>
      </trkpt>
      <trkpt lat="29.7109155077" lon="106.513626901">
        <ele>197.8</ele>
        <time>2026-08-30T09:45:39+0800</time>
        <extensions>
          <gpxtpx:TrackPointExtension>
            <gpxtpx:hr>152</gpxtpx:hr>
            <gpxtpx:cad>83</gpxtpx:cad>
          </gpxtpx:TrackPointExtension>
        </extensions>
      </trkpt>
      <trkpt lat="29.710927913" lon="106.513641402">
        <ele>197.8</ele>
        <time>2026-08-30T09:45:40+0800</time>
        <extensions>
          <gpxtpx:TrackPointExtension>
            <gpxtpx:hr>152</gpxtpx:hr>
            <gpxtpx:cad>83</gpxtpx:cad>
          </gpxtpx:TrackPointExtension>
        </extensions>
      </trkpt>
      <trkpt lat="29.7109389771" lon="106.513658753">
        <ele>197.8</ele>
        <time>2026-08-30T09:45:41+0800</time>
        <extensions>
          <gpxtpx:TrackPointExtension>
            <gpxtpx:hr>152</gpxtpx:hr>
            <gpxtpx:cad>82</gpxtpx:cad>
          </gpxtpx:TrackPointExtension>
        </extensions>
      </trkpt>
      <trkpt lat="29.7109455988" lon="106.513668224">
        <ele>197.8</ele>
        <time>2026-08-30T09:45:42+0800</time>
        <extensions>
          <gpxtpx:TrackPointExtension>
            <gpxtpx:hr>151</gpxtpx:hr>
            <gpxtpx:cad>82</gpxtpx:cad>
          </gpxtpx:TrackPointExtension>
        </extensions>
      </trkpt>
      <trkpt lat="29.7109566629" lon="106.513682138">
        <ele>197.6</ele>
        <time>2026-08-30T09:45:43+0800</time>
        <extensions>
          <gpxtpx:TrackPointExtension>
            <gpxtpx:hr>151</gpxtpx:hr>
            <gpxtpx:cad>83</gpxtpx:cad>
          </gpxtpx:TrackPointExtension>
        </extensions>
      </trkpt>
      <trkpt lat="29.7109654639" lon="106.513696387">
        <ele>197.6</ele>
        <time>2026-08-30T09:45:44+0800</time>
        <extensions>
          <gpxtpx:TrackPointExtension>
            <gpxtpx:hr>150</gpxtpx:hr>
            <gpxtpx:cad>83</gpxtpx:cad>
          </gpxtpx:TrackPointExtension>
        </extensions>
      </trkpt>
      <trkpt lat="29.7109753545" lon="106.513705775">
        <ele>197.6</ele>
        <time>2026-08-30T09:45:45+0800</time>
        <extensions>
          <gpxtpx:TrackPointExtension>
            <gpxtpx:hr>150</gpxtpx:hr>
            <gpxtpx:cad>83</gpxtpx:cad>
          </gpxtpx:TrackPointExtension>
        </extensions>
      </trkpt>
      <trkpt lat="29.7109865863" lon="106.513724551">
        <ele>197.6</ele>
        <time>2026-08-30T09:45:46+0800</time>
        <extensions>
          <gpxtpx:TrackPointExtension>
            <gpxtpx:hr>150</gpxtpx:hr>
            <gpxtpx:cad>83</gpxtpx:cad>
          </gpxtpx:TrackPointExtension>
        </extensions>
      </trkpt>
      <trkpt lat="29.710995052" lon="106.513739219">
        <ele>197.6</ele>
        <time>2026-08-30T09:45:47+0800</time>
        <extensions>
          <gpxtpx:TrackPointExtension>
            <gpxtpx:hr>151</gpxtpx:hr>
            <gpxtpx:cad>82</gpxtpx:cad>
          </gpxtpx:TrackPointExtension>
        </extensions>
      </trkpt>
      <trkpt lat="29.7110067867" lon="106.513750954">
        <ele>197.6</ele>
        <time>2026-08-30T09:45:48+0800</time>
        <extensions>
          <gpxtpx:TrackPointExtension>
            <gpxtpx:hr>151</gpxtpx:hr>
            <gpxtpx:cad>82</gpxtpx:cad>
          </gpxtpx:TrackPointExtension>
        </extensions>
      </trkpt>
      <trkpt lat="29.7110192757" lon="106.513765706">
        <ele>197.6</ele>
        <time>2026-08-30T09:45:49+0800</time>
        <extensions>
          <gpxtpx:TrackPointExtension>
            <gpxtpx:hr>151</gpxtpx:hr>
            <gpxtpx:cad>82</gpxtpx:cad>
          </gpxtpx:TrackPointExtension>
        </extensions>
      </trkpt>
      <trkpt lat="29.7110255621" lon="106.51377853">
        <ele>197.6</ele>
        <time>2026-08-30T09:45:50+0800</time>
        <extensions>
          <gpxtpx:TrackPointExtension>
            <gpxtpx:hr>151</gpxtpx:hr>
            <gpxtpx:cad>82</gpxtpx:cad>
          </gpxtpx:TrackPointExtension>
        </extensions>
      </trkpt>
      <trkpt lat="29.7110367101" lon="106.513794875">
        <ele>197.6</ele>
        <time>2026-08-30T09:45:51+0800</time>
        <extensions>
          <gpxtpx:TrackPointExtension>
            <gpxtpx:hr>151</gpxtpx:hr>
            <gpxtpx:cad>82</gpxtpx:cad>
          </gpxtpx:TrackPointExtension>
        </extensions>
      </trkpt>
      <trkpt lat="29.7110471036" lon="106.513812309">
        <ele>197.4</ele>
        <time>2026-08-30T09:45:52+0800</time>
        <extensions>
          <gpxtpx:TrackPointExtension>
            <gpxtpx:hr>150</gpxtpx:hr>
            <gpxtpx:cad>82</gpxtpx:cad>
          </gpxtpx:TrackPointExtension>
        </extensions>
      </trkpt>
      <trkpt lat="29.7110546473" lon="106.513819518">
        <ele>197.4</ele>
        <time>2026-08-30T09:45:53+0800</time>
        <extensions>
          <gpxtpx:TrackPointExtension>
            <gpxtpx:hr>150</gpxtpx:hr>
            <gpxtpx:cad>82</gpxtpx:cad>
          </gpxtpx:TrackPointExtension>
        </extensions>
      </trkpt>
      <trkpt lat="29.7110694833" lon="106.513832258">
        <ele>197.2</ele>
        <time>2026-08-30T09:45:54+0800</time>
        <extensions>
          <gpxtpx:TrackPointExtension>
            <gpxtpx:hr>150</gpxtpx:hr>
            <gpxtpx:cad>83</gpxtpx:cad>
          </gpxtpx:TrackPointExtension>
        </extensions>
      </trkpt>
      <trkpt lat="29.7110792063" lon="106.513847178">
        <ele>197.2</ele>
        <time>2026-08-30T09:45:55+0800</time>
        <extensions>
          <gpxtpx:TrackPointExtension>
            <gpxtpx:hr>150</gpxtpx:hr>
            <gpxtpx:cad>82</gpxtpx:cad>
          </gpxtpx:TrackPointExtension>
        </extensions>
      </trkpt>
      <trkpt lat="29.7110902704" lon="106.513860337">
        <ele>197.0</ele>
        <time>2026-08-30T09:45:56+0800</time>
        <extensions>
          <gpxtpx:TrackPointExtension>
            <gpxtpx:hr>150</gpxtpx:hr>
            <gpxtpx:cad>81</gpxtpx:cad>
          </gpxtpx:TrackPointExtension>
        </extensions>
      </trkpt>
      <trkpt lat="29.7111053579" lon="106.513880622">
        <ele>196.8</ele>
        <time>2026-08-30T09:45:57+0800</time>
        <extensions>
          <gpxtpx:TrackPointExtension>
            <gpxtpx:hr>150</gpxtpx:hr>
            <gpxtpx:cad>81</gpxtpx:cad>
          </gpxtpx:TrackPointExtension>
        </extensions>
      </trkpt>
      <trkpt lat="29.7111174278" lon="106.513895374">
        <ele>196.6</ele>
        <time>2026-08-30T09:45:58+0800</time>
        <extensions>
          <gpxtpx:TrackPointExtension>
            <gpxtpx:hr>150</gpxtpx:hr>
            <gpxtpx:cad>81</gpxtpx:cad>
          </gpxtpx:TrackPointExtension>
        </extensions>
      </trkpt>
      <trkpt lat="29.711132599" lon="106.513911216">
        <ele>196.4</ele>
        <time>2026-08-30T09:45:59+0800</time>
        <extensions>
          <gpxtpx:TrackPointExtension>
            <gpxtpx:hr>150</gpxtpx:hr>
            <gpxtpx:cad>81</gpxtpx:cad>
          </gpxtpx:TrackPointExtension>
        </extensions>
      </trkpt>
      <trkpt lat="29.7111471836" lon="106.513925884">
        <ele>196.2</ele>
        <time>2026-08-30T09:46:00+0800</time>
        <extensions>
          <gpxtpx:TrackPointExtension>
            <gpxtpx:hr>149</gpxtpx:hr>
            <gpxtpx:cad>82</gpxtpx:cad>
          </gpxtpx:TrackPointExtension>
        </extensions>
      </trkpt>
      <trkpt lat="29.7111596726" lon="106.513932673">
        <ele>196.0</ele>
        <time>2026-08-30T09:46:01+0800</time>
        <extensions>
          <gpxtpx:TrackPointExtension>
            <gpxtpx:hr>149</gpxtpx:hr>
            <gpxtpx:cad>82</gpxtpx:cad>
          </gpxtpx:TrackPointExtension>
        </extensions>
      </trkpt>
      <trkpt lat="29.7111779451" lon="106.513948683">
        <ele>195.8</ele>
        <time>2026-08-30T09:46:02+0800</time>
        <extensions>
          <gpxtpx:TrackPointExtension>
            <gpxtpx:hr>148</gpxtpx:hr>
            <gpxtpx:cad>82</gpxtpx:cad>
          </gpxtpx:TrackPointExtension>
        </extensions>
      </trkpt>
      <trkpt lat="29.7111933678" lon="106.513963854">
        <ele>195.6</ele>
        <time>2026-08-30T09:46:03+0800</time>
        <extensions>
          <gpxtpx:TrackPointExtension>
            <gpxtpx:hr>147</gpxtpx:hr>
            <gpxtpx:cad>83</gpxtpx:cad>
          </gpxtpx:TrackPointExtension>
        </extensions>
      </trkpt>
      <trkpt lat="29.7112114727" lon="106.513974164">
        <ele>195.4</ele>
        <time>2026-08-30T09:46:04+0800</time>
        <extensions>
          <gpxtpx:TrackPointExtension>
            <gpxtpx:hr>147</gpxtpx:hr>
            <gpxtpx:cad>83</gpxtpx:cad>
          </gpxtpx:TrackPointExtension>
        </extensions>
      </trkpt>
      <trkpt lat="29.7112294938" lon="106.513989419">
        <ele>195.2</ele>
        <time>2026-08-30T09:46:05+0800</time>
        <extensions>
          <gpxtpx:TrackPointExtension>
            <gpxtpx:hr>146</gpxtpx:hr>
            <gpxtpx:cad>83</gpxtpx:cad>
          </gpxtpx:TrackPointExtension>
        </extensions>
      </trkpt>
      <trkpt lat="29.7112440784" lon="106.514000399">
        <ele>195.0</ele>
        <time>2026-08-30T09:46:06+0800</time>
        <extensions>
          <gpxtpx:TrackPointExtension>
            <gpxtpx:hr>146</gpxtpx:hr>
            <gpxtpx:cad>83</gpxtpx:cad>
          </gpxtpx:TrackPointExtension>
        </extensions>
      </trkpt>
      <trkpt lat="29.7112638596" lon="106.514015151">
        <ele>194.8</ele>
        <time>2026-08-30T09:46:07+0800</time>
        <extensions>
          <gpxtpx:TrackPointExtension>
            <gpxtpx:hr>146</gpxtpx:hr>
            <gpxtpx:cad>83</gpxtpx:cad>
          </gpxtpx:TrackPointExtension>
        </extensions>
      </trkpt>
      <trkpt lat="29.7112801205" lon="106.51403225">
        <ele>194.6</ele>
        <time>2026-08-30T09:46:08+0800</time>
        <extensions>
          <gpxtpx:TrackPointExtension>
            <gpxtpx:hr>146</gpxtpx:hr>
            <gpxtpx:cad>83</gpxtpx:cad>
          </gpxtpx:TrackPointExtension>
        </extensions>
      </trkpt>
      <trkpt lat="29.7112946212" lon="106.514041303">
        <ele>194.4</ele>
        <time>2026-08-30T09:46:09+0800</time>
        <extensions>
          <gpxtpx:TrackPointExtension>
            <gpxtpx:hr>146</gpxtpx:hr>
            <gpxtpx:cad>82</gpxtpx:cad>
          </gpxtpx:TrackPointExtension>
        </extensions>
      </trkpt>
      <trkpt lat="29.7113149054" lon="106.514055971">
        <ele>194.0</ele>
        <time>2026-08-30T09:46:10+0800</time>
        <extensions>
          <gpxtpx:TrackPointExtension>
            <gpxtpx:hr>146</gpxtpx:hr>
            <gpxtpx:cad>82</gpxtpx:cad>
          </gpxtpx:TrackPointExtension>
        </extensions>
      </trkpt>
      <trkpt lat="29.7113282327" lon="106.514068544">
        <ele>193.8</ele>
        <time>2026-08-30T09:46:11+0800</time>
        <extensions>
          <gpxtpx:TrackPointExtension>
            <gpxtpx:hr>145</gpxtpx:hr>
            <gpxtpx:cad>82</gpxtpx:cad>
          </gpxtpx:TrackPointExtension>
        </extensions>
      </trkpt>
      <trkpt lat="29.7113442421" lon="106.51407877">
        <ele>193.6</ele>
        <time>2026-08-30T09:46:12+0800</time>
        <extensions>
          <gpxtpx:TrackPointExtension>
            <gpxtpx:hr>146</gpxtpx:hr>
            <gpxtpx:cad>82</gpxtpx:cad>
          </gpxtpx:TrackPointExtension>
        </extensions>
      </trkpt>
      <trkpt lat="29.7113601677" lon="106.514093438">
        <ele>193.2</ele>
        <time>2026-08-30T09:46:13+0800</time>
        <extensions>
          <gpxtpx:TrackPointExtension>
            <gpxtpx:hr>146</gpxtpx:hr>
            <gpxtpx:cad>83</gpxtpx:cad>
          </gpxtpx:TrackPointExtension>
        </extensions>
      </trkpt>
      <trkpt lat="29.7113727406" lon="106.514103999">
        <ele>193.0</ele>
        <time>2026-08-30T09:46:14+0800</time>
        <extensions>
          <gpxtpx:TrackPointExtension>
            <gpxtpx:hr>145</gpxtpx:hr>
            <gpxtpx:cad>83</gpxtpx:cad>
          </gpxtpx:TrackPointExtension>
        </extensions>
      </trkpt>
      <trkpt lat="29.7113895044" lon="106.514116824">
        <ele>193.0</ele>
        <time>2026-08-30T09:46:15+0800</time>
        <extensions>
          <gpxtpx:TrackPointExtension>
            <gpxtpx:hr>145</gpxtpx:hr>
            <gpxtpx:cad>82</gpxtpx:cad>
          </gpxtpx:TrackPointExtension>
        </extensions>
      </trkpt>
      <trkpt lat="29.7114028316" lon="106.514131408">
        <ele>192.8</ele>
        <time>2026-08-30T09:46:16+0800</time>
        <extensions>
          <gpxtpx:TrackPointExtension>
            <gpxtpx:hr>145</gpxtpx:hr>
            <gpxtpx:cad>82</gpxtpx:cad>
          </gpxtpx:TrackPointExtension>
        </extensions>
      </trkpt>
      <trkpt lat="29.711413309" lon="106.514141969">
        <ele>192.6</ele>
        <time>2026-08-30T09:46:17+0800</time>
        <extensions>
          <gpxtpx:TrackPointExtension>
            <gpxtpx:hr>145</gpxtpx:hr>
            <gpxtpx:cad>82</gpxtpx:cad>
          </gpxtpx:TrackPointExtension>
        </extensions>
      </trkpt>
      <trkpt lat="29.7114317492" lon="106.514157644">
        <ele>192.4</ele>
        <time>2026-08-30T09:46:18+0800</time>
        <extensions>
          <gpxtpx:TrackPointExtension>
            <gpxtpx:hr>145</gpxtpx:hr>
            <gpxtpx:cad>82</gpxtpx:cad>
          </gpxtpx:TrackPointExtension>
        </extensions>
      </trkpt>
      <trkpt lat="29.7114464175" lon="106.514171306">
        <ele>192.2</ele>
        <time>2026-08-30T09:46:19+0800</time>
        <extensions>
          <gpxtpx:TrackPointExtension>
            <gpxtpx:hr>145</gpxtpx:hr>
            <gpxtpx:cad>82</gpxtpx:cad>
          </gpxtpx:TrackPointExtension>
        </extensions>
      </trkpt>
      <trkpt lat="29.71146008" lon="106.51417952">
        <ele>192.0</ele>
        <time>2026-08-30T09:46:20+0800</time>
        <extensions>
          <gpxtpx:TrackPointExtension>
            <gpxtpx:hr>145</gpxtpx:hr>
            <gpxtpx:cad>83</gpxtpx:cad>
          </gpxtpx:TrackPointExtension>
        </extensions>
      </trkpt>
      <trkpt lat="29.7114750836" lon="106.514195697">
        <ele>191.8</ele>
        <time>2026-08-30T09:46:21+0800</time>
        <extensions>
          <gpxtpx:TrackPointExtension>
            <gpxtpx:hr>145</gpxtpx:hr>
            <gpxtpx:cad>82</gpxtpx:cad>
          </gpxtpx:TrackPointExtension>
        </extensions>
      </trkpt>
      <trkpt lat="29.7115045041" lon="106.514223609">
        <ele>191.4</ele>
        <time>2026-08-30T09:46:23+0800</time>
        <extensions>
          <gpxtpx:TrackPointExtension>
            <gpxtpx:hr>144</gpxtpx:hr>
            <gpxtpx:cad>82</gpxtpx:cad>
          </gpxtpx:TrackPointExtension>
        </extensions>
      </trkpt>
      <trkpt lat="29.7115181666" lon="106.514241043">
        <ele>191.2</ele>
        <time>2026-08-30T09:46:24+0800</time>
        <extensions>
          <gpxtpx:TrackPointExtension>
            <gpxtpx:hr>144</gpxtpx:hr>
            <gpxtpx:cad>81</gpxtpx:cad>
          </gpxtpx:TrackPointExtension>
        </extensions>
      </trkpt>
      <trkpt lat="29.7115319129" lon="106.51425303">
        <ele>191.2</ele>
        <time>2026-08-30T09:46:25+0800</time>
        <extensions>
          <gpxtpx:TrackPointExtension>
            <gpxtpx:hr>144</gpxtpx:hr>
            <gpxtpx:cad>81</gpxtpx:cad>
          </gpxtpx:TrackPointExtension>
        </extensions>
      </trkpt>
      <trkpt lat="29.7115486767" lon="106.514268368">
        <ele>191.0</ele>
        <time>2026-08-30T09:46:26+0800</time>
        <extensions>
          <gpxtpx:TrackPointExtension>
            <gpxtpx:hr>144</gpxtpx:hr>
            <gpxtpx:cad>82</gpxtpx:cad>
          </gpxtpx:TrackPointExtension>
        </extensions>
      </trkpt>
      <trkpt lat="29.7115630098" lon="106.514283037">
        <ele>191.0</ele>
        <time>2026-08-30T09:46:27+0800</time>
        <extensions>
          <gpxtpx:TrackPointExtension>
            <gpxtpx:hr>145</gpxtpx:hr>
            <gpxtpx:cad>82</gpxtpx:cad>
          </gpxtpx:TrackPointExtension>
        </extensions>
      </trkpt>
      <trkpt lat="29.7115760855" lon="106.514293933">
        <ele>190.8</ele>
        <time>2026-08-30T09:46:28+0800</time>
        <extensions>
          <gpxtpx:TrackPointExtension>
            <gpxtpx:hr>145</gpxtpx:hr>
            <gpxtpx:cad>82</gpxtpx:cad>
          </gpxtpx:TrackPointExtension>
        </extensions>
      </trkpt>
      <trkpt lat="29.7115899157" lon="106.514312038">
        <ele>190.8</ele>
        <time>2026-08-30T09:46:29+0800</time>
        <extensions>
          <gpxtpx:TrackPointExtension>
            <gpxtpx:hr>145</gpxtpx:hr>
            <gpxtpx:cad>82</gpxtpx:cad>
          </gpxtpx:TrackPointExtension>
        </extensions>
      </trkpt>
      <trkpt lat="29.7116030753" lon="106.514323521">
        <ele>190.6</ele>
        <time>2026-08-30T09:46:30+0800</time>
        <extensions>
          <gpxtpx:TrackPointExtension>
            <gpxtpx:hr>146</gpxtpx:hr>
            <gpxtpx:cad>82</gpxtpx:cad>
          </gpxtpx:TrackPointExtension>
        </extensions>
      </trkpt>
      <trkpt lat="29.711620342" lon="106.514335005">
        <ele>190.4</ele>
        <time>2026-08-30T09:46:31+0800</time>
        <extensions>
          <gpxtpx:TrackPointExtension>
            <gpxtpx:hr>146</gpxtpx:hr>
            <gpxtpx:cad>82</gpxtpx:cad>
          </gpxtpx:TrackPointExtension>
        </extensions>
      </trkpt>
      <trkpt lat="29.7116329987" lon="106.514350427">
        <ele>190.4</ele>
        <time>2026-08-30T09:46:32+0800</time>
        <extensions>
          <gpxtpx:TrackPointExtension>
            <gpxtpx:hr>147</gpxtpx:hr>
            <gpxtpx:cad>82</gpxtpx:cad>
          </gpxtpx:TrackPointExtension>
        </extensions>
      </trkpt>
      <trkpt lat="29.7116433084" lon="106.514359564">
        <ele>190.4</ele>
        <time>2026-08-30T09:46:33+0800</time>
        <extensions>
          <gpxtpx:TrackPointExtension>
            <gpxtpx:hr>147</gpxtpx:hr>
            <gpxtpx:cad>82</gpxtpx:cad>
          </gpxtpx:TrackPointExtension>
        </extensions>
      </trkpt>
      <trkpt lat="29.7116580606" lon="106.514377249">
        <ele>190.2</ele>
        <time>2026-08-30T09:46:34+0800</time>
        <extensions>
          <gpxtpx:TrackPointExtension>
            <gpxtpx:hr>147</gpxtpx:hr>
            <gpxtpx:cad>82</gpxtpx:cad>
          </gpxtpx:TrackPointExtension>
        </extensions>
      </trkpt>
      <trkpt lat="29.7116687894" lon="106.514395354">
        <ele>190.2</ele>
        <time>2026-08-30T09:46:35+0800</time>
        <extensions>
          <gpxtpx:TrackPointExtension>
            <gpxtpx:hr>147</gpxtpx:hr>
            <gpxtpx:cad>82</gpxtpx:cad>
          </gpxtpx:TrackPointExtension>
        </extensions>
      </trkpt>
      <trkpt lat="29.7116809431" lon="106.51440491">
        <ele>190.2</ele>
        <time>2026-08-30T09:46:36+0800</time>
        <extensions>
          <gpxtpx:TrackPointExtension>
            <gpxtpx:hr>147</gpxtpx:hr>
            <gpxtpx:cad>82</gpxtpx:cad>
          </gpxtpx:TrackPointExtension>
        </extensions>
      </trkpt>
      <trkpt lat="29.7116972879" lon="106.51442226">
        <ele>190.2</ele>
        <time>2026-08-30T09:46:37+0800</time>
        <extensions>
          <gpxtpx:TrackPointExtension>
            <gpxtpx:hr>146</gpxtpx:hr>
            <gpxtpx:cad>81</gpxtpx:cad>
          </gpxtpx:TrackPointExtension>
        </extensions>
      </trkpt>
      <trkpt lat="29.7117091063" lon="106.514435168">
        <ele>190.2</ele>
        <time>2026-08-30T09:46:38+0800</time>
        <extensions>
          <gpxtpx:TrackPointExtension>
            <gpxtpx:hr>145</gpxtpx:hr>
            <gpxtpx:cad>81</gpxtpx:cad>
          </gpxtpx:TrackPointExtension>
        </extensions>
      </trkpt>
      <trkpt lat="29.7117226012" lon="106.51444749">
        <ele>190.2</ele>
        <time>2026-08-30T09:46:39+0800</time>
        <extensions>
          <gpxtpx:TrackPointExtension>
            <gpxtpx:hr>144</gpxtpx:hr>
            <gpxtpx:cad>82</gpxtpx:cad>
          </gpxtpx:TrackPointExtension>
        </extensions>
      </trkpt>
      <trkpt lat="29.7117360123" lon="106.514463332">
        <ele>190.2</ele>
        <time>2026-08-30T09:46:40+0800</time>
        <extensions>
          <gpxtpx:TrackPointExtension>
            <gpxtpx:hr>144</gpxtpx:hr>
            <gpxtpx:cad>82</gpxtpx:cad>
          </gpxtpx:TrackPointExtension>
        </extensions>
      </trkpt>
      <trkpt lat="29.711748166" lon="106.514475401">
        <ele>190.2</ele>
        <time>2026-08-30T09:46:41+0800</time>
        <extensions>
          <gpxtpx:TrackPointExtension>
            <gpxtpx:hr>143</gpxtpx:hr>
            <gpxtpx:cad>82</gpxtpx:cad>
          </gpxtpx:TrackPointExtension>
        </extensions>
      </trkpt>
      <trkpt lat="29.7117633373" lon="106.514494428">
        <ele>190.2</ele>
        <time>2026-08-30T09:46:42+0800</time>
        <extensions>
          <gpxtpx:TrackPointExtension>
            <gpxtpx:hr>143</gpxtpx:hr>
            <gpxtpx:cad>82</gpxtpx:cad>
          </gpxtpx:TrackPointExtension>
        </extensions>
      </trkpt>
      <trkpt lat="29.7117752396" lon="106.514510354">
        <ele>190.2</ele>
        <time>2026-08-30T09:46:43+0800</time>
        <extensions>
          <gpxtpx:TrackPointExtension>
            <gpxtpx:hr>144</gpxtpx:hr>
            <gpxtpx:cad>82</gpxtpx:cad>
          </gpxtpx:TrackPointExtension>
        </extensions>
      </trkpt>
      <trkpt lat="29.711787058" lon="106.514523514">
        <ele>190.2</ele>
        <time>2026-08-30T09:46:44+0800</time>
        <extensions>
          <gpxtpx:TrackPointExtension>
            <gpxtpx:hr>144</gpxtpx:hr>
            <gpxtpx:cad>82</gpxtpx:cad>
          </gpxtpx:TrackPointExtension>
        </extensions>
      </trkpt>
      <trkpt lat="29.7118126228" lon="106.51455218">
        <ele>190.2</ele>
        <time>2026-08-30T09:46:46+0800</time>
        <extensions>
          <gpxtpx:TrackPointExtension>
            <gpxtpx:hr>144</gpxtpx:hr>
            <gpxtpx:cad>83</gpxtpx:cad>
          </gpxtpx:TrackPointExtension>
        </extensions>
      </trkpt>
      <trkpt lat="29.7118266206" lon="106.514569111">
        <ele>190.2</ele>
        <time>2026-08-30T09:46:47+0800</time>
        <extensions>
          <gpxtpx:TrackPointExtension>
            <gpxtpx:hr>144</gpxtpx:hr>
            <gpxtpx:cad>83</gpxtpx:cad>
          </gpxtpx:TrackPointExtension>
        </extensions>
      </trkpt>
      <trkpt lat="29.7118474077" lon="106.514596771">
        <ele>190.4</ele>
        <time>2026-08-30T09:46:49+0800</time>
        <extensions>
          <gpxtpx:TrackPointExtension>
            <gpxtpx:hr>144</gpxtpx:hr>
            <gpxtpx:cad>83</gpxtpx:cad>
          </gpxtpx:TrackPointExtension>
        </extensions>
      </trkpt>
      <trkpt lat="29.7118613217" lon="106.514616385">
        <ele>190.4</ele>
        <time>2026-08-30T09:46:50+0800</time>
        <extensions>
          <gpxtpx:TrackPointExtension>
            <gpxtpx:hr>144</gpxtpx:hr>
            <gpxtpx:cad>83</gpxtpx:cad>
          </gpxtpx:TrackPointExtension>
        </extensions>
      </trkpt>
      <trkpt lat="29.7118691169" lon="106.514631137">
        <ele>190.4</ele>
        <time>2026-08-30T09:46:51+0800</time>
        <extensions>
          <gpxtpx:TrackPointExtension>
            <gpxtpx:hr>145</gpxtpx:hr>
            <gpxtpx:cad>83</gpxtpx:cad>
          </gpxtpx:TrackPointExtension>
        </extensions>
      </trkpt>
      <trkpt lat="29.7118800133" lon="106.514641615">
        <ele>190.4</ele>
        <time>2026-08-30T09:46:52+0800</time>
        <extensions>
          <gpxtpx:TrackPointExtension>
            <gpxtpx:hr>144</gpxtpx:hr>
            <gpxtpx:cad>82</gpxtpx:cad>
          </gpxtpx:TrackPointExtension>
        </extensions>
      </trkpt>
      <trkpt lat="29.7118915804" lon="106.51465687">
        <ele>190.4</ele>
        <time>2026-08-30T09:46:53+0800</time>
        <extensions>
          <gpxtpx:TrackPointExtension>
            <gpxtpx:hr>144</gpxtpx:hr>
            <gpxtpx:cad>82</gpxtpx:cad>
          </gpxtpx:TrackPointExtension>
        </extensions>
      </trkpt>
      <trkpt lat="29.711900549" lon="106.514669023">
        <ele>190.4</ele>
        <time>2026-08-30T09:46:54+0800</time>
        <extensions>
          <gpxtpx:TrackPointExtension>
            <gpxtpx:hr>145</gpxtpx:hr>
            <gpxtpx:cad>82</gpxtpx:cad>
          </gpxtpx:TrackPointExtension>
        </extensions>
      </trkpt>
      <trkpt lat="29.7119114455" lon="106.514682099">
        <ele>190.4</ele>
        <time>2026-08-30T09:46:55+0800</time>
        <extensions>
          <gpxtpx:TrackPointExtension>
            <gpxtpx:hr>145</gpxtpx:hr>
            <gpxtpx:cad>81</gpxtpx:cad>
          </gpxtpx:TrackPointExtension>
        </extensions>
      </trkpt>
      <trkpt lat="29.7119195759" lon="106.514698109">
        <ele>190.4</ele>
        <time>2026-08-30T09:46:56+0800</time>
        <extensions>
          <gpxtpx:TrackPointExtension>
            <gpxtpx:hr>145</gpxtpx:hr>
            <gpxtpx:cad>81</gpxtpx:cad>
          </gpxtpx:TrackPointExtension>
        </extensions>
      </trkpt>
      <trkpt lat="29.7119282093" lon="106.514709927">
        <ele>190.4</ele>
        <time>2026-08-30T09:46:57+0800</time>
        <extensions>
          <gpxtpx:TrackPointExtension>
            <gpxtpx:hr>145</gpxtpx:hr>
            <gpxtpx:cad>81</gpxtpx:cad>
          </gpxtpx:TrackPointExtension>
        </extensions>
      </trkpt>
      <trkpt lat="29.7119390219" lon="106.514725182">
        <ele>190.6</ele>
        <time>2026-08-30T09:46:58+0800</time>
        <extensions>
          <gpxtpx:TrackPointExtension>
            <gpxtpx:hr>146</gpxtpx:hr>
            <gpxtpx:cad>81</gpxtpx:cad>
          </gpxtpx:TrackPointExtension>
        </extensions>
      </trkpt>
      <trkpt lat="29.7119485773" lon="106.514738426">
        <ele>190.6</ele>
        <time>2026-08-30T09:46:59+0800</time>
        <extensions>
          <gpxtpx:TrackPointExtension>
            <gpxtpx:hr>146</gpxtpx:hr>
            <gpxtpx:cad>82</gpxtpx:cad>
          </gpxtpx:TrackPointExtension>
        </extensions>
      </trkpt>
      <trkpt lat="29.7119591385" lon="106.514749574">
        <ele>190.6</ele>
        <time>2026-08-30T09:47:00+0800</time>
        <extensions>
          <gpxtpx:TrackPointExtension>
            <gpxtpx:hr>146</gpxtpx:hr>
            <gpxtpx:cad>82</gpxtpx:cad>
          </gpxtpx:TrackPointExtension>
        </extensions>
      </trkpt>
      <trkpt lat="29.7119703703" lon="106.514767176">
        <ele>190.6</ele>
        <time>2026-08-30T09:47:01+0800</time>
        <extensions>
          <gpxtpx:TrackPointExtension>
            <gpxtpx:hr>147</gpxtpx:hr>
            <gpxtpx:cad>82</gpxtpx:cad>
          </gpxtpx:TrackPointExtension>
        </extensions>
      </trkpt>
      <trkpt lat="29.7119783331" lon="106.514779581">
        <ele>190.6</ele>
        <time>2026-08-30T09:47:02+0800</time>
        <extensions>
          <gpxtpx:TrackPointExtension>
            <gpxtpx:hr>147</gpxtpx:hr>
            <gpxtpx:cad>82</gpxtpx:cad>
          </gpxtpx:TrackPointExtension>
        </extensions>
      </trkpt>
      <trkpt lat="29.7119994555" lon="106.514808079">
        <ele>190.8</ele>
        <time>2026-08-30T09:47:04+0800</time>
        <extensions>
          <gpxtpx:TrackPointExtension>
            <gpxtpx:hr>147</gpxtpx:hr>
            <gpxtpx:cad>82</gpxtpx:cad>
          </gpxtpx:TrackPointExtension>
        </extensions>
      </trkpt>
      <trkpt lat="29.7120094299" lon="106.51481864">
        <ele>190.8</ele>
        <time>2026-08-30T09:47:05+0800</time>
        <extensions>
          <gpxtpx:TrackPointExtension>
            <gpxtpx:hr>147</gpxtpx:hr>
            <gpxtpx:cad>82</gpxtpx:cad>
          </gpxtpx:TrackPointExtension>
        </extensions>
      </trkpt>
      <trkpt lat="29.7120194044" lon="106.514835153">
        <ele>190.8</ele>
        <time>2026-08-30T09:47:06+0800</time>
        <extensions>
          <gpxtpx:TrackPointExtension>
            <gpxtpx:hr>147</gpxtpx:hr>
            <gpxtpx:cad>82</gpxtpx:cad>
          </gpxtpx:TrackPointExtension>
        </extensions>
      </trkpt>
      <trkpt lat="29.7120296303" lon="106.51485024">
        <ele>190.8</ele>
        <time>2026-08-30T09:47:07+0800</time>
        <extensions>
          <gpxtpx:TrackPointExtension>
            <gpxtpx:hr>147</gpxtpx:hr>
            <gpxtpx:cad>82</gpxtpx:cad>
          </gpxtpx:TrackPointExtension>
        </extensions>
      </trkpt>
      <trkpt lat="29.7120381799" lon="106.51486164">
        <ele>191.0</ele>
        <time>2026-08-30T09:47:08+0800</time>
        <extensions>
          <gpxtpx:TrackPointExtension>
            <gpxtpx:hr>147</gpxtpx:hr>
            <gpxtpx:cad>82</gpxtpx:cad>
          </gpxtpx:TrackPointExtension>
        </extensions>
      </trkpt>
      <trkpt lat="29.7120479029" lon="106.514879325">
        <ele>191.0</ele>
        <time>2026-08-30T09:47:09+0800</time>
        <extensions>
          <gpxtpx:TrackPointExtension>
            <gpxtpx:hr>147</gpxtpx:hr>
            <gpxtpx:cad>81</gpxtpx:cad>
          </gpxtpx:TrackPointExtension>
        </extensions>
      </trkpt>
      <trkpt lat="29.7120570391" lon="106.514893658">
        <ele>191.0</ele>
        <time>2026-08-30T09:47:10+0800</time>
        <extensions>
          <gpxtpx:TrackPointExtension>
            <gpxtpx:hr>146</gpxtpx:hr>
            <gpxtpx:cad>81</gpxtpx:cad>
          </gpxtpx:TrackPointExtension>
        </extensions>
      </trkpt>
      <trkpt lat="29.7120641638" lon="106.51490422">
        <ele>191.0</ele>
        <time>2026-08-30T09:47:11+0800</time>
        <extensions>
          <gpxtpx:TrackPointExtension>
            <gpxtpx:hr>146</gpxtpx:hr>
            <gpxtpx:cad>81</gpxtpx:cad>
          </gpxtpx:TrackPointExtension>
        </extensions>
      </trkpt>
      <trkpt lat="29.7120719589" lon="106.514916625">
        <ele>191.2</ele>
        <time>2026-08-30T09:47:12+0800</time>
        <extensions>
          <gpxtpx:TrackPointExtension>
            <gpxtpx:hr>145</gpxtpx:hr>
            <gpxtpx:cad>81</gpxtpx:cad>
          </gpxtpx:TrackPointExtension>
        </extensions>
      </trkpt>
      <trkpt lat="29.7120769881" lon="106.514928443">
        <ele>191.2</ele>
        <time>2026-08-30T09:47:13+0800</time>
        <extensions>
          <gpxtpx:TrackPointExtension>
            <gpxtpx:hr>145</gpxtpx:hr>
            <gpxtpx:cad>81</gpxtpx:cad>
          </gpxtpx:TrackPointExtension>
        </extensions>
      </trkpt>
      <trkpt lat="29.7120803408" lon="106.514934646">
        <ele>191.2</ele>
        <time>2026-08-30T09:47:14+0800</time>
        <extensions>
          <gpxtpx:TrackPointExtension>
            <gpxtpx:hr>144</gpxtpx:hr>
            <gpxtpx:cad>81</gpxtpx:cad>
          </gpxtpx:TrackPointExtension>
        </extensions>
      </trkpt>
      <trkpt lat="29.7120822687" lon="106.514940346">
        <ele>191.4</ele>
        <time>2026-08-30T09:47:15+0800</time>
        <extensions>
          <gpxtpx:TrackPointExtension>
            <gpxtpx:hr>144</gpxtpx:hr>
            <gpxtpx:cad>81</gpxtpx:cad>
          </gpxtpx:TrackPointExtension>
        </extensions>
      </trkpt>
      <trkpt lat="29.7120838612" lon="106.514938837">
        <ele>191.4</ele>
        <time>2026-08-30T09:47:16+0800</time>
        <extensions>
          <gpxtpx:TrackPointExtension>
            <gpxtpx:hr>144</gpxtpx:hr>
            <gpxtpx:cad>81</gpxtpx:cad>
          </gpxtpx:TrackPointExtension>
        </extensions>
      </trkpt>
      <trkpt lat="29.7120895609" lon="106.514944788">
        <ele>191.6</ele>
        <time>2026-08-30T09:47:17+0800</time>
        <extensions>
          <gpxtpx:TrackPointExtension>
            <gpxtpx:hr>144</gpxtpx:hr>
            <gpxtpx:cad>81</gpxtpx:cad>
          </gpxtpx:TrackPointExtension>
        </extensions>
      </trkpt>
      <trkpt lat="29.7121026367" lon="106.514967754">
        <ele>191.6</ele>
        <time>2026-08-30T09:47:19+0800</time>
        <extensions>
          <gpxtpx:TrackPointExtension>
            <gpxtpx:hr>144</gpxtpx:hr>
            <gpxtpx:cad>81</gpxtpx:cad>
          </gpxtpx:TrackPointExtension>
        </extensions>
      </trkpt>
      <trkpt lat="29.7121090069" lon="106.514977729">
        <ele>191.6</ele>
        <time>2026-08-30T09:47:21+0800</time>
        <extensions>
          <gpxtpx:TrackPointExtension>
            <gpxtpx:hr>144</gpxtpx:hr>
            <gpxtpx:cad>81</gpxtpx:cad>
          </gpxtpx:TrackPointExtension>
        </extensions>
      </trkpt>
      <trkpt lat="29.7121144552" lon="106.514989212">
        <ele>191.6</ele>
        <time>2026-08-30T09:47:22+0800</time>
        <extensions>
          <gpxtpx:TrackPointExtension>
            <gpxtpx:hr>144</gpxtpx:hr>
            <gpxtpx:cad>81</gpxtpx:cad>
          </gpxtpx:TrackPointExtension>
        </extensions>
      </trkpt>
      <trkpt lat="29.7121257707" lon="106.515007066">
        <ele>191.6</ele>
        <time>2026-08-30T09:47:24+0800</time>
        <extensions>
          <gpxtpx:TrackPointExtension>
            <gpxtpx:hr>144</gpxtpx:hr>
            <gpxtpx:cad>79</gpxtpx:cad>
          </gpxtpx:TrackPointExtension>
        </extensions>
      </trkpt>
      <trkpt lat="29.7121385951" lon="106.515026679">
        <ele>191.8</ele>
        <time>2026-08-30T09:47:26+0800</time>
        <extensions>
          <gpxtpx:TrackPointExtension>
            <gpxtpx:hr>145</gpxtpx:hr>
            <gpxtpx:cad>79</gpxtpx:cad>
          </gpxtpx:TrackPointExtension>
        </extensions>
      </trkpt>
      <trkpt lat="29.7121520899" lon="106.515045622">
        <ele>191.8</ele>
        <time>2026-08-30T09:47:28+0800</time>
        <extensions>
          <gpxtpx:TrackPointExtension>
            <gpxtpx:hr>147</gpxtpx:hr>
            <gpxtpx:cad>81</gpxtpx:cad>
          </gpxtpx:TrackPointExtension>
        </extensions>
      </trkpt>
      <trkpt lat="29.7121599689" lon="106.515057273">
        <ele>191.8</ele>
        <time>2026-08-30T09:47:29+0800</time>
        <extensions>
          <gpxtpx:TrackPointExtension>
            <gpxtpx:hr>147</gpxtpx:hr>
            <gpxtpx:cad>82</gpxtpx:cad>
          </gpxtpx:TrackPointExtension>
        </extensions>
      </trkpt>
      <trkpt lat="29.7121692728" lon="106.515066745">
        <ele>191.8</ele>
        <time>2026-08-30T09:47:30+0800</time>
        <extensions>
          <gpxtpx:TrackPointExtension>
            <gpxtpx:hr>148</gpxtpx:hr>
            <gpxtpx:cad>82</gpxtpx:cad>
          </gpxtpx:TrackPointExtension>
        </extensions>
      </trkpt>
      <trkpt lat="29.7121783253" lon="106.515078647">
        <ele>191.8</ele>
        <time>2026-08-30T09:47:31+0800</time>
        <extensions>
          <gpxtpx:TrackPointExtension>
            <gpxtpx:hr>148</gpxtpx:hr>
            <gpxtpx:cad>82</gpxtpx:cad>
          </gpxtpx:TrackPointExtension>
        </extensions>
      </trkpt>
      <trkpt lat="29.7121848632" lon="106.51509013">
        <ele>192.0</ele>
        <time>2026-08-30T09:47:32+0800</time>
        <extensions>
          <gpxtpx:TrackPointExtension>
            <gpxtpx:hr>149</gpxtpx:hr>
            <gpxtpx:cad>80</gpxtpx:cad>
          </gpxtpx:TrackPointExtension>
        </extensions>
      </trkpt>
      <trkpt lat="29.7121906467" lon="106.515096165">
        <ele>192.0</ele>
        <time>2026-08-30T09:47:33+0800</time>
        <extensions>
          <gpxtpx:TrackPointExtension>
            <gpxtpx:hr>149</gpxtpx:hr>
            <gpxtpx:cad>80</gpxtpx:cad>
          </gpxtpx:TrackPointExtension>
        </extensions>
      </trkpt>
      <trkpt lat="29.7121994477" lon="106.51510857">
        <ele>192.0</ele>
        <time>2026-08-30T09:47:34+0800</time>
        <extensions>
          <gpxtpx:TrackPointExtension>
            <gpxtpx:hr>149</gpxtpx:hr>
            <gpxtpx:cad>81</gpxtpx:cad>
          </gpxtpx:TrackPointExtension>
        </extensions>
      </trkpt>
      <trkpt lat="29.7122024652" lon="106.515117371">
        <ele>192.2</ele>
        <time>2026-08-30T09:47:35+0800</time>
        <extensions>
          <gpxtpx:TrackPointExtension>
            <gpxtpx:hr>148</gpxtpx:hr>
            <gpxtpx:cad>81</gpxtpx:cad>
          </gpxtpx:TrackPointExtension>
        </extensions>
      </trkpt>
      <trkpt lat="29.712209506" lon="106.515128771">
        <ele>192.2</ele>
        <time>2026-08-30T09:47:36+0800</time>
        <extensions>
          <gpxtpx:TrackPointExtension>
            <gpxtpx:hr>149</gpxtpx:hr>
            <gpxtpx:cad>81</gpxtpx:cad>
          </gpxtpx:TrackPointExtension>
        </extensions>
      </trkpt>
      <trkpt lat="29.7122167144" lon="106.515141092">
        <ele>192.4</ele>
        <time>2026-08-30T09:47:37+0800</time>
        <extensions>
          <gpxtpx:TrackPointExtension>
            <gpxtpx:hr>149</gpxtpx:hr>
            <gpxtpx:cad>80</gpxtpx:cad>
          </gpxtpx:TrackPointExtension>
        </extensions>
      </trkpt>
      <trkpt lat="29.7122246772" lon="106.515151402">
        <ele>192.4</ele>
        <time>2026-08-30T09:47:38+0800</time>
        <extensions>
          <gpxtpx:TrackPointExtension>
            <gpxtpx:hr>149</gpxtpx:hr>
            <gpxtpx:cad>80</gpxtpx:cad>
          </gpxtpx:TrackPointExtension>
        </extensions>
      </trkpt>
      <trkpt lat="29.7122352384" lon="106.515160622">
        <ele>192.4</ele>
        <time>2026-08-30T09:47:39+0800</time>
        <extensions>
          <gpxtpx:TrackPointExtension>
            <gpxtpx:hr>150</gpxtpx:hr>
            <gpxtpx:cad>80</gpxtpx:cad>
          </gpxtpx:TrackPointExtension>
        </extensions>
      </trkpt>
      <trkpt lat="29.7122417763" lon="106.515172189">
        <ele>192.6</ele>
        <time>2026-08-30T09:47:40+0800</time>
        <extensions>
          <gpxtpx:TrackPointExtension>
            <gpxtpx:hr>150</gpxtpx:hr>
            <gpxtpx:cad>80</gpxtpx:cad>
          </gpxtpx:TrackPointExtension>
        </extensions>
      </trkpt>
      <trkpt lat="29.7122479789" lon="106.515184008">
        <ele>192.6</ele>
        <time>2026-08-30T09:47:41+0800</time>
        <extensions>
          <gpxtpx:TrackPointExtension>
            <gpxtpx:hr>151</gpxtpx:hr>
            <gpxtpx:cad>81</gpxtpx:cad>
          </gpxtpx:TrackPointExtension>
        </extensions>
      </trkpt>
      <trkpt lat="29.7122564446" lon="106.515198424">
        <ele>192.6</ele>
        <time>2026-08-30T09:47:42+0800</time>
        <extensions>
          <gpxtpx:TrackPointExtension>
            <gpxtpx:hr>152</gpxtpx:hr>
            <gpxtpx:cad>81</gpxtpx:cad>
          </gpxtpx:TrackPointExtension>
        </extensions>
      </trkpt>
      <trkpt lat="29.7122629825" lon="106.515210494">
        <ele>192.6</ele>
        <time>2026-08-30T09:47:43+0800</time>
        <extensions>
          <gpxtpx:TrackPointExtension>
            <gpxtpx:hr>152</gpxtpx:hr>
            <gpxtpx:cad>81</gpxtpx:cad>
          </gpxtpx:TrackPointExtension>
        </extensions>
      </trkpt>
      <trkpt lat="29.7122697718" lon="106.515219463">
        <ele>192.6</ele>
        <time>2026-08-30T09:47:44+0800</time>
        <extensions>
          <gpxtpx:TrackPointExtension>
            <gpxtpx:hr>153</gpxtpx:hr>
            <gpxtpx:cad>81</gpxtpx:cad>
          </gpxtpx:TrackPointExtension>
        </extensions>
      </trkpt>
      <trkpt lat="29.7122870386" lon="106.515245782">
        <ele>192.8</ele>
        <time>2026-08-30T09:47:46+0800</time>
        <extensions>
          <gpxtpx:TrackPointExtension>
            <gpxtpx:hr>154</gpxtpx:hr>
            <gpxtpx:cad>81</gpxtpx:cad>
          </gpxtpx:TrackPointExtension>
        </extensions>
      </trkpt>
      <trkpt lat="29.7122937441" lon="106.515257768">
        <ele>192.8</ele>
        <time>2026-08-30T09:47:47+0800</time>
        <extensions>
          <gpxtpx:TrackPointExtension>
            <gpxtpx:hr>154</gpxtpx:hr>
            <gpxtpx:cad>81</gpxtpx:cad>
          </gpxtpx:TrackPointExtension>
        </extensions>
      </trkpt>
      <trkpt lat="29.7123001143" lon="106.515267659">
        <ele>193.0</ele>
        <time>2026-08-30T09:47:48+0800</time>
        <extensions>
          <gpxtpx:TrackPointExtension>
            <gpxtpx:hr>153</gpxtpx:hr>
            <gpxtpx:cad>81</gpxtpx:cad>
          </gpxtpx:TrackPointExtension>
        </extensions>
      </trkpt>
      <trkpt lat="29.7123074904" lon="106.515277298">
        <ele>193.0</ele>
        <time>2026-08-30T09:47:49+0800</time>
        <extensions>
          <gpxtpx:TrackPointExtension>
            <gpxtpx:hr>153</gpxtpx:hr>
            <gpxtpx:cad>81</gpxtpx:cad>
          </gpxtpx:TrackPointExtension>
        </extensions>
      </trkpt>
      <trkpt lat="29.7123156209" lon="106.515285932">
        <ele>193.0</ele>
        <time>2026-08-30T09:47:50+0800</time>
        <extensions>
          <gpxtpx:TrackPointExtension>
            <gpxtpx:hr>153</gpxtpx:hr>
            <gpxtpx:cad>81</gpxtpx:cad>
          </gpxtpx:TrackPointExtension>
        </extensions>
      </trkpt>
      <trkpt lat="29.7123230807" lon="106.515303031">
        <ele>193.2</ele>
        <time>2026-08-30T09:47:51+0800</time>
        <extensions>
          <gpxtpx:TrackPointExtension>
            <gpxtpx:hr>153</gpxtpx:hr>
            <gpxtpx:cad>80</gpxtpx:cad>
          </gpxtpx:TrackPointExtension>
        </extensions>
      </trkpt>
      <trkpt lat="29.7123275232" lon="106.515314681">
        <ele>193.2</ele>
        <time>2026-08-30T09:47:52+0800</time>
        <extensions>
          <gpxtpx:TrackPointExtension>
            <gpxtpx:hr>153</gpxtpx:hr>
            <gpxtpx:cad>80</gpxtpx:cad>
          </gpxtpx:TrackPointExtension>
        </extensions>
      </trkpt>
      <trkpt lat="29.7123359889" lon="106.515324824">
        <ele>193.2</ele>
        <time>2026-08-30T09:47:53+0800</time>
        <extensions>
          <gpxtpx:TrackPointExtension>
            <gpxtpx:hr>153</gpxtpx:hr>
            <gpxtpx:cad>80</gpxtpx:cad>
          </gpxtpx:TrackPointExtension>
        </extensions>
      </trkpt>
      <trkpt lat="29.7123440355" lon="106.515338905">
        <ele>193.2</ele>
        <time>2026-08-30T09:47:54+0800</time>
        <extensions>
          <gpxtpx:TrackPointExtension>
            <gpxtpx:hr>154</gpxtpx:hr>
            <gpxtpx:cad>80</gpxtpx:cad>
          </gpxtpx:TrackPointExtension>
        </extensions>
      </trkpt>
      <trkpt lat="29.7123497352" lon="106.515349466">
        <ele>193.4</ele>
        <time>2026-08-30T09:47:55+0800</time>
        <extensions>
          <gpxtpx:TrackPointExtension>
            <gpxtpx:hr>153</gpxtpx:hr>
            <gpxtpx:cad>81</gpxtpx:cad>
          </gpxtpx:TrackPointExtension>
        </extensions>
      </trkpt>
      <trkpt lat="29.712349819" lon="106.515357429">
        <ele>193.4</ele>
        <time>2026-08-30T09:47:56+0800</time>
        <extensions>
          <gpxtpx:TrackPointExtension>
            <gpxtpx:hr>153</gpxtpx:hr>
            <gpxtpx:cad>81</gpxtpx:cad>
          </gpxtpx:TrackPointExtension>
        </extensions>
      </trkpt>
      <trkpt lat="29.7123564407" lon="106.515370589">
        <ele>193.6</ele>
        <time>2026-08-30T09:47:57+0800</time>
        <extensions>
          <gpxtpx:TrackPointExtension>
            <gpxtpx:hr>153</gpxtpx:hr>
            <gpxtpx:cad>82</gpxtpx:cad>
          </gpxtpx:TrackPointExtension>
        </extensions>
      </trkpt>
      <trkpt lat="29.7123607155" lon="106.515375199">
        <ele>193.6</ele>
        <time>2026-08-30T09:47:58+0800</time>
        <extensions>
          <gpxtpx:TrackPointExtension>
            <gpxtpx:hr>153</gpxtpx:hr>
            <gpxtpx:cad>82</gpxtpx:cad>
          </gpxtpx:TrackPointExtension>
        </extensions>
      </trkpt>
      <trkpt lat="29.7123730369" lon="106.515385509">
        <ele>193.6</ele>
        <time>2026-08-30T09:47:59+0800</time>
        <extensions>
          <gpxtpx:TrackPointExtension>
            <gpxtpx:hr>154</gpxtpx:hr>
            <gpxtpx:cad>82</gpxtpx:cad>
          </gpxtpx:TrackPointExtension>
        </extensions>
      </trkpt>
      <trkpt lat="29.7123807482" lon="106.515393723">
        <ele>193.8</ele>
        <time>2026-08-30T09:48:00+0800</time>
        <extensions>
          <gpxtpx:TrackPointExtension>
            <gpxtpx:hr>154</gpxtpx:hr>
            <gpxtpx:cad>81</gpxtpx:cad>
          </gpxtpx:TrackPointExtension>
        </extensions>
      </trkpt>
      <trkpt lat="29.7124003619" lon="106.515415767">
        <ele>193.8</ele>
        <time>2026-08-30T09:48:02+0800</time>
        <extensions>
          <gpxtpx:TrackPointExtension>
            <gpxtpx:hr>154</gpxtpx:hr>
            <gpxtpx:cad>81</gpxtpx:cad>
          </gpxtpx:TrackPointExtension>
        </extensions>
      </trkpt>
      <trkpt lat="29.7124085762" lon="106.515429514">
        <ele>193.8</ele>
        <time>2026-08-30T09:48:03+0800</time>
        <extensions>
          <gpxtpx:TrackPointExtension>
            <gpxtpx:hr>154</gpxtpx:hr>
            <gpxtpx:cad>81</gpxtpx:cad>
          </gpxtpx:TrackPointExtension>
        </extensions>
      </trkpt>
      <trkpt lat="29.7124164551" lon="106.515444266">
        <ele>193.8</ele>
        <time>2026-08-30T09:48:04+0800</time>
        <extensions>
          <gpxtpx:TrackPointExtension>
            <gpxtpx:hr>154</gpxtpx:hr>
            <gpxtpx:cad>82</gpxtpx:cad>
          </gpxtpx:TrackPointExtension>
        </extensions>
      </trkpt>
      <trkpt lat="29.7124208137" lon="106.515461113">
        <ele>193.8</ele>
        <time>2026-08-30T09:48:05+0800</time>
        <extensions>
          <gpxtpx:TrackPointExtension>
            <gpxtpx:hr>154</gpxtpx:hr>
            <gpxtpx:cad>82</gpxtpx:cad>
          </gpxtpx:TrackPointExtension>
        </extensions>
      </trkpt>
      <trkpt lat="29.7124273516" lon="106.515473351">
        <ele>194.0</ele>
        <time>2026-08-30T09:48:06+0800</time>
        <extensions>
          <gpxtpx:TrackPointExtension>
            <gpxtpx:hr>153</gpxtpx:hr>
            <gpxtpx:cad>82</gpxtpx:cad>
          </gpxtpx:TrackPointExtension>
        </extensions>
      </trkpt>
      <trkpt lat="29.7124386672" lon="106.515487852">
        <ele>194.0</ele>
        <time>2026-08-30T09:48:07+0800</time>
        <extensions>
          <gpxtpx:TrackPointExtension>
            <gpxtpx:hr>153</gpxtpx:hr>
            <gpxtpx:cad>82</gpxtpx:cad>
          </gpxtpx:TrackPointExtension>
        </extensions>
      </trkpt>
      <trkpt lat="29.7124472167" lon="106.515504448">
        <ele>194.0</ele>
        <time>2026-08-30T09:48:08+0800</time>
        <extensions>
          <gpxtpx:TrackPointExtension>
            <gpxtpx:hr>152</gpxtpx:hr>
            <gpxtpx:cad>82</gpxtpx:cad>
          </gpxtpx:TrackPointExtension>
        </extensions>
      </trkpt>
      <trkpt lat="29.7124561016" lon="106.515512746">
        <ele>194.0</ele>
        <time>2026-08-30T09:48:09+0800</time>
        <extensions>
          <gpxtpx:TrackPointExtension>
            <gpxtpx:hr>152</gpxtpx:hr>
            <gpxtpx:cad>82</gpxtpx:cad>
          </gpxtpx:TrackPointExtension>
        </extensions>
      </trkpt>
      <trkpt lat="29.7124662437" lon="106.515529845">
        <ele>194.0</ele>
        <time>2026-08-30T09:48:10+0800</time>
        <extensions>
          <gpxtpx:TrackPointExtension>
            <gpxtpx:hr>152</gpxtpx:hr>
            <gpxtpx:cad>81</gpxtpx:cad>
          </gpxtpx:TrackPointExtension>
        </extensions>
      </trkpt>
      <trkpt lat="29.7124725301" lon="106.5155451">
        <ele>194.0</ele>
        <time>2026-08-30T09:48:11+0800</time>
        <extensions>
          <gpxtpx:TrackPointExtension>
            <gpxtpx:hr>151</gpxtpx:hr>
            <gpxtpx:cad>81</gpxtpx:cad>
          </gpxtpx:TrackPointExtension>
        </extensions>
      </trkpt>
      <trkpt lat="29.7124821693" lon="106.515555661">
        <ele>194.0</ele>
        <time>2026-08-30T09:48:12+0800</time>
        <extensions>
          <gpxtpx:TrackPointExtension>
            <gpxtpx:hr>152</gpxtpx:hr>
            <gpxtpx:cad>81</gpxtpx:cad>
          </gpxtpx:TrackPointExtension>
        </extensions>
      </trkpt>
      <trkpt lat="29.7124927305" lon="106.515573934">
        <ele>194.2</ele>
        <time>2026-08-30T09:48:13+0800</time>
        <extensions>
          <gpxtpx:TrackPointExtension>
            <gpxtpx:hr>152</gpxtpx:hr>
            <gpxtpx:cad>81</gpxtpx:cad>
          </gpxtpx:TrackPointExtension>
        </extensions>
      </trkpt>
      <trkpt lat="29.7125001904" lon="106.515587429">
        <ele>194.2</ele>
        <time>2026-08-30T09:48:14+0800</time>
        <extensions>
          <gpxtpx:TrackPointExtension>
            <gpxtpx:hr>152</gpxtpx:hr>
            <gpxtpx:cad>81</gpxtpx:cad>
          </gpxtpx:TrackPointExtension>
        </extensions>
      </trkpt>
      <trkpt lat="29.7125115059" lon="106.515602013">
        <ele>194.2</ele>
        <time>2026-08-30T09:48:15+0800</time>
        <extensions>
          <gpxtpx:TrackPointExtension>
            <gpxtpx:hr>151</gpxtpx:hr>
            <gpxtpx:cad>81</gpxtpx:cad>
          </gpxtpx:TrackPointExtension>
        </extensions>
      </trkpt>
      <trkpt lat="29.7125196364" lon="106.515618609">
        <ele>194.2</ele>
        <time>2026-08-30T09:48:16+0800</time>
        <extensions>
          <gpxtpx:TrackPointExtension>
            <gpxtpx:hr>151</gpxtpx:hr>
            <gpxtpx:cad>81</gpxtpx:cad>
          </gpxtpx:TrackPointExtension>
        </extensions>
      </trkpt>
      <trkpt lat="29.7125255037" lon="106.515627662">
        <ele>194.2</ele>
        <time>2026-08-30T09:48:17+0800</time>
        <extensions>
          <gpxtpx:TrackPointExtension>
            <gpxtpx:hr>151</gpxtpx:hr>
            <gpxtpx:cad>81</gpxtpx:cad>
          </gpxtpx:TrackPointExtension>
        </extensions>
      </trkpt>
      <trkpt lat="29.7125377413" lon="106.51564409">
        <ele>194.2</ele>
        <time>2026-08-30T09:48:18+0800</time>
        <extensions>
          <gpxtpx:TrackPointExtension>
            <gpxtpx:hr>151</gpxtpx:hr>
            <gpxtpx:cad>81</gpxtpx:cad>
          </gpxtpx:TrackPointExtension>
        </extensions>
      </trkpt>
      <trkpt lat="29.7125472128" lon="106.515659597">
        <ele>194.2</ele>
        <time>2026-08-30T09:48:19+0800</time>
        <extensions>
          <gpxtpx:TrackPointExtension>
            <gpxtpx:hr>151</gpxtpx:hr>
            <gpxtpx:cad>82</gpxtpx:cad>
          </gpxtpx:TrackPointExtension>
        </extensions>
      </trkpt>
      <trkpt lat="29.7125580255" lon="106.51567108">
        <ele>194.2</ele>
        <time>2026-08-30T09:48:20+0800</time>
        <extensions>
          <gpxtpx:TrackPointExtension>
            <gpxtpx:hr>150</gpxtpx:hr>
            <gpxtpx:cad>82</gpxtpx:cad>
          </gpxtpx:TrackPointExtension>
        </extensions>
      </trkpt>
      <trkpt lat="29.7125674132" lon="106.515687341">
        <ele>194.2</ele>
        <time>2026-08-30T09:48:21+0800</time>
        <extensions>
          <gpxtpx:TrackPointExtension>
            <gpxtpx:hr>150</gpxtpx:hr>
            <gpxtpx:cad>82</gpxtpx:cad>
          </gpxtpx:TrackPointExtension>
        </extensions>
      </trkpt>
      <trkpt lat="29.7125752084" lon="106.515699243">
        <ele>194.2</ele>
        <time>2026-08-30T09:48:22+0800</time>
        <extensions>
          <gpxtpx:TrackPointExtension>
            <gpxtpx:hr>151</gpxtpx:hr>
            <gpxtpx:cad>82</gpxtpx:cad>
          </gpxtpx:TrackPointExtension>
        </extensions>
      </trkpt>
      <trkpt lat="29.7125864401" lon="106.51571542">
        <ele>194.2</ele>
        <time>2026-08-30T09:48:23+0800</time>
        <extensions>
          <gpxtpx:TrackPointExtension>
            <gpxtpx:hr>151</gpxtpx:hr>
            <gpxtpx:cad>82</gpxtpx:cad>
          </gpxtpx:TrackPointExtension>
        </extensions>
      </trkpt>
      <trkpt lat="29.7125956602" lon="106.515731849">
        <ele>194.2</ele>
        <time>2026-08-30T09:48:24+0800</time>
        <extensions>
          <gpxtpx:TrackPointExtension>
            <gpxtpx:hr>151</gpxtpx:hr>
            <gpxtpx:cad>83</gpxtpx:cad>
          </gpxtpx:TrackPointExtension>
        </extensions>
      </trkpt>
      <trkpt lat="29.7126051318" lon="106.515744841">
        <ele>194.2</ele>
        <time>2026-08-30T09:48:25+0800</time>
        <extensions>
          <gpxtpx:TrackPointExtension>
            <gpxtpx:hr>151</gpxtpx:hr>
            <gpxtpx:cad>83</gpxtpx:cad>
          </gpxtpx:TrackPointExtension>
        </extensions>
      </trkpt>
      <trkpt lat="29.712614771" lon="106.5157637">
        <ele>194.2</ele>
        <time>2026-08-30T09:48:26+0800</time>
        <extensions>
          <gpxtpx:TrackPointExtension>
            <gpxtpx:hr>151</gpxtpx:hr>
            <gpxtpx:cad>83</gpxtpx:cad>
          </gpxtpx:TrackPointExtension>
        </extensions>
      </trkpt>
      <trkpt lat="29.7126231529" lon="106.51577929">
        <ele>194.2</ele>
        <time>2026-08-30T09:48:27+0800</time>
        <extensions>
          <gpxtpx:TrackPointExtension>
            <gpxtpx:hr>151</gpxtpx:hr>
            <gpxtpx:cad>83</gpxtpx:cad>
          </gpxtpx:TrackPointExtension>
        </extensions>
      </trkpt>
      <trkpt lat="29.7126318701" lon="106.515793791">
        <ele>194.2</ele>
        <time>2026-08-30T09:48:28+0800</time>
        <extensions>
          <gpxtpx:TrackPointExtension>
            <gpxtpx:hr>151</gpxtpx:hr>
            <gpxtpx:cad>83</gpxtpx:cad>
          </gpxtpx:TrackPointExtension>
        </extensions>
      </trkpt>
      <trkpt lat="29.712637905" lon="106.515809046">
        <ele>194.2</ele>
        <time>2026-08-30T09:48:29+0800</time>
        <extensions>
          <gpxtpx:TrackPointExtension>
            <gpxtpx:hr>152</gpxtpx:hr>
            <gpxtpx:cad>83</gpxtpx:cad>
          </gpxtpx:TrackPointExtension>
        </extensions>
      </trkpt>
      <trkpt lat="29.7126438562" lon="106.515822373">
        <ele>194.2</ele>
        <time>2026-08-30T09:48:30+0800</time>
        <extensions>
          <gpxtpx:TrackPointExtension>
            <gpxtpx:hr>152</gpxtpx:hr>
            <gpxtpx:cad>84</gpxtpx:cad>
          </gpxtpx:TrackPointExtension>
        </extensions>
      </trkpt>
      <trkpt lat="29.7126524895" lon="106.515841484">
        <ele>194.4</ele>
        <time>2026-08-30T09:48:31+0800</time>
        <extensions>
          <gpxtpx:TrackPointExtension>
            <gpxtpx:hr>152</gpxtpx:hr>
            <gpxtpx:cad>84</gpxtpx:cad>
          </gpxtpx:TrackPointExtension>
        </extensions>
      </trkpt>
      <trkpt lat="29.7126595303" lon="106.515857074">
        <ele>194.2</ele>
        <time>2026-08-30T09:48:32+0800</time>
        <extensions>
          <gpxtpx:TrackPointExtension>
            <gpxtpx:hr>152</gpxtpx:hr>
            <gpxtpx:cad>84</gpxtpx:cad>
          </gpxtpx:TrackPointExtension>
        </extensions>
      </trkpt>
      <trkpt lat="29.7126681637" lon="106.515873251">
        <ele>194.2</ele>
        <time>2026-08-30T09:48:33+0800</time>
        <extensions>
          <gpxtpx:TrackPointExtension>
            <gpxtpx:hr>152</gpxtpx:hr>
            <gpxtpx:cad>84</gpxtpx:cad>
          </gpxtpx:TrackPointExtension>
        </extensions>
      </trkpt>
      <trkpt lat="29.7126741149" lon="106.515892111">
        <ele>194.2</ele>
        <time>2026-08-30T09:48:34+0800</time>
        <extensions>
          <gpxtpx:TrackPointExtension>
            <gpxtpx:hr>152</gpxtpx:hr>
            <gpxtpx:cad>83</gpxtpx:cad>
          </gpxtpx:TrackPointExtension>
        </extensions>
      </trkpt>
      <trkpt lat="29.7126818262" lon="106.515904935">
        <ele>194.2</ele>
        <time>2026-08-30T09:48:35+0800</time>
        <extensions>
          <gpxtpx:TrackPointExtension>
            <gpxtpx:hr>153</gpxtpx:hr>
            <gpxtpx:cad>83</gpxtpx:cad>
          </gpxtpx:TrackPointExtension>
        </extensions>
      </trkpt>
      <trkpt lat="29.7126918845" lon="106.515924046">
        <ele>194.2</ele>
        <time>2026-08-30T09:48:36+0800</time>
        <extensions>
          <gpxtpx:TrackPointExtension>
            <gpxtpx:hr>153</gpxtpx:hr>
            <gpxtpx:cad>83</gpxtpx:cad>
          </gpxtpx:TrackPointExtension>
        </extensions>
      </trkpt>
      <trkpt lat="29.712695824" lon="106.515936367">
        <ele>194.4</ele>
        <time>2026-08-30T09:48:37+0800</time>
        <extensions>
          <gpxtpx:TrackPointExtension>
            <gpxtpx:hr>153</gpxtpx:hr>
            <gpxtpx:cad>82</gpxtpx:cad>
          </gpxtpx:TrackPointExtension>
        </extensions>
      </trkpt>
      <trkpt lat="29.712693477" lon="106.515945252">
        <ele>194.4</ele>
        <time>2026-08-30T09:48:38+0800</time>
        <extensions>
          <gpxtpx:TrackPointExtension>
            <gpxtpx:hr>153</gpxtpx:hr>
            <gpxtpx:cad>82</gpxtpx:cad>
          </gpxtpx:TrackPointExtension>
        </extensions>
      </trkpt>
      <trkpt lat="29.7126924712" lon="106.515948605">
        <ele>194.4</ele>
        <time>2026-08-30T09:48:39+0800</time>
        <extensions>
          <gpxtpx:TrackPointExtension>
            <gpxtpx:hr>153</gpxtpx:hr>
            <gpxtpx:cad>0</gpxtpx:cad>
          </gpxtpx:TrackPointExtension>
        </extensions>
      </trkpt>
      <trkpt lat="29.7126998473" lon="106.515951119">
        <ele>194.2</ele>
        <time>2026-08-30T09:48:40+0800</time>
        <extensions>
          <gpxtpx:TrackPointExtension>
            <gpxtpx:hr>152</gpxtpx:hr>
            <gpxtpx:cad>0</gpxtpx:cad>
          </gpxtpx:TrackPointExtension>
        </extensions>
      </trkpt>
      <trkpt lat="29.7127054632" lon="106.515961094">
        <ele>194.2</ele>
        <time>2026-08-30T09:48:41+0800</time>
        <extensions>
          <gpxtpx:TrackPointExtension>
            <gpxtpx:hr>153</gpxtpx:hr>
            <gpxtpx:cad>82</gpxtpx:cad>
          </gpxtpx:TrackPointExtension>
        </extensions>
      </trkpt>
      <trkpt lat="29.7127112467" lon="106.515973415">
        <ele>194.2</ele>
        <time>2026-08-30T09:48:42+0800</time>
        <extensions>
          <gpxtpx:TrackPointExtension>
            <gpxtpx:hr>153</gpxtpx:hr>
            <gpxtpx:cad>83</gpxtpx:cad>
          </gpxtpx:TrackPointExtension>
        </extensions>
      </trkpt>
      <trkpt lat="29.7127202991" lon="106.515987664">
        <ele>194.2</ele>
        <time>2026-08-30T09:48:43+0800</time>
        <extensions>
          <gpxtpx:TrackPointExtension>
            <gpxtpx:hr>154</gpxtpx:hr>
            <gpxtpx:cad>83</gpxtpx:cad>
          </gpxtpx:TrackPointExtension>
        </extensions>
      </trkpt>
      <trkpt lat="29.7127282619" lon="106.516006524">
        <ele>194.2</ele>
        <time>2026-08-30T09:48:44+0800</time>
        <extensions>
          <gpxtpx:TrackPointExtension>
            <gpxtpx:hr>154</gpxtpx:hr>
            <gpxtpx:cad>83</gpxtpx:cad>
          </gpxtpx:TrackPointExtension>
        </extensions>
      </trkpt>
      <trkpt lat="29.7127373144" lon="106.516019935">
        <ele>194.2</ele>
        <time>2026-08-30T09:48:45+0800</time>
        <extensions>
          <gpxtpx:TrackPointExtension>
            <gpxtpx:hr>155</gpxtpx:hr>
            <gpxtpx:cad>83</gpxtpx:cad>
          </gpxtpx:TrackPointExtension>
        </extensions>
      </trkpt>
      <trkpt lat="29.7127502225" lon="106.516040638">
        <ele>194.2</ele>
        <time>2026-08-30T09:48:46+0800</time>
        <extensions>
          <gpxtpx:TrackPointExtension>
            <gpxtpx:hr>155</gpxtpx:hr>
            <gpxtpx:cad>84</gpxtpx:cad>
          </gpxtpx:TrackPointExtension>
        </extensions>
      </trkpt>
      <trkpt lat="29.7127593588" lon="106.51605648">
        <ele>194.2</ele>
        <time>2026-08-30T09:48:47+0800</time>
        <extensions>
          <gpxtpx:TrackPointExtension>
            <gpxtpx:hr>156</gpxtpx:hr>
            <gpxtpx:cad>84</gpxtpx:cad>
          </gpxtpx:TrackPointExtension>
        </extensions>
      </trkpt>
      <trkpt lat="29.71276992" lon="106.516075088">
        <ele>194.2</ele>
        <time>2026-08-30T09:48:48+0800</time>
        <extensions>
          <gpxtpx:TrackPointExtension>
            <gpxtpx:hr>156</gpxtpx:hr>
            <gpxtpx:cad>84</gpxtpx:cad>
          </gpxtpx:TrackPointExtension>
        </extensions>
      </trkpt>
      <trkpt lat="29.7127789725" lon="106.516093276">
        <ele>194.2</ele>
        <time>2026-08-30T09:48:49+0800</time>
        <extensions>
          <gpxtpx:TrackPointExtension>
            <gpxtpx:hr>157</gpxtpx:hr>
            <gpxtpx:cad>84</gpxtpx:cad>
          </gpxtpx:TrackPointExtension>
        </extensions>
      </trkpt>
      <trkpt lat="29.7127895337" lon="106.516104843">
        <ele>194.0</ele>
        <time>2026-08-30T09:48:50+0800</time>
        <extensions>
          <gpxtpx:TrackPointExtension>
            <gpxtpx:hr>157</gpxtpx:hr>
            <gpxtpx:cad>84</gpxtpx:cad>
          </gpxtpx:TrackPointExtension>
        </extensions>
      </trkpt>
      <trkpt lat="29.7128006816" lon="106.516126972">
        <ele>194.0</ele>
        <time>2026-08-30T09:48:51+0800</time>
        <extensions>
          <gpxtpx:TrackPointExtension>
            <gpxtpx:hr>157</gpxtpx:hr>
            <gpxtpx:cad>84</gpxtpx:cad>
          </gpxtpx:TrackPointExtension>
        </extensions>
      </trkpt>
      <trkpt lat="29.712809734" lon="106.516143652">
        <ele>194.0</ele>
        <time>2026-08-30T09:48:52+0800</time>
        <extensions>
          <gpxtpx:TrackPointExtension>
            <gpxtpx:hr>156</gpxtpx:hr>
            <gpxtpx:cad>84</gpxtpx:cad>
          </gpxtpx:TrackPointExtension>
        </extensions>
      </trkpt>
      <trkpt lat="29.7128209658" lon="106.516161589">
        <ele>194.0</ele>
        <time>2026-08-30T09:48:53+0800</time>
        <extensions>
          <gpxtpx:TrackPointExtension>
            <gpxtpx:hr>155</gpxtpx:hr>
            <gpxtpx:cad>84</gpxtpx:cad>
          </gpxtpx:TrackPointExtension>
        </extensions>
      </trkpt>
      <trkpt lat="29.7128304373" lon="106.516180784">
        <ele>193.8</ele>
        <time>2026-08-30T09:48:54+0800</time>
        <extensions>
          <gpxtpx:TrackPointExtension>
            <gpxtpx:hr>153</gpxtpx:hr>
            <gpxtpx:cad>84</gpxtpx:cad>
          </gpxtpx:TrackPointExtension>
        </extensions>
      </trkpt>
      <trkpt lat="29.7128395736" lon="106.516195284">
        <ele>193.8</ele>
        <time>2026-08-30T09:48:55+0800</time>
        <extensions>
          <gpxtpx:TrackPointExtension>
            <gpxtpx:hr>152</gpxtpx:hr>
            <gpxtpx:cad>84</gpxtpx:cad>
          </gpxtpx:TrackPointExtension>
        </extensions>
      </trkpt>
      <trkpt lat="29.7128510568" lon="106.516215736">
        <ele>193.6</ele>
        <time>2026-08-30T09:48:56+0800</time>
        <extensions>
          <gpxtpx:TrackPointExtension>
            <gpxtpx:hr>151</gpxtpx:hr>
            <gpxtpx:cad>84</gpxtpx:cad>
          </gpxtpx:TrackPointExtension>
        </extensions>
      </trkpt>
      <trkpt lat="29.7128612828" lon="106.516229399">
        <ele>193.6</ele>
        <time>2026-08-30T09:48:57+0800</time>
        <extensions>
          <gpxtpx:TrackPointExtension>
            <gpxtpx:hr>150</gpxtpx:hr>
            <gpxtpx:cad>84</gpxtpx:cad>
          </gpxtpx:TrackPointExtension>
        </extensions>
      </trkpt>
      <trkpt lat="29.7128716763" lon="106.516244905">
        <ele>193.6</ele>
        <time>2026-08-30T09:48:58+0800</time>
        <extensions>
          <gpxtpx:TrackPointExtension>
            <gpxtpx:hr>150</gpxtpx:hr>
            <gpxtpx:cad>84</gpxtpx:cad>
          </gpxtpx:TrackPointExtension>
        </extensions>
      </trkpt>
      <trkpt lat="29.7128812317" lon="106.516262926">
        <ele>193.6</ele>
        <time>2026-08-30T09:48:59+0800</time>
        <extensions>
          <gpxtpx:TrackPointExtension>
            <gpxtpx:hr>150</gpxtpx:hr>
            <gpxtpx:cad>84</gpxtpx:cad>
          </gpxtpx:TrackPointExtension>
        </extensions>
      </trkpt>
      <trkpt lat="29.7128919605" lon="106.516269296">
        <ele>193.4</ele>
        <time>2026-08-30T09:49:00+0800</time>
        <extensions>
          <gpxtpx:TrackPointExtension>
            <gpxtpx:hr>150</gpxtpx:hr>
            <gpxtpx:cad>84</gpxtpx:cad>
          </gpxtpx:TrackPointExtension>
        </extensions>
      </trkpt>
      <trkpt lat="29.7129064612" lon="106.516289916">
        <ele>193.6</ele>
        <time>2026-08-30T09:49:01+0800</time>
        <extensions>
          <gpxtpx:TrackPointExtension>
            <gpxtpx:hr>150</gpxtpx:hr>
            <gpxtpx:cad>84</gpxtpx:cad>
          </gpxtpx:TrackPointExtension>
        </extensions>
      </trkpt>
      <trkpt lat="29.7129114904" lon="106.516304919">
        <ele>193.6</ele>
        <time>2026-08-30T09:49:02+0800</time>
        <extensions>
          <gpxtpx:TrackPointExtension>
            <gpxtpx:hr>150</gpxtpx:hr>
            <gpxtpx:cad>83</gpxtpx:cad>
          </gpxtpx:TrackPointExtension>
        </extensions>
      </trkpt>
      <trkpt lat="29.7129228897" lon="106.516328221">
        <ele>193.6</ele>
        <time>2026-08-30T09:49:03+0800</time>
        <extensions>
          <gpxtpx:TrackPointExtension>
            <gpxtpx:hr>149</gpxtpx:hr>
            <gpxtpx:cad>83</gpxtpx:cad>
          </gpxtpx:TrackPointExtension>
        </extensions>
      </trkpt>
      <trkpt lat="29.7129333671" lon="106.516349092">
        <ele>193.6</ele>
        <time>2026-08-30T09:49:04+0800</time>
        <extensions>
          <gpxtpx:TrackPointExtension>
            <gpxtpx:hr>149</gpxtpx:hr>
            <gpxtpx:cad>83</gpxtpx:cad>
          </gpxtpx:TrackPointExtension>
        </extensions>
      </trkpt>
      <trkpt lat="29.7129435092" lon="106.51636418">
        <ele>193.6</ele>
        <time>2026-08-30T09:49:05+0800</time>
        <extensions>
          <gpxtpx:TrackPointExtension>
            <gpxtpx:hr>149</gpxtpx:hr>
            <gpxtpx:cad>84</gpxtpx:cad>
          </gpxtpx:TrackPointExtension>
        </extensions>
      </trkpt>
      <trkpt lat="29.7129570041" lon="106.516369795">
        <ele>193.6</ele>
        <time>2026-08-30T09:49:06+0800</time>
        <extensions>
          <gpxtpx:TrackPointExtension>
            <gpxtpx:hr>149</gpxtpx:hr>
            <gpxtpx:cad>84</gpxtpx:cad>
          </gpxtpx:TrackPointExtension>
        </extensions>
      </trkpt>
      <trkpt lat="29.7129618656" lon="106.51636485">
        <ele>193.6</ele>
        <time>2026-08-30T09:49:07+0800</time>
        <extensions>
          <gpxtpx:TrackPointExtension>
            <gpxtpx:hr>149</gpxtpx:hr>
            <gpxtpx:cad>84</gpxtpx:cad>
          </gpxtpx:TrackPointExtension>
        </extensions>
      </trkpt>
      <trkpt lat="29.7129528131" lon="106.516358731">
        <ele>193.6</ele>
        <time>2026-08-30T09:49:08+0800</time>
        <extensions>
          <gpxtpx:TrackPointExtension>
            <gpxtpx:hr>150</gpxtpx:hr>
            <gpxtpx:cad>84</gpxtpx:cad>
          </gpxtpx:TrackPointExtension>
        </extensions>
      </trkpt>
      <trkpt lat="29.712940827" lon="106.516345739">
        <ele>193.6</ele>
        <time>2026-08-30T09:49:09+0800</time>
        <extensions>
          <gpxtpx:TrackPointExtension>
            <gpxtpx:hr>150</gpxtpx:hr>
            <gpxtpx:cad>84</gpxtpx:cad>
          </gpxtpx:TrackPointExtension>
        </extensions>
      </trkpt>
      <trkpt lat="29.7129315231" lon="106.516333334">
        <ele>193.8</ele>
        <time>2026-08-30T09:49:10+0800</time>
        <extensions>
          <gpxtpx:TrackPointExtension>
            <gpxtpx:hr>150</gpxtpx:hr>
            <gpxtpx:cad>84</gpxtpx:cad>
          </gpxtpx:TrackPointExtension>
        </extensions>
      </trkpt>
      <trkpt lat="29.7129215486" lon="106.51631657">
        <ele>193.8</ele>
        <time>2026-08-30T09:49:11+0800</time>
        <extensions>
          <gpxtpx:TrackPointExtension>
            <gpxtpx:hr>150</gpxtpx:hr>
            <gpxtpx:cad>83</gpxtpx:cad>
          </gpxtpx:TrackPointExtension>
        </extensions>
      </trkpt>
      <trkpt lat="29.7129132506" lon="106.516301315">
        <ele>193.6</ele>
        <time>2026-08-30T09:49:12+0800</time>
        <extensions>
          <gpxtpx:TrackPointExtension>
            <gpxtpx:hr>150</gpxtpx:hr>
            <gpxtpx:cad>83</gpxtpx:cad>
          </gpxtpx:TrackPointExtension>
        </extensions>
      </trkpt>
      <trkpt lat="29.7129061259" lon="106.516288994">
        <ele>193.6</ele>
        <time>2026-08-30T09:49:13+0800</time>
        <extensions>
          <gpxtpx:TrackPointExtension>
            <gpxtpx:hr>150</gpxtpx:hr>
            <gpxtpx:cad>81</gpxtpx:cad>
          </gpxtpx:TrackPointExtension>
        </extensions>
      </trkpt>
      <trkpt lat="29.7128954809" lon="106.516270889">
        <ele>193.6</ele>
        <time>2026-08-30T09:49:14+0800</time>
        <extensions>
          <gpxtpx:TrackPointExtension>
            <gpxtpx:hr>150</gpxtpx:hr>
            <gpxtpx:cad>81</gpxtpx:cad>
          </gpxtpx:TrackPointExtension>
        </extensions>
      </trkpt>
      <trkpt lat="29.712888021" lon="106.516257143">
        <ele>193.6</ele>
        <time>2026-08-30T09:49:15+0800</time>
        <extensions>
          <gpxtpx:TrackPointExtension>
            <gpxtpx:hr>150</gpxtpx:hr>
            <gpxtpx:cad>82</gpxtpx:cad>
          </gpxtpx:TrackPointExtension>
        </extensions>
      </trkpt>
      <trkpt lat="29.7128781304" lon="106.516249096">
        <ele>193.6</ele>
        <time>2026-08-30T09:49:16+0800</time>
        <extensions>
          <gpxtpx:TrackPointExtension>
            <gpxtpx:hr>150</gpxtpx:hr>
            <gpxtpx:cad>82</gpxtpx:cad>
          </gpxtpx:TrackPointExtension>
        </extensions>
      </trkpt>
      <trkpt lat="29.7128699161" lon="106.516234344">
        <ele>193.6</ele>
        <time>2026-08-30T09:49:17+0800</time>
        <extensions>
          <gpxtpx:TrackPointExtension>
            <gpxtpx:hr>150</gpxtpx:hr>
            <gpxtpx:cad>82</gpxtpx:cad>
          </gpxtpx:TrackPointExtension>
        </extensions>
      </trkpt>
      <trkpt lat="29.7128624562" lon="106.516220765">
        <ele>193.6</ele>
        <time>2026-08-30T09:49:18+0800</time>
        <extensions>
          <gpxtpx:TrackPointExtension>
            <gpxtpx:hr>150</gpxtpx:hr>
            <gpxtpx:cad>82</gpxtpx:cad>
          </gpxtpx:TrackPointExtension>
        </extensions>
      </trkpt>
      <trkpt lat="29.7128534038" lon="106.51620945">
        <ele>193.6</ele>
        <time>2026-08-30T09:49:19+0800</time>
        <extensions>
          <gpxtpx:TrackPointExtension>
            <gpxtpx:hr>149</gpxtpx:hr>
            <gpxtpx:cad>82</gpxtpx:cad>
          </gpxtpx:TrackPointExtension>
        </extensions>
      </trkpt>
      <trkpt lat="29.7128433455" lon="106.516194278">
        <ele>193.6</ele>
        <time>2026-08-30T09:49:20+0800</time>
        <extensions>
          <gpxtpx:TrackPointExtension>
            <gpxtpx:hr>150</gpxtpx:hr>
            <gpxtpx:cad>82</gpxtpx:cad>
          </gpxtpx:TrackPointExtension>
        </extensions>
      </trkpt>
      <trkpt lat="29.7128363047" lon="106.516178939">
        <ele>193.6</ele>
        <time>2026-08-30T09:49:21+0800</time>
        <extensions>
          <gpxtpx:TrackPointExtension>
            <gpxtpx:hr>150</gpxtpx:hr>
            <gpxtpx:cad>81</gpxtpx:cad>
          </gpxtpx:TrackPointExtension>
        </extensions>
      </trkpt>
      <trkpt lat="29.7128246538" lon="106.516162176">
        <ele>193.6</ele>
        <time>2026-08-30T09:49:22+0800</time>
        <extensions>
          <gpxtpx:TrackPointExtension>
            <gpxtpx:hr>150</gpxtpx:hr>
            <gpxtpx:cad>81</gpxtpx:cad>
          </gpxtpx:TrackPointExtension>
        </extensions>
      </trkpt>
      <trkpt lat="29.7128133383" lon="106.516146166">
        <ele>193.8</ele>
        <time>2026-08-30T09:49:23+0800</time>
        <extensions>
          <gpxtpx:TrackPointExtension>
            <gpxtpx:hr>149</gpxtpx:hr>
            <gpxtpx:cad>81</gpxtpx:cad>
          </gpxtpx:TrackPointExtension>
        </extensions>
      </trkpt>
      <trkpt lat="29.7128056269" lon="106.516134264">
        <ele>193.8</ele>
        <time>2026-08-30T09:49:24+0800</time>
        <extensions>
          <gpxtpx:TrackPointExtension>
            <gpxtpx:hr>150</gpxtpx:hr>
            <gpxtpx:cad>81</gpxtpx:cad>
          </gpxtpx:TrackPointExtension>
        </extensions>
      </trkpt>
      <trkpt lat="29.7127938922" lon="106.516114231">
        <ele>193.8</ele>
        <time>2026-08-30T09:49:25+0800</time>
        <extensions>
          <gpxtpx:TrackPointExtension>
            <gpxtpx:hr>150</gpxtpx:hr>
            <gpxtpx:cad>81</gpxtpx:cad>
          </gpxtpx:TrackPointExtension>
        </extensions>
      </trkpt>
      <trkpt lat="29.7127872705" lon="106.516100653">
        <ele>193.8</ele>
        <time>2026-08-30T09:49:26+0800</time>
        <extensions>
          <gpxtpx:TrackPointExtension>
            <gpxtpx:hr>150</gpxtpx:hr>
            <gpxtpx:cad>81</gpxtpx:cad>
          </gpxtpx:TrackPointExtension>
        </extensions>
      </trkpt>
      <trkpt lat="29.712777799" lon="106.516089169">
        <ele>193.8</ele>
        <time>2026-08-30T09:49:27+0800</time>
        <extensions>
          <gpxtpx:TrackPointExtension>
            <gpxtpx:hr>149</gpxtpx:hr>
            <gpxtpx:cad>81</gpxtpx:cad>
          </gpxtpx:TrackPointExtension>
        </extensions>
      </trkpt>
      <trkpt lat="29.7127658129" lon="106.516072238">
        <ele>193.8</ele>
        <time>2026-08-30T09:49:28+0800</time>
        <extensions>
          <gpxtpx:TrackPointExtension>
            <gpxtpx:hr>150</gpxtpx:hr>
            <gpxtpx:cad>81</gpxtpx:cad>
          </gpxtpx:TrackPointExtension>
        </extensions>
      </trkpt>
      <trkpt lat="29.7127590235" lon="106.516057318">
        <ele>193.8</ele>
        <time>2026-08-30T09:49:29+0800</time>
        <extensions>
          <gpxtpx:TrackPointExtension>
            <gpxtpx:hr>150</gpxtpx:hr>
            <gpxtpx:cad>81</gpxtpx:cad>
          </gpxtpx:TrackPointExtension>
        </extensions>
      </trkpt>
      <trkpt lat="29.7127482947" lon="106.516042566">
        <ele>194.0</ele>
        <time>2026-08-30T09:49:30+0800</time>
        <extensions>
          <gpxtpx:TrackPointExtension>
            <gpxtpx:hr>150</gpxtpx:hr>
            <gpxtpx:cad>81</gpxtpx:cad>
          </gpxtpx:TrackPointExtension>
        </extensions>
      </trkpt>
      <trkpt lat="29.7127384041" lon="106.516025886">
        <ele>194.0</ele>
        <time>2026-08-30T09:49:31+0800</time>
        <extensions>
          <gpxtpx:TrackPointExtension>
            <gpxtpx:hr>151</gpxtpx:hr>
            <gpxtpx:cad>81</gpxtpx:cad>
          </gpxtpx:TrackPointExtension>
        </extensions>
      </trkpt>
      <trkpt lat="29.7127307765" lon="106.516013145">
        <ele>194.0</ele>
        <time>2026-08-30T09:49:32+0800</time>
        <extensions>
          <gpxtpx:TrackPointExtension>
            <gpxtpx:hr>151</gpxtpx:hr>
            <gpxtpx:cad>81</gpxtpx:cad>
          </gpxtpx:TrackPointExtension>
        </extensions>
      </trkpt>
      <trkpt lat="29.7127209697" lon="106.515989928">
        <ele>194.0</ele>
        <time>2026-08-30T09:49:33+0800</time>
        <extensions>
          <gpxtpx:TrackPointExtension>
            <gpxtpx:hr>151</gpxtpx:hr>
            <gpxtpx:cad>81</gpxtpx:cad>
          </gpxtpx:TrackPointExtension>
        </extensions>
      </trkpt>
      <trkpt lat="29.7127140965" lon="106.515971906">
        <ele>194.0</ele>
        <time>2026-08-30T09:49:34+0800</time>
        <extensions>
          <gpxtpx:TrackPointExtension>
            <gpxtpx:hr>152</gpxtpx:hr>
            <gpxtpx:cad>82</gpxtpx:cad>
          </gpxtpx:TrackPointExtension>
        </extensions>
      </trkpt>
      <trkpt lat="29.712706469" lon="106.515960759">
        <ele>194.0</ele>
        <time>2026-08-30T09:49:35+0800</time>
        <extensions>
          <gpxtpx:TrackPointExtension>
            <gpxtpx:hr>152</gpxtpx:hr>
            <gpxtpx:cad>83</gpxtpx:cad>
          </gpxtpx:TrackPointExtension>
        </extensions>
      </trkpt>
      <trkpt lat="29.7126962431" lon="106.515943995">
        <ele>193.8</ele>
        <time>2026-08-30T09:49:36+0800</time>
        <extensions>
          <gpxtpx:TrackPointExtension>
            <gpxtpx:hr>152</gpxtpx:hr>
            <gpxtpx:cad>83</gpxtpx:cad>
          </gpxtpx:TrackPointExtension>
        </extensions>
      </trkpt>
      <trkpt lat="29.7126906272" lon="106.515929662">
        <ele>193.8</ele>
        <time>2026-08-30T09:49:37+0800</time>
        <extensions>
          <gpxtpx:TrackPointExtension>
            <gpxtpx:hr>151</gpxtpx:hr>
            <gpxtpx:cad>82</gpxtpx:cad>
          </gpxtpx:TrackPointExtension>
        </extensions>
      </trkpt>
      <trkpt lat="29.7126820777" lon="106.515912982">
        <ele>193.8</ele>
        <time>2026-08-30T09:49:38+0800</time>
        <extensions>
          <gpxtpx:TrackPointExtension>
            <gpxtpx:hr>152</gpxtpx:hr>
            <gpxtpx:cad>82</gpxtpx:cad>
          </gpxtpx:TrackPointExtension>
        </extensions>
      </trkpt>
      <trkpt lat="29.7126753721" lon="106.515896721">
        <ele>193.8</ele>
        <time>2026-08-30T09:49:39+0800</time>
        <extensions>
          <gpxtpx:TrackPointExtension>
            <gpxtpx:hr>151</gpxtpx:hr>
            <gpxtpx:cad>82</gpxtpx:cad>
          </gpxtpx:TrackPointExtension>
        </extensions>
      </trkpt>
      <trkpt lat="29.7126700077" lon="106.515883645">
        <ele>193.8</ele>
        <time>2026-08-30T09:49:40+0800</time>
        <extensions>
          <gpxtpx:TrackPointExtension>
            <gpxtpx:hr>151</gpxtpx:hr>
            <gpxtpx:cad>82</gpxtpx:cad>
          </gpxtpx:TrackPointExtension>
        </extensions>
      </trkpt>
      <trkpt lat="29.7126618773" lon="106.515866965">
        <ele>193.8</ele>
        <time>2026-08-30T09:49:41+0800</time>
        <extensions>
          <gpxtpx:TrackPointExtension>
            <gpxtpx:hr>151</gpxtpx:hr>
            <gpxtpx:cad>82</gpxtpx:cad>
          </gpxtpx:TrackPointExtension>
        </extensions>
      </trkpt>
      <trkpt lat="29.7126554232" lon="106.5158528">
        <ele>194.0</ele>
        <time>2026-08-30T09:49:42+0800</time>
        <extensions>
          <gpxtpx:TrackPointExtension>
            <gpxtpx:hr>151</gpxtpx:hr>
            <gpxtpx:cad>82</gpxtpx:cad>
          </gpxtpx:TrackPointExtension>
        </extensions>
      </trkpt>
      <trkpt lat="29.7126473766" lon="106.515841233">
        <ele>194.0</ele>
        <time>2026-08-30T09:49:43+0800</time>
        <extensions>
          <gpxtpx:TrackPointExtension>
            <gpxtpx:hr>151</gpxtpx:hr>
            <gpxtpx:cad>81</gpxtpx:cad>
          </gpxtpx:TrackPointExtension>
        </extensions>
      </trkpt>
      <trkpt lat="29.712635139" lon="106.515823714">
        <ele>194.0</ele>
        <time>2026-08-30T09:49:44+0800</time>
        <extensions>
          <gpxtpx:TrackPointExtension>
            <gpxtpx:hr>152</gpxtpx:hr>
            <gpxtpx:cad>81</gpxtpx:cad>
          </gpxtpx:TrackPointExtension>
        </extensions>
      </trkpt>
      <trkpt lat="29.7126273438" lon="106.515809549">
        <ele>194.0</ele>
        <time>2026-08-30T09:49:45+0800</time>
        <extensions>
          <gpxtpx:TrackPointExtension>
            <gpxtpx:hr>151</gpxtpx:hr>
            <gpxtpx:cad>81</gpxtpx:cad>
          </gpxtpx:TrackPointExtension>
        </extensions>
      </trkpt>
      <trkpt lat="29.7126180399" lon="106.515794629">
        <ele>194.0</ele>
        <time>2026-08-30T09:49:46+0800</time>
        <extensions>
          <gpxtpx:TrackPointExtension>
            <gpxtpx:hr>151</gpxtpx:hr>
            <gpxtpx:cad>82</gpxtpx:cad>
          </gpxtpx:TrackPointExtension>
        </extensions>
      </trkpt>
      <trkpt lat="29.7126021143" lon="106.515759425">
        <ele>193.8</ele>
        <time>2026-08-30T09:49:47+0800</time>
        <extensions>
          <gpxtpx:TrackPointExtension>
            <gpxtpx:hr>151</gpxtpx:hr>
            <gpxtpx:cad>82</gpxtpx:cad>
          </gpxtpx:TrackPointExtension>
        </extensions>
      </trkpt>
      <trkpt lat="29.7125892062" lon="106.515738806">
        <ele>193.8</ele>
        <time>2026-08-30T09:49:49+0800</time>
        <extensions>
          <gpxtpx:TrackPointExtension>
            <gpxtpx:hr>151</gpxtpx:hr>
            <gpxtpx:cad>82</gpxtpx:cad>
          </gpxtpx:TrackPointExtension>
        </extensions>
      </trkpt>
      <trkpt lat="29.7125780582" lon="106.515721707">
        <ele>193.8</ele>
        <time>2026-08-30T09:49:50+0800</time>
        <extensions>
          <gpxtpx:TrackPointExtension>
            <gpxtpx:hr>151</gpxtpx:hr>
            <gpxtpx:cad>82</gpxtpx:cad>
          </gpxtpx:TrackPointExtension>
        </extensions>
      </trkpt>
      <trkpt lat="29.7125663236" lon="106.515711481">
        <ele>193.8</ele>
        <time>2026-08-30T09:49:51+0800</time>
        <extensions>
          <gpxtpx:TrackPointExtension>
            <gpxtpx:hr>151</gpxtpx:hr>
            <gpxtpx:cad>82</gpxtpx:cad>
          </gpxtpx:TrackPointExtension>
        </extensions>
      </trkpt>
      <trkpt lat="29.7125529964" lon="106.515692789">
        <ele>193.8</ele>
        <time>2026-08-30T09:49:52+0800</time>
        <extensions>
          <gpxtpx:TrackPointExtension>
            <gpxtpx:hr>151</gpxtpx:hr>
            <gpxtpx:cad>83</gpxtpx:cad>
          </gpxtpx:TrackPointExtension>
        </extensions>
      </trkpt>
      <trkpt lat="29.7125450335" lon="106.515679294">
        <ele>193.8</ele>
        <time>2026-08-30T09:49:53+0800</time>
        <extensions>
          <gpxtpx:TrackPointExtension>
            <gpxtpx:hr>151</gpxtpx:hr>
            <gpxtpx:cad>83</gpxtpx:cad>
          </gpxtpx:TrackPointExtension>
        </extensions>
      </trkpt>
      <trkpt lat="29.7125350591" lon="106.515664626">
        <ele>193.8</ele>
        <time>2026-08-30T09:49:54+0800</time>
        <extensions>
          <gpxtpx:TrackPointExtension>
            <gpxtpx:hr>152</gpxtpx:hr>
            <gpxtpx:cad>82</gpxtpx:cad>
          </gpxtpx:TrackPointExtension>
        </extensions>
      </trkpt>
      <trkpt lat="29.712524917" lon="106.515647024">
        <ele>194.0</ele>
        <time>2026-08-30T09:49:55+0800</time>
        <extensions>
          <gpxtpx:TrackPointExtension>
            <gpxtpx:hr>151</gpxtpx:hr>
            <gpxtpx:cad>82</gpxtpx:cad>
          </gpxtpx:TrackPointExtension>
        </extensions>
      </trkpt>
      <trkpt lat="29.7125175409" lon="106.515635122">
        <ele>194.0</ele>
        <time>2026-08-30T09:49:56+0800</time>
        <extensions>
          <gpxtpx:TrackPointExtension>
            <gpxtpx:hr>151</gpxtpx:hr>
            <gpxtpx:cad>82</gpxtpx:cad>
          </gpxtpx:TrackPointExtension>
        </extensions>
      </trkpt>
      <trkpt lat="29.7125011124" lon="106.515614754">
        <ele>194.0</ele>
        <time>2026-08-30T09:49:57+0800</time>
        <extensions>
          <gpxtpx:TrackPointExtension>
            <gpxtpx:hr>151</gpxtpx:hr>
            <gpxtpx:cad>82</gpxtpx:cad>
          </gpxtpx:TrackPointExtension>
        </extensions>
      </trkpt>
      <trkpt lat="29.7124927305" lon="106.515598493">
        <ele>193.8</ele>
        <time>2026-08-30T09:49:58+0800</time>
        <extensions>
          <gpxtpx:TrackPointExtension>
            <gpxtpx:hr>151</gpxtpx:hr>
            <gpxtpx:cad>82</gpxtpx:cad>
          </gpxtpx:TrackPointExtension>
        </extensions>
      </trkpt>
      <trkpt lat="29.7124865279" lon="106.515587009">
        <ele>193.8</ele>
        <time>2026-08-30T09:49:59+0800</time>
        <extensions>
          <gpxtpx:TrackPointExtension>
            <gpxtpx:hr>151</gpxtpx:hr>
            <gpxtpx:cad>82</gpxtpx:cad>
          </gpxtpx:TrackPointExtension>
        </extensions>
      </trkpt>
      <trkpt lat="29.712479068" lon="106.515570162">
        <ele>193.8</ele>
        <time>2026-08-30T09:50:00+0800</time>
        <extensions>
          <gpxtpx:TrackPointExtension>
            <gpxtpx:hr>151</gpxtpx:hr>
            <gpxtpx:cad>82</gpxtpx:cad>
          </gpxtpx:TrackPointExtension>
        </extensions>
      </trkpt>
      <trkpt lat="29.7124735359" lon="106.51555608">
        <ele>193.8</ele>
        <time>2026-08-30T09:50:01+0800</time>
        <extensions>
          <gpxtpx:TrackPointExtension>
            <gpxtpx:hr>151</gpxtpx:hr>
            <gpxtpx:cad>82</gpxtpx:cad>
          </gpxtpx:TrackPointExtension>
        </extensions>
      </trkpt>
      <trkpt lat="29.7124630585" lon="106.515541077">
        <ele>193.8</ele>
        <time>2026-08-30T09:50:02+0800</time>
        <extensions>
          <gpxtpx:TrackPointExtension>
            <gpxtpx:hr>151</gpxtpx:hr>
            <gpxtpx:cad>81</gpxtpx:cad>
          </gpxtpx:TrackPointExtension>
        </extensions>
      </trkpt>
      <trkpt lat="29.7124538384" lon="106.515523223">
        <ele>193.8</ele>
        <time>2026-08-30T09:50:03+0800</time>
        <extensions>
          <gpxtpx:TrackPointExtension>
            <gpxtpx:hr>151</gpxtpx:hr>
            <gpxtpx:cad>81</gpxtpx:cad>
          </gpxtpx:TrackPointExtension>
        </extensions>
      </trkpt>
      <trkpt lat="29.7124462109" lon="106.515511824">
        <ele>193.8</ele>
        <time>2026-08-30T09:50:04+0800</time>
        <extensions>
          <gpxtpx:TrackPointExtension>
            <gpxtpx:hr>152</gpxtpx:hr>
            <gpxtpx:cad>82</gpxtpx:cad>
          </gpxtpx:TrackPointExtension>
        </extensions>
      </trkpt>
      <trkpt lat="29.7124356497" lon="106.51549045">
        <ele>193.8</ele>
        <time>2026-08-30T09:50:05+0800</time>
        <extensions>
          <gpxtpx:TrackPointExtension>
            <gpxtpx:hr>151</gpxtpx:hr>
            <gpxtpx:cad>82</gpxtpx:cad>
          </gpxtpx:TrackPointExtension>
        </extensions>
      </trkpt>
      <trkpt lat="29.7124272678" lon="106.515474273">
        <ele>193.8</ele>
        <time>2026-08-30T09:50:06+0800</time>
        <extensions>
          <gpxtpx:TrackPointExtension>
            <gpxtpx:hr>151</gpxtpx:hr>
            <gpxtpx:cad>83</gpxtpx:cad>
          </gpxtpx:TrackPointExtension>
        </extensions>
      </trkpt>
      <trkpt lat="29.7124179639" lon="106.515462957">
        <ele>193.6</ele>
        <time>2026-08-30T09:50:07+0800</time>
        <extensions>
          <gpxtpx:TrackPointExtension>
            <gpxtpx:hr>152</gpxtpx:hr>
            <gpxtpx:cad>83</gpxtpx:cad>
          </gpxtpx:TrackPointExtension>
        </extensions>
      </trkpt>
      <trkpt lat="29.7124059778" lon="106.515444936">
        <ele>193.6</ele>
        <time>2026-08-30T09:50:08+0800</time>
        <extensions>
          <gpxtpx:TrackPointExtension>
            <gpxtpx:hr>152</gpxtpx:hr>
            <gpxtpx:cad>83</gpxtpx:cad>
          </gpxtpx:TrackPointExtension>
        </extensions>
      </trkpt>
      <trkpt lat="29.7123967577" lon="106.515428508">
        <ele>193.6</ele>
        <time>2026-08-30T09:50:09+0800</time>
        <extensions>
          <gpxtpx:TrackPointExtension>
            <gpxtpx:hr>152</gpxtpx:hr>
            <gpxtpx:cad>83</gpxtpx:cad>
          </gpxtpx:TrackPointExtension>
        </extensions>
      </trkpt>
      <trkpt lat="29.7123856936" lon="106.515414342">
        <ele>193.6</ele>
        <time>2026-08-30T09:50:10+0800</time>
        <extensions>
          <gpxtpx:TrackPointExtension>
            <gpxtpx:hr>152</gpxtpx:hr>
            <gpxtpx:cad>82</gpxtpx:cad>
          </gpxtpx:TrackPointExtension>
        </extensions>
      </trkpt>
      <trkpt lat="29.7123766411" lon="106.515393723">
        <ele>193.4</ele>
        <time>2026-08-30T09:50:11+0800</time>
        <extensions>
          <gpxtpx:TrackPointExtension>
            <gpxtpx:hr>152</gpxtpx:hr>
            <gpxtpx:cad>82</gpxtpx:cad>
          </gpxtpx:TrackPointExtension>
        </extensions>
      </trkpt>
      <trkpt lat="29.7123677563" lon="106.515378635">
        <ele>193.2</ele>
        <time>2026-08-30T09:50:12+0800</time>
        <extensions>
          <gpxtpx:TrackPointExtension>
            <gpxtpx:hr>153</gpxtpx:hr>
            <gpxtpx:cad>82</gpxtpx:cad>
          </gpxtpx:TrackPointExtension>
        </extensions>
      </trkpt>
      <trkpt lat="29.7123569436" lon="106.515360447">
        <ele>193.2</ele>
        <time>2026-08-30T09:50:13+0800</time>
        <extensions>
          <gpxtpx:TrackPointExtension>
            <gpxtpx:hr>153</gpxtpx:hr>
            <gpxtpx:cad>82</gpxtpx:cad>
          </gpxtpx:TrackPointExtension>
        </extensions>
      </trkpt>
      <trkpt lat="29.712347975" lon="106.515345275">
        <ele>193.2</ele>
        <time>2026-08-30T09:50:14+0800</time>
        <extensions>
          <gpxtpx:TrackPointExtension>
            <gpxtpx:hr>153</gpxtpx:hr>
            <gpxtpx:cad>82</gpxtpx:cad>
          </gpxtpx:TrackPointExtension>
        </extensions>
      </trkpt>
      <trkpt lat="29.7123396769" lon="106.515334463">
        <ele>193.0</ele>
        <time>2026-08-30T09:50:15+0800</time>
        <extensions>
          <gpxtpx:TrackPointExtension>
            <gpxtpx:hr>153</gpxtpx:hr>
            <gpxtpx:cad>81</gpxtpx:cad>
          </gpxtpx:TrackPointExtension>
        </extensions>
      </trkpt>
      <trkpt lat="29.7123297863" lon="106.515313843">
        <ele>193.0</ele>
        <time>2026-08-30T09:50:16+0800</time>
        <extensions>
          <gpxtpx:TrackPointExtension>
            <gpxtpx:hr>154</gpxtpx:hr>
            <gpxtpx:cad>81</gpxtpx:cad>
          </gpxtpx:TrackPointExtension>
        </extensions>
      </trkpt>
      <trkpt lat="29.7123229969" lon="106.515300013">
        <ele>192.8</ele>
        <time>2026-08-30T09:50:17+0800</time>
        <extensions>
          <gpxtpx:TrackPointExtension>
            <gpxtpx:hr>154</gpxtpx:hr>
            <gpxtpx:cad>81</gpxtpx:cad>
          </gpxtpx:TrackPointExtension>
        </extensions>
      </trkpt>
      <trkpt lat="29.7123139445" lon="106.515286937">
        <ele>192.8</ele>
        <time>2026-08-30T09:50:18+0800</time>
        <extensions>
          <gpxtpx:TrackPointExtension>
            <gpxtpx:hr>154</gpxtpx:hr>
            <gpxtpx:cad>81</gpxtpx:cad>
          </gpxtpx:TrackPointExtension>
        </extensions>
      </trkpt>
      <trkpt lat="29.7123007849" lon="106.51526791">
        <ele>192.6</ele>
        <time>2026-08-30T09:50:19+0800</time>
        <extensions>
          <gpxtpx:TrackPointExtension>
            <gpxtpx:hr>154</gpxtpx:hr>
            <gpxtpx:cad>81</gpxtpx:cad>
          </gpxtpx:TrackPointExtension>
        </extensions>
      </trkpt>
      <trkpt lat="29.7122934088" lon="106.515255505">
        <ele>192.6</ele>
        <time>2026-08-30T09:50:20+0800</time>
        <extensions>
          <gpxtpx:TrackPointExtension>
            <gpxtpx:hr>153</gpxtpx:hr>
            <gpxtpx:cad>81</gpxtpx:cad>
          </gpxtpx:TrackPointExtension>
        </extensions>
      </trkpt>
      <trkpt lat="29.7122862004" lon="106.515244357">
        <ele>192.4</ele>
        <time>2026-08-30T09:50:21+0800</time>
        <extensions>
          <gpxtpx:TrackPointExtension>
            <gpxtpx:hr>154</gpxtpx:hr>
            <gpxtpx:cad>81</gpxtpx:cad>
          </gpxtpx:TrackPointExtension>
        </extensions>
      </trkpt>
      <trkpt lat="29.7122780699" lon="106.515223654">
        <ele>192.4</ele>
        <time>2026-08-30T09:50:22+0800</time>
        <extensions>
          <gpxtpx:TrackPointExtension>
            <gpxtpx:hr>154</gpxtpx:hr>
            <gpxtpx:cad>81</gpxtpx:cad>
          </gpxtpx:TrackPointExtension>
        </extensions>
      </trkpt>
      <trkpt lat="29.7122706939" lon="106.51521083">
        <ele>192.2</ele>
        <time>2026-08-30T09:50:23+0800</time>
        <extensions>
          <gpxtpx:TrackPointExtension>
            <gpxtpx:hr>154</gpxtpx:hr>
            <gpxtpx:cad>81</gpxtpx:cad>
          </gpxtpx:TrackPointExtension>
        </extensions>
      </trkpt>
      <trkpt lat="29.712261809" lon="106.515195826">
        <ele>192.2</ele>
        <time>2026-08-30T09:50:24+0800</time>
        <extensions>
          <gpxtpx:TrackPointExtension>
            <gpxtpx:hr>154</gpxtpx:hr>
            <gpxtpx:cad>81</gpxtpx:cad>
          </gpxtpx:TrackPointExtension>
        </extensions>
      </trkpt>
      <trkpt lat="29.7122494876" lon="106.515179146">
        <ele>192.0</ele>
        <time>2026-08-30T09:50:25+0800</time>
        <extensions>
          <gpxtpx:TrackPointExtension>
            <gpxtpx:hr>154</gpxtpx:hr>
            <gpxtpx:cad>81</gpxtpx:cad>
          </gpxtpx:TrackPointExtension>
        </extensions>
      </trkpt>
      <trkpt lat="29.7122439556" lon="106.51516607">
        <ele>192.0</ele>
        <time>2026-08-30T09:50:26+0800</time>
        <extensions>
          <gpxtpx:TrackPointExtension>
            <gpxtpx:hr>154</gpxtpx:hr>
            <gpxtpx:cad>81</gpxtpx:cad>
          </gpxtpx:TrackPointExtension>
        </extensions>
      </trkpt>
      <trkpt lat="29.7122332267" lon="106.515147882">
        <ele>192.0</ele>
        <time>2026-08-30T09:50:27+0800</time>
        <extensions>
          <gpxtpx:TrackPointExtension>
            <gpxtpx:hr>154</gpxtpx:hr>
            <gpxtpx:cad>81</gpxtpx:cad>
          </gpxtpx:TrackPointExtension>
        </extensions>
      </trkpt>
      <trkpt lat="29.7122230008" lon="106.515132207">
        <ele>192.0</ele>
        <time>2026-08-30T09:50:28+0800</time>
        <extensions>
          <gpxtpx:TrackPointExtension>
            <gpxtpx:hr>155</gpxtpx:hr>
            <gpxtpx:cad>81</gpxtpx:cad>
          </gpxtpx:TrackPointExtension>
        </extensions>
      </trkpt>
      <trkpt lat="29.7122147027" lon="106.515120724">
        <ele>191.8</ele>
        <time>2026-08-30T09:50:29+0800</time>
        <extensions>
          <gpxtpx:TrackPointExtension>
            <gpxtpx:hr>154</gpxtpx:hr>
            <gpxtpx:cad>80</gpxtpx:cad>
          </gpxtpx:TrackPointExtension>
        </extensions>
      </trkpt>
      <trkpt lat="29.7122029681" lon="106.515100691">
        <ele>191.8</ele>
        <time>2026-08-30T09:50:30+0800</time>
        <extensions>
          <gpxtpx:TrackPointExtension>
            <gpxtpx:hr>154</gpxtpx:hr>
            <gpxtpx:cad>80</gpxtpx:cad>
          </gpxtpx:TrackPointExtension>
        </extensions>
      </trkpt>
      <trkpt lat="29.7121929936" lon="106.515084682">
        <ele>191.6</ele>
        <time>2026-08-30T09:50:31+0800</time>
        <extensions>
          <gpxtpx:TrackPointExtension>
            <gpxtpx:hr>154</gpxtpx:hr>
            <gpxtpx:cad>80</gpxtpx:cad>
          </gpxtpx:TrackPointExtension>
        </extensions>
      </trkpt>
      <trkpt lat="29.7121846955" lon="106.515075043">
        <ele>191.4</ele>
        <time>2026-08-30T09:50:32+0800</time>
        <extensions>
          <gpxtpx:TrackPointExtension>
            <gpxtpx:hr>154</gpxtpx:hr>
            <gpxtpx:cad>80</gpxtpx:cad>
          </gpxtpx:TrackPointExtension>
        </extensions>
      </trkpt>
      <trkpt lat="29.7121741343" lon="106.515054926">
        <ele>191.4</ele>
        <time>2026-08-30T09:50:33+0800</time>
        <extensions>
          <gpxtpx:TrackPointExtension>
            <gpxtpx:hr>154</gpxtpx:hr>
            <gpxtpx:cad>81</gpxtpx:cad>
          </gpxtpx:TrackPointExtension>
        </extensions>
      </trkpt>
      <trkpt lat="29.7121654171" lon="106.515038917">
        <ele>191.4</ele>
        <time>2026-08-30T09:50:34+0800</time>
        <extensions>
          <gpxtpx:TrackPointExtension>
            <gpxtpx:hr>154</gpxtpx:hr>
            <gpxtpx:cad>81</gpxtpx:cad>
          </gpxtpx:TrackPointExtension>
        </extensions>
      </trkpt>
      <trkpt lat="29.7121556941" lon="106.515025003">
        <ele>191.2</ele>
        <time>2026-08-30T09:50:35+0800</time>
        <extensions>
          <gpxtpx:TrackPointExtension>
            <gpxtpx:hr>153</gpxtpx:hr>
            <gpxtpx:cad>81</gpxtpx:cad>
          </gpxtpx:TrackPointExtension>
        </extensions>
      </trkpt>
      <trkpt lat="29.7121421993" lon="106.515005725">
        <ele>191.2</ele>
        <time>2026-08-30T09:50:36+0800</time>
        <extensions>
          <gpxtpx:TrackPointExtension>
            <gpxtpx:hr>153</gpxtpx:hr>
            <gpxtpx:cad>81</gpxtpx:cad>
          </gpxtpx:TrackPointExtension>
        </extensions>
      </trkpt>
      <trkpt lat="29.7121340688" lon="106.514991056">
        <ele>191.2</ele>
        <time>2026-08-30T09:50:37+0800</time>
        <extensions>
          <gpxtpx:TrackPointExtension>
            <gpxtpx:hr>153</gpxtpx:hr>
            <gpxtpx:cad>81</gpxtpx:cad>
          </gpxtpx:TrackPointExtension>
        </extensions>
      </trkpt>
      <trkpt lat="29.712124262" lon="106.514976304">
        <ele>191.0</ele>
        <time>2026-08-30T09:50:38+0800</time>
        <extensions>
          <gpxtpx:TrackPointExtension>
            <gpxtpx:hr>153</gpxtpx:hr>
            <gpxtpx:cad>81</gpxtpx:cad>
          </gpxtpx:TrackPointExtension>
        </extensions>
      </trkpt>
      <trkpt lat="29.712110348" lon="106.514956942">
        <ele>191.0</ele>
        <time>2026-08-30T09:50:39+0800</time>
        <extensions>
          <gpxtpx:TrackPointExtension>
            <gpxtpx:hr>153</gpxtpx:hr>
            <gpxtpx:cad>81</gpxtpx:cad>
          </gpxtpx:TrackPointExtension>
        </extensions>
      </trkpt>
      <trkpt lat="29.7121013794" lon="106.514944788">
        <ele>190.8</ele>
        <time>2026-08-30T09:50:40+0800</time>
        <extensions>
          <gpxtpx:TrackPointExtension>
            <gpxtpx:hr>152</gpxtpx:hr>
            <gpxtpx:cad>81</gpxtpx:cad>
          </gpxtpx:TrackPointExtension>
        </extensions>
      </trkpt>
      <trkpt lat="29.7120855376" lon="106.514924839">
        <ele>190.8</ele>
        <time>2026-08-30T09:50:41+0800</time>
        <extensions>
          <gpxtpx:TrackPointExtension>
            <gpxtpx:hr>152</gpxtpx:hr>
            <gpxtpx:cad>80</gpxtpx:cad>
          </gpxtpx:TrackPointExtension>
        </extensions>
      </trkpt>
      <trkpt lat="29.712075647" lon="106.514908243">
        <ele>190.8</ele>
        <time>2026-08-30T09:50:42+0800</time>
        <extensions>
          <gpxtpx:TrackPointExtension>
            <gpxtpx:hr>152</gpxtpx:hr>
            <gpxtpx:cad>80</gpxtpx:cad>
          </gpxtpx:TrackPointExtension>
        </extensions>
      </trkpt>
      <trkpt lat="29.7120663431" lon="106.514897766">
        <ele>190.6</ele>
        <time>2026-08-30T09:50:43+0800</time>
        <extensions>
          <gpxtpx:TrackPointExtension>
            <gpxtpx:hr>152</gpxtpx:hr>
            <gpxtpx:cad>81</gpxtpx:cad>
          </gpxtpx:TrackPointExtension>
        </extensions>
      </trkpt>
      <trkpt lat="29.7120530996" lon="106.514879996">
        <ele>190.6</ele>
        <time>2026-08-30T09:50:44+0800</time>
        <extensions>
          <gpxtpx:TrackPointExtension>
            <gpxtpx:hr>152</gpxtpx:hr>
            <gpxtpx:cad>82</gpxtpx:cad>
          </gpxtpx:TrackPointExtension>
        </extensions>
      </trkpt>
      <trkpt lat="29.7120410297" lon="106.514866585">
        <ele>190.4</ele>
        <time>2026-08-30T09:50:45+0800</time>
        <extensions>
          <gpxtpx:TrackPointExtension>
            <gpxtpx:hr>152</gpxtpx:hr>
            <gpxtpx:cad>83</gpxtpx:cad>
          </gpxtpx:TrackPointExtension>
        </extensions>
      </trkpt>
      <trkpt lat="29.7120267805" lon="106.514848648">
        <ele>190.4</ele>
        <time>2026-08-30T09:50:46+0800</time>
        <extensions>
          <gpxtpx:TrackPointExtension>
            <gpxtpx:hr>152</gpxtpx:hr>
            <gpxtpx:cad>83</gpxtpx:cad>
          </gpxtpx:TrackPointExtension>
        </extensions>
      </trkpt>
      <trkpt lat="29.7120127827" lon="106.514831129">
        <ele>190.4</ele>
        <time>2026-08-30T09:50:47+0800</time>
        <extensions>
          <gpxtpx:TrackPointExtension>
            <gpxtpx:hr>152</gpxtpx:hr>
            <gpxtpx:cad>83</gpxtpx:cad>
          </gpxtpx:TrackPointExtension>
        </extensions>
      </trkpt>
      <trkpt lat="29.7119984496" lon="106.514822664">
        <ele>190.2</ele>
        <time>2026-08-30T09:50:48+0800</time>
        <extensions>
          <gpxtpx:TrackPointExtension>
            <gpxtpx:hr>152</gpxtpx:hr>
            <gpxtpx:cad>83</gpxtpx:cad>
          </gpxtpx:TrackPointExtension>
        </extensions>
      </trkpt>
      <trkpt lat="29.711985793" lon="106.514803553">
        <ele>190.2</ele>
        <time>2026-08-30T09:50:49+0800</time>
        <extensions>
          <gpxtpx:TrackPointExtension>
            <gpxtpx:hr>151</gpxtpx:hr>
            <gpxtpx:cad>83</gpxtpx:cad>
          </gpxtpx:TrackPointExtension>
        </extensions>
      </trkpt>
      <trkpt lat="29.7119739745" lon="106.514789052">
        <ele>190.2</ele>
        <time>2026-08-30T09:50:50+0800</time>
        <extensions>
          <gpxtpx:TrackPointExtension>
            <gpxtpx:hr>151</gpxtpx:hr>
            <gpxtpx:cad>83</gpxtpx:cad>
          </gpxtpx:TrackPointExtension>
        </extensions>
      </trkpt>
      <trkpt lat="29.7119618207" lon="106.514772372">
        <ele>190.2</ele>
        <time>2026-08-30T09:50:51+0800</time>
        <extensions>
          <gpxtpx:TrackPointExtension>
            <gpxtpx:hr>151</gpxtpx:hr>
            <gpxtpx:cad>83</gpxtpx:cad>
          </gpxtpx:TrackPointExtension>
        </extensions>
      </trkpt>
      <trkpt lat="29.7119483259" lon="106.514754938">
        <ele>190.2</ele>
        <time>2026-08-30T09:50:52+0800</time>
        <extensions>
          <gpxtpx:TrackPointExtension>
            <gpxtpx:hr>151</gpxtpx:hr>
            <gpxtpx:cad>83</gpxtpx:cad>
          </gpxtpx:TrackPointExtension>
        </extensions>
      </trkpt>
      <trkpt lat="29.711925108" lon="106.51472602">
        <ele>190.0</ele>
        <time>2026-08-30T09:50:54+0800</time>
        <extensions>
          <gpxtpx:TrackPointExtension>
            <gpxtpx:hr>151</gpxtpx:hr>
            <gpxtpx:cad>83</gpxtpx:cad>
          </gpxtpx:TrackPointExtension>
        </extensions>
      </trkpt>
      <trkpt lat="29.7119118646" lon="106.51471437">
        <ele>190.0</ele>
        <time>2026-08-30T09:50:55+0800</time>
        <extensions>
          <gpxtpx:TrackPointExtension>
            <gpxtpx:hr>150</gpxtpx:hr>
            <gpxtpx:cad>84</gpxtpx:cad>
          </gpxtpx:TrackPointExtension>
        </extensions>
      </trkpt>
      <trkpt lat="29.7119034827" lon="106.514703892">
        <ele>190.0</ele>
        <time>2026-08-30T09:50:56+0800</time>
        <extensions>
          <gpxtpx:TrackPointExtension>
            <gpxtpx:hr>150</gpxtpx:hr>
            <gpxtpx:cad>83</gpxtpx:cad>
          </gpxtpx:TrackPointExtension>
        </extensions>
      </trkpt>
      <trkpt lat="29.7118933406" lon="106.514685703">
        <ele>189.8</ele>
        <time>2026-08-30T09:50:57+0800</time>
        <extensions>
          <gpxtpx:TrackPointExtension>
            <gpxtpx:hr>150</gpxtpx:hr>
            <gpxtpx:cad>83</gpxtpx:cad>
          </gpxtpx:TrackPointExtension>
        </extensions>
      </trkpt>
      <trkpt lat="29.7118886467" lon="106.514670113">
        <ele>189.8</ele>
        <time>2026-08-30T09:50:58+0800</time>
        <extensions>
          <gpxtpx:TrackPointExtension>
            <gpxtpx:hr>150</gpxtpx:hr>
            <gpxtpx:cad>83</gpxtpx:cad>
          </gpxtpx:TrackPointExtension>
        </extensions>
      </trkpt>
      <trkpt lat="29.7118757386" lon="106.514653517">
        <ele>189.8</ele>
        <time>2026-08-30T09:50:59+0800</time>
        <extensions>
          <gpxtpx:TrackPointExtension>
            <gpxtpx:hr>150</gpxtpx:hr>
            <gpxtpx:cad>83</gpxtpx:cad>
          </gpxtpx:TrackPointExtension>
        </extensions>
      </trkpt>
      <trkpt lat="29.7118652612" lon="106.514634909">
        <ele>189.8</ele>
        <time>2026-08-30T09:51:00+0800</time>
        <extensions>
          <gpxtpx:TrackPointExtension>
            <gpxtpx:hr>149</gpxtpx:hr>
            <gpxtpx:cad>82</gpxtpx:cad>
          </gpxtpx:TrackPointExtension>
        </extensions>
      </trkpt>
      <trkpt lat="29.7118547838" lon="106.514627784">
        <ele>189.8</ele>
        <time>2026-08-30T09:51:01+0800</time>
        <extensions>
          <gpxtpx:TrackPointExtension>
            <gpxtpx:hr>149</gpxtpx:hr>
            <gpxtpx:cad>82</gpxtpx:cad>
          </gpxtpx:TrackPointExtension>
        </extensions>
      </trkpt>
      <trkpt lat="29.7118424624" lon="106.514611691">
        <ele>189.8</ele>
        <time>2026-08-30T09:51:02+0800</time>
        <extensions>
          <gpxtpx:TrackPointExtension>
            <gpxtpx:hr>149</gpxtpx:hr>
            <gpxtpx:cad>82</gpxtpx:cad>
          </gpxtpx:TrackPointExtension>
        </extensions>
      </trkpt>
      <trkpt lat="29.7118327394" lon="106.514596269">
        <ele>189.8</ele>
        <time>2026-08-30T09:51:03+0800</time>
        <extensions>
          <gpxtpx:TrackPointExtension>
            <gpxtpx:hr>148</gpxtpx:hr>
            <gpxtpx:cad>83</gpxtpx:cad>
          </gpxtpx:TrackPointExtension>
        </extensions>
      </trkpt>
      <trkpt lat="29.7118218429" lon="106.514585204">
        <ele>189.8</ele>
        <time>2026-08-30T09:51:04+0800</time>
        <extensions>
          <gpxtpx:TrackPointExtension>
            <gpxtpx:hr>148</gpxtpx:hr>
            <gpxtpx:cad>83</gpxtpx:cad>
          </gpxtpx:TrackPointExtension>
        </extensions>
      </trkpt>
      <trkpt lat="29.7118112817" lon="106.514568692">
        <ele>189.8</ele>
        <time>2026-08-30T09:51:05+0800</time>
        <extensions>
          <gpxtpx:TrackPointExtension>
            <gpxtpx:hr>148</gpxtpx:hr>
            <gpxtpx:cad>83</gpxtpx:cad>
          </gpxtpx:TrackPointExtension>
        </extensions>
      </trkpt>
      <trkpt lat="29.7118026484" lon="106.514553688">
        <ele>189.6</ele>
        <time>2026-08-30T09:51:06+0800</time>
        <extensions>
          <gpxtpx:TrackPointExtension>
            <gpxtpx:hr>148</gpxtpx:hr>
            <gpxtpx:cad>82</gpxtpx:cad>
          </gpxtpx:TrackPointExtension>
        </extensions>
      </trkpt>
      <trkpt lat="29.7117927577" lon="106.514540697">
        <ele>189.6</ele>
        <time>2026-08-30T09:51:07+0800</time>
        <extensions>
          <gpxtpx:TrackPointExtension>
            <gpxtpx:hr>148</gpxtpx:hr>
            <gpxtpx:cad>82</gpxtpx:cad>
          </gpxtpx:TrackPointExtension>
        </extensions>
      </trkpt>
      <trkpt lat="29.7117801849" lon="106.514524017">
        <ele>189.6</ele>
        <time>2026-08-30T09:51:08+0800</time>
        <extensions>
          <gpxtpx:TrackPointExtension>
            <gpxtpx:hr>148</gpxtpx:hr>
            <gpxtpx:cad>82</gpxtpx:cad>
          </gpxtpx:TrackPointExtension>
        </extensions>
      </trkpt>
      <trkpt lat="29.7117720544" lon="106.514513372">
        <ele>189.8</ele>
        <time>2026-08-30T09:51:09+0800</time>
        <extensions>
          <gpxtpx:TrackPointExtension>
            <gpxtpx:hr>148</gpxtpx:hr>
            <gpxtpx:cad>82</gpxtpx:cad>
          </gpxtpx:TrackPointExtension>
        </extensions>
      </trkpt>
      <trkpt lat="29.7117616609" lon="106.514497027">
        <ele>189.6</ele>
        <time>2026-08-30T09:51:10+0800</time>
        <extensions>
          <gpxtpx:TrackPointExtension>
            <gpxtpx:hr>148</gpxtpx:hr>
            <gpxtpx:cad>82</gpxtpx:cad>
          </gpxtpx:TrackPointExtension>
        </extensions>
      </trkpt>
      <trkpt lat="29.7117433883" lon="106.514475234">
        <ele>189.6</ele>
        <time>2026-08-30T09:51:12+0800</time>
        <extensions>
          <gpxtpx:TrackPointExtension>
            <gpxtpx:hr>147</gpxtpx:hr>
            <gpxtpx:cad>81</gpxtpx:cad>
          </gpxtpx:TrackPointExtension>
        </extensions>
      </trkpt>
      <trkpt lat="29.7117316537" lon="106.514458889">
        <ele>189.6</ele>
        <time>2026-08-30T09:51:13+0800</time>
        <extensions>
          <gpxtpx:TrackPointExtension>
            <gpxtpx:hr>147</gpxtpx:hr>
            <gpxtpx:cad>81</gpxtpx:cad>
          </gpxtpx:TrackPointExtension>
        </extensions>
      </trkpt>
      <trkpt lat="29.7117215954" lon="106.514445143">
        <ele>189.6</ele>
        <time>2026-08-30T09:51:14+0800</time>
        <extensions>
          <gpxtpx:TrackPointExtension>
            <gpxtpx:hr>147</gpxtpx:hr>
            <gpxtpx:cad>82</gpxtpx:cad>
          </gpxtpx:TrackPointExtension>
        </extensions>
      </trkpt>
      <trkpt lat="29.7117105313" lon="106.51444112">
        <ele>189.6</ele>
        <time>2026-08-30T09:51:15+0800</time>
        <extensions>
          <gpxtpx:TrackPointExtension>
            <gpxtpx:hr>146</gpxtpx:hr>
            <gpxtpx:cad>82</gpxtpx:cad>
          </gpxtpx:TrackPointExtension>
        </extensions>
      </trkpt>
      <trkpt lat="29.711696282" lon="106.514427541">
        <ele>189.6</ele>
        <time>2026-08-30T09:51:16+0800</time>
        <extensions>
          <gpxtpx:TrackPointExtension>
            <gpxtpx:hr>146</gpxtpx:hr>
            <gpxtpx:cad>81</gpxtpx:cad>
          </gpxtpx:TrackPointExtension>
        </extensions>
      </trkpt>
      <trkpt lat="29.7116868105" lon="106.514415219">
        <ele>189.6</ele>
        <time>2026-08-30T09:51:17+0800</time>
        <extensions>
          <gpxtpx:TrackPointExtension>
            <gpxtpx:hr>146</gpxtpx:hr>
            <gpxtpx:cad>81</gpxtpx:cad>
          </gpxtpx:TrackPointExtension>
        </extensions>
      </trkpt>
      <trkpt lat="29.71167407" lon="106.51440491">
        <ele>189.6</ele>
        <time>2026-08-30T09:51:18+0800</time>
        <extensions>
          <gpxtpx:TrackPointExtension>
            <gpxtpx:hr>146</gpxtpx:hr>
            <gpxtpx:cad>80</gpxtpx:cad>
          </gpxtpx:TrackPointExtension>
        </extensions>
      </trkpt>
      <trkpt lat="29.711661078" lon="106.51439108">
        <ele>189.6</ele>
        <time>2026-08-30T09:51:19+0800</time>
        <extensions>
          <gpxtpx:TrackPointExtension>
            <gpxtpx:hr>146</gpxtpx:hr>
            <gpxtpx:cad>80</gpxtpx:cad>
          </gpxtpx:TrackPointExtension>
        </extensions>
      </trkpt>
      <trkpt lat="29.7116532829" lon="106.514380937">
        <ele>189.6</ele>
        <time>2026-08-30T09:51:20+0800</time>
        <extensions>
          <gpxtpx:TrackPointExtension>
            <gpxtpx:hr>146</gpxtpx:hr>
            <gpxtpx:cad>81</gpxtpx:cad>
          </gpxtpx:TrackPointExtension>
        </extensions>
      </trkpt>
      <trkpt lat="29.7116414644" lon="106.514366353">
        <ele>189.6</ele>
        <time>2026-08-30T09:51:21+0800</time>
        <extensions>
          <gpxtpx:TrackPointExtension>
            <gpxtpx:hr>146</gpxtpx:hr>
            <gpxtpx:cad>82</gpxtpx:cad>
          </gpxtpx:TrackPointExtension>
        </extensions>
      </trkpt>
      <trkpt lat="29.7116276342" lon="106.514355037">
        <ele>189.6</ele>
        <time>2026-08-30T09:51:22+0800</time>
        <extensions>
          <gpxtpx:TrackPointExtension>
            <gpxtpx:hr>146</gpxtpx:hr>
            <gpxtpx:cad>82</gpxtpx:cad>
          </gpxtpx:TrackPointExtension>
        </extensions>
      </trkpt>
      <trkpt lat="29.7116179112" lon="106.51435026">
        <ele>189.8</ele>
        <time>2026-08-30T09:51:23+0800</time>
        <extensions>
          <gpxtpx:TrackPointExtension>
            <gpxtpx:hr>146</gpxtpx:hr>
            <gpxtpx:cad>82</gpxtpx:cad>
          </gpxtpx:TrackPointExtension>
        </extensions>
      </trkpt>
      <trkpt lat="29.7116052546" lon="106.514334083">
        <ele>189.8</ele>
        <time>2026-08-30T09:51:24+0800</time>
        <extensions>
          <gpxtpx:TrackPointExtension>
            <gpxtpx:hr>146</gpxtpx:hr>
            <gpxtpx:cad>82</gpxtpx:cad>
          </gpxtpx:TrackPointExtension>
        </extensions>
      </trkpt>
      <trkpt lat="29.7115958668" lon="106.514321007">
        <ele>189.8</ele>
        <time>2026-08-30T09:51:25+0800</time>
        <extensions>
          <gpxtpx:TrackPointExtension>
            <gpxtpx:hr>147</gpxtpx:hr>
            <gpxtpx:cad>81</gpxtpx:cad>
          </gpxtpx:TrackPointExtension>
        </extensions>
      </trkpt>
      <trkpt lat="29.7115871496" lon="106.514313798">
        <ele>189.8</ele>
        <time>2026-08-30T09:51:26+0800</time>
        <extensions>
          <gpxtpx:TrackPointExtension>
            <gpxtpx:hr>146</gpxtpx:hr>
            <gpxtpx:cad>81</gpxtpx:cad>
          </gpxtpx:TrackPointExtension>
        </extensions>
      </trkpt>
      <trkpt lat="29.7115740739" lon="106.514297286">
        <ele>189.8</ele>
        <time>2026-08-30T09:51:27+0800</time>
        <extensions>
          <gpxtpx:TrackPointExtension>
            <gpxtpx:hr>146</gpxtpx:hr>
            <gpxtpx:cad>81</gpxtpx:cad>
          </gpxtpx:TrackPointExtension>
        </extensions>
      </trkpt>
      <trkpt lat="29.7115658596" lon="106.514284881">
        <ele>190.0</ele>
        <time>2026-08-30T09:51:28+0800</time>
        <extensions>
          <gpxtpx:TrackPointExtension>
            <gpxtpx:hr>146</gpxtpx:hr>
            <gpxtpx:cad>81</gpxtpx:cad>
          </gpxtpx:TrackPointExtension>
        </extensions>
      </trkpt>
      <trkpt lat="29.7115573101" lon="106.514275828">
        <ele>190.0</ele>
        <time>2026-08-30T09:51:29+0800</time>
        <extensions>
          <gpxtpx:TrackPointExtension>
            <gpxtpx:hr>147</gpxtpx:hr>
            <gpxtpx:cad>81</gpxtpx:cad>
          </gpxtpx:TrackPointExtension>
        </extensions>
      </trkpt>
      <trkpt lat="29.7115437314" lon="106.514261663">
        <ele>190.2</ele>
        <time>2026-08-30T09:51:30+0800</time>
        <extensions>
          <gpxtpx:TrackPointExtension>
            <gpxtpx:hr>147</gpxtpx:hr>
            <gpxtpx:cad>81</gpxtpx:cad>
          </gpxtpx:TrackPointExtension>
        </extensions>
      </trkpt>
      <trkpt lat="29.7115342598" lon="106.514252275">
        <ele>190.2</ele>
        <time>2026-08-30T09:51:31+0800</time>
        <extensions>
          <gpxtpx:TrackPointExtension>
            <gpxtpx:hr>147</gpxtpx:hr>
            <gpxtpx:cad>81</gpxtpx:cad>
          </gpxtpx:TrackPointExtension>
        </extensions>
      </trkpt>
      <trkpt lat="29.7115225252" lon="106.514244312">
        <ele>190.4</ele>
        <time>2026-08-30T09:51:32+0800</time>
        <extensions>
          <gpxtpx:TrackPointExtension>
            <gpxtpx:hr>148</gpxtpx:hr>
            <gpxtpx:cad>80</gpxtpx:cad>
          </gpxtpx:TrackPointExtension>
        </extensions>
      </trkpt>
      <trkpt lat="29.7115103714" lon="106.514232242">
        <ele>190.4</ele>
        <time>2026-08-30T09:51:33+0800</time>
        <extensions>
          <gpxtpx:TrackPointExtension>
            <gpxtpx:hr>149</gpxtpx:hr>
            <gpxtpx:cad>80</gpxtpx:cad>
          </gpxtpx:TrackPointExtension>
        </extensions>
      </trkpt>
      <trkpt lat="29.7115023248" lon="106.514222771">
        <ele>190.4</ele>
        <time>2026-08-30T09:51:34+0800</time>
        <extensions>
          <gpxtpx:TrackPointExtension>
            <gpxtpx:hr>149</gpxtpx:hr>
            <gpxtpx:cad>80</gpxtpx:cad>
          </gpxtpx:TrackPointExtension>
        </extensions>
      </trkpt>
      <trkpt lat="29.7114952002" lon="106.514216401">
        <ele>190.6</ele>
        <time>2026-08-30T09:51:35+0800</time>
        <extensions>
          <gpxtpx:TrackPointExtension>
            <gpxtpx:hr>150</gpxtpx:hr>
            <gpxtpx:cad>80</gpxtpx:cad>
          </gpxtpx:TrackPointExtension>
        </extensions>
      </trkpt>
      <trkpt lat="29.7114823759" lon="106.514206678">
        <ele>190.6</ele>
        <time>2026-08-30T09:51:36+0800</time>
        <extensions>
          <gpxtpx:TrackPointExtension>
            <gpxtpx:hr>150</gpxtpx:hr>
            <gpxtpx:cad>80</gpxtpx:cad>
          </gpxtpx:TrackPointExtension>
        </extensions>
      </trkpt>
      <trkpt lat="29.7114731558" lon="106.514199553">
        <ele>190.8</ele>
        <time>2026-08-30T09:51:37+0800</time>
        <extensions>
          <gpxtpx:TrackPointExtension>
            <gpxtpx:hr>151</gpxtpx:hr>
            <gpxtpx:cad>80</gpxtpx:cad>
          </gpxtpx:TrackPointExtension>
        </extensions>
      </trkpt>
      <trkpt lat="29.7114647739" lon="106.514194692">
        <ele>190.8</ele>
        <time>2026-08-30T09:51:38+0800</time>
        <extensions>
          <gpxtpx:TrackPointExtension>
            <gpxtpx:hr>151</gpxtpx:hr>
            <gpxtpx:cad>80</gpxtpx:cad>
          </gpxtpx:TrackPointExtension>
        </extensions>
      </trkpt>
      <trkpt lat="29.7114516143" lon="106.514182705">
        <ele>191.0</ele>
        <time>2026-08-30T09:51:39+0800</time>
        <extensions>
          <gpxtpx:TrackPointExtension>
            <gpxtpx:hr>151</gpxtpx:hr>
            <gpxtpx:cad>80</gpxtpx:cad>
          </gpxtpx:TrackPointExtension>
        </extensions>
      </trkpt>
      <trkpt lat="29.7114436515" lon="106.514177592">
        <ele>191.2</ele>
        <time>2026-08-30T09:51:40+0800</time>
        <extensions>
          <gpxtpx:TrackPointExtension>
            <gpxtpx:hr>151</gpxtpx:hr>
            <gpxtpx:cad>80</gpxtpx:cad>
          </gpxtpx:TrackPointExtension>
        </extensions>
      </trkpt>
      <trkpt lat="29.7114335932" lon="106.514171893">
        <ele>191.2</ele>
        <time>2026-08-30T09:51:41+0800</time>
        <extensions>
          <gpxtpx:TrackPointExtension>
            <gpxtpx:hr>152</gpxtpx:hr>
            <gpxtpx:cad>80</gpxtpx:cad>
          </gpxtpx:TrackPointExtension>
        </extensions>
      </trkpt>
      <trkpt lat="29.711418841" lon="106.514161751">
        <ele>191.4</ele>
        <time>2026-08-30T09:51:42+0800</time>
        <extensions>
          <gpxtpx:TrackPointExtension>
            <gpxtpx:hr>152</gpxtpx:hr>
            <gpxtpx:cad>80</gpxtpx:cad>
          </gpxtpx:TrackPointExtension>
        </extensions>
      </trkpt>
      <trkpt lat="29.7114103753" lon="106.514153788">
        <ele>191.4</ele>
        <time>2026-08-30T09:51:43+0800</time>
        <extensions>
          <gpxtpx:TrackPointExtension>
            <gpxtpx:hr>153</gpxtpx:hr>
            <gpxtpx:cad>80</gpxtpx:cad>
          </gpxtpx:TrackPointExtension>
        </extensions>
      </trkpt>
      <trkpt lat="29.7114019934" lon="106.514148926">
        <ele>191.6</ele>
        <time>2026-08-30T09:51:44+0800</time>
        <extensions>
          <gpxtpx:TrackPointExtension>
            <gpxtpx:hr>154</gpxtpx:hr>
            <gpxtpx:cad>80</gpxtpx:cad>
          </gpxtpx:TrackPointExtension>
        </extensions>
      </trkpt>
      <trkpt lat="29.7113922704" lon="106.51413694">
        <ele>191.6</ele>
        <time>2026-08-30T09:51:45+0800</time>
        <extensions>
          <gpxtpx:TrackPointExtension>
            <gpxtpx:hr>155</gpxtpx:hr>
            <gpxtpx:cad>81</gpxtpx:cad>
          </gpxtpx:TrackPointExtension>
        </extensions>
      </trkpt>
      <trkpt lat="29.7113870736" lon="106.514125457">
        <ele>191.8</ele>
        <time>2026-08-30T09:51:46+0800</time>
        <extensions>
          <gpxtpx:TrackPointExtension>
            <gpxtpx:hr>155</gpxtpx:hr>
            <gpxtpx:cad>81</gpxtpx:cad>
          </gpxtpx:TrackPointExtension>
        </extensions>
      </trkpt>
      <trkpt lat="29.7113786917" lon="106.514122523">
        <ele>191.8</ele>
        <time>2026-08-30T09:51:47+0800</time>
        <extensions>
          <gpxtpx:TrackPointExtension>
            <gpxtpx:hr>156</gpxtpx:hr>
            <gpxtpx:cad>80</gpxtpx:cad>
          </gpxtpx:TrackPointExtension>
        </extensions>
      </trkpt>
      <trkpt lat="29.7113675438" lon="106.514111962">
        <ele>192.0</ele>
        <time>2026-08-30T09:51:48+0800</time>
        <extensions>
          <gpxtpx:TrackPointExtension>
            <gpxtpx:hr>156</gpxtpx:hr>
            <gpxtpx:cad>80</gpxtpx:cad>
          </gpxtpx:TrackPointExtension>
        </extensions>
      </trkpt>
      <trkpt lat="29.7113599163" lon="106.514102239">
        <ele>192.2</ele>
        <time>2026-08-30T09:51:49+0800</time>
        <extensions>
          <gpxtpx:TrackPointExtension>
            <gpxtpx:hr>157</gpxtpx:hr>
            <gpxtpx:cad>79</gpxtpx:cad>
          </gpxtpx:TrackPointExtension>
        </extensions>
      </trkpt>
      <trkpt lat="29.7113527916" lon="106.514099725">
        <ele>192.2</ele>
        <time>2026-08-30T09:51:50+0800</time>
        <extensions>
          <gpxtpx:TrackPointExtension>
            <gpxtpx:hr>157</gpxtpx:hr>
            <gpxtpx:cad>79</gpxtpx:cad>
          </gpxtpx:TrackPointExtension>
        </extensions>
      </trkpt>
      <trkpt lat="29.711341057" lon="106.5140869">
        <ele>192.4</ele>
        <time>2026-08-30T09:51:51+0800</time>
        <extensions>
          <gpxtpx:TrackPointExtension>
            <gpxtpx:hr>158</gpxtpx:hr>
            <gpxtpx:cad>80</gpxtpx:cad>
          </gpxtpx:TrackPointExtension>
        </extensions>
      </trkpt>
      <trkpt lat="29.7113334294" lon="106.514078602">
        <ele>192.6</ele>
        <time>2026-08-30T09:51:52+0800</time>
        <extensions>
          <gpxtpx:TrackPointExtension>
            <gpxtpx:hr>158</gpxtpx:hr>
            <gpxtpx:cad>80</gpxtpx:cad>
          </gpxtpx:TrackPointExtension>
        </extensions>
      </trkpt>
      <trkpt lat="29.7113263048" lon="106.514072819">
        <ele>192.6</ele>
        <time>2026-08-30T09:51:53+0800</time>
        <extensions>
          <gpxtpx:TrackPointExtension>
            <gpxtpx:hr>158</gpxtpx:hr>
            <gpxtpx:cad>80</gpxtpx:cad>
          </gpxtpx:TrackPointExtension>
        </extensions>
      </trkpt>
      <trkpt lat="29.7113128938" lon="106.514063347">
        <ele>192.8</ele>
        <time>2026-08-30T09:51:54+0800</time>
        <extensions>
          <gpxtpx:TrackPointExtension>
            <gpxtpx:hr>158</gpxtpx:hr>
            <gpxtpx:cad>79</gpxtpx:cad>
          </gpxtpx:TrackPointExtension>
        </extensions>
      </trkpt>
      <trkpt lat="29.7113045957" lon="106.514054462">
        <ele>192.8</ele>
        <time>2026-08-30T09:51:55+0800</time>
        <extensions>
          <gpxtpx:TrackPointExtension>
            <gpxtpx:hr>159</gpxtpx:hr>
            <gpxtpx:cad>79</gpxtpx:cad>
          </gpxtpx:TrackPointExtension>
        </extensions>
      </trkpt>
      <trkpt lat="29.7112965491" lon="106.514049936">
        <ele>193.0</ele>
        <time>2026-08-30T09:51:56+0800</time>
        <extensions>
          <gpxtpx:TrackPointExtension>
            <gpxtpx:hr>159</gpxtpx:hr>
            <gpxtpx:cad>79</gpxtpx:cad>
          </gpxtpx:TrackPointExtension>
        </extensions>
      </trkpt>
      <trkpt lat="29.7112851497" lon="106.514038201">
        <ele>193.0</ele>
        <time>2026-08-30T09:51:57+0800</time>
        <extensions>
          <gpxtpx:TrackPointExtension>
            <gpxtpx:hr>159</gpxtpx:hr>
            <gpxtpx:cad>80</gpxtpx:cad>
          </gpxtpx:TrackPointExtension>
        </extensions>
      </trkpt>
      <trkpt lat="29.7112764325" lon="106.514027724">
        <ele>193.2</ele>
        <time>2026-08-30T09:51:58+0800</time>
        <extensions>
          <gpxtpx:TrackPointExtension>
            <gpxtpx:hr>159</gpxtpx:hr>
            <gpxtpx:cad>80</gpxtpx:cad>
          </gpxtpx:TrackPointExtension>
        </extensions>
      </trkpt>
      <trkpt lat="29.7112688888" lon="106.514024287">
        <ele>193.2</ele>
        <time>2026-08-30T09:51:59+0800</time>
        <extensions>
          <gpxtpx:TrackPointExtension>
            <gpxtpx:hr>160</gpxtpx:hr>
            <gpxtpx:cad>80</gpxtpx:cad>
          </gpxtpx:TrackPointExtension>
        </extensions>
      </trkpt>
      <trkpt lat="29.7112532146" lon="106.514014816">
        <ele>193.4</ele>
        <time>2026-08-30T09:52:00+0800</time>
        <extensions>
          <gpxtpx:TrackPointExtension>
            <gpxtpx:hr>160</gpxtpx:hr>
            <gpxtpx:cad>80</gpxtpx:cad>
          </gpxtpx:TrackPointExtension>
        </extensions>
      </trkpt>
      <trkpt lat="29.7112430725" lon="106.514006853">
        <ele>193.6</ele>
        <time>2026-08-30T09:52:01+0800</time>
        <extensions>
          <gpxtpx:TrackPointExtension>
            <gpxtpx:hr>160</gpxtpx:hr>
            <gpxtpx:cad>80</gpxtpx:cad>
          </gpxtpx:TrackPointExtension>
        </extensions>
      </trkpt>
      <trkpt lat="29.7112328466" lon="106.51400174">
        <ele>193.8</ele>
        <time>2026-08-30T09:52:02+0800</time>
        <extensions>
          <gpxtpx:TrackPointExtension>
            <gpxtpx:hr>161</gpxtpx:hr>
            <gpxtpx:cad>79</gpxtpx:cad>
          </gpxtpx:TrackPointExtension>
        </extensions>
      </trkpt>
      <trkpt lat="29.7112222016" lon="106.513992855">
        <ele>193.8</ele>
        <time>2026-08-30T09:52:03+0800</time>
        <extensions>
          <gpxtpx:TrackPointExtension>
            <gpxtpx:hr>162</gpxtpx:hr>
            <gpxtpx:cad>79</gpxtpx:cad>
          </gpxtpx:TrackPointExtension>
        </extensions>
      </trkpt>
      <trkpt lat="29.7112149093" lon="106.513985479">
        <ele>194.0</ele>
        <time>2026-08-30T09:52:04+0800</time>
        <extensions>
          <gpxtpx:TrackPointExtension>
            <gpxtpx:hr>162</gpxtpx:hr>
            <gpxtpx:cad>79</gpxtpx:cad>
          </gpxtpx:TrackPointExtension>
        </extensions>
      </trkpt>
      <trkpt lat="29.7112071142" lon="106.513978858">
        <ele>194.2</ele>
        <time>2026-08-30T09:52:05+0800</time>
        <extensions>
          <gpxtpx:TrackPointExtension>
            <gpxtpx:hr>162</gpxtpx:hr>
            <gpxtpx:cad>79</gpxtpx:cad>
          </gpxtpx:TrackPointExtension>
        </extensions>
      </trkpt>
      <trkpt lat="29.7111940384" lon="106.513968883">
        <ele>194.4</ele>
        <time>2026-08-30T09:52:06+0800</time>
        <extensions>
          <gpxtpx:TrackPointExtension>
            <gpxtpx:hr>162</gpxtpx:hr>
            <gpxtpx:cad>79</gpxtpx:cad>
          </gpxtpx:TrackPointExtension>
        </extensions>
      </trkpt>
      <trkpt lat="29.7111819685" lon="106.513961758">
        <ele>194.6</ele>
        <time>2026-08-30T09:52:07+0800</time>
        <extensions>
          <gpxtpx:TrackPointExtension>
            <gpxtpx:hr>162</gpxtpx:hr>
            <gpxtpx:cad>79</gpxtpx:cad>
          </gpxtpx:TrackPointExtension>
        </extensions>
      </trkpt>
      <trkpt lat="29.7111740056" lon="106.513955891">
        <ele>194.8</ele>
        <time>2026-08-30T09:52:08+0800</time>
        <extensions>
          <gpxtpx:TrackPointExtension>
            <gpxtpx:hr>163</gpxtpx:hr>
            <gpxtpx:cad>79</gpxtpx:cad>
          </gpxtpx:TrackPointExtension>
        </extensions>
      </trkpt>
      <trkpt lat="29.7111584991" lon="106.513947761">
        <ele>194.8</ele>
        <time>2026-08-30T09:52:09+0800</time>
        <extensions>
          <gpxtpx:TrackPointExtension>
            <gpxtpx:hr>163</gpxtpx:hr>
            <gpxtpx:cad>79</gpxtpx:cad>
          </gpxtpx:TrackPointExtension>
        </extensions>
      </trkpt>
      <trkpt lat="29.7111481894" lon="106.513939295">
        <ele>195.0</ele>
        <time>2026-08-30T09:52:10+0800</time>
        <extensions>
          <gpxtpx:TrackPointExtension>
            <gpxtpx:hr>163</gpxtpx:hr>
            <gpxtpx:cad>80</gpxtpx:cad>
          </gpxtpx:TrackPointExtension>
        </extensions>
      </trkpt>
      <trkpt lat="29.7111412324" lon="106.513932422">
        <ele>195.2</ele>
        <time>2026-08-30T09:52:11+0800</time>
        <extensions>
          <gpxtpx:TrackPointExtension>
            <gpxtpx:hr>163</gpxtpx:hr>
            <gpxtpx:cad>80</gpxtpx:cad>
          </gpxtpx:TrackPointExtension>
        </extensions>
      </trkpt>
      <trkpt lat="29.7111305036" lon="106.513919597">
        <ele>195.2</ele>
        <time>2026-08-30T09:52:12+0800</time>
        <extensions>
          <gpxtpx:TrackPointExtension>
            <gpxtpx:hr>163</gpxtpx:hr>
            <gpxtpx:cad>80</gpxtpx:cad>
          </gpxtpx:TrackPointExtension>
        </extensions>
      </trkpt>
      <trkpt lat="29.7111216187" lon="106.51390845">
        <ele>195.4</ele>
        <time>2026-08-30T09:52:13+0800</time>
        <extensions>
          <gpxtpx:TrackPointExtension>
            <gpxtpx:hr>163</gpxtpx:hr>
            <gpxtpx:cad>79</gpxtpx:cad>
          </gpxtpx:TrackPointExtension>
        </extensions>
      </trkpt>
      <trkpt lat="29.7111151647" lon="106.513899984">
        <ele>195.4</ele>
        <time>2026-08-30T09:52:14+0800</time>
        <extensions>
          <gpxtpx:TrackPointExtension>
            <gpxtpx:hr>163</gpxtpx:hr>
            <gpxtpx:cad>79</gpxtpx:cad>
          </gpxtpx:TrackPointExtension>
        </extensions>
      </trkpt>
      <trkpt lat="29.7111049388" lon="106.513888249">
        <ele>195.4</ele>
        <time>2026-08-30T09:52:15+0800</time>
        <extensions>
          <gpxtpx:TrackPointExtension>
            <gpxtpx:hr>163</gpxtpx:hr>
            <gpxtpx:cad>79</gpxtpx:cad>
          </gpxtpx:TrackPointExtension>
        </extensions>
      </trkpt>
      <trkpt lat="29.7110958025" lon="106.513876431">
        <ele>195.6</ele>
        <time>2026-08-30T09:52:16+0800</time>
        <extensions>
          <gpxtpx:TrackPointExtension>
            <gpxtpx:hr>163</gpxtpx:hr>
            <gpxtpx:cad>79</gpxtpx:cad>
          </gpxtpx:TrackPointExtension>
        </extensions>
      </trkpt>
      <trkpt lat="29.7110896837" lon="106.513866456">
        <ele>195.8</ele>
        <time>2026-08-30T09:52:17+0800</time>
        <extensions>
          <gpxtpx:TrackPointExtension>
            <gpxtpx:hr>163</gpxtpx:hr>
            <gpxtpx:cad>79</gpxtpx:cad>
          </gpxtpx:TrackPointExtension>
        </extensions>
      </trkpt>
      <trkpt lat="29.711077949" lon="106.513854554">
        <ele>195.8</ele>
        <time>2026-08-30T09:52:18+0800</time>
        <extensions>
          <gpxtpx:TrackPointExtension>
            <gpxtpx:hr>163</gpxtpx:hr>
            <gpxtpx:cad>79</gpxtpx:cad>
          </gpxtpx:TrackPointExtension>
        </extensions>
      </trkpt>
      <trkpt lat="29.7110647056" lon="106.513840808">
        <ele>196.0</ele>
        <time>2026-08-30T09:52:19+0800</time>
        <extensions>
          <gpxtpx:TrackPointExtension>
            <gpxtpx:hr>164</gpxtpx:hr>
            <gpxtpx:cad>79</gpxtpx:cad>
          </gpxtpx:TrackPointExtension>
        </extensions>
      </trkpt>
      <trkpt lat="29.7110560723" lon="106.513830582">
        <ele>196.2</ele>
        <time>2026-08-30T09:52:20+0800</time>
        <extensions>
          <gpxtpx:TrackPointExtension>
            <gpxtpx:hr>164</gpxtpx:hr>
            <gpxtpx:cad>79</gpxtpx:cad>
          </gpxtpx:TrackPointExtension>
        </extensions>
      </trkpt>
      <trkpt lat="29.7110459302" lon="106.513814824">
        <ele>196.2</ele>
        <time>2026-08-30T09:52:21+0800</time>
        <extensions>
          <gpxtpx:TrackPointExtension>
            <gpxtpx:hr>163</gpxtpx:hr>
            <gpxtpx:cad>80</gpxtpx:cad>
          </gpxtpx:TrackPointExtension>
        </extensions>
      </trkpt>
      <trkpt lat="29.7110373806" lon="106.513803592">
        <ele>196.4</ele>
        <time>2026-08-30T09:52:22+0800</time>
        <extensions>
          <gpxtpx:TrackPointExtension>
            <gpxtpx:hr>163</gpxtpx:hr>
            <gpxtpx:cad>81</gpxtpx:cad>
          </gpxtpx:TrackPointExtension>
        </extensions>
      </trkpt>
      <trkpt lat="29.711026568" lon="106.513796551">
        <ele>196.4</ele>
        <time>2026-08-30T09:52:23+0800</time>
        <extensions>
          <gpxtpx:TrackPointExtension>
            <gpxtpx:hr>163</gpxtpx:hr>
            <gpxtpx:cad>82</gpxtpx:cad>
          </gpxtpx:TrackPointExtension>
        </extensions>
      </trkpt>
      <trkpt lat="29.7110169288" lon="106.513783559">
        <ele>196.4</ele>
        <time>2026-08-30T09:52:24+0800</time>
        <extensions>
          <gpxtpx:TrackPointExtension>
            <gpxtpx:hr>163</gpxtpx:hr>
            <gpxtpx:cad>82</gpxtpx:cad>
          </gpxtpx:TrackPointExtension>
        </extensions>
      </trkpt>
      <trkpt lat="29.7110134084" lon="106.513774423">
        <ele>196.6</ele>
        <time>2026-08-30T09:52:25+0800</time>
        <extensions>
          <gpxtpx:TrackPointExtension>
            <gpxtpx:hr>164</gpxtpx:hr>
            <gpxtpx:cad>81</gpxtpx:cad>
          </gpxtpx:TrackPointExtension>
        </extensions>
      </trkpt>
      <trkpt lat="29.7110121511" lon="106.513769561">
        <ele>196.6</ele>
        <time>2026-08-30T09:52:26+0800</time>
        <extensions>
          <gpxtpx:TrackPointExtension>
            <gpxtpx:hr>163</gpxtpx:hr>
            <gpxtpx:cad>0</gpxtpx:cad>
          </gpxtpx:TrackPointExtension>
        </extensions>
      </trkpt>
      <trkpt lat="29.7110183537" lon="106.513775764">
        <ele>196.6</ele>
        <time>2026-08-30T09:52:28+0800</time>
        <extensions>
          <gpxtpx:TrackPointExtension>
            <gpxtpx:hr>163</gpxtpx:hr>
            <gpxtpx:cad>0</gpxtpx:cad>
          </gpxtpx:TrackPointExtension>
        </extensions>
      </trkpt>
      <trkpt lat="29.7110231314" lon="106.51378205">
        <ele>196.4</ele>
        <time>2026-08-30T09:52:29+0800</time>
        <extensions>
          <gpxtpx:TrackPointExtension>
            <gpxtpx:hr>163</gpxtpx:hr>
            <gpxtpx:cad>0</gpxtpx:cad>
          </gpxtpx:TrackPointExtension>
        </extensions>
      </trkpt>
      <trkpt lat="29.7110278253" lon="106.513790265">
        <ele>196.4</ele>
        <time>2026-08-30T09:52:30+0800</time>
        <extensions>
          <gpxtpx:TrackPointExtension>
            <gpxtpx:hr>163</gpxtpx:hr>
            <gpxtpx:cad>57</gpxtpx:cad>
          </gpxtpx:TrackPointExtension>
        </extensions>
      </trkpt>
      <trkpt lat="29.7110360395" lon="106.513804765">
        <ele>196.4</ele>
        <time>2026-08-30T09:52:31+0800</time>
        <extensions>
          <gpxtpx:TrackPointExtension>
            <gpxtpx:hr>162</gpxtpx:hr>
            <gpxtpx:cad>57</gpxtpx:cad>
          </gpxtpx:TrackPointExtension>
        </extensions>
      </trkpt>
      <trkpt lat="29.7110465169" lon="106.513817003">
        <ele>196.4</ele>
        <time>2026-08-30T09:52:32+0800</time>
        <extensions>
          <gpxtpx:TrackPointExtension>
            <gpxtpx:hr>162</gpxtpx:hr>
            <gpxtpx:cad>57</gpxtpx:cad>
          </gpxtpx:TrackPointExtension>
        </extensions>
      </trkpt>
      <trkpt lat="29.7110569105" lon="106.513829911">
        <ele>196.4</ele>
        <time>2026-08-30T09:52:33+0800</time>
        <extensions>
          <gpxtpx:TrackPointExtension>
            <gpxtpx:hr>161</gpxtpx:hr>
            <gpxtpx:cad>57</gpxtpx:cad>
          </gpxtpx:TrackPointExtension>
        </extensions>
      </trkpt>
      <trkpt lat="29.7110690642" lon="106.513844663">
        <ele>196.2</ele>
        <time>2026-08-30T09:52:34+0800</time>
        <extensions>
          <gpxtpx:TrackPointExtension>
            <gpxtpx:hr>161</gpxtpx:hr>
            <gpxtpx:cad>57</gpxtpx:cad>
          </gpxtpx:TrackPointExtension>
        </extensions>
      </trkpt>
      <trkpt lat="29.7110807989" lon="106.513859499">
        <ele>196.0</ele>
        <time>2026-08-30T09:52:35+0800</time>
        <extensions>
          <gpxtpx:TrackPointExtension>
            <gpxtpx:hr>161</gpxtpx:hr>
            <gpxtpx:cad>80</gpxtpx:cad>
          </gpxtpx:TrackPointExtension>
        </extensions>
      </trkpt>
      <trkpt lat="29.7110977303" lon="106.513873162">
        <ele>195.8</ele>
        <time>2026-08-30T09:52:36+0800</time>
        <extensions>
          <gpxtpx:TrackPointExtension>
            <gpxtpx:hr>160</gpxtpx:hr>
            <gpxtpx:cad>82</gpxtpx:cad>
          </gpxtpx:TrackPointExtension>
        </extensions>
      </trkpt>
      <trkpt lat="29.7111132368" lon="106.513891853">
        <ele>195.8</ele>
        <time>2026-08-30T09:52:37+0800</time>
        <extensions>
          <gpxtpx:TrackPointExtension>
            <gpxtpx:hr>160</gpxtpx:hr>
            <gpxtpx:cad>82</gpxtpx:cad>
          </gpxtpx:TrackPointExtension>
        </extensions>
      </trkpt>
      <trkpt lat="29.7111255582" lon="106.513907528">
        <ele>195.6</ele>
        <time>2026-08-30T09:52:38+0800</time>
        <extensions>
          <gpxtpx:TrackPointExtension>
            <gpxtpx:hr>160</gpxtpx:hr>
            <gpxtpx:cad>82</gpxtpx:cad>
          </gpxtpx:TrackPointExtension>
        </extensions>
      </trkpt>
      <trkpt lat="29.7111392207" lon="106.513918927">
        <ele>195.4</ele>
        <time>2026-08-30T09:52:39+0800</time>
        <extensions>
          <gpxtpx:TrackPointExtension>
            <gpxtpx:hr>160</gpxtpx:hr>
            <gpxtpx:cad>82</gpxtpx:cad>
          </gpxtpx:TrackPointExtension>
        </extensions>
      </trkpt>
      <trkpt lat="29.7111388016" lon="106.513927644">
        <ele>195.2</ele>
        <time>2026-08-30T09:52:40+0800</time>
        <extensions>
          <gpxtpx:TrackPointExtension>
            <gpxtpx:hr>159</gpxtpx:hr>
            <gpxtpx:cad>82</gpxtpx:cad>
          </gpxtpx:TrackPointExtension>
        </extensions>
      </trkpt>
      <trkpt lat="29.7111336887" lon="106.513923872">
        <ele>195.2</ele>
        <time>2026-08-30T09:52:41+0800</time>
        <extensions>
          <gpxtpx:TrackPointExtension>
            <gpxtpx:hr>159</gpxtpx:hr>
            <gpxtpx:cad>81</gpxtpx:cad>
          </gpxtpx:TrackPointExtension>
        </extensions>
      </trkpt>
      <trkpt lat="29.7111211997" lon="106.513909372">
        <ele>195.2</ele>
        <time>2026-08-30T09:52:42+0800</time>
        <extensions>
          <gpxtpx:TrackPointExtension>
            <gpxtpx:hr>159</gpxtpx:hr>
            <gpxtpx:cad>81</gpxtpx:cad>
          </gpxtpx:TrackPointExtension>
        </extensions>
      </trkpt>
      <trkpt lat="29.7111104708" lon="106.513897469">
        <ele>195.2</ele>
        <time>2026-08-30T09:52:43+0800</time>
        <extensions>
          <gpxtpx:TrackPointExtension>
            <gpxtpx:hr>159</gpxtpx:hr>
            <gpxtpx:cad>82</gpxtpx:cad>
          </gpxtpx:TrackPointExtension>
        </extensions>
      </trkpt>
      <trkpt lat="29.7110887617" lon="106.513874838">
        <ele>195.4</ele>
        <time>2026-08-30T09:52:44+0800</time>
        <extensions>
          <gpxtpx:TrackPointExtension>
            <gpxtpx:hr>158</gpxtpx:hr>
            <gpxtpx:cad>81</gpxtpx:cad>
          </gpxtpx:TrackPointExtension>
        </extensions>
      </trkpt>
      <trkpt lat="29.7110806312" lon="106.513862433">
        <ele>195.6</ele>
        <time>2026-08-30T09:52:46+0800</time>
        <extensions>
          <gpxtpx:TrackPointExtension>
            <gpxtpx:hr>158</gpxtpx:hr>
            <gpxtpx:cad>80</gpxtpx:cad>
          </gpxtpx:TrackPointExtension>
        </extensions>
      </trkpt>
      <trkpt lat="29.7110696509" lon="106.513853464">
        <ele>195.8</ele>
        <time>2026-08-30T09:52:47+0800</time>
        <extensions>
          <gpxtpx:TrackPointExtension>
            <gpxtpx:hr>158</gpxtpx:hr>
            <gpxtpx:cad>80</gpxtpx:cad>
          </gpxtpx:TrackPointExtension>
        </extensions>
      </trkpt>
      <trkpt lat="29.7110541444" lon="106.513839718">
        <ele>196.0</ele>
        <time>2026-08-30T09:52:48+0800</time>
        <extensions>
          <gpxtpx:TrackPointExtension>
            <gpxtpx:hr>157</gpxtpx:hr>
            <gpxtpx:cad>80</gpxtpx:cad>
          </gpxtpx:TrackPointExtension>
        </extensions>
      </trkpt>
      <trkpt lat="29.7110462654" lon="106.51382681">
        <ele>196.2</ele>
        <time>2026-08-30T09:52:49+0800</time>
        <extensions>
          <gpxtpx:TrackPointExtension>
            <gpxtpx:hr>157</gpxtpx:hr>
            <gpxtpx:cad>81</gpxtpx:cad>
          </gpxtpx:TrackPointExtension>
        </extensions>
      </trkpt>
      <trkpt lat="29.7110373806" lon="106.513818679">
        <ele>196.2</ele>
        <time>2026-08-30T09:52:50+0800</time>
        <extensions>
          <gpxtpx:TrackPointExtension>
            <gpxtpx:hr>156</gpxtpx:hr>
            <gpxtpx:cad>81</gpxtpx:cad>
          </gpxtpx:TrackPointExtension>
        </extensions>
      </trkpt>
      <trkpt lat="29.7110266518" lon="106.513805436">
        <ele>196.4</ele>
        <time>2026-08-30T09:52:51+0800</time>
        <extensions>
          <gpxtpx:TrackPointExtension>
            <gpxtpx:hr>156</gpxtpx:hr>
            <gpxtpx:cad>81</gpxtpx:cad>
          </gpxtpx:TrackPointExtension>
        </extensions>
      </trkpt>
      <trkpt lat="29.7110199463" lon="106.513795294">
        <ele>196.4</ele>
        <time>2026-08-30T09:52:52+0800</time>
        <extensions>
          <gpxtpx:TrackPointExtension>
            <gpxtpx:hr>156</gpxtpx:hr>
            <gpxtpx:cad>81</gpxtpx:cad>
          </gpxtpx:TrackPointExtension>
        </extensions>
      </trkpt>
      <trkpt lat="29.7110110614" lon="106.51378951">
        <ele>196.6</ele>
        <time>2026-08-30T09:52:53+0800</time>
        <extensions>
          <gpxtpx:TrackPointExtension>
            <gpxtpx:hr>156</gpxtpx:hr>
            <gpxtpx:cad>80</gpxtpx:cad>
          </gpxtpx:TrackPointExtension>
        </extensions>
      </trkpt>
      <trkpt lat="29.7110009193" lon="106.513776015">
        <ele>196.6</ele>
        <time>2026-08-30T09:52:54+0800</time>
        <extensions>
          <gpxtpx:TrackPointExtension>
            <gpxtpx:hr>155</gpxtpx:hr>
            <gpxtpx:cad>80</gpxtpx:cad>
          </gpxtpx:TrackPointExtension>
        </extensions>
      </trkpt>
      <trkpt lat="29.7109944653" lon="106.513763862">
        <ele>196.6</ele>
        <time>2026-08-30T09:52:55+0800</time>
        <extensions>
          <gpxtpx:TrackPointExtension>
            <gpxtpx:hr>155</gpxtpx:hr>
            <gpxtpx:cad>80</gpxtpx:cad>
          </gpxtpx:TrackPointExtension>
        </extensions>
      </trkpt>
      <trkpt lat="29.710983485" lon="106.513752043">
        <ele>196.6</ele>
        <time>2026-08-30T09:52:56+0800</time>
        <extensions>
          <gpxtpx:TrackPointExtension>
            <gpxtpx:hr>155</gpxtpx:hr>
            <gpxtpx:cad>80</gpxtpx:cad>
          </gpxtpx:TrackPointExtension>
        </extensions>
      </trkpt>
      <trkpt lat="29.7109713312" lon="106.513736704">
        <ele>196.6</ele>
        <time>2026-08-30T09:52:57+0800</time>
        <extensions>
          <gpxtpx:TrackPointExtension>
            <gpxtpx:hr>155</gpxtpx:hr>
            <gpxtpx:cad>80</gpxtpx:cad>
          </gpxtpx:TrackPointExtension>
        </extensions>
      </trkpt>
      <trkpt lat="29.7109633684" lon="106.513722455">
        <ele>196.6</ele>
        <time>2026-08-30T09:52:58+0800</time>
        <extensions>
          <gpxtpx:TrackPointExtension>
            <gpxtpx:hr>154</gpxtpx:hr>
            <gpxtpx:cad>81</gpxtpx:cad>
          </gpxtpx:TrackPointExtension>
        </extensions>
      </trkpt>
      <trkpt lat="29.7109509632" lon="106.513701081">
        <ele>196.6</ele>
        <time>2026-08-30T09:52:59+0800</time>
        <extensions>
          <gpxtpx:TrackPointExtension>
            <gpxtpx:hr>154</gpxtpx:hr>
            <gpxtpx:cad>81</gpxtpx:cad>
          </gpxtpx:TrackPointExtension>
        </extensions>
      </trkpt>
      <trkpt lat="29.7109444253" lon="106.513683647">
        <ele>196.6</ele>
        <time>2026-08-30T09:53:00+0800</time>
        <extensions>
          <gpxtpx:TrackPointExtension>
            <gpxtpx:hr>154</gpxtpx:hr>
            <gpxtpx:cad>82</gpxtpx:cad>
          </gpxtpx:TrackPointExtension>
        </extensions>
      </trkpt>
      <trkpt lat="29.7109367978" lon="106.513672415">
        <ele>196.6</ele>
        <time>2026-08-30T09:53:01+0800</time>
        <extensions>
          <gpxtpx:TrackPointExtension>
            <gpxtpx:hr>154</gpxtpx:hr>
            <gpxtpx:cad>82</gpxtpx:cad>
          </gpxtpx:TrackPointExtension>
        </extensions>
      </trkpt>
      <trkpt lat="29.710925566" lon="106.513654981">
        <ele>196.6</ele>
        <time>2026-08-30T09:53:02+0800</time>
        <extensions>
          <gpxtpx:TrackPointExtension>
            <gpxtpx:hr>155</gpxtpx:hr>
            <gpxtpx:cad>82</gpxtpx:cad>
          </gpxtpx:TrackPointExtension>
        </extensions>
      </trkpt>
      <trkpt lat="29.710919112" lon="106.513638468">
        <ele>196.6</ele>
        <time>2026-08-30T09:53:03+0800</time>
        <extensions>
          <gpxtpx:TrackPointExtension>
            <gpxtpx:hr>155</gpxtpx:hr>
            <gpxtpx:cad>83</gpxtpx:cad>
          </gpxtpx:TrackPointExtension>
        </extensions>
      </trkpt>
      <trkpt lat="29.7109085508" lon="106.513626734">
        <ele>196.6</ele>
        <time>2026-08-30T09:53:04+0800</time>
        <extensions>
          <gpxtpx:TrackPointExtension>
            <gpxtpx:hr>155</gpxtpx:hr>
            <gpxtpx:cad>82</gpxtpx:cad>
          </gpxtpx:TrackPointExtension>
        </extensions>
      </trkpt>
      <trkpt lat="29.7108958103" lon="106.513608797">
        <ele>196.6</ele>
        <time>2026-08-30T09:53:05+0800</time>
        <extensions>
          <gpxtpx:TrackPointExtension>
            <gpxtpx:hr>155</gpxtpx:hr>
            <gpxtpx:cad>81</gpxtpx:cad>
          </gpxtpx:TrackPointExtension>
        </extensions>
      </trkpt>
      <trkpt lat="29.710887596" lon="106.513596559">
        <ele>196.6</ele>
        <time>2026-08-30T09:53:06+0800</time>
        <extensions>
          <gpxtpx:TrackPointExtension>
            <gpxtpx:hr>155</gpxtpx:hr>
            <gpxtpx:cad>81</gpxtpx:cad>
          </gpxtpx:TrackPointExtension>
        </extensions>
      </trkpt>
      <trkpt lat="29.710875107" lon="106.513577867">
        <ele>196.6</ele>
        <time>2026-08-30T09:53:07+0800</time>
        <extensions>
          <gpxtpx:TrackPointExtension>
            <gpxtpx:hr>155</gpxtpx:hr>
            <gpxtpx:cad>81</gpxtpx:cad>
          </gpxtpx:TrackPointExtension>
        </extensions>
      </trkpt>
      <trkpt lat="29.7108684853" lon="106.513561523">
        <ele>196.6</ele>
        <time>2026-08-30T09:53:08+0800</time>
        <extensions>
          <gpxtpx:TrackPointExtension>
            <gpxtpx:hr>155</gpxtpx:hr>
            <gpxtpx:cad>81</gpxtpx:cad>
          </gpxtpx:TrackPointExtension>
        </extensions>
      </trkpt>
      <trkpt lat="29.7108605225" lon="106.513555571">
        <ele>196.6</ele>
        <time>2026-08-30T09:53:09+0800</time>
        <extensions>
          <gpxtpx:TrackPointExtension>
            <gpxtpx:hr>155</gpxtpx:hr>
            <gpxtpx:cad>82</gpxtpx:cad>
          </gpxtpx:TrackPointExtension>
        </extensions>
      </trkpt>
      <trkpt lat="29.7108479496" lon="106.513539478">
        <ele>196.6</ele>
        <time>2026-08-30T09:53:10+0800</time>
        <extensions>
          <gpxtpx:TrackPointExtension>
            <gpxtpx:hr>155</gpxtpx:hr>
            <gpxtpx:cad>83</gpxtpx:cad>
          </gpxtpx:TrackPointExtension>
        </extensions>
      </trkpt>
      <trkpt lat="29.7108404897" lon="106.513527744">
        <ele>196.6</ele>
        <time>2026-08-30T09:53:11+0800</time>
        <extensions>
          <gpxtpx:TrackPointExtension>
            <gpxtpx:hr>155</gpxtpx:hr>
            <gpxtpx:cad>83</gpxtpx:cad>
          </gpxtpx:TrackPointExtension>
        </extensions>
      </trkpt>
      <trkpt lat="29.7108305991" lon="106.513519613">
        <ele>196.6</ele>
        <time>2026-08-30T09:53:12+0800</time>
        <extensions>
          <gpxtpx:TrackPointExtension>
            <gpxtpx:hr>156</gpxtpx:hr>
            <gpxtpx:cad>83</gpxtpx:cad>
          </gpxtpx:TrackPointExtension>
        </extensions>
      </trkpt>
      <trkpt lat="29.7108202893" lon="106.513505196">
        <ele>196.6</ele>
        <time>2026-08-30T09:53:13+0800</time>
        <extensions>
          <gpxtpx:TrackPointExtension>
            <gpxtpx:hr>156</gpxtpx:hr>
            <gpxtpx:cad>81</gpxtpx:cad>
          </gpxtpx:TrackPointExtension>
        </extensions>
      </trkpt>
      <trkpt lat="29.7108130809" lon="106.513492959">
        <ele>196.6</ele>
        <time>2026-08-30T09:53:14+0800</time>
        <extensions>
          <gpxtpx:TrackPointExtension>
            <gpxtpx:hr>157</gpxtpx:hr>
            <gpxtpx:cad>81</gpxtpx:cad>
          </gpxtpx:TrackPointExtension>
        </extensions>
      </trkpt>
      <trkpt lat="29.7107996698" lon="106.513476698">
        <ele>196.6</ele>
        <time>2026-08-30T09:53:15+0800</time>
        <extensions>
          <gpxtpx:TrackPointExtension>
            <gpxtpx:hr>158</gpxtpx:hr>
            <gpxtpx:cad>81</gpxtpx:cad>
          </gpxtpx:TrackPointExtension>
        </extensions>
      </trkpt>
      <trkpt lat="29.7107892763" lon="106.5134627">
        <ele>196.6</ele>
        <time>2026-08-30T09:53:16+0800</time>
        <extensions>
          <gpxtpx:TrackPointExtension>
            <gpxtpx:hr>159</gpxtpx:hr>
            <gpxtpx:cad>81</gpxtpx:cad>
          </gpxtpx:TrackPointExtension>
        </extensions>
      </trkpt>
      <trkpt lat="29.7107816488" lon="106.513455827">
        <ele>196.8</ele>
        <time>2026-08-30T09:53:17+0800</time>
        <extensions>
          <gpxtpx:TrackPointExtension>
            <gpxtpx:hr>159</gpxtpx:hr>
            <gpxtpx:cad>81</gpxtpx:cad>
          </gpxtpx:TrackPointExtension>
        </extensions>
      </trkpt>
      <trkpt lat="29.7107670642" lon="106.513441829">
        <ele>196.8</ele>
        <time>2026-08-30T09:53:18+0800</time>
        <extensions>
          <gpxtpx:TrackPointExtension>
            <gpxtpx:hr>160</gpxtpx:hr>
            <gpxtpx:cad>82</gpxtpx:cad>
          </gpxtpx:TrackPointExtension>
        </extensions>
      </trkpt>
      <trkpt lat="29.7107568383" lon="106.513431184">
        <ele>197.0</ele>
        <time>2026-08-30T09:53:19+0800</time>
        <extensions>
          <gpxtpx:TrackPointExtension>
            <gpxtpx:hr>160</gpxtpx:hr>
            <gpxtpx:cad>82</gpxtpx:cad>
          </gpxtpx:TrackPointExtension>
        </extensions>
      </trkpt>
      <trkpt lat="29.7107477859" lon="106.513424478">
        <ele>197.0</ele>
        <time>2026-08-30T09:53:20+0800</time>
        <extensions>
          <gpxtpx:TrackPointExtension>
            <gpxtpx:hr>160</gpxtpx:hr>
            <gpxtpx:cad>82</gpxtpx:cad>
          </gpxtpx:TrackPointExtension>
        </extensions>
      </trkpt>
      <trkpt lat="29.7107346263" lon="106.513410313">
        <ele>197.2</ele>
        <time>2026-08-30T09:53:21+0800</time>
        <extensions>
          <gpxtpx:TrackPointExtension>
            <gpxtpx:hr>160</gpxtpx:hr>
            <gpxtpx:cad>82</gpxtpx:cad>
          </gpxtpx:TrackPointExtension>
        </extensions>
      </trkpt>
      <trkpt lat="29.7107248195" lon="106.513397153">
        <ele>197.2</ele>
        <time>2026-08-30T09:53:22+0800</time>
        <extensions>
          <gpxtpx:TrackPointExtension>
            <gpxtpx:hr>160</gpxtpx:hr>
            <gpxtpx:cad>81</gpxtpx:cad>
          </gpxtpx:TrackPointExtension>
        </extensions>
      </trkpt>
      <trkpt lat="29.7107147612" lon="106.513389358">
        <ele>197.2</ele>
        <time>2026-08-30T09:53:23+0800</time>
        <extensions>
          <gpxtpx:TrackPointExtension>
            <gpxtpx:hr>160</gpxtpx:hr>
            <gpxtpx:cad>80</gpxtpx:cad>
          </gpxtpx:TrackPointExtension>
        </extensions>
      </trkpt>
      <trkpt lat="29.7107026074" lon="106.513373768">
        <ele>197.2</ele>
        <time>2026-08-30T09:53:24+0800</time>
        <extensions>
          <gpxtpx:TrackPointExtension>
            <gpxtpx:hr>160</gpxtpx:hr>
            <gpxtpx:cad>80</gpxtpx:cad>
          </gpxtpx:TrackPointExtension>
        </extensions>
      </trkpt>
      <trkpt lat="29.710697243" lon="106.513360525">
        <ele>197.4</ele>
        <time>2026-08-30T09:53:25+0800</time>
        <extensions>
          <gpxtpx:TrackPointExtension>
            <gpxtpx:hr>160</gpxtpx:hr>
            <gpxtpx:cad>80</gpxtpx:cad>
          </gpxtpx:TrackPointExtension>
        </extensions>
      </trkpt>
      <trkpt lat="29.7106903698" lon="106.513351137">
        <ele>197.4</ele>
        <time>2026-08-30T09:53:26+0800</time>
        <extensions>
          <gpxtpx:TrackPointExtension>
            <gpxtpx:hr>160</gpxtpx:hr>
            <gpxtpx:cad>80</gpxtpx:cad>
          </gpxtpx:TrackPointExtension>
        </extensions>
      </trkpt>
      <trkpt lat="29.7106772941" lon="106.513336971">
        <ele>197.6</ele>
        <time>2026-08-30T09:53:27+0800</time>
        <extensions>
          <gpxtpx:TrackPointExtension>
            <gpxtpx:hr>160</gpxtpx:hr>
            <gpxtpx:cad>80</gpxtpx:cad>
          </gpxtpx:TrackPointExtension>
        </extensions>
      </trkpt>
      <trkpt lat="29.7106664814" lon="106.513323225">
        <ele>197.6</ele>
        <time>2026-08-30T09:53:28+0800</time>
        <extensions>
          <gpxtpx:TrackPointExtension>
            <gpxtpx:hr>160</gpxtpx:hr>
            <gpxtpx:cad>81</gpxtpx:cad>
          </gpxtpx:TrackPointExtension>
        </extensions>
      </trkpt>
      <trkpt lat="29.7106576804" lon="106.513315849">
        <ele>197.8</ele>
        <time>2026-08-30T09:53:29+0800</time>
        <extensions>
          <gpxtpx:TrackPointExtension>
            <gpxtpx:hr>159</gpxtpx:hr>
            <gpxtpx:cad>81</gpxtpx:cad>
          </gpxtpx:TrackPointExtension>
        </extensions>
      </trkpt>
      <trkpt lat="29.7106467839" lon="106.513303695">
        <ele>197.8</ele>
        <time>2026-08-30T09:53:30+0800</time>
        <extensions>
          <gpxtpx:TrackPointExtension>
            <gpxtpx:hr>160</gpxtpx:hr>
            <gpxtpx:cad>82</gpxtpx:cad>
          </gpxtpx:TrackPointExtension>
        </extensions>
      </trkpt>
      <trkpt lat="29.7106411681" lon="106.513292547">
        <ele>197.8</ele>
        <time>2026-08-30T09:53:31+0800</time>
        <extensions>
          <gpxtpx:TrackPointExtension>
            <gpxtpx:hr>159</gpxtpx:hr>
            <gpxtpx:cad>81</gpxtpx:cad>
          </gpxtpx:TrackPointExtension>
        </extensions>
      </trkpt>
      <trkpt lat="29.7106304392" lon="106.513282824">
        <ele>198.0</ele>
        <time>2026-08-30T09:53:32+0800</time>
        <extensions>
          <gpxtpx:TrackPointExtension>
            <gpxtpx:hr>158</gpxtpx:hr>
            <gpxtpx:cad>80</gpxtpx:cad>
          </gpxtpx:TrackPointExtension>
        </extensions>
      </trkpt>
      <trkpt lat="29.7106122505" lon="106.513260696">
        <ele>198.2</ele>
        <time>2026-08-30T09:53:34+0800</time>
        <extensions>
          <gpxtpx:TrackPointExtension>
            <gpxtpx:hr>157</gpxtpx:hr>
            <gpxtpx:cad>79</gpxtpx:cad>
          </gpxtpx:TrackPointExtension>
        </extensions>
      </trkpt>
      <trkpt lat="29.710602276" lon="106.51325047">
        <ele>198.2</ele>
        <time>2026-08-30T09:53:35+0800</time>
        <extensions>
          <gpxtpx:TrackPointExtension>
            <gpxtpx:hr>157</gpxtpx:hr>
            <gpxtpx:cad>79</gpxtpx:cad>
          </gpxtpx:TrackPointExtension>
        </extensions>
      </trkpt>
      <trkpt lat="29.7105940618" lon="106.513237981">
        <ele>198.4</ele>
        <time>2026-08-30T09:53:36+0800</time>
        <extensions>
          <gpxtpx:TrackPointExtension>
            <gpxtpx:hr>157</gpxtpx:hr>
            <gpxtpx:cad>81</gpxtpx:cad>
          </gpxtpx:TrackPointExtension>
        </extensions>
      </trkpt>
      <trkpt lat="29.7105866019" lon="106.513230437">
        <ele>198.6</ele>
        <time>2026-08-30T09:53:37+0800</time>
        <extensions>
          <gpxtpx:TrackPointExtension>
            <gpxtpx:hr>157</gpxtpx:hr>
            <gpxtpx:cad>81</gpxtpx:cad>
          </gpxtpx:TrackPointExtension>
        </extensions>
      </trkpt>
      <trkpt lat="29.7105746996" lon="106.513218367">
        <ele>198.6</ele>
        <time>2026-08-30T09:53:38+0800</time>
        <extensions>
          <gpxtpx:TrackPointExtension>
            <gpxtpx:hr>157</gpxtpx:hr>
            <gpxtpx:cad>81</gpxtpx:cad>
          </gpxtpx:TrackPointExtension>
        </extensions>
      </trkpt>
      <trkpt lat="29.7105627973" lon="106.513205292">
        <ele>198.8</ele>
        <time>2026-08-30T09:53:39+0800</time>
        <extensions>
          <gpxtpx:TrackPointExtension>
            <gpxtpx:hr>156</gpxtpx:hr>
            <gpxtpx:cad>81</gpxtpx:cad>
          </gpxtpx:TrackPointExtension>
        </extensions>
      </trkpt>
      <trkpt lat="29.7105533257" lon="106.513198921">
        <ele>198.8</ele>
        <time>2026-08-30T09:53:40+0800</time>
        <extensions>
          <gpxtpx:TrackPointExtension>
            <gpxtpx:hr>156</gpxtpx:hr>
            <gpxtpx:cad>81</gpxtpx:cad>
          </gpxtpx:TrackPointExtension>
        </extensions>
      </trkpt>
      <trkpt lat="29.7105377354" lon="106.513182744">
        <ele>198.8</ele>
        <time>2026-08-30T09:53:41+0800</time>
        <extensions>
          <gpxtpx:TrackPointExtension>
            <gpxtpx:hr>156</gpxtpx:hr>
            <gpxtpx:cad>80</gpxtpx:cad>
          </gpxtpx:TrackPointExtension>
        </extensions>
      </trkpt>
      <trkpt lat="29.7105268389" lon="106.513167992">
        <ele>199.0</ele>
        <time>2026-08-30T09:53:42+0800</time>
        <extensions>
          <gpxtpx:TrackPointExtension>
            <gpxtpx:hr>157</gpxtpx:hr>
            <gpxtpx:cad>80</gpxtpx:cad>
          </gpxtpx:TrackPointExtension>
        </extensions>
      </trkpt>
      <trkpt lat="29.710518457" lon="106.513161538">
        <ele>199.0</ele>
        <time>2026-08-30T09:53:43+0800</time>
        <extensions>
          <gpxtpx:TrackPointExtension>
            <gpxtpx:hr>156</gpxtpx:hr>
            <gpxtpx:cad>80</gpxtpx:cad>
          </gpxtpx:TrackPointExtension>
        </extensions>
      </trkpt>
      <trkpt lat="29.7105025314" lon="106.513147121">
        <ele>199.2</ele>
        <time>2026-08-30T09:53:44+0800</time>
        <extensions>
          <gpxtpx:TrackPointExtension>
            <gpxtpx:hr>157</gpxtpx:hr>
            <gpxtpx:cad>80</gpxtpx:cad>
          </gpxtpx:TrackPointExtension>
        </extensions>
      </trkpt>
      <trkpt lat="29.7104959935" lon="106.513136644">
        <ele>199.4</ele>
        <time>2026-08-30T09:53:45+0800</time>
        <extensions>
          <gpxtpx:TrackPointExtension>
            <gpxtpx:hr>157</gpxtpx:hr>
            <gpxtpx:cad>80</gpxtpx:cad>
          </gpxtpx:TrackPointExtension>
        </extensions>
      </trkpt>
      <trkpt lat="29.7104881983" lon="106.513129435">
        <ele>199.4</ele>
        <time>2026-08-30T09:53:46+0800</time>
        <extensions>
          <gpxtpx:TrackPointExtension>
            <gpxtpx:hr>157</gpxtpx:hr>
            <gpxtpx:cad>80</gpxtpx:cad>
          </gpxtpx:TrackPointExtension>
        </extensions>
      </trkpt>
      <trkpt lat="29.7104760446" lon="106.513118958">
        <ele>199.4</ele>
        <time>2026-08-30T09:53:47+0800</time>
        <extensions>
          <gpxtpx:TrackPointExtension>
            <gpxtpx:hr>156</gpxtpx:hr>
            <gpxtpx:cad>81</gpxtpx:cad>
          </gpxtpx:TrackPointExtension>
        </extensions>
      </trkpt>
      <trkpt lat="29.7104701772" lon="106.513108481">
        <ele>199.6</ele>
        <time>2026-08-30T09:53:48+0800</time>
        <extensions>
          <gpxtpx:TrackPointExtension>
            <gpxtpx:hr>157</gpxtpx:hr>
            <gpxtpx:cad>82</gpxtpx:cad>
          </gpxtpx:TrackPointExtension>
        </extensions>
      </trkpt>
      <trkpt lat="29.7104593646" lon="106.513100769">
        <ele>199.6</ele>
        <time>2026-08-30T09:53:49+0800</time>
        <extensions>
          <gpxtpx:TrackPointExtension>
            <gpxtpx:hr>157</gpxtpx:hr>
            <gpxtpx:cad>82</gpxtpx:cad>
          </gpxtpx:TrackPointExtension>
        </extensions>
      </trkpt>
      <trkpt lat="29.7104495578" lon="106.513084928">
        <ele>199.6</ele>
        <time>2026-08-30T09:53:50+0800</time>
        <extensions>
          <gpxtpx:TrackPointExtension>
            <gpxtpx:hr>157</gpxtpx:hr>
            <gpxtpx:cad>80</gpxtpx:cad>
          </gpxtpx:TrackPointExtension>
        </extensions>
      </trkpt>
      <trkpt lat="29.7104430199" lon="106.513072774">
        <ele>199.6</ele>
        <time>2026-08-30T09:53:51+0800</time>
        <extensions>
          <gpxtpx:TrackPointExtension>
            <gpxtpx:hr>156</gpxtpx:hr>
            <gpxtpx:cad>80</gpxtpx:cad>
          </gpxtpx:TrackPointExtension>
        </extensions>
      </trkpt>
      <trkpt lat="29.7104356438" lon="106.513062716">
        <ele>199.6</ele>
        <time>2026-08-30T09:53:52+0800</time>
        <extensions>
          <gpxtpx:TrackPointExtension>
            <gpxtpx:hr>157</gpxtpx:hr>
            <gpxtpx:cad>81</gpxtpx:cad>
          </gpxtpx:TrackPointExtension>
        </extensions>
      </trkpt>
      <trkpt lat="29.7104265075" lon="106.513049556">
        <ele>199.6</ele>
        <time>2026-08-30T09:53:53+0800</time>
        <extensions>
          <gpxtpx:TrackPointExtension>
            <gpxtpx:hr>157</gpxtpx:hr>
            <gpxtpx:cad>81</gpxtpx:cad>
          </gpxtpx:TrackPointExtension>
        </extensions>
      </trkpt>
      <trkpt lat="29.7104193829" lon="106.513043186">
        <ele>199.6</ele>
        <time>2026-08-30T09:53:54+0800</time>
        <extensions>
          <gpxtpx:TrackPointExtension>
            <gpxtpx:hr>157</gpxtpx:hr>
            <gpxtpx:cad>81</gpxtpx:cad>
          </gpxtpx:TrackPointExtension>
        </extensions>
      </trkpt>
      <trkpt lat="29.7104052175" lon="106.513028266">
        <ele>199.6</ele>
        <time>2026-08-30T09:53:55+0800</time>
        <extensions>
          <gpxtpx:TrackPointExtension>
            <gpxtpx:hr>156</gpxtpx:hr>
            <gpxtpx:cad>81</gpxtpx:cad>
          </gpxtpx:TrackPointExtension>
        </extensions>
      </trkpt>
      <trkpt lat="29.7103975061" lon="106.513016112">
        <ele>199.6</ele>
        <time>2026-08-30T09:53:56+0800</time>
        <extensions>
          <gpxtpx:TrackPointExtension>
            <gpxtpx:hr>157</gpxtpx:hr>
            <gpxtpx:cad>81</gpxtpx:cad>
          </gpxtpx:TrackPointExtension>
        </extensions>
      </trkpt>
      <trkpt lat="29.7103901301" lon="106.513011251">
        <ele>199.8</ele>
        <time>2026-08-30T09:53:57+0800</time>
        <extensions>
          <gpxtpx:TrackPointExtension>
            <gpxtpx:hr>158</gpxtpx:hr>
            <gpxtpx:cad>81</gpxtpx:cad>
          </gpxtpx:TrackPointExtension>
        </extensions>
      </trkpt>
      <trkpt lat="29.7103743721" lon="106.512999432">
        <ele>199.8</ele>
        <time>2026-08-30T09:53:58+0800</time>
        <extensions>
          <gpxtpx:TrackPointExtension>
            <gpxtpx:hr>160</gpxtpx:hr>
            <gpxtpx:cad>81</gpxtpx:cad>
          </gpxtpx:TrackPointExtension>
        </extensions>
      </trkpt>
      <trkpt lat="29.7103654034" lon="106.512993062">
        <ele>199.8</ele>
        <time>2026-08-30T09:53:59+0800</time>
        <extensions>
          <gpxtpx:TrackPointExtension>
            <gpxtpx:hr>162</gpxtpx:hr>
            <gpxtpx:cad>81</gpxtpx:cad>
          </gpxtpx:TrackPointExtension>
        </extensions>
      </trkpt>
      <trkpt lat="29.7103643138" lon="106.512983758">
        <ele>199.8</ele>
        <time>2026-08-30T09:54:00+0800</time>
        <extensions>
          <gpxtpx:TrackPointExtension>
            <gpxtpx:hr>163</gpxtpx:hr>
            <gpxtpx:cad>81</gpxtpx:cad>
          </gpxtpx:TrackPointExtension>
        </extensions>
      </trkpt>
      <trkpt lat="29.7103620507" lon="106.512978394">
        <ele>199.8</ele>
        <time>2026-08-30T09:54:01+0800</time>
        <extensions>
          <gpxtpx:TrackPointExtension>
            <gpxtpx:hr>164</gpxtpx:hr>
            <gpxtpx:cad>81</gpxtpx:cad>
          </gpxtpx:TrackPointExtension>
        </extensions>
      </trkpt>
      <trkpt lat="29.7103575245" lon="106.512983926">
        <ele>199.8</ele>
        <time>2026-08-30T09:54:02+0800</time>
        <extensions>
          <gpxtpx:TrackPointExtension>
            <gpxtpx:hr>164</gpxtpx:hr>
            <gpxtpx:cad>0</gpxtpx:cad>
          </gpxtpx:TrackPointExtension>
        </extensions>
      </trkpt>
      <trkpt lat="29.7103524115" lon="106.512985267">
        <ele>199.8</ele>
        <time>2026-08-30T09:54:03+0800</time>
        <extensions>
          <gpxtpx:TrackPointExtension>
            <gpxtpx:hr>164</gpxtpx:hr>
            <gpxtpx:cad>0</gpxtpx:cad>
          </gpxtpx:TrackPointExtension>
        </extensions>
      </trkpt>
      <trkpt lat="29.7103473824" lon="106.512984848">
        <ele>199.8</ele>
        <time>2026-08-30T09:54:04+0800</time>
        <extensions>
          <gpxtpx:TrackPointExtension>
            <gpxtpx:hr>164</gpxtpx:hr>
            <gpxtpx:cad>0</gpxtpx:cad>
          </gpxtpx:TrackPointExtension>
        </extensions>
      </trkpt>
      <trkpt lat="29.7103379946" lon="106.512980824">
        <ele>199.8</ele>
        <time>2026-08-30T09:54:05+0800</time>
        <extensions>
          <gpxtpx:TrackPointExtension>
            <gpxtpx:hr>164</gpxtpx:hr>
            <gpxtpx:cad>45</gpxtpx:cad>
          </gpxtpx:TrackPointExtension>
        </extensions>
      </trkpt>
      <trkpt lat="29.7103315406" lon="106.512974203">
        <ele>199.8</ele>
        <time>2026-08-30T09:54:06+0800</time>
        <extensions>
          <gpxtpx:TrackPointExtension>
            <gpxtpx:hr>163</gpxtpx:hr>
            <gpxtpx:cad>45</gpxtpx:cad>
          </gpxtpx:TrackPointExtension>
        </extensions>
      </trkpt>
      <trkpt lat="29.7103275172" lon="106.512973532">
        <ele>199.8</ele>
        <time>2026-08-30T09:54:07+0800</time>
        <extensions>
          <gpxtpx:TrackPointExtension>
            <gpxtpx:hr>163</gpxtpx:hr>
            <gpxtpx:cad>0</gpxtpx:cad>
          </gpxtpx:TrackPointExtension>
        </extensions>
      </trkpt>
      <trkpt lat="29.7103313729" lon="106.512990212">
        <ele>200.0</ele>
        <time>2026-08-30T09:54:10+0800</time>
        <extensions>
          <gpxtpx:TrackPointExtension>
            <gpxtpx:hr>162</gpxtpx:hr>
            <gpxtpx:cad>55</gpxtpx:cad>
          </gpxtpx:TrackPointExtension>
        </extensions>
      </trkpt>
      <trkpt lat="29.7103274334" lon="106.51299105">
        <ele>200.0</ele>
        <time>2026-08-30T09:54:12+0800</time>
        <extensions>
          <gpxtpx:TrackPointExtension>
            <gpxtpx:hr>161</gpxtpx:hr>
            <gpxtpx:cad>0</gpxtpx:cad>
          </gpxtpx:TrackPointExtension>
        </extensions>
      </trkpt>
      <trkpt lat="29.7103193868" lon="106.512985351">
        <ele>200.0</ele>
        <time>2026-08-30T09:54:13+0800</time>
        <extensions>
          <gpxtpx:TrackPointExtension>
            <gpxtpx:hr>161</gpxtpx:hr>
            <gpxtpx:cad>58</gpxtpx:cad>
          </gpxtpx:TrackPointExtension>
        </extensions>
      </trkpt>
      <trkpt lat="29.7103085741" lon="106.51298007">
        <ele>200.0</ele>
        <time>2026-08-30T09:54:14+0800</time>
        <extensions>
          <gpxtpx:TrackPointExtension>
            <gpxtpx:hr>160</gpxtpx:hr>
            <gpxtpx:cad>58</gpxtpx:cad>
          </gpxtpx:TrackPointExtension>
        </extensions>
      </trkpt>
      <trkpt lat="29.7102975938" lon="106.512974286">
        <ele>200.0</ele>
        <time>2026-08-30T09:54:15+0800</time>
        <extensions>
          <gpxtpx:TrackPointExtension>
            <gpxtpx:hr>159</gpxtpx:hr>
            <gpxtpx:cad>58</gpxtpx:cad>
          </gpxtpx:TrackPointExtension>
        </extensions>
      </trkpt>
      <trkpt lat="29.7102824226" lon="106.51296691">
        <ele>200.0</ele>
        <time>2026-08-30T09:54:16+0800</time>
        <extensions>
          <gpxtpx:TrackPointExtension>
            <gpxtpx:hr>159</gpxtpx:hr>
            <gpxtpx:cad>79</gpxtpx:cad>
          </gpxtpx:TrackPointExtension>
        </extensions>
      </trkpt>
      <trkpt lat="29.7102669161" lon="106.512960372">
        <ele>200.0</ele>
        <time>2026-08-30T09:54:17+0800</time>
        <extensions>
          <gpxtpx:TrackPointExtension>
            <gpxtpx:hr>159</gpxtpx:hr>
            <gpxtpx:cad>82</gpxtpx:cad>
          </gpxtpx:TrackPointExtension>
        </extensions>
      </trkpt>
      <trkpt lat="29.7102561034" lon="106.512956852">
        <ele>200.0</ele>
        <time>2026-08-30T09:54:18+0800</time>
        <extensions>
          <gpxtpx:TrackPointExtension>
            <gpxtpx:hr>159</gpxtpx:hr>
            <gpxtpx:cad>82</gpxtpx:cad>
          </gpxtpx:TrackPointExtension>
        </extensions>
      </trkpt>
      <trkpt lat="29.7102367412" lon="106.512956349">
        <ele>200.2</ele>
        <time>2026-08-30T09:54:19+0800</time>
        <extensions>
          <gpxtpx:TrackPointExtension>
            <gpxtpx:hr>159</gpxtpx:hr>
            <gpxtpx:cad>82</gpxtpx:cad>
          </gpxtpx:TrackPointExtension>
        </extensions>
      </trkpt>
      <trkpt lat="29.7102216538" lon="106.512950566">
        <ele>200.2</ele>
        <time>2026-08-30T09:54:20+0800</time>
        <extensions>
          <gpxtpx:TrackPointExtension>
            <gpxtpx:hr>160</gpxtpx:hr>
            <gpxtpx:cad>82</gpxtpx:cad>
          </gpxtpx:TrackPointExtension>
        </extensions>
      </trkpt>
      <trkpt lat="29.7102120146" lon="106.512948805">
        <ele>200.2</ele>
        <time>2026-08-30T09:54:21+0800</time>
        <extensions>
          <gpxtpx:TrackPointExtension>
            <gpxtpx:hr>160</gpxtpx:hr>
            <gpxtpx:cad>81</gpxtpx:cad>
          </gpxtpx:TrackPointExtension>
        </extensions>
      </trkpt>
      <trkpt lat="29.7101962566" lon="106.512941848">
        <ele>200.2</ele>
        <time>2026-08-30T09:54:22+0800</time>
        <extensions>
          <gpxtpx:TrackPointExtension>
            <gpxtpx:hr>160</gpxtpx:hr>
            <gpxtpx:cad>81</gpxtpx:cad>
          </gpxtpx:TrackPointExtension>
        </extensions>
      </trkpt>
      <trkpt lat="29.7101828456" lon="106.512935478">
        <ele>200.2</ele>
        <time>2026-08-30T09:54:23+0800</time>
        <extensions>
          <gpxtpx:TrackPointExtension>
            <gpxtpx:hr>160</gpxtpx:hr>
            <gpxtpx:cad>81</gpxtpx:cad>
          </gpxtpx:TrackPointExtension>
        </extensions>
      </trkpt>
      <trkpt lat="29.7101700213" lon="106.512933886">
        <ele>200.0</ele>
        <time>2026-08-30T09:54:24+0800</time>
        <extensions>
          <gpxtpx:TrackPointExtension>
            <gpxtpx:hr>160</gpxtpx:hr>
            <gpxtpx:cad>81</gpxtpx:cad>
          </gpxtpx:TrackPointExtension>
        </extensions>
      </trkpt>
      <trkpt lat="29.710155772" lon="106.51292542">
        <ele>200.0</ele>
        <time>2026-08-30T09:54:25+0800</time>
        <extensions>
          <gpxtpx:TrackPointExtension>
            <gpxtpx:hr>160</gpxtpx:hr>
            <gpxtpx:cad>82</gpxtpx:cad>
          </gpxtpx:TrackPointExtension>
        </extensions>
      </trkpt>
      <trkpt lat="29.7101436183" lon="106.51292148">
        <ele>200.0</ele>
        <time>2026-08-30T09:54:26+0800</time>
        <extensions>
          <gpxtpx:TrackPointExtension>
            <gpxtpx:hr>160</gpxtpx:hr>
            <gpxtpx:cad>82</gpxtpx:cad>
          </gpxtpx:TrackPointExtension>
        </extensions>
      </trkpt>
      <trkpt lat="29.7101257648" lon="106.512910081">
        <ele>200.0</ele>
        <time>2026-08-30T09:54:27+0800</time>
        <extensions>
          <gpxtpx:TrackPointExtension>
            <gpxtpx:hr>160</gpxtpx:hr>
            <gpxtpx:cad>82</gpxtpx:cad>
          </gpxtpx:TrackPointExtension>
        </extensions>
      </trkpt>
      <trkpt lat="29.7101132758" lon="106.51290061">
        <ele>200.0</ele>
        <time>2026-08-30T09:54:28+0800</time>
        <extensions>
          <gpxtpx:TrackPointExtension>
            <gpxtpx:hr>160</gpxtpx:hr>
            <gpxtpx:cad>82</gpxtpx:cad>
          </gpxtpx:TrackPointExtension>
        </extensions>
      </trkpt>
      <trkpt lat="29.7101027984" lon="106.512893485">
        <ele>200.0</ele>
        <time>2026-08-30T09:54:29+0800</time>
        <extensions>
          <gpxtpx:TrackPointExtension>
            <gpxtpx:hr>159</gpxtpx:hr>
            <gpxtpx:cad>82</gpxtpx:cad>
          </gpxtpx:TrackPointExtension>
        </extensions>
      </trkpt>
      <trkpt lat="29.7100871243" lon="106.51288284">
        <ele>200.2</ele>
        <time>2026-08-30T09:54:30+0800</time>
        <extensions>
          <gpxtpx:TrackPointExtension>
            <gpxtpx:hr>159</gpxtpx:hr>
            <gpxtpx:cad>82</gpxtpx:cad>
          </gpxtpx:TrackPointExtension>
        </extensions>
      </trkpt>
      <trkpt lat="29.710077988" lon="106.512875631">
        <ele>200.2</ele>
        <time>2026-08-30T09:54:31+0800</time>
        <extensions>
          <gpxtpx:TrackPointExtension>
            <gpxtpx:hr>158</gpxtpx:hr>
            <gpxtpx:cad>83</gpxtpx:cad>
          </gpxtpx:TrackPointExtension>
        </extensions>
      </trkpt>
      <trkpt lat="29.7100632358" lon="106.512864064">
        <ele>200.2</ele>
        <time>2026-08-30T09:54:32+0800</time>
        <extensions>
          <gpxtpx:TrackPointExtension>
            <gpxtpx:hr>157</gpxtpx:hr>
            <gpxtpx:cad>83</gpxtpx:cad>
          </gpxtpx:TrackPointExtension>
        </extensions>
      </trkpt>
      <trkpt lat="29.7100518364" lon="106.512853084">
        <ele>200.2</ele>
        <time>2026-08-30T09:54:33+0800</time>
        <extensions>
          <gpxtpx:TrackPointExtension>
            <gpxtpx:hr>153</gpxtpx:hr>
            <gpxtpx:cad>83</gpxtpx:cad>
          </gpxtpx:TrackPointExtension>
        </extensions>
      </trkpt>
      <trkpt lat="29.7100424487" lon="106.512848726">
        <ele>200.2</ele>
        <time>2026-08-30T09:54:34+0800</time>
        <extensions>
          <gpxtpx:TrackPointExtension>
            <gpxtpx:hr>151</gpxtpx:hr>
            <gpxtpx:cad>83</gpxtpx:cad>
          </gpxtpx:TrackPointExtension>
        </extensions>
      </trkpt>
      <trkpt lat="29.7100345697" lon="106.512835398">
        <ele>200.2</ele>
        <time>2026-08-30T09:54:35+0800</time>
        <extensions>
          <gpxtpx:TrackPointExtension>
            <gpxtpx:hr>151</gpxtpx:hr>
            <gpxtpx:cad>83</gpxtpx:cad>
          </gpxtpx:TrackPointExtension>
        </extensions>
      </trkpt>
      <trkpt lat="29.7100207396" lon="106.51283104">
        <ele>200.2</ele>
        <time>2026-08-30T09:54:36+0800</time>
        <extensions>
          <gpxtpx:TrackPointExtension>
            <gpxtpx:hr>151</gpxtpx:hr>
            <gpxtpx:cad>83</gpxtpx:cad>
          </gpxtpx:TrackPointExtension>
        </extensions>
      </trkpt>
      <trkpt lat="29.7100021318" lon="106.512824418">
        <ele>200.2</ele>
        <time>2026-08-30T09:54:37+0800</time>
        <extensions>
          <gpxtpx:TrackPointExtension>
            <gpxtpx:hr>150</gpxtpx:hr>
            <gpxtpx:cad>83</gpxtpx:cad>
          </gpxtpx:TrackPointExtension>
        </extensions>
      </trkpt>
      <trkpt lat="29.7099906486" lon="106.512810001">
        <ele>200.2</ele>
        <time>2026-08-30T09:54:38+0800</time>
        <extensions>
          <gpxtpx:TrackPointExtension>
            <gpxtpx:hr>150</gpxtpx:hr>
            <gpxtpx:cad>83</gpxtpx:cad>
          </gpxtpx:TrackPointExtension>
        </extensions>
      </trkpt>
      <trkpt lat="29.7099800874" lon="106.512806648">
        <ele>200.4</ele>
        <time>2026-08-30T09:54:39+0800</time>
        <extensions>
          <gpxtpx:TrackPointExtension>
            <gpxtpx:hr>150</gpxtpx:hr>
            <gpxtpx:cad>83</gpxtpx:cad>
          </gpxtpx:TrackPointExtension>
        </extensions>
      </trkpt>
      <trkpt lat="29.7099665925" lon="106.512802793">
        <ele>200.4</ele>
        <time>2026-08-30T09:54:40+0800</time>
        <extensions>
          <gpxtpx:TrackPointExtension>
            <gpxtpx:hr>149</gpxtpx:hr>
            <gpxtpx:cad>82</gpxtpx:cad>
          </gpxtpx:TrackPointExtension>
        </extensions>
      </trkpt>
      <trkpt lat="29.7099555284" lon="106.512785694">
        <ele>200.2</ele>
        <time>2026-08-30T09:54:41+0800</time>
        <extensions>
          <gpxtpx:TrackPointExtension>
            <gpxtpx:hr>149</gpxtpx:hr>
            <gpxtpx:cad>82</gpxtpx:cad>
          </gpxtpx:TrackPointExtension>
        </extensions>
      </trkpt>
      <trkpt lat="29.7099480685" lon="106.512773708">
        <ele>200.2</ele>
        <time>2026-08-30T09:54:42+0800</time>
        <extensions>
          <gpxtpx:TrackPointExtension>
            <gpxtpx:hr>148</gpxtpx:hr>
            <gpxtpx:cad>82</gpxtpx:cad>
          </gpxtpx:TrackPointExtension>
        </extensions>
      </trkpt>
      <trkpt lat="29.7099401895" lon="106.512761302">
        <ele>200.4</ele>
        <time>2026-08-30T09:54:43+0800</time>
        <extensions>
          <gpxtpx:TrackPointExtension>
            <gpxtpx:hr>148</gpxtpx:hr>
            <gpxtpx:cad>82</gpxtpx:cad>
          </gpxtpx:TrackPointExtension>
        </extensions>
      </trkpt>
      <trkpt lat="29.7099377587" lon="106.512751244">
        <ele>200.2</ele>
        <time>2026-08-30T09:54:44+0800</time>
        <extensions>
          <gpxtpx:TrackPointExtension>
            <gpxtpx:hr>147</gpxtpx:hr>
            <gpxtpx:cad>82</gpxtpx:cad>
          </gpxtpx:TrackPointExtension>
        </extensions>
      </trkpt>
      <trkpt lat="29.7099350765" lon="106.512742694">
        <ele>200.2</ele>
        <time>2026-08-30T09:54:45+0800</time>
        <extensions>
          <gpxtpx:TrackPointExtension>
            <gpxtpx:hr>147</gpxtpx:hr>
            <gpxtpx:cad>82</gpxtpx:cad>
          </gpxtpx:TrackPointExtension>
        </extensions>
      </trkpt>
      <trkpt lat="29.7099280357" lon="106.512735486">
        <ele>200.2</ele>
        <time>2026-08-30T09:54:46+0800</time>
        <extensions>
          <gpxtpx:TrackPointExtension>
            <gpxtpx:hr>147</gpxtpx:hr>
            <gpxtpx:cad>82</gpxtpx:cad>
          </gpxtpx:TrackPointExtension>
        </extensions>
      </trkpt>
      <trkpt lat="29.709918648" lon="106.512726098">
        <ele>200.2</ele>
        <time>2026-08-30T09:54:47+0800</time>
        <extensions>
          <gpxtpx:TrackPointExtension>
            <gpxtpx:hr>147</gpxtpx:hr>
            <gpxtpx:cad>81</gpxtpx:cad>
          </gpxtpx:TrackPointExtension>
        </extensions>
      </trkpt>
      <trkpt lat="29.7099091765" lon="106.512718135">
        <ele>200.0</ele>
        <time>2026-08-30T09:54:48+0800</time>
        <extensions>
          <gpxtpx:TrackPointExtension>
            <gpxtpx:hr>146</gpxtpx:hr>
            <gpxtpx:cad>81</gpxtpx:cad>
          </gpxtpx:TrackPointExtension>
        </extensions>
      </trkpt>
      <trkpt lat="29.709896436" lon="106.512705479">
        <ele>200.0</ele>
        <time>2026-08-30T09:54:49+0800</time>
        <extensions>
          <gpxtpx:TrackPointExtension>
            <gpxtpx:hr>146</gpxtpx:hr>
            <gpxtpx:cad>81</gpxtpx:cad>
          </gpxtpx:TrackPointExtension>
        </extensions>
      </trkpt>
      <trkpt lat="29.7098841146" lon="106.512696007">
        <ele>199.8</ele>
        <time>2026-08-30T09:54:50+0800</time>
        <extensions>
          <gpxtpx:TrackPointExtension>
            <gpxtpx:hr>146</gpxtpx:hr>
            <gpxtpx:cad>81</gpxtpx:cad>
          </gpxtpx:TrackPointExtension>
        </extensions>
      </trkpt>
      <trkpt lat="29.7098698653" lon="106.512681423">
        <ele>199.8</ele>
        <time>2026-08-30T09:54:51+0800</time>
        <extensions>
          <gpxtpx:TrackPointExtension>
            <gpxtpx:hr>145</gpxtpx:hr>
            <gpxtpx:cad>81</gpxtpx:cad>
          </gpxtpx:TrackPointExtension>
        </extensions>
      </trkpt>
      <trkpt lat="29.7098599747" lon="106.512666419">
        <ele>199.8</ele>
        <time>2026-08-30T09:54:52+0800</time>
        <extensions>
          <gpxtpx:TrackPointExtension>
            <gpxtpx:hr>145</gpxtpx:hr>
            <gpxtpx:cad>81</gpxtpx:cad>
          </gpxtpx:TrackPointExtension>
        </extensions>
      </trkpt>
      <trkpt lat="29.7098504193" lon="106.512657367">
        <ele>199.8</ele>
        <time>2026-08-30T09:54:53+0800</time>
        <extensions>
          <gpxtpx:TrackPointExtension>
            <gpxtpx:hr>145</gpxtpx:hr>
            <gpxtpx:cad>83</gpxtpx:cad>
          </gpxtpx:TrackPointExtension>
        </extensions>
      </trkpt>
      <trkpt lat="29.7098383494" lon="106.512638759">
        <ele>199.6</ele>
        <time>2026-08-30T09:54:54+0800</time>
        <extensions>
          <gpxtpx:TrackPointExtension>
            <gpxtpx:hr>146</gpxtpx:hr>
            <gpxtpx:cad>83</gpxtpx:cad>
          </gpxtpx:TrackPointExtension>
        </extensions>
      </trkpt>
      <trkpt lat="29.709830638" lon="106.512625264">
        <ele>199.6</ele>
        <time>2026-08-30T09:54:55+0800</time>
        <extensions>
          <gpxtpx:TrackPointExtension>
            <gpxtpx:hr>146</gpxtpx:hr>
            <gpxtpx:cad>83</gpxtpx:cad>
          </gpxtpx:TrackPointExtension>
        </extensions>
      </trkpt>
      <trkpt lat="29.7098204121" lon="106.512613362">
        <ele>199.4</ele>
        <time>2026-08-30T09:54:56+0800</time>
        <extensions>
          <gpxtpx:TrackPointExtension>
            <gpxtpx:hr>146</gpxtpx:hr>
            <gpxtpx:cad>83</gpxtpx:cad>
          </gpxtpx:TrackPointExtension>
        </extensions>
      </trkpt>
      <trkpt lat="29.70981027" lon="106.512598861">
        <ele>199.4</ele>
        <time>2026-08-30T09:54:57+0800</time>
        <extensions>
          <gpxtpx:TrackPointExtension>
            <gpxtpx:hr>146</gpxtpx:hr>
            <gpxtpx:cad>82</gpxtpx:cad>
          </gpxtpx:TrackPointExtension>
        </extensions>
      </trkpt>
      <trkpt lat="29.7098008823" lon="106.512589809">
        <ele>199.4</ele>
        <time>2026-08-30T09:54:58+0800</time>
        <extensions>
          <gpxtpx:TrackPointExtension>
            <gpxtpx:hr>146</gpxtpx:hr>
            <gpxtpx:cad>82</gpxtpx:cad>
          </gpxtpx:TrackPointExtension>
        </extensions>
      </trkpt>
      <trkpt lat="29.7097919974" lon="106.512573883">
        <ele>199.2</ele>
        <time>2026-08-30T09:54:59+0800</time>
        <extensions>
          <gpxtpx:TrackPointExtension>
            <gpxtpx:hr>147</gpxtpx:hr>
            <gpxtpx:cad>82</gpxtpx:cad>
          </gpxtpx:TrackPointExtension>
        </extensions>
      </trkpt>
      <trkpt lat="29.7097854596" lon="106.512561142">
        <ele>199.2</ele>
        <time>2026-08-30T09:55:00+0800</time>
        <extensions>
          <gpxtpx:TrackPointExtension>
            <gpxtpx:hr>146</gpxtpx:hr>
            <gpxtpx:cad>82</gpxtpx:cad>
          </gpxtpx:TrackPointExtension>
        </extensions>
      </trkpt>
      <trkpt lat="29.7097766586" lon="106.512550665">
        <ele>199.2</ele>
        <time>2026-08-30T09:55:01+0800</time>
        <extensions>
          <gpxtpx:TrackPointExtension>
            <gpxtpx:hr>145</gpxtpx:hr>
            <gpxtpx:cad>82</gpxtpx:cad>
          </gpxtpx:TrackPointExtension>
        </extensions>
      </trkpt>
      <trkpt lat="29.7097646724" lon="106.512532057">
        <ele>199.0</ele>
        <time>2026-08-30T09:55:02+0800</time>
        <extensions>
          <gpxtpx:TrackPointExtension>
            <gpxtpx:hr>145</gpxtpx:hr>
            <gpxtpx:cad>82</gpxtpx:cad>
          </gpxtpx:TrackPointExtension>
        </extensions>
      </trkpt>
      <trkpt lat="29.7097560391" lon="106.512520239">
        <ele>198.8</ele>
        <time>2026-08-30T09:55:03+0800</time>
        <extensions>
          <gpxtpx:TrackPointExtension>
            <gpxtpx:hr>144</gpxtpx:hr>
            <gpxtpx:cad>81</gpxtpx:cad>
          </gpxtpx:TrackPointExtension>
        </extensions>
      </trkpt>
      <trkpt lat="29.7097460646" lon="106.512508588">
        <ele>198.8</ele>
        <time>2026-08-30T09:55:04+0800</time>
        <extensions>
          <gpxtpx:TrackPointExtension>
            <gpxtpx:hr>144</gpxtpx:hr>
            <gpxtpx:cad>81</gpxtpx:cad>
          </gpxtpx:TrackPointExtension>
        </extensions>
      </trkpt>
      <trkpt lat="29.7097369283" lon="106.512494422">
        <ele>198.8</ele>
        <time>2026-08-30T09:55:05+0800</time>
        <extensions>
          <gpxtpx:TrackPointExtension>
            <gpxtpx:hr>144</gpxtpx:hr>
            <gpxtpx:cad>81</gpxtpx:cad>
          </gpxtpx:TrackPointExtension>
        </extensions>
      </trkpt>
      <trkpt lat="29.7097282112" lon="106.512484532">
        <ele>198.6</ele>
        <time>2026-08-30T09:55:06+0800</time>
        <extensions>
          <gpxtpx:TrackPointExtension>
            <gpxtpx:hr>144</gpxtpx:hr>
            <gpxtpx:cad>82</gpxtpx:cad>
          </gpxtpx:TrackPointExtension>
        </extensions>
      </trkpt>
      <trkpt lat="29.7097152192" lon="106.512471708">
        <ele>198.6</ele>
        <time>2026-08-30T09:55:07+0800</time>
        <extensions>
          <gpxtpx:TrackPointExtension>
            <gpxtpx:hr>144</gpxtpx:hr>
            <gpxtpx:cad>82</gpxtpx:cad>
          </gpxtpx:TrackPointExtension>
        </extensions>
      </trkpt>
      <trkpt lat="29.709703736" lon="106.512457374">
        <ele>198.6</ele>
        <time>2026-08-30T09:55:08+0800</time>
        <extensions>
          <gpxtpx:TrackPointExtension>
            <gpxtpx:hr>143</gpxtpx:hr>
            <gpxtpx:cad>82</gpxtpx:cad>
          </gpxtpx:TrackPointExtension>
        </extensions>
      </trkpt>
      <trkpt lat="29.7096891515" lon="106.512446478">
        <ele>198.6</ele>
        <time>2026-08-30T09:55:09+0800</time>
        <extensions>
          <gpxtpx:TrackPointExtension>
            <gpxtpx:hr>143</gpxtpx:hr>
            <gpxtpx:cad>82</gpxtpx:cad>
          </gpxtpx:TrackPointExtension>
        </extensions>
      </trkpt>
      <trkpt lat="29.7096713819" lon="106.512429295">
        <ele>198.4</ele>
        <time>2026-08-30T09:55:10+0800</time>
        <extensions>
          <gpxtpx:TrackPointExtension>
            <gpxtpx:hr>142</gpxtpx:hr>
            <gpxtpx:cad>82</gpxtpx:cad>
          </gpxtpx:TrackPointExtension>
        </extensions>
      </trkpt>
      <trkpt lat="29.7096562944" lon="106.51241756">
        <ele>198.4</ele>
        <time>2026-08-30T09:55:11+0800</time>
        <extensions>
          <gpxtpx:TrackPointExtension>
            <gpxtpx:hr>141</gpxtpx:hr>
            <gpxtpx:cad>83</gpxtpx:cad>
          </gpxtpx:TrackPointExtension>
        </extensions>
      </trkpt>
      <trkpt lat="29.7096370999" lon="106.51240373">
        <ele>198.4</ele>
        <time>2026-08-30T09:55:12+0800</time>
        <extensions>
          <gpxtpx:TrackPointExtension>
            <gpxtpx:hr>141</gpxtpx:hr>
            <gpxtpx:cad>84</gpxtpx:cad>
          </gpxtpx:TrackPointExtension>
        </extensions>
      </trkpt>
      <trkpt lat="29.7096240241" lon="106.512392918">
        <ele>198.2</ele>
        <time>2026-08-30T09:55:13+0800</time>
        <extensions>
          <gpxtpx:TrackPointExtension>
            <gpxtpx:hr>141</gpxtpx:hr>
            <gpxtpx:cad>84</gpxtpx:cad>
          </gpxtpx:TrackPointExtension>
        </extensions>
      </trkpt>
      <trkpt lat="29.7096123733" lon="106.512383614">
        <ele>198.2</ele>
        <time>2026-08-30T09:55:14+0800</time>
        <extensions>
          <gpxtpx:TrackPointExtension>
            <gpxtpx:hr>141</gpxtpx:hr>
            <gpxtpx:cad>84</gpxtpx:cad>
          </gpxtpx:TrackPointExtension>
        </extensions>
      </trkpt>
      <trkpt lat="29.7096000519" lon="106.512373388">
        <ele>198.2</ele>
        <time>2026-08-30T09:55:15+0800</time>
        <extensions>
          <gpxtpx:TrackPointExtension>
            <gpxtpx:hr>141</gpxtpx:hr>
            <gpxtpx:cad>84</gpxtpx:cad>
          </gpxtpx:TrackPointExtension>
        </extensions>
      </trkpt>
      <trkpt lat="29.709589323" lon="106.512365509">
        <ele>198.2</ele>
        <time>2026-08-30T09:55:16+0800</time>
        <extensions>
          <gpxtpx:TrackPointExtension>
            <gpxtpx:hr>141</gpxtpx:hr>
            <gpxtpx:cad>84</gpxtpx:cad>
          </gpxtpx:TrackPointExtension>
        </extensions>
      </trkpt>
      <trkpt lat="29.7095756605" lon="106.51235763">
        <ele>198.2</ele>
        <time>2026-08-30T09:55:17+0800</time>
        <extensions>
          <gpxtpx:TrackPointExtension>
            <gpxtpx:hr>141</gpxtpx:hr>
            <gpxtpx:cad>83</gpxtpx:cad>
          </gpxtpx:TrackPointExtension>
        </extensions>
      </trkpt>
      <trkpt lat="29.709564345" lon="106.512349918">
        <ele>198.2</ele>
        <time>2026-08-30T09:55:18+0800</time>
        <extensions>
          <gpxtpx:TrackPointExtension>
            <gpxtpx:hr>141</gpxtpx:hr>
            <gpxtpx:cad>82</gpxtpx:cad>
          </gpxtpx:TrackPointExtension>
        </extensions>
      </trkpt>
      <trkpt lat="29.7095542029" lon="106.512344554">
        <ele>198.2</ele>
        <time>2026-08-30T09:55:19+0800</time>
        <extensions>
          <gpxtpx:TrackPointExtension>
            <gpxtpx:hr>141</gpxtpx:hr>
            <gpxtpx:cad>82</gpxtpx:cad>
          </gpxtpx:TrackPointExtension>
        </extensions>
      </trkpt>
      <trkpt lat="29.7095386963" lon="106.512335837">
        <ele>198.0</ele>
        <time>2026-08-30T09:55:20+0800</time>
        <extensions>
          <gpxtpx:TrackPointExtension>
            <gpxtpx:hr>141</gpxtpx:hr>
            <gpxtpx:cad>82</gpxtpx:cad>
          </gpxtpx:TrackPointExtension>
        </extensions>
      </trkpt>
      <trkpt lat="29.7095270455" lon="106.512329048">
        <ele>198.0</ele>
        <time>2026-08-30T09:55:21+0800</time>
        <extensions>
          <gpxtpx:TrackPointExtension>
            <gpxtpx:hr>140</gpxtpx:hr>
            <gpxtpx:cad>83</gpxtpx:cad>
          </gpxtpx:TrackPointExtension>
        </extensions>
      </trkpt>
      <trkpt lat="29.7095132153" lon="106.512325024">
        <ele>198.0</ele>
        <time>2026-08-30T09:55:22+0800</time>
        <extensions>
          <gpxtpx:TrackPointExtension>
            <gpxtpx:hr>141</gpxtpx:hr>
            <gpxtpx:cad>83</gpxtpx:cad>
          </gpxtpx:TrackPointExtension>
        </extensions>
      </trkpt>
      <trkpt lat="29.7094977088" lon="106.512318654">
        <ele>198.0</ele>
        <time>2026-08-30T09:55:23+0800</time>
        <extensions>
          <gpxtpx:TrackPointExtension>
            <gpxtpx:hr>141</gpxtpx:hr>
            <gpxtpx:cad>83</gpxtpx:cad>
          </gpxtpx:TrackPointExtension>
        </extensions>
      </trkpt>
      <trkpt lat="29.7094854712" lon="106.512314882">
        <ele>198.0</ele>
        <time>2026-08-30T09:55:24+0800</time>
        <extensions>
          <gpxtpx:TrackPointExtension>
            <gpxtpx:hr>141</gpxtpx:hr>
            <gpxtpx:cad>83</gpxtpx:cad>
          </gpxtpx:TrackPointExtension>
        </extensions>
      </trkpt>
      <trkpt lat="29.7094702162" lon="106.512309769">
        <ele>198.0</ele>
        <time>2026-08-30T09:55:25+0800</time>
        <extensions>
          <gpxtpx:TrackPointExtension>
            <gpxtpx:hr>141</gpxtpx:hr>
            <gpxtpx:cad>82</gpxtpx:cad>
          </gpxtpx:TrackPointExtension>
        </extensions>
      </trkpt>
      <trkpt lat="29.7094573081" lon="106.512303567">
        <ele>198.0</ele>
        <time>2026-08-30T09:55:26+0800</time>
        <extensions>
          <gpxtpx:TrackPointExtension>
            <gpxtpx:hr>141</gpxtpx:hr>
            <gpxtpx:cad>83</gpxtpx:cad>
          </gpxtpx:TrackPointExtension>
        </extensions>
      </trkpt>
      <trkpt lat="29.7094469983" lon="106.512302142">
        <ele>198.0</ele>
        <time>2026-08-30T09:55:27+0800</time>
        <extensions>
          <gpxtpx:TrackPointExtension>
            <gpxtpx:hr>142</gpxtpx:hr>
            <gpxtpx:cad>82</gpxtpx:cad>
          </gpxtpx:TrackPointExtension>
        </extensions>
      </trkpt>
      <trkpt lat="29.709433252" lon="106.512303231">
        <ele>198.0</ele>
        <time>2026-08-30T09:55:28+0800</time>
        <extensions>
          <gpxtpx:TrackPointExtension>
            <gpxtpx:hr>141</gpxtpx:hr>
            <gpxtpx:cad>82</gpxtpx:cad>
          </gpxtpx:TrackPointExtension>
        </extensions>
      </trkpt>
      <trkpt lat="29.7094190028" lon="106.512303315">
        <ele>198.0</ele>
        <time>2026-08-30T09:55:29+0800</time>
        <extensions>
          <gpxtpx:TrackPointExtension>
            <gpxtpx:hr>142</gpxtpx:hr>
            <gpxtpx:cad>81</gpxtpx:cad>
          </gpxtpx:TrackPointExtension>
        </extensions>
      </trkpt>
      <trkpt lat="29.7094076034" lon="106.512303902">
        <ele>198.0</ele>
        <time>2026-08-30T09:55:30+0800</time>
        <extensions>
          <gpxtpx:TrackPointExtension>
            <gpxtpx:hr>142</gpxtpx:hr>
            <gpxtpx:cad>80</gpxtpx:cad>
          </gpxtpx:TrackPointExtension>
        </extensions>
      </trkpt>
      <trkpt lat="29.7093897499" lon="106.512304237">
        <ele>198.0</ele>
        <time>2026-08-30T09:55:31+0800</time>
        <extensions>
          <gpxtpx:TrackPointExtension>
            <gpxtpx:hr>142</gpxtpx:hr>
            <gpxtpx:cad>80</gpxtpx:cad>
          </gpxtpx:TrackPointExtension>
        </extensions>
      </trkpt>
      <trkpt lat="29.7093757521" lon="106.512303567">
        <ele>198.0</ele>
        <time>2026-08-30T09:55:32+0800</time>
        <extensions>
          <gpxtpx:TrackPointExtension>
            <gpxtpx:hr>141</gpxtpx:hr>
            <gpxtpx:cad>80</gpxtpx:cad>
          </gpxtpx:TrackPointExtension>
        </extensions>
      </trkpt>
      <trkpt lat="29.7093594912" lon="106.512305075">
        <ele>198.0</ele>
        <time>2026-08-30T09:55:33+0800</time>
        <extensions>
          <gpxtpx:TrackPointExtension>
            <gpxtpx:hr>141</gpxtpx:hr>
            <gpxtpx:cad>80</gpxtpx:cad>
          </gpxtpx:TrackPointExtension>
        </extensions>
      </trkpt>
      <trkpt lat="29.7093407158" lon="106.512302393">
        <ele>198.0</ele>
        <time>2026-08-30T09:55:34+0800</time>
        <extensions>
          <gpxtpx:TrackPointExtension>
            <gpxtpx:hr>141</gpxtpx:hr>
            <gpxtpx:cad>81</gpxtpx:cad>
          </gpxtpx:TrackPointExtension>
        </extensions>
      </trkpt>
      <trkpt lat="29.7093288973" lon="106.512302896">
        <ele>198.0</ele>
        <time>2026-08-30T09:55:35+0800</time>
        <extensions>
          <gpxtpx:TrackPointExtension>
            <gpxtpx:hr>142</gpxtpx:hr>
            <gpxtpx:cad>82</gpxtpx:cad>
          </gpxtpx:TrackPointExtension>
        </extensions>
      </trkpt>
      <trkpt lat="29.7093104571" lon="106.512305578">
        <ele>198.2</ele>
        <time>2026-08-30T09:55:36+0800</time>
        <extensions>
          <gpxtpx:TrackPointExtension>
            <gpxtpx:hr>142</gpxtpx:hr>
            <gpxtpx:cad>83</gpxtpx:cad>
          </gpxtpx:TrackPointExtension>
        </extensions>
      </trkpt>
      <trkpt lat="29.70929428" lon="106.512306584">
        <ele>198.2</ele>
        <time>2026-08-30T09:55:37+0800</time>
        <extensions>
          <gpxtpx:TrackPointExtension>
            <gpxtpx:hr>142</gpxtpx:hr>
            <gpxtpx:cad>83</gpxtpx:cad>
          </gpxtpx:TrackPointExtension>
        </extensions>
      </trkpt>
      <trkpt lat="29.7092847247" lon="106.512310021">
        <ele>198.2</ele>
        <time>2026-08-30T09:55:38+0800</time>
        <extensions>
          <gpxtpx:TrackPointExtension>
            <gpxtpx:hr>142</gpxtpx:hr>
            <gpxtpx:cad>83</gpxtpx:cad>
          </gpxtpx:TrackPointExtension>
        </extensions>
      </trkpt>
      <trkpt lat="29.7092700563" lon="106.512318403">
        <ele>198.2</ele>
        <time>2026-08-30T09:55:39+0800</time>
        <extensions>
          <gpxtpx:TrackPointExtension>
            <gpxtpx:hr>143</gpxtpx:hr>
            <gpxtpx:cad>83</gpxtpx:cad>
          </gpxtpx:TrackPointExtension>
        </extensions>
      </trkpt>
      <trkpt lat="29.7092584893" lon="106.512323348">
        <ele>198.2</ele>
        <time>2026-08-30T09:55:40+0800</time>
        <extensions>
          <gpxtpx:TrackPointExtension>
            <gpxtpx:hr>143</gpxtpx:hr>
            <gpxtpx:cad>82</gpxtpx:cad>
          </gpxtpx:TrackPointExtension>
        </extensions>
      </trkpt>
      <trkpt lat="29.7092439886" lon="106.512327706">
        <ele>198.2</ele>
        <time>2026-08-30T09:55:41+0800</time>
        <extensions>
          <gpxtpx:TrackPointExtension>
            <gpxtpx:hr>143</gpxtpx:hr>
            <gpxtpx:cad>82</gpxtpx:cad>
          </gpxtpx:TrackPointExtension>
        </extensions>
      </trkpt>
      <trkpt lat="29.7092279792" lon="106.512332736">
        <ele>198.4</ele>
        <time>2026-08-30T09:55:42+0800</time>
        <extensions>
          <gpxtpx:TrackPointExtension>
            <gpxtpx:hr>143</gpxtpx:hr>
            <gpxtpx:cad>81</gpxtpx:cad>
          </gpxtpx:TrackPointExtension>
        </extensions>
      </trkpt>
      <trkpt lat="29.7092152387" lon="106.512338519">
        <ele>198.4</ele>
        <time>2026-08-30T09:55:43+0800</time>
        <extensions>
          <gpxtpx:TrackPointExtension>
            <gpxtpx:hr>143</gpxtpx:hr>
            <gpxtpx:cad>81</gpxtpx:cad>
          </gpxtpx:TrackPointExtension>
        </extensions>
      </trkpt>
      <trkpt lat="29.7092017438" lon="106.512348158">
        <ele>198.4</ele>
        <time>2026-08-30T09:55:44+0800</time>
        <extensions>
          <gpxtpx:TrackPointExtension>
            <gpxtpx:hr>143</gpxtpx:hr>
            <gpxtpx:cad>82</gpxtpx:cad>
          </gpxtpx:TrackPointExtension>
        </extensions>
      </trkpt>
      <trkpt lat="29.7091886681" lon="106.512356037">
        <ele>198.6</ele>
        <time>2026-08-30T09:55:45+0800</time>
        <extensions>
          <gpxtpx:TrackPointExtension>
            <gpxtpx:hr>144</gpxtpx:hr>
            <gpxtpx:cad>83</gpxtpx:cad>
          </gpxtpx:TrackPointExtension>
        </extensions>
      </trkpt>
      <trkpt lat="29.7091792803" lon="106.512363665">
        <ele>198.6</ele>
        <time>2026-08-30T09:55:46+0800</time>
        <extensions>
          <gpxtpx:TrackPointExtension>
            <gpxtpx:hr>144</gpxtpx:hr>
            <gpxtpx:cad>83</gpxtpx:cad>
          </gpxtpx:TrackPointExtension>
        </extensions>
      </trkpt>
      <trkpt lat="29.7091637738" lon="106.512374729">
        <ele>198.8</ele>
        <time>2026-08-30T09:55:47+0800</time>
        <extensions>
          <gpxtpx:TrackPointExtension>
            <gpxtpx:hr>143</gpxtpx:hr>
            <gpxtpx:cad>83</gpxtpx:cad>
          </gpxtpx:TrackPointExtension>
        </extensions>
      </trkpt>
      <trkpt lat="29.7091534641" lon="106.512385625">
        <ele>198.8</ele>
        <time>2026-08-30T09:55:48+0800</time>
        <extensions>
          <gpxtpx:TrackPointExtension>
            <gpxtpx:hr>143</gpxtpx:hr>
            <gpxtpx:cad>82</gpxtpx:cad>
          </gpxtpx:TrackPointExtension>
        </extensions>
      </trkpt>
      <trkpt lat="29.7091454174" lon="106.512393504">
        <ele>198.8</ele>
        <time>2026-08-30T09:55:49+0800</time>
        <extensions>
          <gpxtpx:TrackPointExtension>
            <gpxtpx:hr>143</gpxtpx:hr>
            <gpxtpx:cad>82</gpxtpx:cad>
          </gpxtpx:TrackPointExtension>
        </extensions>
      </trkpt>
      <trkpt lat="29.7091305815" lon="106.512405323">
        <ele>198.8</ele>
        <time>2026-08-30T09:55:50+0800</time>
        <extensions>
          <gpxtpx:TrackPointExtension>
            <gpxtpx:hr>144</gpxtpx:hr>
            <gpxtpx:cad>82</gpxtpx:cad>
          </gpxtpx:TrackPointExtension>
        </extensions>
      </trkpt>
      <trkpt lat="29.709121529" lon="106.512413453">
        <ele>199.0</ele>
        <time>2026-08-30T09:55:51+0800</time>
        <extensions>
          <gpxtpx:TrackPointExtension>
            <gpxtpx:hr>143</gpxtpx:hr>
            <gpxtpx:cad>82</gpxtpx:cad>
          </gpxtpx:TrackPointExtension>
        </extensions>
      </trkpt>
      <trkpt lat="29.7091078665" lon="106.51242217">
        <ele>199.0</ele>
        <time>2026-08-30T09:55:52+0800</time>
        <extensions>
          <gpxtpx:TrackPointExtension>
            <gpxtpx:hr>143</gpxtpx:hr>
            <gpxtpx:cad>82</gpxtpx:cad>
          </gpxtpx:TrackPointExtension>
        </extensions>
      </trkpt>
      <trkpt lat="29.7090918571" lon="106.512426026">
        <ele>199.0</ele>
        <time>2026-08-30T09:55:53+0800</time>
        <extensions>
          <gpxtpx:TrackPointExtension>
            <gpxtpx:hr>143</gpxtpx:hr>
            <gpxtpx:cad>81</gpxtpx:cad>
          </gpxtpx:TrackPointExtension>
        </extensions>
      </trkpt>
      <trkpt lat="29.7090824693" lon="106.512432229">
        <ele>199.2</ele>
        <time>2026-08-30T09:55:54+0800</time>
        <extensions>
          <gpxtpx:TrackPointExtension>
            <gpxtpx:hr>144</gpxtpx:hr>
            <gpxtpx:cad>81</gpxtpx:cad>
          </gpxtpx:TrackPointExtension>
        </extensions>
      </trkpt>
      <trkpt lat="29.7090689745" lon="106.51243357">
        <ele>199.2</ele>
        <time>2026-08-30T09:55:55+0800</time>
        <extensions>
          <gpxtpx:TrackPointExtension>
            <gpxtpx:hr>144</gpxtpx:hr>
            <gpxtpx:cad>81</gpxtpx:cad>
          </gpxtpx:TrackPointExtension>
        </extensions>
      </trkpt>
      <trkpt lat="29.7090572398" lon="106.512433738">
        <ele>199.2</ele>
        <time>2026-08-30T09:55:56+0800</time>
        <extensions>
          <gpxtpx:TrackPointExtension>
            <gpxtpx:hr>144</gpxtpx:hr>
            <gpxtpx:cad>81</gpxtpx:cad>
          </gpxtpx:TrackPointExtension>
        </extensions>
      </trkpt>
      <trkpt lat="29.7090477683" lon="106.512436755">
        <ele>199.2</ele>
        <time>2026-08-30T09:55:57+0800</time>
        <extensions>
          <gpxtpx:TrackPointExtension>
            <gpxtpx:hr>144</gpxtpx:hr>
            <gpxtpx:cad>81</gpxtpx:cad>
          </gpxtpx:TrackPointExtension>
        </extensions>
      </trkpt>
      <trkpt lat="29.7090306692" lon="106.512438096">
        <ele>199.2</ele>
        <time>2026-08-30T09:55:58+0800</time>
        <extensions>
          <gpxtpx:TrackPointExtension>
            <gpxtpx:hr>145</gpxtpx:hr>
            <gpxtpx:cad>80</gpxtpx:cad>
          </gpxtpx:TrackPointExtension>
        </extensions>
      </trkpt>
      <trkpt lat="29.7090180125" lon="106.512434324">
        <ele>199.2</ele>
        <time>2026-08-30T09:55:59+0800</time>
        <extensions>
          <gpxtpx:TrackPointExtension>
            <gpxtpx:hr>146</gpxtpx:hr>
            <gpxtpx:cad>80</gpxtpx:cad>
          </gpxtpx:TrackPointExtension>
        </extensions>
      </trkpt>
      <trkpt lat="29.709007116" lon="106.51243709">
        <ele>199.2</ele>
        <time>2026-08-30T09:56:00+0800</time>
        <extensions>
          <gpxtpx:TrackPointExtension>
            <gpxtpx:hr>147</gpxtpx:hr>
            <gpxtpx:cad>80</gpxtpx:cad>
          </gpxtpx:TrackPointExtension>
        </extensions>
      </trkpt>
      <trkpt lat="29.7089880053" lon="106.512435079">
        <ele>199.2</ele>
        <time>2026-08-30T09:56:01+0800</time>
        <extensions>
          <gpxtpx:TrackPointExtension>
            <gpxtpx:hr>148</gpxtpx:hr>
            <gpxtpx:cad>80</gpxtpx:cad>
          </gpxtpx:TrackPointExtension>
        </extensions>
      </trkpt>
      <trkpt lat="29.7089756001" lon="106.512431977">
        <ele>199.0</ele>
        <time>2026-08-30T09:56:02+0800</time>
        <extensions>
          <gpxtpx:TrackPointExtension>
            <gpxtpx:hr>149</gpxtpx:hr>
            <gpxtpx:cad>81</gpxtpx:cad>
          </gpxtpx:TrackPointExtension>
        </extensions>
      </trkpt>
      <trkpt lat="29.7089644521" lon="106.512427032">
        <ele>199.0</ele>
        <time>2026-08-30T09:56:03+0800</time>
        <extensions>
          <gpxtpx:TrackPointExtension>
            <gpxtpx:hr>149</gpxtpx:hr>
            <gpxtpx:cad>81</gpxtpx:cad>
          </gpxtpx:TrackPointExtension>
        </extensions>
      </trkpt>
      <trkpt lat="29.708954813" lon="106.512416638">
        <ele>199.0</ele>
        <time>2026-08-30T09:56:04+0800</time>
        <extensions>
          <gpxtpx:TrackPointExtension>
            <gpxtpx:hr>149</gpxtpx:hr>
            <gpxtpx:cad>81</gpxtpx:cad>
          </gpxtpx:TrackPointExtension>
        </extensions>
      </trkpt>
      <trkpt lat="29.708946012" lon="106.512409681">
        <ele>199.0</ele>
        <time>2026-08-30T09:56:05+0800</time>
        <extensions>
          <gpxtpx:TrackPointExtension>
            <gpxtpx:hr>150</gpxtpx:hr>
            <gpxtpx:cad>81</gpxtpx:cad>
          </gpxtpx:TrackPointExtension>
        </extensions>
      </trkpt>
      <trkpt lat="29.7089351155" lon="106.512401383">
        <ele>199.0</ele>
        <time>2026-08-30T09:56:06+0800</time>
        <extensions>
          <gpxtpx:TrackPointExtension>
            <gpxtpx:hr>149</gpxtpx:hr>
            <gpxtpx:cad>81</gpxtpx:cad>
          </gpxtpx:TrackPointExtension>
        </extensions>
      </trkpt>
      <trkpt lat="29.7089210339" lon="106.512388643">
        <ele>199.2</ele>
        <time>2026-08-30T09:56:07+0800</time>
        <extensions>
          <gpxtpx:TrackPointExtension>
            <gpxtpx:hr>149</gpxtpx:hr>
            <gpxtpx:cad>81</gpxtpx:cad>
          </gpxtpx:TrackPointExtension>
        </extensions>
      </trkpt>
      <trkpt lat="29.7089103889" lon="106.512381351">
        <ele>199.2</ele>
        <time>2026-08-30T09:56:08+0800</time>
        <extensions>
          <gpxtpx:TrackPointExtension>
            <gpxtpx:hr>148</gpxtpx:hr>
            <gpxtpx:cad>81</gpxtpx:cad>
          </gpxtpx:TrackPointExtension>
        </extensions>
      </trkpt>
      <trkpt lat="29.70889505" lon="106.51237322">
        <ele>199.2</ele>
        <time>2026-08-30T09:56:09+0800</time>
        <extensions>
          <gpxtpx:TrackPointExtension>
            <gpxtpx:hr>148</gpxtpx:hr>
            <gpxtpx:cad>81</gpxtpx:cad>
          </gpxtpx:TrackPointExtension>
        </extensions>
      </trkpt>
      <trkpt lat="29.7088839021" lon="106.512363162">
        <ele>199.2</ele>
        <time>2026-08-30T09:56:10+0800</time>
        <extensions>
          <gpxtpx:TrackPointExtension>
            <gpxtpx:hr>148</gpxtpx:hr>
            <gpxtpx:cad>81</gpxtpx:cad>
          </gpxtpx:TrackPointExtension>
        </extensions>
      </trkpt>
      <trkpt lat="29.7088753525" lon="106.512354696">
        <ele>199.2</ele>
        <time>2026-08-30T09:56:11+0800</time>
        <extensions>
          <gpxtpx:TrackPointExtension>
            <gpxtpx:hr>148</gpxtpx:hr>
            <gpxtpx:cad>80</gpxtpx:cad>
          </gpxtpx:TrackPointExtension>
        </extensions>
      </trkpt>
      <trkpt lat="29.7088600975" lon="106.512346817">
        <ele>199.2</ele>
        <time>2026-08-30T09:56:12+0800</time>
        <extensions>
          <gpxtpx:TrackPointExtension>
            <gpxtpx:hr>148</gpxtpx:hr>
            <gpxtpx:cad>80</gpxtpx:cad>
          </gpxtpx:TrackPointExtension>
        </extensions>
      </trkpt>
      <trkpt lat="29.7088476084" lon="106.512339357">
        <ele>199.2</ele>
        <time>2026-08-30T09:56:13+0800</time>
        <extensions>
          <gpxtpx:TrackPointExtension>
            <gpxtpx:hr>147</gpxtpx:hr>
            <gpxtpx:cad>81</gpxtpx:cad>
          </gpxtpx:TrackPointExtension>
        </extensions>
      </trkpt>
      <trkpt lat="29.7088374663" lon="106.51233173">
        <ele>199.2</ele>
        <time>2026-08-30T09:56:14+0800</time>
        <extensions>
          <gpxtpx:TrackPointExtension>
            <gpxtpx:hr>147</gpxtpx:hr>
            <gpxtpx:cad>82</gpxtpx:cad>
          </gpxtpx:TrackPointExtension>
        </extensions>
      </trkpt>
      <trkpt lat="29.7088249773" lon="106.512319492">
        <ele>199.2</ele>
        <time>2026-08-30T09:56:15+0800</time>
        <extensions>
          <gpxtpx:TrackPointExtension>
            <gpxtpx:hr>147</gpxtpx:hr>
            <gpxtpx:cad>82</gpxtpx:cad>
          </gpxtpx:TrackPointExtension>
        </extensions>
      </trkpt>
      <trkpt lat="29.7088163439" lon="106.512313457">
        <ele>199.2</ele>
        <time>2026-08-30T09:56:16+0800</time>
        <extensions>
          <gpxtpx:TrackPointExtension>
            <gpxtpx:hr>147</gpxtpx:hr>
            <gpxtpx:cad>82</gpxtpx:cad>
          </gpxtpx:TrackPointExtension>
        </extensions>
      </trkpt>
      <trkpt lat="29.7088027652" lon="106.512305997">
        <ele>199.2</ele>
        <time>2026-08-30T09:56:17+0800</time>
        <extensions>
          <gpxtpx:TrackPointExtension>
            <gpxtpx:hr>147</gpxtpx:hr>
            <gpxtpx:cad>82</gpxtpx:cad>
          </gpxtpx:TrackPointExtension>
        </extensions>
      </trkpt>
      <trkpt lat="29.7087897733" lon="106.512296274">
        <ele>199.2</ele>
        <time>2026-08-30T09:56:18+0800</time>
        <extensions>
          <gpxtpx:TrackPointExtension>
            <gpxtpx:hr>146</gpxtpx:hr>
            <gpxtpx:cad>82</gpxtpx:cad>
          </gpxtpx:TrackPointExtension>
        </extensions>
      </trkpt>
      <trkpt lat="29.7087791283" lon="106.512290156">
        <ele>199.2</ele>
        <time>2026-08-30T09:56:19+0800</time>
        <extensions>
          <gpxtpx:TrackPointExtension>
            <gpxtpx:hr>146</gpxtpx:hr>
            <gpxtpx:cad>82</gpxtpx:cad>
          </gpxtpx:TrackPointExtension>
        </extensions>
      </trkpt>
      <trkpt lat="29.7087632865" lon="106.512280097">
        <ele>199.2</ele>
        <time>2026-08-30T09:56:20+0800</time>
        <extensions>
          <gpxtpx:TrackPointExtension>
            <gpxtpx:hr>146</gpxtpx:hr>
            <gpxtpx:cad>82</gpxtpx:cad>
          </gpxtpx:TrackPointExtension>
        </extensions>
      </trkpt>
      <trkpt lat="29.7087507974" lon="106.512272134">
        <ele>199.2</ele>
        <time>2026-08-30T09:56:21+0800</time>
        <extensions>
          <gpxtpx:TrackPointExtension>
            <gpxtpx:hr>147</gpxtpx:hr>
            <gpxtpx:cad>82</gpxtpx:cad>
          </gpxtpx:TrackPointExtension>
        </extensions>
      </trkpt>
      <trkpt lat="29.7087342013" lon="106.512263585">
        <ele>199.2</ele>
        <time>2026-08-30T09:56:22+0800</time>
        <extensions>
          <gpxtpx:TrackPointExtension>
            <gpxtpx:hr>147</gpxtpx:hr>
            <gpxtpx:cad>82</gpxtpx:cad>
          </gpxtpx:TrackPointExtension>
        </extensions>
      </trkpt>
      <trkpt lat="29.7087197006" lon="106.512253275">
        <ele>199.2</ele>
        <time>2026-08-30T09:56:23+0800</time>
        <extensions>
          <gpxtpx:TrackPointExtension>
            <gpxtpx:hr>147</gpxtpx:hr>
            <gpxtpx:cad>84</gpxtpx:cad>
          </gpxtpx:TrackPointExtension>
        </extensions>
      </trkpt>
      <trkpt lat="29.7087072115" lon="106.512249419">
        <ele>199.2</ele>
        <time>2026-08-30T09:56:24+0800</time>
        <extensions>
          <gpxtpx:TrackPointExtension>
            <gpxtpx:hr>146</gpxtpx:hr>
            <gpxtpx:cad>84</gpxtpx:cad>
          </gpxtpx:TrackPointExtension>
        </extensions>
      </trkpt>
      <trkpt lat="29.7086869273" lon="106.51224263">
        <ele>199.2</ele>
        <time>2026-08-30T09:56:25+0800</time>
        <extensions>
          <gpxtpx:TrackPointExtension>
            <gpxtpx:hr>147</gpxtpx:hr>
            <gpxtpx:cad>84</gpxtpx:cad>
          </gpxtpx:TrackPointExtension>
        </extensions>
      </trkpt>
      <trkpt lat="29.708672259" lon="106.51223735">
        <ele>199.0</ele>
        <time>2026-08-30T09:56:26+0800</time>
        <extensions>
          <gpxtpx:TrackPointExtension>
            <gpxtpx:hr>147</gpxtpx:hr>
            <gpxtpx:cad>83</gpxtpx:cad>
          </gpxtpx:TrackPointExtension>
        </extensions>
      </trkpt>
      <trkpt lat="29.7086592671" lon="106.5122345">
        <ele>199.0</ele>
        <time>2026-08-30T09:56:27+0800</time>
        <extensions>
          <gpxtpx:TrackPointExtension>
            <gpxtpx:hr>147</gpxtpx:hr>
            <gpxtpx:cad>83</gpxtpx:cad>
          </gpxtpx:TrackPointExtension>
        </extensions>
      </trkpt>
      <trkpt lat="29.7086411621" lon="106.51222771">
        <ele>199.0</ele>
        <time>2026-08-30T09:56:28+0800</time>
        <extensions>
          <gpxtpx:TrackPointExtension>
            <gpxtpx:hr>146</gpxtpx:hr>
            <gpxtpx:cad>82</gpxtpx:cad>
          </gpxtpx:TrackPointExtension>
        </extensions>
      </trkpt>
      <trkpt lat="29.7086265776" lon="106.512225363">
        <ele>199.0</ele>
        <time>2026-08-30T09:56:29+0800</time>
        <extensions>
          <gpxtpx:TrackPointExtension>
            <gpxtpx:hr>146</gpxtpx:hr>
            <gpxtpx:cad>82</gpxtpx:cad>
          </gpxtpx:TrackPointExtension>
        </extensions>
      </trkpt>
      <trkpt lat="29.7086063772" lon="106.512222933">
        <ele>199.0</ele>
        <time>2026-08-30T09:56:30+0800</time>
        <extensions>
          <gpxtpx:TrackPointExtension>
            <gpxtpx:hr>146</gpxtpx:hr>
            <gpxtpx:cad>82</gpxtpx:cad>
          </gpxtpx:TrackPointExtension>
        </extensions>
      </trkpt>
      <trkpt lat="29.7085881047" lon="106.512219748">
        <ele>199.2</ele>
        <time>2026-08-30T09:56:31+0800</time>
        <extensions>
          <gpxtpx:TrackPointExtension>
            <gpxtpx:hr>146</gpxtpx:hr>
            <gpxtpx:cad>82</gpxtpx:cad>
          </gpxtpx:TrackPointExtension>
        </extensions>
      </trkpt>
      <trkpt lat="29.7085760348" lon="106.512221675">
        <ele>199.0</ele>
        <time>2026-08-30T09:56:32+0800</time>
        <extensions>
          <gpxtpx:TrackPointExtension>
            <gpxtpx:hr>147</gpxtpx:hr>
            <gpxtpx:cad>82</gpxtpx:cad>
          </gpxtpx:TrackPointExtension>
        </extensions>
      </trkpt>
      <trkpt lat="29.7085565049" lon="106.512221592">
        <ele>199.0</ele>
        <time>2026-08-30T09:56:33+0800</time>
        <extensions>
          <gpxtpx:TrackPointExtension>
            <gpxtpx:hr>147</gpxtpx:hr>
            <gpxtpx:cad>82</gpxtpx:cad>
          </gpxtpx:TrackPointExtension>
        </extensions>
      </trkpt>
      <trkpt lat="29.7085439321" lon="106.512219328">
        <ele>199.0</ele>
        <time>2026-08-30T09:56:34+0800</time>
        <extensions>
          <gpxtpx:TrackPointExtension>
            <gpxtpx:hr>147</gpxtpx:hr>
            <gpxtpx:cad>82</gpxtpx:cad>
          </gpxtpx:TrackPointExtension>
        </extensions>
      </trkpt>
      <trkpt lat="29.7085284255" lon="106.512218071">
        <ele>199.0</ele>
        <time>2026-08-30T09:56:35+0800</time>
        <extensions>
          <gpxtpx:TrackPointExtension>
            <gpxtpx:hr>147</gpxtpx:hr>
            <gpxtpx:cad>82</gpxtpx:cad>
          </gpxtpx:TrackPointExtension>
        </extensions>
      </trkpt>
      <trkpt lat="29.7085094824" lon="106.512214132">
        <ele>199.0</ele>
        <time>2026-08-30T09:56:36+0800</time>
        <extensions>
          <gpxtpx:TrackPointExtension>
            <gpxtpx:hr>147</gpxtpx:hr>
            <gpxtpx:cad>83</gpxtpx:cad>
          </gpxtpx:TrackPointExtension>
        </extensions>
      </trkpt>
      <trkpt lat="29.7084952332" lon="106.512215137">
        <ele>199.0</ele>
        <time>2026-08-30T09:56:37+0800</time>
        <extensions>
          <gpxtpx:TrackPointExtension>
            <gpxtpx:hr>147</gpxtpx:hr>
            <gpxtpx:cad>83</gpxtpx:cad>
          </gpxtpx:TrackPointExtension>
        </extensions>
      </trkpt>
      <trkpt lat="29.7084750328" lon="106.512214802">
        <ele>199.0</ele>
        <time>2026-08-30T09:56:38+0800</time>
        <extensions>
          <gpxtpx:TrackPointExtension>
            <gpxtpx:hr>147</gpxtpx:hr>
            <gpxtpx:cad>83</gpxtpx:cad>
          </gpxtpx:TrackPointExtension>
        </extensions>
      </trkpt>
      <trkpt lat="29.7084565926" lon="106.512212623">
        <ele>199.0</ele>
        <time>2026-08-30T09:56:39+0800</time>
        <extensions>
          <gpxtpx:TrackPointExtension>
            <gpxtpx:hr>146</gpxtpx:hr>
            <gpxtpx:cad>83</gpxtpx:cad>
          </gpxtpx:TrackPointExtension>
        </extensions>
      </trkpt>
      <trkpt lat="29.7084421758" lon="106.512214467">
        <ele>199.0</ele>
        <time>2026-08-30T09:56:40+0800</time>
        <extensions>
          <gpxtpx:TrackPointExtension>
            <gpxtpx:hr>147</gpxtpx:hr>
            <gpxtpx:cad>83</gpxtpx:cad>
          </gpxtpx:TrackPointExtension>
        </extensions>
      </trkpt>
      <trkpt lat="29.7084243223" lon="106.512217736">
        <ele>199.0</ele>
        <time>2026-08-30T09:56:41+0800</time>
        <extensions>
          <gpxtpx:TrackPointExtension>
            <gpxtpx:hr>147</gpxtpx:hr>
            <gpxtpx:cad>83</gpxtpx:cad>
          </gpxtpx:TrackPointExtension>
        </extensions>
      </trkpt>
      <trkpt lat="29.708410576" lon="106.512222346">
        <ele>199.0</ele>
        <time>2026-08-30T09:56:42+0800</time>
        <extensions>
          <gpxtpx:TrackPointExtension>
            <gpxtpx:hr>148</gpxtpx:hr>
            <gpxtpx:cad>83</gpxtpx:cad>
          </gpxtpx:TrackPointExtension>
        </extensions>
      </trkpt>
      <trkpt lat="29.708394818" lon="106.51222704">
        <ele>199.0</ele>
        <time>2026-08-30T09:56:43+0800</time>
        <extensions>
          <gpxtpx:TrackPointExtension>
            <gpxtpx:hr>148</gpxtpx:hr>
            <gpxtpx:cad>83</gpxtpx:cad>
          </gpxtpx:TrackPointExtension>
        </extensions>
      </trkpt>
      <trkpt lat="29.7083789762" lon="106.512227962">
        <ele>199.2</ele>
        <time>2026-08-30T09:56:44+0800</time>
        <extensions>
          <gpxtpx:TrackPointExtension>
            <gpxtpx:hr>149</gpxtpx:hr>
            <gpxtpx:cad>83</gpxtpx:cad>
          </gpxtpx:TrackPointExtension>
        </extensions>
      </trkpt>
      <trkpt lat="29.7083689179" lon="106.512232488">
        <ele>199.2</ele>
        <time>2026-08-30T09:56:45+0800</time>
        <extensions>
          <gpxtpx:TrackPointExtension>
            <gpxtpx:hr>150</gpxtpx:hr>
            <gpxtpx:cad>82</gpxtpx:cad>
          </gpxtpx:TrackPointExtension>
        </extensions>
      </trkpt>
      <trkpt lat="29.7083516512" lon="106.512238439">
        <ele>199.2</ele>
        <time>2026-08-30T09:56:46+0800</time>
        <extensions>
          <gpxtpx:TrackPointExtension>
            <gpxtpx:hr>150</gpxtpx:hr>
            <gpxtpx:cad>82</gpxtpx:cad>
          </gpxtpx:TrackPointExtension>
        </extensions>
      </trkpt>
      <trkpt lat="29.7083370667" lon="106.512243636">
        <ele>199.2</ele>
        <time>2026-08-30T09:56:47+0800</time>
        <extensions>
          <gpxtpx:TrackPointExtension>
            <gpxtpx:hr>150</gpxtpx:hr>
            <gpxtpx:cad>82</gpxtpx:cad>
          </gpxtpx:TrackPointExtension>
        </extensions>
      </trkpt>
      <trkpt lat="29.7083274275" lon="106.512248246">
        <ele>199.2</ele>
        <time>2026-08-30T09:56:48+0800</time>
        <extensions>
          <gpxtpx:TrackPointExtension>
            <gpxtpx:hr>150</gpxtpx:hr>
            <gpxtpx:cad>82</gpxtpx:cad>
          </gpxtpx:TrackPointExtension>
        </extensions>
      </trkpt>
      <trkpt lat="29.7083133459" lon="106.512265597">
        <ele>199.2</ele>
        <time>2026-08-30T09:56:49+0800</time>
        <extensions>
          <gpxtpx:TrackPointExtension>
            <gpxtpx:hr>150</gpxtpx:hr>
            <gpxtpx:cad>82</gpxtpx:cad>
          </gpxtpx:TrackPointExtension>
        </extensions>
      </trkpt>
      <trkpt lat="29.708300354" lon="106.51227532">
        <ele>199.2</ele>
        <time>2026-08-30T09:56:50+0800</time>
        <extensions>
          <gpxtpx:TrackPointExtension>
            <gpxtpx:hr>150</gpxtpx:hr>
            <gpxtpx:cad>82</gpxtpx:cad>
          </gpxtpx:TrackPointExtension>
        </extensions>
      </trkpt>
      <trkpt lat="29.7082892898" lon="106.512283199">
        <ele>199.2</ele>
        <time>2026-08-30T09:56:51+0800</time>
        <extensions>
          <gpxtpx:TrackPointExtension>
            <gpxtpx:hr>150</gpxtpx:hr>
            <gpxtpx:cad>82</gpxtpx:cad>
          </gpxtpx:TrackPointExtension>
        </extensions>
      </trkpt>
      <trkpt lat="29.708270682" lon="106.512287976">
        <ele>199.4</ele>
        <time>2026-08-30T09:56:52+0800</time>
        <extensions>
          <gpxtpx:TrackPointExtension>
            <gpxtpx:hr>150</gpxtpx:hr>
            <gpxtpx:cad>82</gpxtpx:cad>
          </gpxtpx:TrackPointExtension>
        </extensions>
      </trkpt>
      <trkpt lat="29.7082564328" lon="106.51229091">
        <ele>199.4</ele>
        <time>2026-08-30T09:56:53+0800</time>
        <extensions>
          <gpxtpx:TrackPointExtension>
            <gpxtpx:hr>149</gpxtpx:hr>
            <gpxtpx:cad>82</gpxtpx:cad>
          </gpxtpx:TrackPointExtension>
        </extensions>
      </trkpt>
      <trkpt lat="29.7082404234" lon="106.512299795">
        <ele>199.4</ele>
        <time>2026-08-30T09:56:54+0800</time>
        <extensions>
          <gpxtpx:TrackPointExtension>
            <gpxtpx:hr>149</gpxtpx:hr>
            <gpxtpx:cad>81</gpxtpx:cad>
          </gpxtpx:TrackPointExtension>
        </extensions>
      </trkpt>
      <trkpt lat="29.7082261741" lon="106.512307171">
        <ele>199.4</ele>
        <time>2026-08-30T09:56:55+0800</time>
        <extensions>
          <gpxtpx:TrackPointExtension>
            <gpxtpx:hr>149</gpxtpx:hr>
            <gpxtpx:cad>80</gpxtpx:cad>
          </gpxtpx:TrackPointExtension>
        </extensions>
      </trkpt>
      <trkpt lat="29.7082172893" lon="106.512313709">
        <ele>199.4</ele>
        <time>2026-08-30T09:56:56+0800</time>
        <extensions>
          <gpxtpx:TrackPointExtension>
            <gpxtpx:hr>149</gpxtpx:hr>
            <gpxtpx:cad>80</gpxtpx:cad>
          </gpxtpx:TrackPointExtension>
        </extensions>
      </trkpt>
      <trkpt lat="29.7082022857" lon="106.512328293">
        <ele>199.4</ele>
        <time>2026-08-30T09:56:57+0800</time>
        <extensions>
          <gpxtpx:TrackPointExtension>
            <gpxtpx:hr>148</gpxtpx:hr>
            <gpxtpx:cad>81</gpxtpx:cad>
          </gpxtpx:TrackPointExtension>
        </extensions>
      </trkpt>
      <trkpt lat="29.7081882879" lon="106.512336172">
        <ele>199.4</ele>
        <time>2026-08-30T09:56:58+0800</time>
        <extensions>
          <gpxtpx:TrackPointExtension>
            <gpxtpx:hr>148</gpxtpx:hr>
            <gpxtpx:cad>82</gpxtpx:cad>
          </gpxtpx:TrackPointExtension>
        </extensions>
      </trkpt>
      <trkpt lat="29.7081727814" lon="106.512344722">
        <ele>199.4</ele>
        <time>2026-08-30T09:56:59+0800</time>
        <extensions>
          <gpxtpx:TrackPointExtension>
            <gpxtpx:hr>148</gpxtpx:hr>
            <gpxtpx:cad>82</gpxtpx:cad>
          </gpxtpx:TrackPointExtension>
        </extensions>
      </trkpt>
      <trkpt lat="29.7081564367" lon="106.512349332">
        <ele>199.4</ele>
        <time>2026-08-30T09:57:00+0800</time>
        <extensions>
          <gpxtpx:TrackPointExtension>
            <gpxtpx:hr>148</gpxtpx:hr>
            <gpxtpx:cad>82</gpxtpx:cad>
          </gpxtpx:TrackPointExtension>
        </extensions>
      </trkpt>
      <trkpt lat="29.7081441991" lon="106.512353942">
        <ele>199.4</ele>
        <time>2026-08-30T09:57:01+0800</time>
        <extensions>
          <gpxtpx:TrackPointExtension>
            <gpxtpx:hr>148</gpxtpx:hr>
            <gpxtpx:cad>82</gpxtpx:cad>
          </gpxtpx:TrackPointExtension>
        </extensions>
      </trkpt>
      <trkpt lat="29.7081269324" lon="106.512360228">
        <ele>199.4</ele>
        <time>2026-08-30T09:57:02+0800</time>
        <extensions>
          <gpxtpx:TrackPointExtension>
            <gpxtpx:hr>147</gpxtpx:hr>
            <gpxtpx:cad>82</gpxtpx:cad>
          </gpxtpx:TrackPointExtension>
        </extensions>
      </trkpt>
      <trkpt lat="29.7081116773" lon="106.512362575">
        <ele>199.6</ele>
        <time>2026-08-30T09:57:03+0800</time>
        <extensions>
          <gpxtpx:TrackPointExtension>
            <gpxtpx:hr>148</gpxtpx:hr>
            <gpxtpx:cad>82</gpxtpx:cad>
          </gpxtpx:TrackPointExtension>
        </extensions>
      </trkpt>
      <trkpt lat="29.708100697" lon="106.512367856">
        <ele>199.6</ele>
        <time>2026-08-30T09:57:04+0800</time>
        <extensions>
          <gpxtpx:TrackPointExtension>
            <gpxtpx:hr>148</gpxtpx:hr>
            <gpxtpx:cad>82</gpxtpx:cad>
          </gpxtpx:TrackPointExtension>
        </extensions>
      </trkpt>
      <trkpt lat="29.7080836818" lon="106.51237255">
        <ele>199.6</ele>
        <time>2026-08-30T09:57:05+0800</time>
        <extensions>
          <gpxtpx:TrackPointExtension>
            <gpxtpx:hr>148</gpxtpx:hr>
            <gpxtpx:cad>83</gpxtpx:cad>
          </gpxtpx:TrackPointExtension>
        </extensions>
      </trkpt>
      <trkpt lat="29.7080706898" lon="106.51237431">
        <ele>199.6</ele>
        <time>2026-08-30T09:57:06+0800</time>
        <extensions>
          <gpxtpx:TrackPointExtension>
            <gpxtpx:hr>149</gpxtpx:hr>
            <gpxtpx:cad>83</gpxtpx:cad>
          </gpxtpx:TrackPointExtension>
        </extensions>
      </trkpt>
      <trkpt lat="29.7080540098" lon="106.512376824">
        <ele>199.6</ele>
        <time>2026-08-30T09:57:07+0800</time>
        <extensions>
          <gpxtpx:TrackPointExtension>
            <gpxtpx:hr>149</gpxtpx:hr>
            <gpxtpx:cad>83</gpxtpx:cad>
          </gpxtpx:TrackPointExtension>
        </extensions>
      </trkpt>
      <trkpt lat="29.7080378328" lon="106.512378165">
        <ele>199.6</ele>
        <time>2026-08-30T09:57:08+0800</time>
        <extensions>
          <gpxtpx:TrackPointExtension>
            <gpxtpx:hr>149</gpxtpx:hr>
            <gpxtpx:cad>83</gpxtpx:cad>
          </gpxtpx:TrackPointExtension>
        </extensions>
      </trkpt>
      <trkpt lat="29.7080243379" lon="106.512381854">
        <ele>199.6</ele>
        <time>2026-08-30T09:57:09+0800</time>
        <extensions>
          <gpxtpx:TrackPointExtension>
            <gpxtpx:hr>149</gpxtpx:hr>
            <gpxtpx:cad>83</gpxtpx:cad>
          </gpxtpx:TrackPointExtension>
        </extensions>
      </trkpt>
      <trkpt lat="29.7080058139" lon="106.512383027">
        <ele>199.6</ele>
        <time>2026-08-30T09:57:10+0800</time>
        <extensions>
          <gpxtpx:TrackPointExtension>
            <gpxtpx:hr>149</gpxtpx:hr>
            <gpxtpx:cad>82</gpxtpx:cad>
          </gpxtpx:TrackPointExtension>
        </extensions>
      </trkpt>
      <trkpt lat="29.7079893854" lon="106.512381267">
        <ele>199.4</ele>
        <time>2026-08-30T09:57:11+0800</time>
        <extensions>
          <gpxtpx:TrackPointExtension>
            <gpxtpx:hr>150</gpxtpx:hr>
            <gpxtpx:cad>82</gpxtpx:cad>
          </gpxtpx:TrackPointExtension>
        </extensions>
      </trkpt>
      <trkpt lat="29.7079768963" lon="106.512385625">
        <ele>199.6</ele>
        <time>2026-08-30T09:57:12+0800</time>
        <extensions>
          <gpxtpx:TrackPointExtension>
            <gpxtpx:hr>150</gpxtpx:hr>
            <gpxtpx:cad>82</gpxtpx:cad>
          </gpxtpx:TrackPointExtension>
        </extensions>
      </trkpt>
      <trkpt lat="29.7079581209" lon="106.512385625">
        <ele>199.6</ele>
        <time>2026-08-30T09:57:13+0800</time>
        <extensions>
          <gpxtpx:TrackPointExtension>
            <gpxtpx:hr>150</gpxtpx:hr>
            <gpxtpx:cad>82</gpxtpx:cad>
          </gpxtpx:TrackPointExtension>
        </extensions>
      </trkpt>
      <trkpt lat="29.7079426982" lon="106.512386296">
        <ele>199.6</ele>
        <time>2026-08-30T09:57:14+0800</time>
        <extensions>
          <gpxtpx:TrackPointExtension>
            <gpxtpx:hr>150</gpxtpx:hr>
            <gpxtpx:cad>83</gpxtpx:cad>
          </gpxtpx:TrackPointExtension>
        </extensions>
      </trkpt>
      <trkpt lat="29.7079252638" lon="106.512388978">
        <ele>199.6</ele>
        <time>2026-08-30T09:57:15+0800</time>
        <extensions>
          <gpxtpx:TrackPointExtension>
            <gpxtpx:hr>151</gpxtpx:hr>
            <gpxtpx:cad>83</gpxtpx:cad>
          </gpxtpx:TrackPointExtension>
        </extensions>
      </trkpt>
      <trkpt lat="29.7079085" lon="106.512387721">
        <ele>199.6</ele>
        <time>2026-08-30T09:57:16+0800</time>
        <extensions>
          <gpxtpx:TrackPointExtension>
            <gpxtpx:hr>151</gpxtpx:hr>
            <gpxtpx:cad>82</gpxtpx:cad>
          </gpxtpx:TrackPointExtension>
        </extensions>
      </trkpt>
      <trkpt lat="29.7078954242" lon="106.512388056">
        <ele>199.6</ele>
        <time>2026-08-30T09:57:17+0800</time>
        <extensions>
          <gpxtpx:TrackPointExtension>
            <gpxtpx:hr>151</gpxtpx:hr>
            <gpxtpx:cad>82</gpxtpx:cad>
          </gpxtpx:TrackPointExtension>
        </extensions>
      </trkpt>
      <trkpt lat="29.7078744695" lon="106.512390068">
        <ele>199.6</ele>
        <time>2026-08-30T09:57:18+0800</time>
        <extensions>
          <gpxtpx:TrackPointExtension>
            <gpxtpx:hr>151</gpxtpx:hr>
            <gpxtpx:cad>82</gpxtpx:cad>
          </gpxtpx:TrackPointExtension>
        </extensions>
      </trkpt>
      <trkpt lat="29.7078562807" lon="106.512389146">
        <ele>199.6</ele>
        <time>2026-08-30T09:57:19+0800</time>
        <extensions>
          <gpxtpx:TrackPointExtension>
            <gpxtpx:hr>151</gpxtpx:hr>
            <gpxtpx:cad>82</gpxtpx:cad>
          </gpxtpx:TrackPointExtension>
        </extensions>
      </trkpt>
      <trkpt lat="29.7078364156" lon="106.512390906">
        <ele>199.6</ele>
        <time>2026-08-30T09:57:20+0800</time>
        <extensions>
          <gpxtpx:TrackPointExtension>
            <gpxtpx:hr>151</gpxtpx:hr>
            <gpxtpx:cad>83</gpxtpx:cad>
          </gpxtpx:TrackPointExtension>
        </extensions>
      </trkpt>
      <trkpt lat="29.7078169696" lon="106.512389481">
        <ele>199.4</ele>
        <time>2026-08-30T09:57:21+0800</time>
        <extensions>
          <gpxtpx:TrackPointExtension>
            <gpxtpx:hr>152</gpxtpx:hr>
            <gpxtpx:cad>83</gpxtpx:cad>
          </gpxtpx:TrackPointExtension>
        </extensions>
      </trkpt>
      <trkpt lat="29.707801966" lon="106.512388811">
        <ele>199.4</ele>
        <time>2026-08-30T09:57:22+0800</time>
        <extensions>
          <gpxtpx:TrackPointExtension>
            <gpxtpx:hr>151</gpxtpx:hr>
            <gpxtpx:cad>84</gpxtpx:cad>
          </gpxtpx:TrackPointExtension>
        </extensions>
      </trkpt>
      <trkpt lat="29.707779754" lon="106.512387302">
        <ele>199.4</ele>
        <time>2026-08-30T09:57:23+0800</time>
        <extensions>
          <gpxtpx:TrackPointExtension>
            <gpxtpx:hr>151</gpxtpx:hr>
            <gpxtpx:cad>85</gpxtpx:cad>
          </gpxtpx:TrackPointExtension>
        </extensions>
      </trkpt>
      <trkpt lat="29.7077646665" lon="106.512386883">
        <ele>199.4</ele>
        <time>2026-08-30T09:57:24+0800</time>
        <extensions>
          <gpxtpx:TrackPointExtension>
            <gpxtpx:hr>152</gpxtpx:hr>
            <gpxtpx:cad>85</gpxtpx:cad>
          </gpxtpx:TrackPointExtension>
        </extensions>
      </trkpt>
      <trkpt lat="29.7077424545" lon="106.512387637">
        <ele>199.6</ele>
        <time>2026-08-30T09:57:25+0800</time>
        <extensions>
          <gpxtpx:TrackPointExtension>
            <gpxtpx:hr>151</gpxtpx:hr>
            <gpxtpx:cad>85</gpxtpx:cad>
          </gpxtpx:TrackPointExtension>
        </extensions>
      </trkpt>
      <trkpt lat="29.7077254392" lon="106.512386547">
        <ele>199.6</ele>
        <time>2026-08-30T09:57:26+0800</time>
        <extensions>
          <gpxtpx:TrackPointExtension>
            <gpxtpx:hr>151</gpxtpx:hr>
            <gpxtpx:cad>85</gpxtpx:cad>
          </gpxtpx:TrackPointExtension>
        </extensions>
      </trkpt>
      <trkpt lat="29.7077043168" lon="106.512385039">
        <ele>199.4</ele>
        <time>2026-08-30T09:57:27+0800</time>
        <extensions>
          <gpxtpx:TrackPointExtension>
            <gpxtpx:hr>151</gpxtpx:hr>
            <gpxtpx:cad>85</gpxtpx:cad>
          </gpxtpx:TrackPointExtension>
        </extensions>
      </trkpt>
      <trkpt lat="29.7076823562" lon="106.512381267">
        <ele>199.4</ele>
        <time>2026-08-30T09:57:28+0800</time>
        <extensions>
          <gpxtpx:TrackPointExtension>
            <gpxtpx:hr>151</gpxtpx:hr>
            <gpxtpx:cad>85</gpxtpx:cad>
          </gpxtpx:TrackPointExtension>
        </extensions>
      </trkpt>
      <trkpt lat="29.7076664306" lon="106.51237892">
        <ele>199.4</ele>
        <time>2026-08-30T09:57:29+0800</time>
        <extensions>
          <gpxtpx:TrackPointExtension>
            <gpxtpx:hr>151</gpxtpx:hr>
            <gpxtpx:cad>85</gpxtpx:cad>
          </gpxtpx:TrackPointExtension>
        </extensions>
      </trkpt>
      <trkpt lat="29.7076445539" lon="106.512370706">
        <ele>199.4</ele>
        <time>2026-08-30T09:57:30+0800</time>
        <extensions>
          <gpxtpx:TrackPointExtension>
            <gpxtpx:hr>151</gpxtpx:hr>
            <gpxtpx:cad>86</gpxtpx:cad>
          </gpxtpx:TrackPointExtension>
        </extensions>
      </trkpt>
      <trkpt lat="29.7076287959" lon="106.512364754">
        <ele>199.2</ele>
        <time>2026-08-30T09:57:31+0800</time>
        <extensions>
          <gpxtpx:TrackPointExtension>
            <gpxtpx:hr>151</gpxtpx:hr>
            <gpxtpx:cad>86</gpxtpx:cad>
          </gpxtpx:TrackPointExtension>
        </extensions>
      </trkpt>
      <trkpt lat="29.7076073382" lon="106.512356205">
        <ele>199.2</ele>
        <time>2026-08-30T09:57:32+0800</time>
        <extensions>
          <gpxtpx:TrackPointExtension>
            <gpxtpx:hr>150</gpxtpx:hr>
            <gpxtpx:cad>86</gpxtpx:cad>
          </gpxtpx:TrackPointExtension>
        </extensions>
      </trkpt>
      <trkpt lat="29.7075924184" lon="106.512347404">
        <ele>199.2</ele>
        <time>2026-08-30T09:57:33+0800</time>
        <extensions>
          <gpxtpx:TrackPointExtension>
            <gpxtpx:hr>150</gpxtpx:hr>
            <gpxtpx:cad>86</gpxtpx:cad>
          </gpxtpx:TrackPointExtension>
        </extensions>
      </trkpt>
      <trkpt lat="29.7075751517" lon="106.512341201">
        <ele>199.2</ele>
        <time>2026-08-30T09:57:34+0800</time>
        <extensions>
          <gpxtpx:TrackPointExtension>
            <gpxtpx:hr>150</gpxtpx:hr>
            <gpxtpx:cad>86</gpxtpx:cad>
          </gpxtpx:TrackPointExtension>
        </extensions>
      </trkpt>
      <trkpt lat="29.7075564601" lon="106.512332233">
        <ele>199.2</ele>
        <time>2026-08-30T09:57:35+0800</time>
        <extensions>
          <gpxtpx:TrackPointExtension>
            <gpxtpx:hr>150</gpxtpx:hr>
            <gpxtpx:cad>86</gpxtpx:cad>
          </gpxtpx:TrackPointExtension>
        </extensions>
      </trkpt>
      <trkpt lat="29.7075407021" lon="106.512325611">
        <ele>199.2</ele>
        <time>2026-08-30T09:57:36+0800</time>
        <extensions>
          <gpxtpx:TrackPointExtension>
            <gpxtpx:hr>150</gpxtpx:hr>
            <gpxtpx:cad>85</gpxtpx:cad>
          </gpxtpx:TrackPointExtension>
        </extensions>
      </trkpt>
      <trkpt lat="29.7075189929" lon="106.512317816">
        <ele>199.2</ele>
        <time>2026-08-30T09:57:37+0800</time>
        <extensions>
          <gpxtpx:TrackPointExtension>
            <gpxtpx:hr>150</gpxtpx:hr>
            <gpxtpx:cad>85</gpxtpx:cad>
          </gpxtpx:TrackPointExtension>
        </extensions>
      </trkpt>
      <trkpt lat="29.7075047437" lon="106.51231287">
        <ele>199.2</ele>
        <time>2026-08-30T09:57:38+0800</time>
        <extensions>
          <gpxtpx:TrackPointExtension>
            <gpxtpx:hr>150</gpxtpx:hr>
            <gpxtpx:cad>85</gpxtpx:cad>
          </gpxtpx:TrackPointExtension>
        </extensions>
      </trkpt>
      <trkpt lat="29.7074825317" lon="106.512309434">
        <ele>199.2</ele>
        <time>2026-08-30T09:57:39+0800</time>
        <extensions>
          <gpxtpx:TrackPointExtension>
            <gpxtpx:hr>150</gpxtpx:hr>
            <gpxtpx:cad>86</gpxtpx:cad>
          </gpxtpx:TrackPointExtension>
        </extensions>
      </trkpt>
      <trkpt lat="29.707464762" lon="106.512305578">
        <ele>199.2</ele>
        <time>2026-08-30T09:57:40+0800</time>
        <extensions>
          <gpxtpx:TrackPointExtension>
            <gpxtpx:hr>150</gpxtpx:hr>
            <gpxtpx:cad>86</gpxtpx:cad>
          </gpxtpx:TrackPointExtension>
        </extensions>
      </trkpt>
      <trkpt lat="29.7074455675" lon="106.512303399">
        <ele>199.2</ele>
        <time>2026-08-30T09:57:41+0800</time>
        <extensions>
          <gpxtpx:TrackPointExtension>
            <gpxtpx:hr>150</gpxtpx:hr>
            <gpxtpx:cad>86</gpxtpx:cad>
          </gpxtpx:TrackPointExtension>
        </extensions>
      </trkpt>
      <trkpt lat="29.7074247804" lon="106.512299543">
        <ele>199.2</ele>
        <time>2026-08-30T09:57:42+0800</time>
        <extensions>
          <gpxtpx:TrackPointExtension>
            <gpxtpx:hr>150</gpxtpx:hr>
            <gpxtpx:cad>86</gpxtpx:cad>
          </gpxtpx:TrackPointExtension>
        </extensions>
      </trkpt>
      <trkpt lat="29.707408268" lon="106.512299711">
        <ele>199.2</ele>
        <time>2026-08-30T09:57:43+0800</time>
        <extensions>
          <gpxtpx:TrackPointExtension>
            <gpxtpx:hr>150</gpxtpx:hr>
            <gpxtpx:cad>86</gpxtpx:cad>
          </gpxtpx:TrackPointExtension>
        </extensions>
      </trkpt>
      <trkpt lat="29.7073856369" lon="106.512301136">
        <ele>199.2</ele>
        <time>2026-08-30T09:57:44+0800</time>
        <extensions>
          <gpxtpx:TrackPointExtension>
            <gpxtpx:hr>150</gpxtpx:hr>
            <gpxtpx:cad>86</gpxtpx:cad>
          </gpxtpx:TrackPointExtension>
        </extensions>
      </trkpt>
      <trkpt lat="29.7073692083" lon="106.512304153">
        <ele>199.2</ele>
        <time>2026-08-30T09:57:45+0800</time>
        <extensions>
          <gpxtpx:TrackPointExtension>
            <gpxtpx:hr>151</gpxtpx:hr>
            <gpxtpx:cad>85</gpxtpx:cad>
          </gpxtpx:TrackPointExtension>
        </extensions>
      </trkpt>
      <trkpt lat="29.7073469963" lon="106.512307338">
        <ele>199.2</ele>
        <time>2026-08-30T09:57:46+0800</time>
        <extensions>
          <gpxtpx:TrackPointExtension>
            <gpxtpx:hr>150</gpxtpx:hr>
            <gpxtpx:cad>86</gpxtpx:cad>
          </gpxtpx:TrackPointExtension>
        </extensions>
      </trkpt>
      <trkpt lat="29.7073264606" lon="106.512312619">
        <ele>199.2</ele>
        <time>2026-08-30T09:57:47+0800</time>
        <extensions>
          <gpxtpx:TrackPointExtension>
            <gpxtpx:hr>150</gpxtpx:hr>
            <gpxtpx:cad>86</gpxtpx:cad>
          </gpxtpx:TrackPointExtension>
        </extensions>
      </trkpt>
      <trkpt lat="29.7073070984" lon="106.512320666">
        <ele>199.2</ele>
        <time>2026-08-30T09:57:48+0800</time>
        <extensions>
          <gpxtpx:TrackPointExtension>
            <gpxtpx:hr>150</gpxtpx:hr>
            <gpxtpx:cad>86</gpxtpx:cad>
          </gpxtpx:TrackPointExtension>
        </extensions>
      </trkpt>
      <trkpt lat="29.7072856408" lon="106.512329634">
        <ele>199.2</ele>
        <time>2026-08-30T09:57:49+0800</time>
        <extensions>
          <gpxtpx:TrackPointExtension>
            <gpxtpx:hr>151</gpxtpx:hr>
            <gpxtpx:cad>85</gpxtpx:cad>
          </gpxtpx:TrackPointExtension>
        </extensions>
      </trkpt>
      <trkpt lat="29.7072735708" lon="106.512338184">
        <ele>199.2</ele>
        <time>2026-08-30T09:57:50+0800</time>
        <extensions>
          <gpxtpx:TrackPointExtension>
            <gpxtpx:hr>150</gpxtpx:hr>
            <gpxtpx:cad>85</gpxtpx:cad>
          </gpxtpx:TrackPointExtension>
        </extensions>
      </trkpt>
      <trkpt lat="29.7072547115" lon="106.512352014">
        <ele>199.2</ele>
        <time>2026-08-30T09:57:51+0800</time>
        <extensions>
          <gpxtpx:TrackPointExtension>
            <gpxtpx:hr>151</gpxtpx:hr>
            <gpxtpx:cad>85</gpxtpx:cad>
          </gpxtpx:TrackPointExtension>
        </extensions>
      </trkpt>
      <trkpt lat="29.7072417196" lon="106.512363162">
        <ele>199.0</ele>
        <time>2026-08-30T09:57:52+0800</time>
        <extensions>
          <gpxtpx:TrackPointExtension>
            <gpxtpx:hr>151</gpxtpx:hr>
            <gpxtpx:cad>85</gpxtpx:cad>
          </gpxtpx:TrackPointExtension>
        </extensions>
      </trkpt>
      <trkpt lat="29.7072280571" lon="106.512377579">
        <ele>199.0</ele>
        <time>2026-08-30T09:57:53+0800</time>
        <extensions>
          <gpxtpx:TrackPointExtension>
            <gpxtpx:hr>151</gpxtpx:hr>
            <gpxtpx:cad>85</gpxtpx:cad>
          </gpxtpx:TrackPointExtension>
        </extensions>
      </trkpt>
      <trkpt lat="29.7072139755" lon="106.512392499">
        <ele>199.0</ele>
        <time>2026-08-30T09:57:54+0800</time>
        <extensions>
          <gpxtpx:TrackPointExtension>
            <gpxtpx:hr>151</gpxtpx:hr>
            <gpxtpx:cad>85</gpxtpx:cad>
          </gpxtpx:TrackPointExtension>
        </extensions>
      </trkpt>
      <trkpt lat="29.7072055098" lon="106.512407418">
        <ele>199.0</ele>
        <time>2026-08-30T09:57:55+0800</time>
        <extensions>
          <gpxtpx:TrackPointExtension>
            <gpxtpx:hr>152</gpxtpx:hr>
            <gpxtpx:cad>85</gpxtpx:cad>
          </gpxtpx:TrackPointExtension>
        </extensions>
      </trkpt>
      <trkpt lat="29.7071929369" lon="106.512427786">
        <ele>198.8</ele>
        <time>2026-08-30T09:57:56+0800</time>
        <extensions>
          <gpxtpx:TrackPointExtension>
            <gpxtpx:hr>152</gpxtpx:hr>
            <gpxtpx:cad>85</gpxtpx:cad>
          </gpxtpx:TrackPointExtension>
        </extensions>
      </trkpt>
      <trkpt lat="29.7071827948" lon="106.512443041">
        <ele>198.8</ele>
        <time>2026-08-30T09:57:57+0800</time>
        <extensions>
          <gpxtpx:TrackPointExtension>
            <gpxtpx:hr>152</gpxtpx:hr>
            <gpxtpx:cad>85</gpxtpx:cad>
          </gpxtpx:TrackPointExtension>
        </extensions>
      </trkpt>
      <trkpt lat="29.7071715631" lon="106.512462571">
        <ele>198.8</ele>
        <time>2026-08-30T09:57:58+0800</time>
        <extensions>
          <gpxtpx:TrackPointExtension>
            <gpxtpx:hr>153</gpxtpx:hr>
            <gpxtpx:cad>85</gpxtpx:cad>
          </gpxtpx:TrackPointExtension>
        </extensions>
      </trkpt>
      <trkpt lat="29.7071589902" lon="106.512480089">
        <ele>198.8</ele>
        <time>2026-08-30T09:57:59+0800</time>
        <extensions>
          <gpxtpx:TrackPointExtension>
            <gpxtpx:hr>153</gpxtpx:hr>
            <gpxtpx:cad>84</gpxtpx:cad>
          </gpxtpx:TrackPointExtension>
        </extensions>
      </trkpt>
      <trkpt lat="29.7071494348" lon="106.512496937">
        <ele>198.8</ele>
        <time>2026-08-30T09:58:00+0800</time>
        <extensions>
          <gpxtpx:TrackPointExtension>
            <gpxtpx:hr>154</gpxtpx:hr>
            <gpxtpx:cad>84</gpxtpx:cad>
          </gpxtpx:TrackPointExtension>
        </extensions>
      </trkpt>
      <trkpt lat="29.7071385384" lon="106.512518311">
        <ele>198.8</ele>
        <time>2026-08-30T09:58:01+0800</time>
        <extensions>
          <gpxtpx:TrackPointExtension>
            <gpxtpx:hr>155</gpxtpx:hr>
            <gpxtpx:cad>84</gpxtpx:cad>
          </gpxtpx:TrackPointExtension>
        </extensions>
      </trkpt>
      <trkpt lat="29.7071316652" lon="106.512534739">
        <ele>198.8</ele>
        <time>2026-08-30T09:58:02+0800</time>
        <extensions>
          <gpxtpx:TrackPointExtension>
            <gpxtpx:hr>155</gpxtpx:hr>
            <gpxtpx:cad>84</gpxtpx:cad>
          </gpxtpx:TrackPointExtension>
        </extensions>
      </trkpt>
      <trkpt lat="29.7071231157" lon="106.512555359">
        <ele>198.8</ele>
        <time>2026-08-30T09:58:03+0800</time>
        <extensions>
          <gpxtpx:TrackPointExtension>
            <gpxtpx:hr>155</gpxtpx:hr>
            <gpxtpx:cad>85</gpxtpx:cad>
          </gpxtpx:TrackPointExtension>
        </extensions>
      </trkpt>
      <trkpt lat="29.7071151529" lon="106.512573129">
        <ele>198.6</ele>
        <time>2026-08-30T09:58:04+0800</time>
        <extensions>
          <gpxtpx:TrackPointExtension>
            <gpxtpx:hr>156</gpxtpx:hr>
            <gpxtpx:cad>85</gpxtpx:cad>
          </gpxtpx:TrackPointExtension>
        </extensions>
      </trkpt>
      <trkpt lat="29.7071121354" lon="106.512591066">
        <ele>198.6</ele>
        <time>2026-08-30T09:58:05+0800</time>
        <extensions>
          <gpxtpx:TrackPointExtension>
            <gpxtpx:hr>156</gpxtpx:hr>
            <gpxtpx:cad>85</gpxtpx:cad>
          </gpxtpx:TrackPointExtension>
        </extensions>
      </trkpt>
      <trkpt lat="29.7071057651" lon="106.512611518">
        <ele>198.6</ele>
        <time>2026-08-30T09:58:06+0800</time>
        <extensions>
          <gpxtpx:TrackPointExtension>
            <gpxtpx:hr>156</gpxtpx:hr>
            <gpxtpx:cad>83</gpxtpx:cad>
          </gpxtpx:TrackPointExtension>
        </extensions>
      </trkpt>
      <trkpt lat="29.7071043402" lon="106.512628449">
        <ele>198.6</ele>
        <time>2026-08-30T09:58:07+0800</time>
        <extensions>
          <gpxtpx:TrackPointExtension>
            <gpxtpx:hr>157</gpxtpx:hr>
            <gpxtpx:cad>83</gpxtpx:cad>
          </gpxtpx:TrackPointExtension>
        </extensions>
      </trkpt>
      <trkpt lat="29.7071010713" lon="106.51265217">
        <ele>198.6</ele>
        <time>2026-08-30T09:58:08+0800</time>
        <extensions>
          <gpxtpx:TrackPointExtension>
            <gpxtpx:hr>157</gpxtpx:hr>
            <gpxtpx:cad>83</gpxtpx:cad>
          </gpxtpx:TrackPointExtension>
        </extensions>
      </trkpt>
      <trkpt lat="29.7070990596" lon="106.512672957">
        <ele>198.6</ele>
        <time>2026-08-30T09:58:09+0800</time>
        <extensions>
          <gpxtpx:TrackPointExtension>
            <gpxtpx:hr>157</gpxtpx:hr>
            <gpxtpx:cad>83</gpxtpx:cad>
          </gpxtpx:TrackPointExtension>
        </extensions>
      </trkpt>
      <trkpt lat="29.7071003169" lon="106.512693577">
        <ele>198.6</ele>
        <time>2026-08-30T09:58:10+0800</time>
        <extensions>
          <gpxtpx:TrackPointExtension>
            <gpxtpx:hr>156</gpxtpx:hr>
            <gpxtpx:cad>84</gpxtpx:cad>
          </gpxtpx:TrackPointExtension>
        </extensions>
      </trkpt>
      <trkpt lat="29.7070989758" lon="106.512716878">
        <ele>198.6</ele>
        <time>2026-08-30T09:58:11+0800</time>
        <extensions>
          <gpxtpx:TrackPointExtension>
            <gpxtpx:hr>157</gpxtpx:hr>
            <gpxtpx:cad>84</gpxtpx:cad>
          </gpxtpx:TrackPointExtension>
        </extensions>
      </trkpt>
      <trkpt lat="29.707098892" lon="106.512734061">
        <ele>198.4</ele>
        <time>2026-08-30T09:58:12+0800</time>
        <extensions>
          <gpxtpx:TrackPointExtension>
            <gpxtpx:hr>157</gpxtpx:hr>
            <gpxtpx:cad>84</gpxtpx:cad>
          </gpxtpx:TrackPointExtension>
        </extensions>
      </trkpt>
      <trkpt lat="29.7070961259" lon="106.512757698">
        <ele>198.4</ele>
        <time>2026-08-30T09:58:13+0800</time>
        <extensions>
          <gpxtpx:TrackPointExtension>
            <gpxtpx:hr>156</gpxtpx:hr>
            <gpxtpx:cad>84</gpxtpx:cad>
          </gpxtpx:TrackPointExtension>
        </extensions>
      </trkpt>
      <trkpt lat="29.7070911806" lon="106.512778569">
        <ele>198.4</ele>
        <time>2026-08-30T09:58:14+0800</time>
        <extensions>
          <gpxtpx:TrackPointExtension>
            <gpxtpx:hr>157</gpxtpx:hr>
            <gpxtpx:cad>84</gpxtpx:cad>
          </gpxtpx:TrackPointExtension>
        </extensions>
      </trkpt>
      <trkpt lat="29.7070857324" lon="106.512796171">
        <ele>198.4</ele>
        <time>2026-08-30T09:58:15+0800</time>
        <extensions>
          <gpxtpx:TrackPointExtension>
            <gpxtpx:hr>157</gpxtpx:hr>
            <gpxtpx:cad>84</gpxtpx:cad>
          </gpxtpx:TrackPointExtension>
        </extensions>
      </trkpt>
      <trkpt lat="29.707072489" lon="106.512816288">
        <ele>198.4</ele>
        <time>2026-08-30T09:58:16+0800</time>
        <extensions>
          <gpxtpx:TrackPointExtension>
            <gpxtpx:hr>157</gpxtpx:hr>
            <gpxtpx:cad>84</gpxtpx:cad>
          </gpxtpx:TrackPointExtension>
        </extensions>
      </trkpt>
      <trkpt lat="29.7070637718" lon="106.512833303">
        <ele>198.4</ele>
        <time>2026-08-30T09:58:17+0800</time>
        <extensions>
          <gpxtpx:TrackPointExtension>
            <gpxtpx:hr>158</gpxtpx:hr>
            <gpxtpx:cad>84</gpxtpx:cad>
          </gpxtpx:TrackPointExtension>
        </extensions>
      </trkpt>
      <trkpt lat="29.7070473433" lon="106.51285409">
        <ele>198.4</ele>
        <time>2026-08-30T09:58:18+0800</time>
        <extensions>
          <gpxtpx:TrackPointExtension>
            <gpxtpx:hr>157</gpxtpx:hr>
            <gpxtpx:cad>84</gpxtpx:cad>
          </gpxtpx:TrackPointExtension>
        </extensions>
      </trkpt>
      <trkpt lat="29.70703125" lon="106.512866328">
        <ele>198.4</ele>
        <time>2026-08-30T09:58:19+0800</time>
        <extensions>
          <gpxtpx:TrackPointExtension>
            <gpxtpx:hr>157</gpxtpx:hr>
            <gpxtpx:cad>83</gpxtpx:cad>
          </gpxtpx:TrackPointExtension>
        </extensions>
      </trkpt>
      <trkpt lat="29.7070189286" lon="106.512876386">
        <ele>198.4</ele>
        <time>2026-08-30T09:58:20+0800</time>
        <extensions>
          <gpxtpx:TrackPointExtension>
            <gpxtpx:hr>158</gpxtpx:hr>
            <gpxtpx:cad>83</gpxtpx:cad>
          </gpxtpx:TrackPointExtension>
        </extensions>
      </trkpt>
      <trkpt lat="29.7070009075" lon="106.512886193">
        <ele>198.4</ele>
        <time>2026-08-30T09:58:21+0800</time>
        <extensions>
          <gpxtpx:TrackPointExtension>
            <gpxtpx:hr>158</gpxtpx:hr>
            <gpxtpx:cad>84</gpxtpx:cad>
          </gpxtpx:TrackPointExtension>
        </extensions>
      </trkpt>
      <trkpt lat="29.7069882508" lon="106.512892647">
        <ele>198.4</ele>
        <time>2026-08-30T09:58:22+0800</time>
        <extensions>
          <gpxtpx:TrackPointExtension>
            <gpxtpx:hr>158</gpxtpx:hr>
            <gpxtpx:cad>84</gpxtpx:cad>
          </gpxtpx:TrackPointExtension>
        </extensions>
      </trkpt>
      <trkpt lat="29.7069704812" lon="106.512898933">
        <ele>198.2</ele>
        <time>2026-08-30T09:58:23+0800</time>
        <extensions>
          <gpxtpx:TrackPointExtension>
            <gpxtpx:hr>158</gpxtpx:hr>
            <gpxtpx:cad>84</gpxtpx:cad>
          </gpxtpx:TrackPointExtension>
        </extensions>
      </trkpt>
      <trkpt lat="29.7069523763" lon="106.512896754">
        <ele>198.2</ele>
        <time>2026-08-30T09:58:24+0800</time>
        <extensions>
          <gpxtpx:TrackPointExtension>
            <gpxtpx:hr>158</gpxtpx:hr>
            <gpxtpx:cad>84</gpxtpx:cad>
          </gpxtpx:TrackPointExtension>
        </extensions>
      </trkpt>
      <trkpt lat="29.7069398873" lon="106.512895161">
        <ele>198.2</ele>
        <time>2026-08-30T09:58:25+0800</time>
        <extensions>
          <gpxtpx:TrackPointExtension>
            <gpxtpx:hr>158</gpxtpx:hr>
            <gpxtpx:cad>83</gpxtpx:cad>
          </gpxtpx:TrackPointExtension>
        </extensions>
      </trkpt>
      <trkpt lat="29.7069222853" lon="106.512891306">
        <ele>198.2</ele>
        <time>2026-08-30T09:58:26+0800</time>
        <extensions>
          <gpxtpx:TrackPointExtension>
            <gpxtpx:hr>158</gpxtpx:hr>
            <gpxtpx:cad>82</gpxtpx:cad>
          </gpxtpx:TrackPointExtension>
        </extensions>
      </trkpt>
      <trkpt lat="29.7069092933" lon="106.512886276">
        <ele>198.2</ele>
        <time>2026-08-30T09:58:27+0800</time>
        <extensions>
          <gpxtpx:TrackPointExtension>
            <gpxtpx:hr>158</gpxtpx:hr>
            <gpxtpx:cad>82</gpxtpx:cad>
          </gpxtpx:TrackPointExtension>
        </extensions>
      </trkpt>
      <trkpt lat="29.7068977263" lon="106.51288284">
        <ele>198.2</ele>
        <time>2026-08-30T09:58:28+0800</time>
        <extensions>
          <gpxtpx:TrackPointExtension>
            <gpxtpx:hr>157</gpxtpx:hr>
            <gpxtpx:cad>82</gpxtpx:cad>
          </gpxtpx:TrackPointExtension>
        </extensions>
      </trkpt>
      <trkpt lat="29.706880711" lon="106.512872865">
        <ele>198.2</ele>
        <time>2026-08-30T09:58:29+0800</time>
        <extensions>
          <gpxtpx:TrackPointExtension>
            <gpxtpx:hr>158</gpxtpx:hr>
            <gpxtpx:cad>82</gpxtpx:cad>
          </gpxtpx:TrackPointExtension>
        </extensions>
      </trkpt>
      <trkpt lat="29.7068712395" lon="106.512864819">
        <ele>198.2</ele>
        <time>2026-08-30T09:58:30+0800</time>
        <extensions>
          <gpxtpx:TrackPointExtension>
            <gpxtpx:hr>158</gpxtpx:hr>
            <gpxtpx:cad>82</gpxtpx:cad>
          </gpxtpx:TrackPointExtension>
        </extensions>
      </trkpt>
      <trkpt lat="29.706860343" lon="106.512856605">
        <ele>198.2</ele>
        <time>2026-08-30T09:58:31+0800</time>
        <extensions>
          <gpxtpx:TrackPointExtension>
            <gpxtpx:hr>157</gpxtpx:hr>
            <gpxtpx:cad>81</gpxtpx:cad>
          </gpxtpx:TrackPointExtension>
        </extensions>
      </trkpt>
      <trkpt lat="29.7068480216" lon="106.512842188">
        <ele>198.2</ele>
        <time>2026-08-30T09:58:32+0800</time>
        <extensions>
          <gpxtpx:TrackPointExtension>
            <gpxtpx:hr>157</gpxtpx:hr>
            <gpxtpx:cad>80</gpxtpx:cad>
          </gpxtpx:TrackPointExtension>
        </extensions>
      </trkpt>
      <trkpt lat="29.7068398073" lon="106.512833387">
        <ele>198.2</ele>
        <time>2026-08-30T09:58:33+0800</time>
        <extensions>
          <gpxtpx:TrackPointExtension>
            <gpxtpx:hr>157</gpxtpx:hr>
            <gpxtpx:cad>80</gpxtpx:cad>
          </gpxtpx:TrackPointExtension>
        </extensions>
      </trkpt>
      <trkpt lat="29.7068289109" lon="106.512821987">
        <ele>198.2</ele>
        <time>2026-08-30T09:58:34+0800</time>
        <extensions>
          <gpxtpx:TrackPointExtension>
            <gpxtpx:hr>157</gpxtpx:hr>
            <gpxtpx:cad>81</gpxtpx:cad>
          </gpxtpx:TrackPointExtension>
        </extensions>
      </trkpt>
      <trkpt lat="29.7068218701" lon="106.512806816">
        <ele>198.2</ele>
        <time>2026-08-30T09:58:35+0800</time>
        <extensions>
          <gpxtpx:TrackPointExtension>
            <gpxtpx:hr>157</gpxtpx:hr>
            <gpxtpx:cad>81</gpxtpx:cad>
          </gpxtpx:TrackPointExtension>
        </extensions>
      </trkpt>
      <trkpt lat="29.7068143263" lon="106.512795584">
        <ele>198.2</ele>
        <time>2026-08-30T09:58:36+0800</time>
        <extensions>
          <gpxtpx:TrackPointExtension>
            <gpxtpx:hr>156</gpxtpx:hr>
            <gpxtpx:cad>81</gpxtpx:cad>
          </gpxtpx:TrackPointExtension>
        </extensions>
      </trkpt>
      <trkpt lat="29.7068068665" lon="106.512778737">
        <ele>198.2</ele>
        <time>2026-08-30T09:58:37+0800</time>
        <extensions>
          <gpxtpx:TrackPointExtension>
            <gpxtpx:hr>157</gpxtpx:hr>
            <gpxtpx:cad>80</gpxtpx:cad>
          </gpxtpx:TrackPointExtension>
        </extensions>
      </trkpt>
      <trkpt lat="29.7068020049" lon="106.512762224">
        <ele>198.2</ele>
        <time>2026-08-30T09:58:38+0800</time>
        <extensions>
          <gpxtpx:TrackPointExtension>
            <gpxtpx:hr>156</gpxtpx:hr>
            <gpxtpx:cad>80</gpxtpx:cad>
          </gpxtpx:TrackPointExtension>
        </extensions>
      </trkpt>
      <trkpt lat="29.7067978978" lon="106.512748729">
        <ele>198.2</ele>
        <time>2026-08-30T09:58:39+0800</time>
        <extensions>
          <gpxtpx:TrackPointExtension>
            <gpxtpx:hr>156</gpxtpx:hr>
            <gpxtpx:cad>80</gpxtpx:cad>
          </gpxtpx:TrackPointExtension>
        </extensions>
      </trkpt>
      <trkpt lat="29.7067925334" lon="106.51272987">
        <ele>198.2</ele>
        <time>2026-08-30T09:58:40+0800</time>
        <extensions>
          <gpxtpx:TrackPointExtension>
            <gpxtpx:hr>156</gpxtpx:hr>
            <gpxtpx:cad>81</gpxtpx:cad>
          </gpxtpx:TrackPointExtension>
        </extensions>
      </trkpt>
      <trkpt lat="29.7067876719" lon="106.512718219">
        <ele>198.2</ele>
        <time>2026-08-30T09:58:41+0800</time>
        <extensions>
          <gpxtpx:TrackPointExtension>
            <gpxtpx:hr>157</gpxtpx:hr>
            <gpxtpx:cad>81</gpxtpx:cad>
          </gpxtpx:TrackPointExtension>
        </extensions>
      </trkpt>
      <trkpt lat="29.7067823913" lon="106.512705144">
        <ele>198.2</ele>
        <time>2026-08-30T09:58:42+0800</time>
        <extensions>
          <gpxtpx:TrackPointExtension>
            <gpxtpx:hr>156</gpxtpx:hr>
            <gpxtpx:cad>81</gpxtpx:cad>
          </gpxtpx:TrackPointExtension>
        </extensions>
      </trkpt>
      <trkpt lat="29.70677929" lon="106.512685865">
        <ele>198.2</ele>
        <time>2026-08-30T09:58:43+0800</time>
        <extensions>
          <gpxtpx:TrackPointExtension>
            <gpxtpx:hr>156</gpxtpx:hr>
            <gpxtpx:cad>81</gpxtpx:cad>
          </gpxtpx:TrackPointExtension>
        </extensions>
      </trkpt>
      <trkpt lat="29.7067763563" lon="106.512667425">
        <ele>198.2</ele>
        <time>2026-08-30T09:58:44+0800</time>
        <extensions>
          <gpxtpx:TrackPointExtension>
            <gpxtpx:hr>156</gpxtpx:hr>
            <gpxtpx:cad>81</gpxtpx:cad>
          </gpxtpx:TrackPointExtension>
        </extensions>
      </trkpt>
      <trkpt lat="29.7067751829" lon="106.512648733">
        <ele>198.2</ele>
        <time>2026-08-30T09:58:45+0800</time>
        <extensions>
          <gpxtpx:TrackPointExtension>
            <gpxtpx:hr>156</gpxtpx:hr>
            <gpxtpx:cad>81</gpxtpx:cad>
          </gpxtpx:TrackPointExtension>
        </extensions>
      </trkpt>
      <trkpt lat="29.7067709919" lon="106.512630126">
        <ele>198.2</ele>
        <time>2026-08-30T09:58:46+0800</time>
        <extensions>
          <gpxtpx:TrackPointExtension>
            <gpxtpx:hr>156</gpxtpx:hr>
            <gpxtpx:cad>81</gpxtpx:cad>
          </gpxtpx:TrackPointExtension>
        </extensions>
      </trkpt>
      <trkpt lat="29.7067650408" lon="106.512613026">
        <ele>198.2</ele>
        <time>2026-08-30T09:58:47+0800</time>
        <extensions>
          <gpxtpx:TrackPointExtension>
            <gpxtpx:hr>156</gpxtpx:hr>
            <gpxtpx:cad>82</gpxtpx:cad>
          </gpxtpx:TrackPointExtension>
        </extensions>
      </trkpt>
      <trkpt lat="29.7067591734" lon="106.512590311">
        <ele>198.2</ele>
        <time>2026-08-30T09:58:48+0800</time>
        <extensions>
          <gpxtpx:TrackPointExtension>
            <gpxtpx:hr>156</gpxtpx:hr>
            <gpxtpx:cad>82</gpxtpx:cad>
          </gpxtpx:TrackPointExtension>
        </extensions>
      </trkpt>
      <trkpt lat="29.7067543957" lon="106.512577571">
        <ele>198.2</ele>
        <time>2026-08-30T09:58:49+0800</time>
        <extensions>
          <gpxtpx:TrackPointExtension>
            <gpxtpx:hr>156</gpxtpx:hr>
            <gpxtpx:cad>82</gpxtpx:cad>
          </gpxtpx:TrackPointExtension>
        </extensions>
      </trkpt>
      <trkpt lat="29.7067471873" lon="106.512560807">
        <ele>198.2</ele>
        <time>2026-08-30T09:58:50+0800</time>
        <extensions>
          <gpxtpx:TrackPointExtension>
            <gpxtpx:hr>156</gpxtpx:hr>
            <gpxtpx:cad>82</gpxtpx:cad>
          </gpxtpx:TrackPointExtension>
        </extensions>
      </trkpt>
      <trkpt lat="29.7067406494" lon="106.512542535">
        <ele>198.0</ele>
        <time>2026-08-30T09:58:51+0800</time>
        <extensions>
          <gpxtpx:TrackPointExtension>
            <gpxtpx:hr>156</gpxtpx:hr>
            <gpxtpx:cad>82</gpxtpx:cad>
          </gpxtpx:TrackPointExtension>
        </extensions>
      </trkpt>
      <trkpt lat="29.7067331895" lon="106.512530213">
        <ele>198.0</ele>
        <time>2026-08-30T09:58:52+0800</time>
        <extensions>
          <gpxtpx:TrackPointExtension>
            <gpxtpx:hr>156</gpxtpx:hr>
            <gpxtpx:cad>83</gpxtpx:cad>
          </gpxtpx:TrackPointExtension>
        </extensions>
      </trkpt>
      <trkpt lat="29.7067233827" lon="106.512513198">
        <ele>198.0</ele>
        <time>2026-08-30T09:58:53+0800</time>
        <extensions>
          <gpxtpx:TrackPointExtension>
            <gpxtpx:hr>156</gpxtpx:hr>
            <gpxtpx:cad>83</gpxtpx:cad>
          </gpxtpx:TrackPointExtension>
        </extensions>
      </trkpt>
      <trkpt lat="29.7067155875" lon="106.512500038">
        <ele>198.0</ele>
        <time>2026-08-30T09:58:54+0800</time>
        <extensions>
          <gpxtpx:TrackPointExtension>
            <gpxtpx:hr>157</gpxtpx:hr>
            <gpxtpx:cad>83</gpxtpx:cad>
          </gpxtpx:TrackPointExtension>
        </extensions>
      </trkpt>
      <trkpt lat="29.7067063674" lon="106.512491154">
        <ele>198.0</ele>
        <time>2026-08-30T09:58:55+0800</time>
        <extensions>
          <gpxtpx:TrackPointExtension>
            <gpxtpx:hr>157</gpxtpx:hr>
            <gpxtpx:cad>83</gpxtpx:cad>
          </gpxtpx:TrackPointExtension>
        </extensions>
      </trkpt>
      <trkpt lat="29.7066948004" lon="106.512475144">
        <ele>198.0</ele>
        <time>2026-08-30T09:58:56+0800</time>
        <extensions>
          <gpxtpx:TrackPointExtension>
            <gpxtpx:hr>157</gpxtpx:hr>
            <gpxtpx:cad>82</gpxtpx:cad>
          </gpxtpx:TrackPointExtension>
        </extensions>
      </trkpt>
      <trkpt lat="29.7066874243" lon="106.512461565">
        <ele>198.0</ele>
        <time>2026-08-30T09:58:57+0800</time>
        <extensions>
          <gpxtpx:TrackPointExtension>
            <gpxtpx:hr>157</gpxtpx:hr>
            <gpxtpx:cad>82</gpxtpx:cad>
          </gpxtpx:TrackPointExtension>
        </extensions>
      </trkpt>
      <trkpt lat="29.7066758573" lon="106.512451256">
        <ele>198.0</ele>
        <time>2026-08-30T09:58:58+0800</time>
        <extensions>
          <gpxtpx:TrackPointExtension>
            <gpxtpx:hr>156</gpxtpx:hr>
            <gpxtpx:cad>82</gpxtpx:cad>
          </gpxtpx:TrackPointExtension>
        </extensions>
      </trkpt>
      <trkpt lat="29.706663033" lon="106.512439689">
        <ele>198.0</ele>
        <time>2026-08-30T09:58:59+0800</time>
        <extensions>
          <gpxtpx:TrackPointExtension>
            <gpxtpx:hr>156</gpxtpx:hr>
            <gpxtpx:cad>81</gpxtpx:cad>
          </gpxtpx:TrackPointExtension>
        </extensions>
      </trkpt>
      <trkpt lat="29.7066528909" lon="106.512433151">
        <ele>198.0</ele>
        <time>2026-08-30T09:59:00+0800</time>
        <extensions>
          <gpxtpx:TrackPointExtension>
            <gpxtpx:hr>156</gpxtpx:hr>
            <gpxtpx:cad>81</gpxtpx:cad>
          </gpxtpx:TrackPointExtension>
        </extensions>
      </trkpt>
      <trkpt lat="29.7066355404" lon="106.512425188">
        <ele>198.0</ele>
        <time>2026-08-30T09:59:01+0800</time>
        <extensions>
          <gpxtpx:TrackPointExtension>
            <gpxtpx:hr>156</gpxtpx:hr>
            <gpxtpx:cad>82</gpxtpx:cad>
          </gpxtpx:TrackPointExtension>
        </extensions>
      </trkpt>
      <trkpt lat="29.7066192795" lon="106.512418231">
        <ele>198.0</ele>
        <time>2026-08-30T09:59:02+0800</time>
        <extensions>
          <gpxtpx:TrackPointExtension>
            <gpxtpx:hr>156</gpxtpx:hr>
            <gpxtpx:cad>82</gpxtpx:cad>
          </gpxtpx:TrackPointExtension>
        </extensions>
      </trkpt>
      <trkpt lat="29.7066034377" lon="106.512411693">
        <ele>198.0</ele>
        <time>2026-08-30T09:59:03+0800</time>
        <extensions>
          <gpxtpx:TrackPointExtension>
            <gpxtpx:hr>156</gpxtpx:hr>
            <gpxtpx:cad>82</gpxtpx:cad>
          </gpxtpx:TrackPointExtension>
        </extensions>
      </trkpt>
      <trkpt lat="29.7065843269" lon="106.512404317">
        <ele>198.0</ele>
        <time>2026-08-30T09:59:04+0800</time>
        <extensions>
          <gpxtpx:TrackPointExtension>
            <gpxtpx:hr>156</gpxtpx:hr>
            <gpxtpx:cad>82</gpxtpx:cad>
          </gpxtpx:TrackPointExtension>
        </extensions>
      </trkpt>
      <trkpt lat="29.7065721732" lon="106.512402305">
        <ele>198.0</ele>
        <time>2026-08-30T09:59:05+0800</time>
        <extensions>
          <gpxtpx:TrackPointExtension>
            <gpxtpx:hr>156</gpxtpx:hr>
            <gpxtpx:cad>82</gpxtpx:cad>
          </gpxtpx:TrackPointExtension>
        </extensions>
      </trkpt>
      <trkpt lat="29.7065561637" lon="106.512401383">
        <ele>198.0</ele>
        <time>2026-08-30T09:59:06+0800</time>
        <extensions>
          <gpxtpx:TrackPointExtension>
            <gpxtpx:hr>156</gpxtpx:hr>
            <gpxtpx:cad>83</gpxtpx:cad>
          </gpxtpx:TrackPointExtension>
        </extensions>
      </trkpt>
      <trkpt lat="29.7065426689" lon="106.512400545">
        <ele>198.0</ele>
        <time>2026-08-30T09:59:07+0800</time>
        <extensions>
          <gpxtpx:TrackPointExtension>
            <gpxtpx:hr>156</gpxtpx:hr>
            <gpxtpx:cad>83</gpxtpx:cad>
          </gpxtpx:TrackPointExtension>
        </extensions>
      </trkpt>
      <trkpt lat="29.7065305989" lon="106.5124013">
        <ele>198.0</ele>
        <time>2026-08-30T09:59:08+0800</time>
        <extensions>
          <gpxtpx:TrackPointExtension>
            <gpxtpx:hr>156</gpxtpx:hr>
            <gpxtpx:cad>83</gpxtpx:cad>
          </gpxtpx:TrackPointExtension>
        </extensions>
      </trkpt>
      <trkpt lat="29.7065125778" lon="106.512402808">
        <ele>198.0</ele>
        <time>2026-08-30T09:59:09+0800</time>
        <extensions>
          <gpxtpx:TrackPointExtension>
            <gpxtpx:hr>156</gpxtpx:hr>
            <gpxtpx:cad>83</gpxtpx:cad>
          </gpxtpx:TrackPointExtension>
        </extensions>
      </trkpt>
      <trkpt lat="29.7064993344" lon="106.512404233">
        <ele>198.0</ele>
        <time>2026-08-30T09:59:10+0800</time>
        <extensions>
          <gpxtpx:TrackPointExtension>
            <gpxtpx:hr>156</gpxtpx:hr>
            <gpxtpx:cad>83</gpxtpx:cad>
          </gpxtpx:TrackPointExtension>
        </extensions>
      </trkpt>
      <trkpt lat="29.7064823192" lon="106.512408676">
        <ele>198.0</ele>
        <time>2026-08-30T09:59:11+0800</time>
        <extensions>
          <gpxtpx:TrackPointExtension>
            <gpxtpx:hr>155</gpxtpx:hr>
            <gpxtpx:cad>83</gpxtpx:cad>
          </gpxtpx:TrackPointExtension>
        </extensions>
      </trkpt>
      <trkpt lat="29.706463879" lon="106.512410687">
        <ele>198.0</ele>
        <time>2026-08-30T09:59:12+0800</time>
        <extensions>
          <gpxtpx:TrackPointExtension>
            <gpxtpx:hr>155</gpxtpx:hr>
            <gpxtpx:cad>83</gpxtpx:cad>
          </gpxtpx:TrackPointExtension>
        </extensions>
      </trkpt>
      <trkpt lat="29.706448121" lon="106.51241295">
        <ele>198.0</ele>
        <time>2026-08-30T09:59:13+0800</time>
        <extensions>
          <gpxtpx:TrackPointExtension>
            <gpxtpx:hr>155</gpxtpx:hr>
            <gpxtpx:cad>83</gpxtpx:cad>
          </gpxtpx:TrackPointExtension>
        </extensions>
      </trkpt>
      <trkpt lat="29.7064316925" lon="106.512413789">
        <ele>198.0</ele>
        <time>2026-08-30T09:59:14+0800</time>
        <extensions>
          <gpxtpx:TrackPointExtension>
            <gpxtpx:hr>155</gpxtpx:hr>
            <gpxtpx:cad>83</gpxtpx:cad>
          </gpxtpx:TrackPointExtension>
        </extensions>
      </trkpt>
      <trkpt lat="29.7064171918" lon="106.512414878">
        <ele>198.0</ele>
        <time>2026-08-30T09:59:15+0800</time>
        <extensions>
          <gpxtpx:TrackPointExtension>
            <gpxtpx:hr>155</gpxtpx:hr>
            <gpxtpx:cad>83</gpxtpx:cad>
          </gpxtpx:TrackPointExtension>
        </extensions>
      </trkpt>
      <trkpt lat="29.7064069659" lon="106.512421919">
        <ele>198.0</ele>
        <time>2026-08-30T09:59:16+0800</time>
        <extensions>
          <gpxtpx:TrackPointExtension>
            <gpxtpx:hr>155</gpxtpx:hr>
            <gpxtpx:cad>83</gpxtpx:cad>
          </gpxtpx:TrackPointExtension>
        </extensions>
      </trkpt>
      <trkpt lat="29.7063893639" lon="106.51242787">
        <ele>198.0</ele>
        <time>2026-08-30T09:59:17+0800</time>
        <extensions>
          <gpxtpx:TrackPointExtension>
            <gpxtpx:hr>154</gpxtpx:hr>
            <gpxtpx:cad>82</gpxtpx:cad>
          </gpxtpx:TrackPointExtension>
        </extensions>
      </trkpt>
      <trkpt lat="29.7063741926" lon="106.512430552">
        <ele>198.2</ele>
        <time>2026-08-30T09:59:18+0800</time>
        <extensions>
          <gpxtpx:TrackPointExtension>
            <gpxtpx:hr>154</gpxtpx:hr>
            <gpxtpx:cad>82</gpxtpx:cad>
          </gpxtpx:TrackPointExtension>
        </extensions>
      </trkpt>
      <trkpt lat="29.7063624579" lon="106.512435498">
        <ele>198.2</ele>
        <time>2026-08-30T09:59:19+0800</time>
        <extensions>
          <gpxtpx:TrackPointExtension>
            <gpxtpx:hr>154</gpxtpx:hr>
            <gpxtpx:cad>82</gpxtpx:cad>
          </gpxtpx:TrackPointExtension>
        </extensions>
      </trkpt>
      <trkpt lat="29.706345275" lon="106.512436839">
        <ele>198.2</ele>
        <time>2026-08-30T09:59:20+0800</time>
        <extensions>
          <gpxtpx:TrackPointExtension>
            <gpxtpx:hr>154</gpxtpx:hr>
            <gpxtpx:cad>82</gpxtpx:cad>
          </gpxtpx:TrackPointExtension>
        </extensions>
      </trkpt>
      <trkpt lat="29.7063354682" lon="106.512439772">
        <ele>198.2</ele>
        <time>2026-08-30T09:59:21+0800</time>
        <extensions>
          <gpxtpx:TrackPointExtension>
            <gpxtpx:hr>154</gpxtpx:hr>
            <gpxtpx:cad>81</gpxtpx:cad>
          </gpxtpx:TrackPointExtension>
        </extensions>
      </trkpt>
      <trkpt lat="29.7063262481" lon="106.51244849">
        <ele>198.2</ele>
        <time>2026-08-30T09:59:22+0800</time>
        <extensions>
          <gpxtpx:TrackPointExtension>
            <gpxtpx:hr>154</gpxtpx:hr>
            <gpxtpx:cad>81</gpxtpx:cad>
          </gpxtpx:TrackPointExtension>
        </extensions>
      </trkpt>
      <trkpt lat="29.7063099034" lon="106.512454106">
        <ele>198.2</ele>
        <time>2026-08-30T09:59:23+0800</time>
        <extensions>
          <gpxtpx:TrackPointExtension>
            <gpxtpx:hr>154</gpxtpx:hr>
            <gpxtpx:cad>81</gpxtpx:cad>
          </gpxtpx:TrackPointExtension>
        </extensions>
      </trkpt>
      <trkpt lat="29.706297582" lon="106.512462907">
        <ele>198.0</ele>
        <time>2026-08-30T09:59:24+0800</time>
        <extensions>
          <gpxtpx:TrackPointExtension>
            <gpxtpx:hr>154</gpxtpx:hr>
            <gpxtpx:cad>81</gpxtpx:cad>
          </gpxtpx:TrackPointExtension>
        </extensions>
      </trkpt>
      <trkpt lat="29.7062787227" lon="106.512468522">
        <ele>198.0</ele>
        <time>2026-08-30T09:59:25+0800</time>
        <extensions>
          <gpxtpx:TrackPointExtension>
            <gpxtpx:hr>154</gpxtpx:hr>
            <gpxtpx:cad>82</gpxtpx:cad>
          </gpxtpx:TrackPointExtension>
        </extensions>
      </trkpt>
      <trkpt lat="29.7062664013" lon="106.512471037">
        <ele>198.0</ele>
        <time>2026-08-30T09:59:26+0800</time>
        <extensions>
          <gpxtpx:TrackPointExtension>
            <gpxtpx:hr>155</gpxtpx:hr>
            <gpxtpx:cad>82</gpxtpx:cad>
          </gpxtpx:TrackPointExtension>
        </extensions>
      </trkpt>
      <trkpt lat="29.7062603664" lon="106.512474222">
        <ele>197.8</ele>
        <time>2026-08-30T09:59:27+0800</time>
        <extensions>
          <gpxtpx:TrackPointExtension>
            <gpxtpx:hr>154</gpxtpx:hr>
            <gpxtpx:cad>82</gpxtpx:cad>
          </gpxtpx:TrackPointExtension>
        </extensions>
      </trkpt>
      <trkpt lat="29.7062408365" lon="106.512481682">
        <ele>197.8</ele>
        <time>2026-08-30T09:59:28+0800</time>
        <extensions>
          <gpxtpx:TrackPointExtension>
            <gpxtpx:hr>154</gpxtpx:hr>
            <gpxtpx:cad>82</gpxtpx:cad>
          </gpxtpx:TrackPointExtension>
        </extensions>
      </trkpt>
      <trkpt lat="29.7062243242" lon="106.512486711">
        <ele>197.8</ele>
        <time>2026-08-30T09:59:29+0800</time>
        <extensions>
          <gpxtpx:TrackPointExtension>
            <gpxtpx:hr>155</gpxtpx:hr>
            <gpxtpx:cad>82</gpxtpx:cad>
          </gpxtpx:TrackPointExtension>
        </extensions>
      </trkpt>
      <trkpt lat="29.7062094044" lon="106.51249392">
        <ele>197.8</ele>
        <time>2026-08-30T09:59:30+0800</time>
        <extensions>
          <gpxtpx:TrackPointExtension>
            <gpxtpx:hr>154</gpxtpx:hr>
            <gpxtpx:cad>82</gpxtpx:cad>
          </gpxtpx:TrackPointExtension>
        </extensions>
      </trkpt>
      <trkpt lat="29.7061937302" lon="106.512505319">
        <ele>197.8</ele>
        <time>2026-08-30T09:59:31+0800</time>
        <extensions>
          <gpxtpx:TrackPointExtension>
            <gpxtpx:hr>154</gpxtpx:hr>
            <gpxtpx:cad>80</gpxtpx:cad>
          </gpxtpx:TrackPointExtension>
        </extensions>
      </trkpt>
      <trkpt lat="29.7061820794" lon="106.512516551">
        <ele>197.6</ele>
        <time>2026-08-30T09:59:32+0800</time>
        <extensions>
          <gpxtpx:TrackPointExtension>
            <gpxtpx:hr>154</gpxtpx:hr>
            <gpxtpx:cad>80</gpxtpx:cad>
          </gpxtpx:TrackPointExtension>
        </extensions>
      </trkpt>
      <trkpt lat="29.7061712667" lon="106.512529291">
        <ele>197.6</ele>
        <time>2026-08-30T09:59:33+0800</time>
        <extensions>
          <gpxtpx:TrackPointExtension>
            <gpxtpx:hr>154</gpxtpx:hr>
            <gpxtpx:cad>81</gpxtpx:cad>
          </gpxtpx:TrackPointExtension>
        </extensions>
      </trkpt>
      <trkpt lat="29.7061577719" lon="106.512541026">
        <ele>197.4</ele>
        <time>2026-08-30T09:59:34+0800</time>
        <extensions>
          <gpxtpx:TrackPointExtension>
            <gpxtpx:hr>154</gpxtpx:hr>
            <gpxtpx:cad>81</gpxtpx:cad>
          </gpxtpx:TrackPointExtension>
        </extensions>
      </trkpt>
      <trkpt lat="29.7061496414" lon="106.512549995">
        <ele>197.4</ele>
        <time>2026-08-30T09:59:35+0800</time>
        <extensions>
          <gpxtpx:TrackPointExtension>
            <gpxtpx:hr>154</gpxtpx:hr>
            <gpxtpx:cad>81</gpxtpx:cad>
          </gpxtpx:TrackPointExtension>
        </extensions>
      </trkpt>
      <trkpt lat="29.7061346378" lon="106.512561813">
        <ele>197.2</ele>
        <time>2026-08-30T09:59:36+0800</time>
        <extensions>
          <gpxtpx:TrackPointExtension>
            <gpxtpx:hr>154</gpxtpx:hr>
            <gpxtpx:cad>81</gpxtpx:cad>
          </gpxtpx:TrackPointExtension>
        </extensions>
      </trkpt>
      <trkpt lat="29.7061273456" lon="106.512569441">
        <ele>197.2</ele>
        <time>2026-08-30T09:59:37+0800</time>
        <extensions>
          <gpxtpx:TrackPointExtension>
            <gpxtpx:hr>155</gpxtpx:hr>
            <gpxtpx:cad>81</gpxtpx:cad>
          </gpxtpx:TrackPointExtension>
        </extensions>
      </trkpt>
      <trkpt lat="29.7061183769" lon="106.512569021">
        <ele>197.4</ele>
        <time>2026-08-30T09:59:38+0800</time>
        <extensions>
          <gpxtpx:TrackPointExtension>
            <gpxtpx:hr>154</gpxtpx:hr>
            <gpxtpx:cad>81</gpxtpx:cad>
          </gpxtpx:TrackPointExtension>
        </extensions>
      </trkpt>
      <trkpt lat="29.7061094921" lon="106.512565836">
        <ele>197.4</ele>
        <time>2026-08-30T09:59:39+0800</time>
        <extensions>
          <gpxtpx:TrackPointExtension>
            <gpxtpx:hr>155</gpxtpx:hr>
            <gpxtpx:cad>81</gpxtpx:cad>
          </gpxtpx:TrackPointExtension>
        </extensions>
      </trkpt>
      <trkpt lat="29.7061110009" lon="106.512576398">
        <ele>197.4</ele>
        <time>2026-08-30T09:59:40+0800</time>
        <extensions>
          <gpxtpx:TrackPointExtension>
            <gpxtpx:hr>155</gpxtpx:hr>
            <gpxtpx:cad>81</gpxtpx:cad>
          </gpxtpx:TrackPointExtension>
        </extensions>
      </trkpt>
      <trkpt lat="29.7061227355" lon="106.512579583">
        <ele>197.4</ele>
        <time>2026-08-30T09:59:41+0800</time>
        <extensions>
          <gpxtpx:TrackPointExtension>
            <gpxtpx:hr>155</gpxtpx:hr>
            <gpxtpx:cad>81</gpxtpx:cad>
          </gpxtpx:TrackPointExtension>
        </extensions>
      </trkpt>
      <trkpt lat="29.7061356436" lon="106.512574973">
        <ele>197.2</ele>
        <time>2026-08-30T09:59:42+0800</time>
        <extensions>
          <gpxtpx:TrackPointExtension>
            <gpxtpx:hr>154</gpxtpx:hr>
            <gpxtpx:cad>81</gpxtpx:cad>
          </gpxtpx:TrackPointExtension>
        </extensions>
      </trkpt>
      <trkpt lat="29.7061476298" lon="106.51256525">
        <ele>197.2</ele>
        <time>2026-08-30T09:59:43+0800</time>
        <extensions>
          <gpxtpx:TrackPointExtension>
            <gpxtpx:hr>153</gpxtpx:hr>
            <gpxtpx:cad>81</gpxtpx:cad>
          </gpxtpx:TrackPointExtension>
        </extensions>
      </trkpt>
      <trkpt lat="29.7061653994" lon="106.512553934">
        <ele>197.2</ele>
        <time>2026-08-30T09:59:44+0800</time>
        <extensions>
          <gpxtpx:TrackPointExtension>
            <gpxtpx:hr>153</gpxtpx:hr>
            <gpxtpx:cad>83</gpxtpx:cad>
          </gpxtpx:TrackPointExtension>
        </extensions>
      </trkpt>
      <trkpt lat="29.7061777208" lon="106.512545636">
        <ele>197.4</ele>
        <time>2026-08-30T09:59:45+0800</time>
        <extensions>
          <gpxtpx:TrackPointExtension>
            <gpxtpx:hr>153</gpxtpx:hr>
            <gpxtpx:cad>83</gpxtpx:cad>
          </gpxtpx:TrackPointExtension>
        </extensions>
      </trkpt>
      <trkpt lat="29.7061913833" lon="106.512535075">
        <ele>197.4</ele>
        <time>2026-08-30T09:59:46+0800</time>
        <extensions>
          <gpxtpx:TrackPointExtension>
            <gpxtpx:hr>153</gpxtpx:hr>
            <gpxtpx:cad>83</gpxtpx:cad>
          </gpxtpx:TrackPointExtension>
        </extensions>
      </trkpt>
      <trkpt lat="29.7062038723" lon="106.512527447">
        <ele>197.4</ele>
        <time>2026-08-30T09:59:47+0800</time>
        <extensions>
          <gpxtpx:TrackPointExtension>
            <gpxtpx:hr>153</gpxtpx:hr>
            <gpxtpx:cad>83</gpxtpx:cad>
          </gpxtpx:TrackPointExtension>
        </extensions>
      </trkpt>
      <trkpt lat="29.706214685" lon="106.512518814">
        <ele>197.6</ele>
        <time>2026-08-30T09:59:48+0800</time>
        <extensions>
          <gpxtpx:TrackPointExtension>
            <gpxtpx:hr>153</gpxtpx:hr>
            <gpxtpx:cad>82</gpxtpx:cad>
          </gpxtpx:TrackPointExtension>
        </extensions>
      </trkpt>
      <trkpt lat="29.706227174" lon="106.512506492">
        <ele>197.6</ele>
        <time>2026-08-30T09:59:49+0800</time>
        <extensions>
          <gpxtpx:TrackPointExtension>
            <gpxtpx:hr>153</gpxtpx:hr>
            <gpxtpx:cad>82</gpxtpx:cad>
          </gpxtpx:TrackPointExtension>
        </extensions>
      </trkpt>
      <trkpt lat="29.7062346339" lon="106.512499955">
        <ele>197.6</ele>
        <time>2026-08-30T09:59:50+0800</time>
        <extensions>
          <gpxtpx:TrackPointExtension>
            <gpxtpx:hr>153</gpxtpx:hr>
            <gpxtpx:cad>83</gpxtpx:cad>
          </gpxtpx:TrackPointExtension>
        </extensions>
      </trkpt>
      <trkpt lat="29.7062281799" lon="106.512498949">
        <ele>197.6</ele>
        <time>2026-08-30T09:59:51+0800</time>
        <extensions>
          <gpxtpx:TrackPointExtension>
            <gpxtpx:hr>153</gpxtpx:hr>
            <gpxtpx:cad>84</gpxtpx:cad>
          </gpxtpx:TrackPointExtension>
        </extensions>
      </trkpt>
      <trkpt lat="29.7062140983" lon="106.512505654">
        <ele>197.6</ele>
        <time>2026-08-30T09:59:52+0800</time>
        <extensions>
          <gpxtpx:TrackPointExtension>
            <gpxtpx:hr>154</gpxtpx:hr>
            <gpxtpx:cad>85</gpxtpx:cad>
          </gpxtpx:TrackPointExtension>
        </extensions>
      </trkpt>
      <trkpt lat="29.7062061355" lon="106.512513869">
        <ele>197.6</ele>
        <time>2026-08-30T09:59:53+0800</time>
        <extensions>
          <gpxtpx:TrackPointExtension>
            <gpxtpx:hr>153</gpxtpx:hr>
            <gpxtpx:cad>85</gpxtpx:cad>
          </gpxtpx:TrackPointExtension>
        </extensions>
      </trkpt>
      <trkpt lat="29.7061954066" lon="106.512521747">
        <ele>197.4</ele>
        <time>2026-08-30T09:59:54+0800</time>
        <extensions>
          <gpxtpx:TrackPointExtension>
            <gpxtpx:hr>152</gpxtpx:hr>
            <gpxtpx:cad>84</gpxtpx:cad>
          </gpxtpx:TrackPointExtension>
        </extensions>
      </trkpt>
      <trkpt lat="29.7061838396" lon="106.512530465">
        <ele>197.4</ele>
        <time>2026-08-30T09:59:55+0800</time>
        <extensions>
          <gpxtpx:TrackPointExtension>
            <gpxtpx:hr>152</gpxtpx:hr>
            <gpxtpx:cad>84</gpxtpx:cad>
          </gpxtpx:TrackPointExtension>
        </extensions>
      </trkpt>
      <trkpt lat="29.7061759606" lon="106.512538176">
        <ele>197.2</ele>
        <time>2026-08-30T09:59:56+0800</time>
        <extensions>
          <gpxtpx:TrackPointExtension>
            <gpxtpx:hr>152</gpxtpx:hr>
            <gpxtpx:cad>84</gpxtpx:cad>
          </gpxtpx:TrackPointExtension>
        </extensions>
      </trkpt>
      <trkpt lat="29.7061602026" lon="106.512549324">
        <ele>197.2</ele>
        <time>2026-08-30T09:59:57+0800</time>
        <extensions>
          <gpxtpx:TrackPointExtension>
            <gpxtpx:hr>152</gpxtpx:hr>
            <gpxtpx:cad>83</gpxtpx:cad>
          </gpxtpx:TrackPointExtension>
        </extensions>
      </trkpt>
      <trkpt lat="29.7061480489" lon="106.512559047">
        <ele>197.2</ele>
        <time>2026-08-30T09:59:58+0800</time>
        <extensions>
          <gpxtpx:TrackPointExtension>
            <gpxtpx:hr>153</gpxtpx:hr>
            <gpxtpx:cad>82</gpxtpx:cad>
          </gpxtpx:TrackPointExtension>
        </extensions>
      </trkpt>
      <trkpt lat="29.7061398346" lon="106.512568435">
        <ele>197.2</ele>
        <time>2026-08-30T09:59:59+0800</time>
        <extensions>
          <gpxtpx:TrackPointExtension>
            <gpxtpx:hr>153</gpxtpx:hr>
            <gpxtpx:cad>80</gpxtpx:cad>
          </gpxtpx:TrackPointExtension>
        </extensions>
      </trkpt>
      <trkpt lat="29.7061270941" lon="106.512579499">
        <ele>197.2</ele>
        <time>2026-08-30T10:00:00+0800</time>
        <extensions>
          <gpxtpx:TrackPointExtension>
            <gpxtpx:hr>153</gpxtpx:hr>
            <gpxtpx:cad>80</gpxtpx:cad>
          </gpxtpx:TrackPointExtension>
        </extensions>
      </trkpt>
      <trkpt lat="29.7061171196" lon="106.512586456">
        <ele>197.2</ele>
        <time>2026-08-30T10:00:01+0800</time>
        <extensions>
          <gpxtpx:TrackPointExtension>
            <gpxtpx:hr>152</gpxtpx:hr>
            <gpxtpx:cad>81</gpxtpx:cad>
          </gpxtpx:TrackPointExtension>
        </extensions>
      </trkpt>
      <trkpt lat="29.7061086539" lon="106.512593916">
        <ele>197.2</ele>
        <time>2026-08-30T10:00:02+0800</time>
        <extensions>
          <gpxtpx:TrackPointExtension>
            <gpxtpx:hr>152</gpxtpx:hr>
            <gpxtpx:cad>81</gpxtpx:cad>
          </gpxtpx:TrackPointExtension>
        </extensions>
      </trkpt>
      <trkpt lat="29.7060979251" lon="106.512600118">
        <ele>197.0</ele>
        <time>2026-08-30T10:00:03+0800</time>
        <extensions>
          <gpxtpx:TrackPointExtension>
            <gpxtpx:hr>152</gpxtpx:hr>
            <gpxtpx:cad>81</gpxtpx:cad>
          </gpxtpx:TrackPointExtension>
        </extensions>
      </trkpt>
      <trkpt lat="29.7060921416" lon="106.512604393">
        <ele>197.0</ele>
        <time>2026-08-30T10:00:04+0800</time>
        <extensions>
          <gpxtpx:TrackPointExtension>
            <gpxtpx:hr>151</gpxtpx:hr>
            <gpxtpx:cad>81</gpxtpx:cad>
          </gpxtpx:TrackPointExtension>
        </extensions>
      </trkpt>
      <trkpt lat="29.7060816642" lon="106.512614703">
        <ele>197.0</ele>
        <time>2026-08-30T10:00:05+0800</time>
        <extensions>
          <gpxtpx:TrackPointExtension>
            <gpxtpx:hr>151</gpxtpx:hr>
            <gpxtpx:cad>81</gpxtpx:cad>
          </gpxtpx:TrackPointExtension>
        </extensions>
      </trkpt>
      <trkpt lat="29.7060695942" lon="106.512621408">
        <ele>197.0</ele>
        <time>2026-08-30T10:00:06+0800</time>
        <extensions>
          <gpxtpx:TrackPointExtension>
            <gpxtpx:hr>151</gpxtpx:hr>
            <gpxtpx:cad>81</gpxtpx:cad>
          </gpxtpx:TrackPointExtension>
        </extensions>
      </trkpt>
      <trkpt lat="29.7060629725" lon="106.512628198">
        <ele>196.8</ele>
        <time>2026-08-30T10:00:07+0800</time>
        <extensions>
          <gpxtpx:TrackPointExtension>
            <gpxtpx:hr>151</gpxtpx:hr>
            <gpxtpx:cad>81</gpxtpx:cad>
          </gpxtpx:TrackPointExtension>
        </extensions>
      </trkpt>
      <trkpt lat="29.7060503159" lon="106.512640854">
        <ele>196.8</ele>
        <time>2026-08-30T10:00:08+0800</time>
        <extensions>
          <gpxtpx:TrackPointExtension>
            <gpxtpx:hr>151</gpxtpx:hr>
            <gpxtpx:cad>81</gpxtpx:cad>
          </gpxtpx:TrackPointExtension>
        </extensions>
      </trkpt>
      <trkpt lat="29.706037743" lon="106.51265041">
        <ele>196.8</ele>
        <time>2026-08-30T10:00:09+0800</time>
        <extensions>
          <gpxtpx:TrackPointExtension>
            <gpxtpx:hr>150</gpxtpx:hr>
            <gpxtpx:cad>81</gpxtpx:cad>
          </gpxtpx:TrackPointExtension>
        </extensions>
      </trkpt>
      <trkpt lat="29.7060291935" lon="106.512659127">
        <ele>196.8</ele>
        <time>2026-08-30T10:00:10+0800</time>
        <extensions>
          <gpxtpx:TrackPointExtension>
            <gpxtpx:hr>151</gpxtpx:hr>
            <gpxtpx:cad>81</gpxtpx:cad>
          </gpxtpx:TrackPointExtension>
        </extensions>
      </trkpt>
      <trkpt lat="29.7060135193" lon="106.512671197">
        <ele>196.8</ele>
        <time>2026-08-30T10:00:11+0800</time>
        <extensions>
          <gpxtpx:TrackPointExtension>
            <gpxtpx:hr>151</gpxtpx:hr>
            <gpxtpx:cad>81</gpxtpx:cad>
          </gpxtpx:TrackPointExtension>
        </extensions>
      </trkpt>
      <trkpt lat="29.7060046345" lon="106.512680333">
        <ele>196.8</ele>
        <time>2026-08-30T10:00:12+0800</time>
        <extensions>
          <gpxtpx:TrackPointExtension>
            <gpxtpx:hr>151</gpxtpx:hr>
            <gpxtpx:cad>81</gpxtpx:cad>
          </gpxtpx:TrackPointExtension>
        </extensions>
      </trkpt>
      <trkpt lat="29.7059922293" lon="106.512686536">
        <ele>196.8</ele>
        <time>2026-08-30T10:00:13+0800</time>
        <extensions>
          <gpxtpx:TrackPointExtension>
            <gpxtpx:hr>152</gpxtpx:hr>
            <gpxtpx:cad>81</gpxtpx:cad>
          </gpxtpx:TrackPointExtension>
        </extensions>
      </trkpt>
      <trkpt lat="29.7059736215" lon="106.512691481">
        <ele>196.8</ele>
        <time>2026-08-30T10:00:14+0800</time>
        <extensions>
          <gpxtpx:TrackPointExtension>
            <gpxtpx:hr>152</gpxtpx:hr>
            <gpxtpx:cad>81</gpxtpx:cad>
          </gpxtpx:TrackPointExtension>
        </extensions>
      </trkpt>
      <trkpt lat="29.7059612162" lon="106.512693577">
        <ele>196.8</ele>
        <time>2026-08-30T10:00:15+0800</time>
        <extensions>
          <gpxtpx:TrackPointExtension>
            <gpxtpx:hr>151</gpxtpx:hr>
            <gpxtpx:cad>81</gpxtpx:cad>
          </gpxtpx:TrackPointExtension>
        </extensions>
      </trkpt>
      <trkpt lat="29.7059467155" lon="106.512701204">
        <ele>196.8</ele>
        <time>2026-08-30T10:00:16+0800</time>
        <extensions>
          <gpxtpx:TrackPointExtension>
            <gpxtpx:hr>151</gpxtpx:hr>
            <gpxtpx:cad>81</gpxtpx:cad>
          </gpxtpx:TrackPointExtension>
        </extensions>
      </trkpt>
      <trkpt lat="29.7059307899" lon="106.512703886">
        <ele>196.6</ele>
        <time>2026-08-30T10:00:17+0800</time>
        <extensions>
          <gpxtpx:TrackPointExtension>
            <gpxtpx:hr>150</gpxtpx:hr>
            <gpxtpx:cad>81</gpxtpx:cad>
          </gpxtpx:TrackPointExtension>
        </extensions>
      </trkpt>
      <trkpt lat="29.7059190553" lon="106.512706233">
        <ele>196.6</ele>
        <time>2026-08-30T10:00:18+0800</time>
        <extensions>
          <gpxtpx:TrackPointExtension>
            <gpxtpx:hr>150</gpxtpx:hr>
            <gpxtpx:cad>81</gpxtpx:cad>
          </gpxtpx:TrackPointExtension>
        </extensions>
      </trkpt>
      <trkpt lat="29.70590204" lon="106.51271252">
        <ele>196.6</ele>
        <time>2026-08-30T10:00:19+0800</time>
        <extensions>
          <gpxtpx:TrackPointExtension>
            <gpxtpx:hr>149</gpxtpx:hr>
            <gpxtpx:cad>80</gpxtpx:cad>
          </gpxtpx:TrackPointExtension>
        </extensions>
      </trkpt>
      <trkpt lat="29.7058835998" lon="106.512715621">
        <ele>196.6</ele>
        <time>2026-08-30T10:00:20+0800</time>
        <extensions>
          <gpxtpx:TrackPointExtension>
            <gpxtpx:hr>149</gpxtpx:hr>
            <gpxtpx:cad>80</gpxtpx:cad>
          </gpxtpx:TrackPointExtension>
        </extensions>
      </trkpt>
      <trkpt lat="29.7058711946" lon="106.512719812">
        <ele>196.6</ele>
        <time>2026-08-30T10:00:21+0800</time>
        <extensions>
          <gpxtpx:TrackPointExtension>
            <gpxtpx:hr>149</gpxtpx:hr>
            <gpxtpx:cad>81</gpxtpx:cad>
          </gpxtpx:TrackPointExtension>
        </extensions>
      </trkpt>
      <trkpt lat="29.7058547661" lon="106.512723332">
        <ele>196.6</ele>
        <time>2026-08-30T10:00:22+0800</time>
        <extensions>
          <gpxtpx:TrackPointExtension>
            <gpxtpx:hr>148</gpxtpx:hr>
            <gpxtpx:cad>81</gpxtpx:cad>
          </gpxtpx:TrackPointExtension>
        </extensions>
      </trkpt>
      <trkpt lat="29.7058384214" lon="106.512723668">
        <ele>196.6</ele>
        <time>2026-08-30T10:00:23+0800</time>
        <extensions>
          <gpxtpx:TrackPointExtension>
            <gpxtpx:hr>148</gpxtpx:hr>
            <gpxtpx:cad>81</gpxtpx:cad>
          </gpxtpx:TrackPointExtension>
        </extensions>
      </trkpt>
      <trkpt lat="29.7058254294" lon="106.512725679">
        <ele>196.6</ele>
        <time>2026-08-30T10:00:24+0800</time>
        <extensions>
          <gpxtpx:TrackPointExtension>
            <gpxtpx:hr>148</gpxtpx:hr>
            <gpxtpx:cad>81</gpxtpx:cad>
          </gpxtpx:TrackPointExtension>
        </extensions>
      </trkpt>
      <trkpt lat="29.7058072407" lon="106.512726853">
        <ele>196.6</ele>
        <time>2026-08-30T10:00:25+0800</time>
        <extensions>
          <gpxtpx:TrackPointExtension>
            <gpxtpx:hr>148</gpxtpx:hr>
            <gpxtpx:cad>80</gpxtpx:cad>
          </gpxtpx:TrackPointExtension>
        </extensions>
      </trkpt>
      <trkpt lat="29.7057917342" lon="106.51272811">
        <ele>196.8</ele>
        <time>2026-08-30T10:00:26+0800</time>
        <extensions>
          <gpxtpx:TrackPointExtension>
            <gpxtpx:hr>149</gpxtpx:hr>
            <gpxtpx:cad>80</gpxtpx:cad>
          </gpxtpx:TrackPointExtension>
        </extensions>
      </trkpt>
      <trkpt lat="29.7057786584" lon="106.512732385">
        <ele>196.8</ele>
        <time>2026-08-30T10:00:27+0800</time>
        <extensions>
          <gpxtpx:TrackPointExtension>
            <gpxtpx:hr>149</gpxtpx:hr>
            <gpxtpx:cad>80</gpxtpx:cad>
          </gpxtpx:TrackPointExtension>
        </extensions>
      </trkpt>
      <trkpt lat="29.7057609726" lon="106.51273624">
        <ele>196.8</ele>
        <time>2026-08-30T10:00:28+0800</time>
        <extensions>
          <gpxtpx:TrackPointExtension>
            <gpxtpx:hr>149</gpxtpx:hr>
            <gpxtpx:cad>81</gpxtpx:cad>
          </gpxtpx:TrackPointExtension>
        </extensions>
      </trkpt>
      <trkpt lat="29.7057481483" lon="106.512738504">
        <ele>196.8</ele>
        <time>2026-08-30T10:00:29+0800</time>
        <extensions>
          <gpxtpx:TrackPointExtension>
            <gpxtpx:hr>149</gpxtpx:hr>
            <gpxtpx:cad>81</gpxtpx:cad>
          </gpxtpx:TrackPointExtension>
        </extensions>
      </trkpt>
      <trkpt lat="29.7057347372" lon="106.512742946">
        <ele>197.0</ele>
        <time>2026-08-30T10:00:30+0800</time>
        <extensions>
          <gpxtpx:TrackPointExtension>
            <gpxtpx:hr>149</gpxtpx:hr>
            <gpxtpx:cad>81</gpxtpx:cad>
          </gpxtpx:TrackPointExtension>
        </extensions>
      </trkpt>
      <trkpt lat="29.7057163808" lon="106.51274479">
        <ele>197.0</ele>
        <time>2026-08-30T10:00:31+0800</time>
        <extensions>
          <gpxtpx:TrackPointExtension>
            <gpxtpx:hr>149</gpxtpx:hr>
            <gpxtpx:cad>81</gpxtpx:cad>
          </gpxtpx:TrackPointExtension>
        </extensions>
      </trkpt>
      <trkpt lat="29.7057059873" lon="106.512747807">
        <ele>197.0</ele>
        <time>2026-08-30T10:00:32+0800</time>
        <extensions>
          <gpxtpx:TrackPointExtension>
            <gpxtpx:hr>149</gpxtpx:hr>
            <gpxtpx:cad>81</gpxtpx:cad>
          </gpxtpx:TrackPointExtension>
        </extensions>
      </trkpt>
      <trkpt lat="29.7056891397" lon="106.512749651">
        <ele>197.2</ele>
        <time>2026-08-30T10:00:33+0800</time>
        <extensions>
          <gpxtpx:TrackPointExtension>
            <gpxtpx:hr>149</gpxtpx:hr>
            <gpxtpx:cad>81</gpxtpx:cad>
          </gpxtpx:TrackPointExtension>
        </extensions>
      </trkpt>
      <trkpt lat="29.7056736331" lon="106.512752585">
        <ele>197.2</ele>
        <time>2026-08-30T10:00:34+0800</time>
        <extensions>
          <gpxtpx:TrackPointExtension>
            <gpxtpx:hr>149</gpxtpx:hr>
            <gpxtpx:cad>81</gpxtpx:cad>
          </gpxtpx:TrackPointExtension>
        </extensions>
      </trkpt>
      <trkpt lat="29.7056634072" lon="106.512756189">
        <ele>197.2</ele>
        <time>2026-08-30T10:00:35+0800</time>
        <extensions>
          <gpxtpx:TrackPointExtension>
            <gpxtpx:hr>149</gpxtpx:hr>
            <gpxtpx:cad>81</gpxtpx:cad>
          </gpxtpx:TrackPointExtension>
        </extensions>
      </trkpt>
      <trkpt lat="29.7056444641" lon="106.512759123">
        <ele>197.2</ele>
        <time>2026-08-30T10:00:36+0800</time>
        <extensions>
          <gpxtpx:TrackPointExtension>
            <gpxtpx:hr>148</gpxtpx:hr>
            <gpxtpx:cad>82</gpxtpx:cad>
          </gpxtpx:TrackPointExtension>
        </extensions>
      </trkpt>
      <trkpt lat="29.705630634" lon="106.512757614">
        <ele>197.2</ele>
        <time>2026-08-30T10:00:37+0800</time>
        <extensions>
          <gpxtpx:TrackPointExtension>
            <gpxtpx:hr>148</gpxtpx:hr>
            <gpxtpx:cad>82</gpxtpx:cad>
          </gpxtpx:TrackPointExtension>
        </extensions>
      </trkpt>
      <trkpt lat="29.7056183126" lon="106.512759374">
        <ele>197.2</ele>
        <time>2026-08-30T10:00:38+0800</time>
        <extensions>
          <gpxtpx:TrackPointExtension>
            <gpxtpx:hr>148</gpxtpx:hr>
            <gpxtpx:cad>81</gpxtpx:cad>
          </gpxtpx:TrackPointExtension>
        </extensions>
      </trkpt>
      <trkpt lat="29.705599118" lon="106.51275971">
        <ele>197.2</ele>
        <time>2026-08-30T10:00:39+0800</time>
        <extensions>
          <gpxtpx:TrackPointExtension>
            <gpxtpx:hr>148</gpxtpx:hr>
            <gpxtpx:cad>80</gpxtpx:cad>
          </gpxtpx:TrackPointExtension>
        </extensions>
      </trkpt>
      <trkpt lat="29.7055826057" lon="106.512759207">
        <ele>197.2</ele>
        <time>2026-08-30T10:00:40+0800</time>
        <extensions>
          <gpxtpx:TrackPointExtension>
            <gpxtpx:hr>148</gpxtpx:hr>
            <gpxtpx:cad>80</gpxtpx:cad>
          </gpxtpx:TrackPointExtension>
        </extensions>
      </trkpt>
      <trkpt lat="29.705569949" lon="106.51276256">
        <ele>197.2</ele>
        <time>2026-08-30T10:00:41+0800</time>
        <extensions>
          <gpxtpx:TrackPointExtension>
            <gpxtpx:hr>149</gpxtpx:hr>
            <gpxtpx:cad>80</gpxtpx:cad>
          </gpxtpx:TrackPointExtension>
        </extensions>
      </trkpt>
      <trkpt lat="29.7055529337" lon="106.512762476">
        <ele>197.2</ele>
        <time>2026-08-30T10:00:42+0800</time>
        <extensions>
          <gpxtpx:TrackPointExtension>
            <gpxtpx:hr>149</gpxtpx:hr>
            <gpxtpx:cad>81</gpxtpx:cad>
          </gpxtpx:TrackPointExtension>
        </extensions>
      </trkpt>
      <trkpt lat="29.7055415343" lon="106.512762224">
        <ele>197.2</ele>
        <time>2026-08-30T10:00:43+0800</time>
        <extensions>
          <gpxtpx:TrackPointExtension>
            <gpxtpx:hr>148</gpxtpx:hr>
            <gpxtpx:cad>80</gpxtpx:cad>
          </gpxtpx:TrackPointExtension>
        </extensions>
      </trkpt>
      <trkpt lat="29.7055226751" lon="106.512763314">
        <ele>197.2</ele>
        <time>2026-08-30T10:00:44+0800</time>
        <extensions>
          <gpxtpx:TrackPointExtension>
            <gpxtpx:hr>148</gpxtpx:hr>
            <gpxtpx:cad>81</gpxtpx:cad>
          </gpxtpx:TrackPointExtension>
        </extensions>
      </trkpt>
      <trkpt lat="29.7055058274" lon="106.512764487">
        <ele>197.2</ele>
        <time>2026-08-30T10:00:45+0800</time>
        <extensions>
          <gpxtpx:TrackPointExtension>
            <gpxtpx:hr>148</gpxtpx:hr>
            <gpxtpx:cad>81</gpxtpx:cad>
          </gpxtpx:TrackPointExtension>
        </extensions>
      </trkpt>
      <trkpt lat="29.7054930869" lon="106.512770271">
        <ele>197.0</ele>
        <time>2026-08-30T10:00:46+0800</time>
        <extensions>
          <gpxtpx:TrackPointExtension>
            <gpxtpx:hr>148</gpxtpx:hr>
            <gpxtpx:cad>81</gpxtpx:cad>
          </gpxtpx:TrackPointExtension>
        </extensions>
      </trkpt>
      <trkpt lat="29.7054720484" lon="106.512773959">
        <ele>197.0</ele>
        <time>2026-08-30T10:00:47+0800</time>
        <extensions>
          <gpxtpx:TrackPointExtension>
            <gpxtpx:hr>148</gpxtpx:hr>
            <gpxtpx:cad>83</gpxtpx:cad>
          </gpxtpx:TrackPointExtension>
        </extensions>
      </trkpt>
      <trkpt lat="29.7054567095" lon="106.512775719">
        <ele>197.0</ele>
        <time>2026-08-30T10:00:48+0800</time>
        <extensions>
          <gpxtpx:TrackPointExtension>
            <gpxtpx:hr>148</gpxtpx:hr>
            <gpxtpx:cad>83</gpxtpx:cad>
          </gpxtpx:TrackPointExtension>
        </extensions>
      </trkpt>
      <trkpt lat="29.7054407001" lon="106.51277815">
        <ele>197.0</ele>
        <time>2026-08-30T10:00:49+0800</time>
        <extensions>
          <gpxtpx:TrackPointExtension>
            <gpxtpx:hr>148</gpxtpx:hr>
            <gpxtpx:cad>82</gpxtpx:cad>
          </gpxtpx:TrackPointExtension>
        </extensions>
      </trkpt>
      <trkpt lat="29.705422176" lon="106.512779156">
        <ele>197.0</ele>
        <time>2026-08-30T10:00:50+0800</time>
        <extensions>
          <gpxtpx:TrackPointExtension>
            <gpxtpx:hr>149</gpxtpx:hr>
            <gpxtpx:cad>82</gpxtpx:cad>
          </gpxtpx:TrackPointExtension>
        </extensions>
      </trkpt>
      <trkpt lat="29.7054121178" lon="106.512781922">
        <ele>197.0</ele>
        <time>2026-08-30T10:00:51+0800</time>
        <extensions>
          <gpxtpx:TrackPointExtension>
            <gpxtpx:hr>148</gpxtpx:hr>
            <gpxtpx:cad>82</gpxtpx:cad>
          </gpxtpx:TrackPointExtension>
        </extensions>
      </trkpt>
      <trkpt lat="29.7053944319" lon="106.512785694">
        <ele>197.0</ele>
        <time>2026-08-30T10:00:52+0800</time>
        <extensions>
          <gpxtpx:TrackPointExtension>
            <gpxtpx:hr>149</gpxtpx:hr>
            <gpxtpx:cad>82</gpxtpx:cad>
          </gpxtpx:TrackPointExtension>
        </extensions>
      </trkpt>
      <trkpt lat="29.7053795122" lon="106.512785442">
        <ele>197.0</ele>
        <time>2026-08-30T10:00:53+0800</time>
        <extensions>
          <gpxtpx:TrackPointExtension>
            <gpxtpx:hr>149</gpxtpx:hr>
            <gpxtpx:cad>82</gpxtpx:cad>
          </gpxtpx:TrackPointExtension>
        </extensions>
      </trkpt>
      <trkpt lat="29.7053712141" lon="106.512790723">
        <ele>197.0</ele>
        <time>2026-08-30T10:00:54+0800</time>
        <extensions>
          <gpxtpx:TrackPointExtension>
            <gpxtpx:hr>150</gpxtpx:hr>
            <gpxtpx:cad>82</gpxtpx:cad>
          </gpxtpx:TrackPointExtension>
        </extensions>
      </trkpt>
      <trkpt lat="29.7053528577" lon="106.512794914">
        <ele>197.0</ele>
        <time>2026-08-30T10:00:55+0800</time>
        <extensions>
          <gpxtpx:TrackPointExtension>
            <gpxtpx:hr>151</gpxtpx:hr>
            <gpxtpx:cad>82</gpxtpx:cad>
          </gpxtpx:TrackPointExtension>
        </extensions>
      </trkpt>
      <trkpt lat="29.7053358424" lon="106.512795668">
        <ele>197.0</ele>
        <time>2026-08-30T10:00:56+0800</time>
        <extensions>
          <gpxtpx:TrackPointExtension>
            <gpxtpx:hr>152</gpxtpx:hr>
            <gpxtpx:cad>82</gpxtpx:cad>
          </gpxtpx:TrackPointExtension>
        </extensions>
      </trkpt>
      <trkpt lat="29.7053220961" lon="106.512800278">
        <ele>197.0</ele>
        <time>2026-08-30T10:00:57+0800</time>
        <extensions>
          <gpxtpx:TrackPointExtension>
            <gpxtpx:hr>152</gpxtpx:hr>
            <gpxtpx:cad>82</gpxtpx:cad>
          </gpxtpx:TrackPointExtension>
        </extensions>
      </trkpt>
      <trkpt lat="29.7053026501" lon="106.512803882">
        <ele>197.0</ele>
        <time>2026-08-30T10:00:58+0800</time>
        <extensions>
          <gpxtpx:TrackPointExtension>
            <gpxtpx:hr>153</gpxtpx:hr>
            <gpxtpx:cad>81</gpxtpx:cad>
          </gpxtpx:TrackPointExtension>
        </extensions>
      </trkpt>
      <trkpt lat="29.7052903287" lon="106.512805559">
        <ele>196.8</ele>
        <time>2026-08-30T10:00:59+0800</time>
        <extensions>
          <gpxtpx:TrackPointExtension>
            <gpxtpx:hr>153</gpxtpx:hr>
            <gpxtpx:cad>81</gpxtpx:cad>
          </gpxtpx:TrackPointExtension>
        </extensions>
      </trkpt>
      <trkpt lat="29.7052715532" lon="106.512810923">
        <ele>196.8</ele>
        <time>2026-08-30T10:01:00+0800</time>
        <extensions>
          <gpxtpx:TrackPointExtension>
            <gpxtpx:hr>153</gpxtpx:hr>
            <gpxtpx:cad>81</gpxtpx:cad>
          </gpxtpx:TrackPointExtension>
        </extensions>
      </trkpt>
      <trkpt lat="29.7052526101" lon="106.512811929">
        <ele>196.8</ele>
        <time>2026-08-30T10:01:01+0800</time>
        <extensions>
          <gpxtpx:TrackPointExtension>
            <gpxtpx:hr>153</gpxtpx:hr>
            <gpxtpx:cad>81</gpxtpx:cad>
          </gpxtpx:TrackPointExtension>
        </extensions>
      </trkpt>
      <trkpt lat="29.7052386962" lon="106.512818048">
        <ele>197.0</ele>
        <time>2026-08-30T10:01:02+0800</time>
        <extensions>
          <gpxtpx:TrackPointExtension>
            <gpxtpx:hr>153</gpxtpx:hr>
            <gpxtpx:cad>82</gpxtpx:cad>
          </gpxtpx:TrackPointExtension>
        </extensions>
      </trkpt>
      <trkpt lat="29.7052200884" lon="106.512822658">
        <ele>197.0</ele>
        <time>2026-08-30T10:01:03+0800</time>
        <extensions>
          <gpxtpx:TrackPointExtension>
            <gpxtpx:hr>153</gpxtpx:hr>
            <gpxtpx:cad>82</gpxtpx:cad>
          </gpxtpx:TrackPointExtension>
        </extensions>
      </trkpt>
      <trkpt lat="29.7052037437" lon="106.512823496">
        <ele>197.0</ele>
        <time>2026-08-30T10:01:04+0800</time>
        <extensions>
          <gpxtpx:TrackPointExtension>
            <gpxtpx:hr>154</gpxtpx:hr>
            <gpxtpx:cad>83</gpxtpx:cad>
          </gpxtpx:TrackPointExtension>
        </extensions>
      </trkpt>
      <trkpt lat="29.7051864769" lon="106.512828358">
        <ele>197.0</ele>
        <time>2026-08-30T10:01:05+0800</time>
        <extensions>
          <gpxtpx:TrackPointExtension>
            <gpxtpx:hr>153</gpxtpx:hr>
            <gpxtpx:cad>83</gpxtpx:cad>
          </gpxtpx:TrackPointExtension>
        </extensions>
      </trkpt>
      <trkpt lat="29.705168372" lon="106.512827771">
        <ele>197.0</ele>
        <time>2026-08-30T10:01:06+0800</time>
        <extensions>
          <gpxtpx:TrackPointExtension>
            <gpxtpx:hr>153</gpxtpx:hr>
            <gpxtpx:cad>83</gpxtpx:cad>
          </gpxtpx:TrackPointExtension>
        </extensions>
      </trkpt>
      <trkpt lat="29.7051567212" lon="106.512830285">
        <ele>197.0</ele>
        <time>2026-08-30T10:01:07+0800</time>
        <extensions>
          <gpxtpx:TrackPointExtension>
            <gpxtpx:hr>154</gpxtpx:hr>
            <gpxtpx:cad>82</gpxtpx:cad>
          </gpxtpx:TrackPointExtension>
        </extensions>
      </trkpt>
      <trkpt lat="29.7051363532" lon="106.51283347">
        <ele>197.0</ele>
        <time>2026-08-30T10:01:08+0800</time>
        <extensions>
          <gpxtpx:TrackPointExtension>
            <gpxtpx:hr>154</gpxtpx:hr>
            <gpxtpx:cad>82</gpxtpx:cad>
          </gpxtpx:TrackPointExtension>
        </extensions>
      </trkpt>
      <trkpt lat="29.705119757" lon="106.512834141">
        <ele>197.0</ele>
        <time>2026-08-30T10:01:09+0800</time>
        <extensions>
          <gpxtpx:TrackPointExtension>
            <gpxtpx:hr>153</gpxtpx:hr>
            <gpxtpx:cad>82</gpxtpx:cad>
          </gpxtpx:TrackPointExtension>
        </extensions>
      </trkpt>
      <trkpt lat="29.7051080223" lon="106.512836069">
        <ele>197.0</ele>
        <time>2026-08-30T10:01:10+0800</time>
        <extensions>
          <gpxtpx:TrackPointExtension>
            <gpxtpx:hr>154</gpxtpx:hr>
            <gpxtpx:cad>83</gpxtpx:cad>
          </gpxtpx:TrackPointExtension>
        </extensions>
      </trkpt>
      <trkpt lat="29.7050894145" lon="106.512840511">
        <ele>197.0</ele>
        <time>2026-08-30T10:01:11+0800</time>
        <extensions>
          <gpxtpx:TrackPointExtension>
            <gpxtpx:hr>154</gpxtpx:hr>
            <gpxtpx:cad>83</gpxtpx:cad>
          </gpxtpx:TrackPointExtension>
        </extensions>
      </trkpt>
      <trkpt lat="29.7050762549" lon="106.512841349">
        <ele>197.0</ele>
        <time>2026-08-30T10:01:12+0800</time>
        <extensions>
          <gpxtpx:TrackPointExtension>
            <gpxtpx:hr>153</gpxtpx:hr>
            <gpxtpx:cad>83</gpxtpx:cad>
          </gpxtpx:TrackPointExtension>
        </extensions>
      </trkpt>
      <trkpt lat="29.7050649393" lon="106.512846043">
        <ele>197.0</ele>
        <time>2026-08-30T10:01:13+0800</time>
        <extensions>
          <gpxtpx:TrackPointExtension>
            <gpxtpx:hr>153</gpxtpx:hr>
            <gpxtpx:cad>82</gpxtpx:cad>
          </gpxtpx:TrackPointExtension>
        </extensions>
      </trkpt>
      <trkpt lat="29.7050478403" lon="106.512844702">
        <ele>197.0</ele>
        <time>2026-08-30T10:01:14+0800</time>
        <extensions>
          <gpxtpx:TrackPointExtension>
            <gpxtpx:hr>153</gpxtpx:hr>
            <gpxtpx:cad>81</gpxtpx:cad>
          </gpxtpx:TrackPointExtension>
        </extensions>
      </trkpt>
      <trkpt lat="29.7050356865" lon="106.512844283">
        <ele>197.0</ele>
        <time>2026-08-30T10:01:15+0800</time>
        <extensions>
          <gpxtpx:TrackPointExtension>
            <gpxtpx:hr>153</gpxtpx:hr>
            <gpxtpx:cad>81</gpxtpx:cad>
          </gpxtpx:TrackPointExtension>
        </extensions>
      </trkpt>
      <trkpt lat="29.7050221916" lon="106.512848558">
        <ele>197.0</ele>
        <time>2026-08-30T10:01:16+0800</time>
        <extensions>
          <gpxtpx:TrackPointExtension>
            <gpxtpx:hr>152</gpxtpx:hr>
            <gpxtpx:cad>82</gpxtpx:cad>
          </gpxtpx:TrackPointExtension>
        </extensions>
      </trkpt>
      <trkpt lat="29.7050050925" lon="106.512852916">
        <ele>197.0</ele>
        <time>2026-08-30T10:01:17+0800</time>
        <extensions>
          <gpxtpx:TrackPointExtension>
            <gpxtpx:hr>152</gpxtpx:hr>
            <gpxtpx:cad>82</gpxtpx:cad>
          </gpxtpx:TrackPointExtension>
        </extensions>
      </trkpt>
      <trkpt lat="29.7049942799" lon="106.512854677">
        <ele>197.0</ele>
        <time>2026-08-30T10:01:18+0800</time>
        <extensions>
          <gpxtpx:TrackPointExtension>
            <gpxtpx:hr>152</gpxtpx:hr>
            <gpxtpx:cad>81</gpxtpx:cad>
          </gpxtpx:TrackPointExtension>
        </extensions>
      </trkpt>
      <trkpt lat="29.7049812041" lon="106.512858951">
        <ele>197.0</ele>
        <time>2026-08-30T10:01:19+0800</time>
        <extensions>
          <gpxtpx:TrackPointExtension>
            <gpxtpx:hr>152</gpxtpx:hr>
            <gpxtpx:cad>80</gpxtpx:cad>
          </gpxtpx:TrackPointExtension>
        </extensions>
      </trkpt>
      <trkpt lat="29.7049639374" lon="106.512859371">
        <ele>197.0</ele>
        <time>2026-08-30T10:01:20+0800</time>
        <extensions>
          <gpxtpx:TrackPointExtension>
            <gpxtpx:hr>151</gpxtpx:hr>
            <gpxtpx:cad>80</gpxtpx:cad>
          </gpxtpx:TrackPointExtension>
        </extensions>
      </trkpt>
      <trkpt lat="29.7049526218" lon="106.512862388">
        <ele>197.0</ele>
        <time>2026-08-30T10:01:21+0800</time>
        <extensions>
          <gpxtpx:TrackPointExtension>
            <gpxtpx:hr>151</gpxtpx:hr>
            <gpxtpx:cad>80</gpxtpx:cad>
          </gpxtpx:TrackPointExtension>
        </extensions>
      </trkpt>
      <trkpt lat="29.7049313318" lon="106.512864651">
        <ele>197.0</ele>
        <time>2026-08-30T10:01:22+0800</time>
        <extensions>
          <gpxtpx:TrackPointExtension>
            <gpxtpx:hr>150</gpxtpx:hr>
            <gpxtpx:cad>81</gpxtpx:cad>
          </gpxtpx:TrackPointExtension>
        </extensions>
      </trkpt>
      <trkpt lat="29.7049152385" lon="106.512864316">
        <ele>197.0</ele>
        <time>2026-08-30T10:01:23+0800</time>
        <extensions>
          <gpxtpx:TrackPointExtension>
            <gpxtpx:hr>150</gpxtpx:hr>
            <gpxtpx:cad>81</gpxtpx:cad>
          </gpxtpx:TrackPointExtension>
        </extensions>
      </trkpt>
      <trkpt lat="29.7049000673" lon="106.512870435">
        <ele>197.0</ele>
        <time>2026-08-30T10:01:24+0800</time>
        <extensions>
          <gpxtpx:TrackPointExtension>
            <gpxtpx:hr>150</gpxtpx:hr>
            <gpxtpx:cad>81</gpxtpx:cad>
          </gpxtpx:TrackPointExtension>
        </extensions>
      </trkpt>
      <trkpt lat="29.7048819624" lon="106.512873117">
        <ele>197.0</ele>
        <time>2026-08-30T10:01:25+0800</time>
        <extensions>
          <gpxtpx:TrackPointExtension>
            <gpxtpx:hr>150</gpxtpx:hr>
            <gpxtpx:cad>81</gpxtpx:cad>
          </gpxtpx:TrackPointExtension>
        </extensions>
      </trkpt>
      <trkpt lat="29.7048658691" lon="106.512878397">
        <ele>196.8</ele>
        <time>2026-08-30T10:01:26+0800</time>
        <extensions>
          <gpxtpx:TrackPointExtension>
            <gpxtpx:hr>150</gpxtpx:hr>
            <gpxtpx:cad>81</gpxtpx:cad>
          </gpxtpx:TrackPointExtension>
        </extensions>
      </trkpt>
      <trkpt lat="29.7048475128" lon="106.512882505">
        <ele>196.8</ele>
        <time>2026-08-30T10:01:27+0800</time>
        <extensions>
          <gpxtpx:TrackPointExtension>
            <gpxtpx:hr>150</gpxtpx:hr>
            <gpxtpx:cad>82</gpxtpx:cad>
          </gpxtpx:TrackPointExtension>
        </extensions>
      </trkpt>
      <trkpt lat="29.7048329283" lon="106.512887366">
        <ele>196.8</ele>
        <time>2026-08-30T10:01:28+0800</time>
        <extensions>
          <gpxtpx:TrackPointExtension>
            <gpxtpx:hr>150</gpxtpx:hr>
            <gpxtpx:cad>82</gpxtpx:cad>
          </gpxtpx:TrackPointExtension>
        </extensions>
      </trkpt>
      <trkpt lat="29.704819601" lon="106.512892563">
        <ele>196.8</ele>
        <time>2026-08-30T10:01:29+0800</time>
        <extensions>
          <gpxtpx:TrackPointExtension>
            <gpxtpx:hr>150</gpxtpx:hr>
            <gpxtpx:cad>82</gpxtpx:cad>
          </gpxtpx:TrackPointExtension>
        </extensions>
      </trkpt>
      <trkpt lat="29.7048004903" lon="106.512898514">
        <ele>196.8</ele>
        <time>2026-08-30T10:01:30+0800</time>
        <extensions>
          <gpxtpx:TrackPointExtension>
            <gpxtpx:hr>150</gpxtpx:hr>
            <gpxtpx:cad>83</gpxtpx:cad>
          </gpxtpx:TrackPointExtension>
        </extensions>
      </trkpt>
      <trkpt lat="29.7047872469" lon="106.512902873">
        <ele>196.8</ele>
        <time>2026-08-30T10:01:31+0800</time>
        <extensions>
          <gpxtpx:TrackPointExtension>
            <gpxtpx:hr>150</gpxtpx:hr>
            <gpxtpx:cad>83</gpxtpx:cad>
          </gpxtpx:TrackPointExtension>
        </extensions>
      </trkpt>
      <trkpt lat="29.7047718242" lon="106.512907399">
        <ele>196.8</ele>
        <time>2026-08-30T10:01:32+0800</time>
        <extensions>
          <gpxtpx:TrackPointExtension>
            <gpxtpx:hr>150</gpxtpx:hr>
            <gpxtpx:cad>83</gpxtpx:cad>
          </gpxtpx:TrackPointExtension>
        </extensions>
      </trkpt>
      <trkpt lat="29.7047553118" lon="106.512910668">
        <ele>196.8</ele>
        <time>2026-08-30T10:01:33+0800</time>
        <extensions>
          <gpxtpx:TrackPointExtension>
            <gpxtpx:hr>150</gpxtpx:hr>
            <gpxtpx:cad>83</gpxtpx:cad>
          </gpxtpx:TrackPointExtension>
        </extensions>
      </trkpt>
      <trkpt lat="29.7047448345" lon="106.5129162">
        <ele>196.8</ele>
        <time>2026-08-30T10:01:34+0800</time>
        <extensions>
          <gpxtpx:TrackPointExtension>
            <gpxtpx:hr>151</gpxtpx:hr>
            <gpxtpx:cad>83</gpxtpx:cad>
          </gpxtpx:TrackPointExtension>
        </extensions>
      </trkpt>
      <trkpt lat="29.7047282383" lon="106.512920391">
        <ele>196.8</ele>
        <time>2026-08-30T10:01:35+0800</time>
        <extensions>
          <gpxtpx:TrackPointExtension>
            <gpxtpx:hr>150</gpxtpx:hr>
            <gpxtpx:cad>83</gpxtpx:cad>
          </gpxtpx:TrackPointExtension>
        </extensions>
      </trkpt>
      <trkpt lat="29.7047145758" lon="106.512922989">
        <ele>196.8</ele>
        <time>2026-08-30T10:01:36+0800</time>
        <extensions>
          <gpxtpx:TrackPointExtension>
            <gpxtpx:hr>150</gpxtpx:hr>
            <gpxtpx:cad>83</gpxtpx:cad>
          </gpxtpx:TrackPointExtension>
        </extensions>
      </trkpt>
      <trkpt lat="29.7047019191" lon="106.512927348">
        <ele>196.6</ele>
        <time>2026-08-30T10:01:37+0800</time>
        <extensions>
          <gpxtpx:TrackPointExtension>
            <gpxtpx:hr>150</gpxtpx:hr>
            <gpxtpx:cad>83</gpxtpx:cad>
          </gpxtpx:TrackPointExtension>
        </extensions>
      </trkpt>
      <trkpt lat="29.7046854068" lon="106.512929276">
        <ele>196.6</ele>
        <time>2026-08-30T10:01:38+0800</time>
        <extensions>
          <gpxtpx:TrackPointExtension>
            <gpxtpx:hr>151</gpxtpx:hr>
            <gpxtpx:cad>83</gpxtpx:cad>
          </gpxtpx:TrackPointExtension>
        </extensions>
      </trkpt>
      <trkpt lat="29.7046719119" lon="106.51293464">
        <ele>196.6</ele>
        <time>2026-08-30T10:01:39+0800</time>
        <extensions>
          <gpxtpx:TrackPointExtension>
            <gpxtpx:hr>151</gpxtpx:hr>
            <gpxtpx:cad>83</gpxtpx:cad>
          </gpxtpx:TrackPointExtension>
        </extensions>
      </trkpt>
      <trkpt lat="29.7046563216" lon="106.512938077">
        <ele>196.6</ele>
        <time>2026-08-30T10:01:40+0800</time>
        <extensions>
          <gpxtpx:TrackPointExtension>
            <gpxtpx:hr>151</gpxtpx:hr>
            <gpxtpx:cad>83</gpxtpx:cad>
          </gpxtpx:TrackPointExtension>
        </extensions>
      </trkpt>
      <trkpt lat="29.7046375461" lon="106.512940759">
        <ele>196.6</ele>
        <time>2026-08-30T10:01:41+0800</time>
        <extensions>
          <gpxtpx:TrackPointExtension>
            <gpxtpx:hr>151</gpxtpx:hr>
            <gpxtpx:cad>83</gpxtpx:cad>
          </gpxtpx:TrackPointExtension>
        </extensions>
      </trkpt>
      <trkpt lat="29.7046242189" lon="106.512942519">
        <ele>196.6</ele>
        <time>2026-08-30T10:01:42+0800</time>
        <extensions>
          <gpxtpx:TrackPointExtension>
            <gpxtpx:hr>151</gpxtpx:hr>
            <gpxtpx:cad>83</gpxtpx:cad>
          </gpxtpx:TrackPointExtension>
        </extensions>
      </trkpt>
      <trkpt lat="29.7046051081" lon="106.512946542">
        <ele>196.6</ele>
        <time>2026-08-30T10:01:43+0800</time>
        <extensions>
          <gpxtpx:TrackPointExtension>
            <gpxtpx:hr>151</gpxtpx:hr>
            <gpxtpx:cad>82</gpxtpx:cad>
          </gpxtpx:TrackPointExtension>
        </extensions>
      </trkpt>
      <trkpt lat="29.7045904398" lon="106.512949308">
        <ele>196.6</ele>
        <time>2026-08-30T10:01:44+0800</time>
        <extensions>
          <gpxtpx:TrackPointExtension>
            <gpxtpx:hr>152</gpxtpx:hr>
            <gpxtpx:cad>83</gpxtpx:cad>
          </gpxtpx:TrackPointExtension>
        </extensions>
      </trkpt>
      <trkpt lat="29.7045768611" lon="106.512954254">
        <ele>196.4</ele>
        <time>2026-08-30T10:01:45+0800</time>
        <extensions>
          <gpxtpx:TrackPointExtension>
            <gpxtpx:hr>151</gpxtpx:hr>
            <gpxtpx:cad>83</gpxtpx:cad>
          </gpxtpx:TrackPointExtension>
        </extensions>
      </trkpt>
      <trkpt lat="29.7045602649" lon="106.512957858">
        <ele>196.4</ele>
        <time>2026-08-30T10:01:46+0800</time>
        <extensions>
          <gpxtpx:TrackPointExtension>
            <gpxtpx:hr>150</gpxtpx:hr>
            <gpxtpx:cad>83</gpxtpx:cad>
          </gpxtpx:TrackPointExtension>
        </extensions>
      </trkpt>
      <trkpt lat="29.7045484465" lon="106.512960121">
        <ele>196.4</ele>
        <time>2026-08-30T10:01:47+0800</time>
        <extensions>
          <gpxtpx:TrackPointExtension>
            <gpxtpx:hr>150</gpxtpx:hr>
            <gpxtpx:cad>82</gpxtpx:cad>
          </gpxtpx:TrackPointExtension>
        </extensions>
      </trkpt>
      <trkpt lat="29.7045328561" lon="106.512966072">
        <ele>196.4</ele>
        <time>2026-08-30T10:01:48+0800</time>
        <extensions>
          <gpxtpx:TrackPointExtension>
            <gpxtpx:hr>151</gpxtpx:hr>
            <gpxtpx:cad>82</gpxtpx:cad>
          </gpxtpx:TrackPointExtension>
        </extensions>
      </trkpt>
      <trkpt lat="29.7045150865" lon="106.512972526">
        <ele>196.4</ele>
        <time>2026-08-30T10:01:49+0800</time>
        <extensions>
          <gpxtpx:TrackPointExtension>
            <gpxtpx:hr>151</gpxtpx:hr>
            <gpxtpx:cad>83</gpxtpx:cad>
          </gpxtpx:TrackPointExtension>
        </extensions>
      </trkpt>
      <trkpt lat="29.7045016754" lon="106.51297898">
        <ele>196.4</ele>
        <time>2026-08-30T10:01:50+0800</time>
        <extensions>
          <gpxtpx:TrackPointExtension>
            <gpxtpx:hr>151</gpxtpx:hr>
            <gpxtpx:cad>83</gpxtpx:cad>
          </gpxtpx:TrackPointExtension>
        </extensions>
      </trkpt>
      <trkpt lat="29.7044849116" lon="106.512984596">
        <ele>196.6</ele>
        <time>2026-08-30T10:01:51+0800</time>
        <extensions>
          <gpxtpx:TrackPointExtension>
            <gpxtpx:hr>151</gpxtpx:hr>
            <gpxtpx:cad>83</gpxtpx:cad>
          </gpxtpx:TrackPointExtension>
        </extensions>
      </trkpt>
      <trkpt lat="29.7044735961" lon="106.51299214">
        <ele>196.6</ele>
        <time>2026-08-30T10:01:52+0800</time>
        <extensions>
          <gpxtpx:TrackPointExtension>
            <gpxtpx:hr>151</gpxtpx:hr>
            <gpxtpx:cad>82</gpxtpx:cad>
          </gpxtpx:TrackPointExtension>
        </extensions>
      </trkpt>
      <trkpt lat="29.7044660524" lon="106.51300027">
        <ele>196.6</ele>
        <time>2026-08-30T10:01:53+0800</time>
        <extensions>
          <gpxtpx:TrackPointExtension>
            <gpxtpx:hr>152</gpxtpx:hr>
            <gpxtpx:cad>82</gpxtpx:cad>
          </gpxtpx:TrackPointExtension>
        </extensions>
      </trkpt>
      <trkpt lat="29.7044559941" lon="106.513014687">
        <ele>196.6</ele>
        <time>2026-08-30T10:01:54+0800</time>
        <extensions>
          <gpxtpx:TrackPointExtension>
            <gpxtpx:hr>152</gpxtpx:hr>
            <gpxtpx:cad>82</gpxtpx:cad>
          </gpxtpx:TrackPointExtension>
        </extensions>
      </trkpt>
      <trkpt lat="29.7044518031" lon="106.513028936">
        <ele>196.8</ele>
        <time>2026-08-30T10:01:55+0800</time>
        <extensions>
          <gpxtpx:TrackPointExtension>
            <gpxtpx:hr>153</gpxtpx:hr>
            <gpxtpx:cad>82</gpxtpx:cad>
          </gpxtpx:TrackPointExtension>
        </extensions>
      </trkpt>
      <trkpt lat="29.7044480313" lon="106.513039414">
        <ele>196.8</ele>
        <time>2026-08-30T10:01:56+0800</time>
        <extensions>
          <gpxtpx:TrackPointExtension>
            <gpxtpx:hr>153</gpxtpx:hr>
            <gpxtpx:cad>81</gpxtpx:cad>
          </gpxtpx:TrackPointExtension>
        </extensions>
      </trkpt>
      <trkpt lat="29.7044395655" lon="106.513056513">
        <ele>196.8</ele>
        <time>2026-08-30T10:01:57+0800</time>
        <extensions>
          <gpxtpx:TrackPointExtension>
            <gpxtpx:hr>153</gpxtpx:hr>
            <gpxtpx:cad>81</gpxtpx:cad>
          </gpxtpx:TrackPointExtension>
        </extensions>
      </trkpt>
      <trkpt lat="29.7044345364" lon="106.513067326">
        <ele>196.8</ele>
        <time>2026-08-30T10:01:58+0800</time>
        <extensions>
          <gpxtpx:TrackPointExtension>
            <gpxtpx:hr>153</gpxtpx:hr>
            <gpxtpx:cad>81</gpxtpx:cad>
          </gpxtpx:TrackPointExtension>
        </extensions>
      </trkpt>
      <trkpt lat="29.7044283338" lon="106.513079815">
        <ele>196.8</ele>
        <time>2026-08-30T10:01:59+0800</time>
        <extensions>
          <gpxtpx:TrackPointExtension>
            <gpxtpx:hr>153</gpxtpx:hr>
            <gpxtpx:cad>81</gpxtpx:cad>
          </gpxtpx:TrackPointExtension>
        </extensions>
      </trkpt>
      <trkpt lat="29.7044247296" lon="106.513093896">
        <ele>197.0</ele>
        <time>2026-08-30T10:02:00+0800</time>
        <extensions>
          <gpxtpx:TrackPointExtension>
            <gpxtpx:hr>153</gpxtpx:hr>
            <gpxtpx:cad>81</gpxtpx:cad>
          </gpxtpx:TrackPointExtension>
        </extensions>
      </trkpt>
      <trkpt lat="29.7044214606" lon="106.513103871">
        <ele>197.0</ele>
        <time>2026-08-30T10:02:01+0800</time>
        <extensions>
          <gpxtpx:TrackPointExtension>
            <gpxtpx:hr>153</gpxtpx:hr>
            <gpxtpx:cad>80</gpxtpx:cad>
          </gpxtpx:TrackPointExtension>
        </extensions>
      </trkpt>
      <trkpt lat="29.704417605" lon="106.513121305">
        <ele>197.2</ele>
        <time>2026-08-30T10:02:02+0800</time>
        <extensions>
          <gpxtpx:TrackPointExtension>
            <gpxtpx:hr>153</gpxtpx:hr>
            <gpxtpx:cad>80</gpxtpx:cad>
          </gpxtpx:TrackPointExtension>
        </extensions>
      </trkpt>
      <trkpt lat="29.7044144198" lon="106.513137147">
        <ele>197.2</ele>
        <time>2026-08-30T10:02:03+0800</time>
        <extensions>
          <gpxtpx:TrackPointExtension>
            <gpxtpx:hr>153</gpxtpx:hr>
            <gpxtpx:cad>80</gpxtpx:cad>
          </gpxtpx:TrackPointExtension>
        </extensions>
      </trkpt>
      <trkpt lat="29.7044130787" lon="106.513148965">
        <ele>197.2</ele>
        <time>2026-08-30T10:02:04+0800</time>
        <extensions>
          <gpxtpx:TrackPointExtension>
            <gpxtpx:hr>153</gpxtpx:hr>
            <gpxtpx:cad>81</gpxtpx:cad>
          </gpxtpx:TrackPointExtension>
        </extensions>
      </trkpt>
      <trkpt lat="29.7044109832" lon="106.513168076">
        <ele>197.2</ele>
        <time>2026-08-30T10:02:05+0800</time>
        <extensions>
          <gpxtpx:TrackPointExtension>
            <gpxtpx:hr>153</gpxtpx:hr>
            <gpxtpx:cad>81</gpxtpx:cad>
          </gpxtpx:TrackPointExtension>
        </extensions>
      </trkpt>
      <trkpt lat="29.7044052836" lon="106.513183499">
        <ele>197.2</ele>
        <time>2026-08-30T10:02:06+0800</time>
        <extensions>
          <gpxtpx:TrackPointExtension>
            <gpxtpx:hr>153</gpxtpx:hr>
            <gpxtpx:cad>81</gpxtpx:cad>
          </gpxtpx:TrackPointExtension>
        </extensions>
      </trkpt>
      <trkpt lat="29.7044016793" lon="106.513194479">
        <ele>197.2</ele>
        <time>2026-08-30T10:02:07+0800</time>
        <extensions>
          <gpxtpx:TrackPointExtension>
            <gpxtpx:hr>153</gpxtpx:hr>
            <gpxtpx:cad>81</gpxtpx:cad>
          </gpxtpx:TrackPointExtension>
        </extensions>
      </trkpt>
      <trkpt lat="29.7043997515" lon="106.513214847">
        <ele>197.2</ele>
        <time>2026-08-30T10:02:08+0800</time>
        <extensions>
          <gpxtpx:TrackPointExtension>
            <gpxtpx:hr>153</gpxtpx:hr>
            <gpxtpx:cad>81</gpxtpx:cad>
          </gpxtpx:TrackPointExtension>
        </extensions>
      </trkpt>
      <trkpt lat="29.7043965664" lon="106.513229599">
        <ele>197.2</ele>
        <time>2026-08-30T10:02:09+0800</time>
        <extensions>
          <gpxtpx:TrackPointExtension>
            <gpxtpx:hr>153</gpxtpx:hr>
            <gpxtpx:cad>81</gpxtpx:cad>
          </gpxtpx:TrackPointExtension>
        </extensions>
      </trkpt>
      <trkpt lat="29.7043962311" lon="106.513243513">
        <ele>197.2</ele>
        <time>2026-08-30T10:02:10+0800</time>
        <extensions>
          <gpxtpx:TrackPointExtension>
            <gpxtpx:hr>153</gpxtpx:hr>
            <gpxtpx:cad>81</gpxtpx:cad>
          </gpxtpx:TrackPointExtension>
        </extensions>
      </trkpt>
      <trkpt lat="29.7043910343" lon="106.513264133">
        <ele>197.2</ele>
        <time>2026-08-30T10:02:11+0800</time>
        <extensions>
          <gpxtpx:TrackPointExtension>
            <gpxtpx:hr>153</gpxtpx:hr>
            <gpxtpx:cad>81</gpxtpx:cad>
          </gpxtpx:TrackPointExtension>
        </extensions>
      </trkpt>
      <trkpt lat="29.7043893579" lon="106.513277376">
        <ele>197.2</ele>
        <time>2026-08-30T10:02:12+0800</time>
        <extensions>
          <gpxtpx:TrackPointExtension>
            <gpxtpx:hr>154</gpxtpx:hr>
            <gpxtpx:cad>81</gpxtpx:cad>
          </gpxtpx:TrackPointExtension>
        </extensions>
      </trkpt>
      <trkpt lat="29.7043886874" lon="106.513296235">
        <ele>197.2</ele>
        <time>2026-08-30T10:02:13+0800</time>
        <extensions>
          <gpxtpx:TrackPointExtension>
            <gpxtpx:hr>154</gpxtpx:hr>
            <gpxtpx:cad>81</gpxtpx:cad>
          </gpxtpx:TrackPointExtension>
        </extensions>
      </trkpt>
      <trkpt lat="29.7043854184" lon="106.513312915">
        <ele>197.2</ele>
        <time>2026-08-30T10:02:14+0800</time>
        <extensions>
          <gpxtpx:TrackPointExtension>
            <gpxtpx:hr>154</gpxtpx:hr>
            <gpxtpx:cad>81</gpxtpx:cad>
          </gpxtpx:TrackPointExtension>
        </extensions>
      </trkpt>
      <trkpt lat="29.704384245" lon="106.513323644">
        <ele>197.2</ele>
        <time>2026-08-30T10:02:15+0800</time>
        <extensions>
          <gpxtpx:TrackPointExtension>
            <gpxtpx:hr>154</gpxtpx:hr>
            <gpxtpx:cad>81</gpxtpx:cad>
          </gpxtpx:TrackPointExtension>
        </extensions>
      </trkpt>
      <trkpt lat="29.7043792158" lon="106.513342923">
        <ele>197.2</ele>
        <time>2026-08-30T10:02:16+0800</time>
        <extensions>
          <gpxtpx:TrackPointExtension>
            <gpxtpx:hr>153</gpxtpx:hr>
            <gpxtpx:cad>81</gpxtpx:cad>
          </gpxtpx:TrackPointExtension>
        </extensions>
      </trkpt>
      <trkpt lat="29.7043772042" lon="106.513360944">
        <ele>197.2</ele>
        <time>2026-08-30T10:02:17+0800</time>
        <extensions>
          <gpxtpx:TrackPointExtension>
            <gpxtpx:hr>154</gpxtpx:hr>
            <gpxtpx:cad>82</gpxtpx:cad>
          </gpxtpx:TrackPointExtension>
        </extensions>
      </trkpt>
      <trkpt lat="29.7043772042" lon="106.513379132">
        <ele>197.2</ele>
        <time>2026-08-30T10:02:18+0800</time>
        <extensions>
          <gpxtpx:TrackPointExtension>
            <gpxtpx:hr>154</gpxtpx:hr>
            <gpxtpx:cad>82</gpxtpx:cad>
          </gpxtpx:TrackPointExtension>
        </extensions>
      </trkpt>
      <trkpt lat="29.7043774556" lon="106.513397237">
        <ele>197.2</ele>
        <time>2026-08-30T10:02:19+0800</time>
        <extensions>
          <gpxtpx:TrackPointExtension>
            <gpxtpx:hr>154</gpxtpx:hr>
            <gpxtpx:cad>82</gpxtpx:cad>
          </gpxtpx:TrackPointExtension>
        </extensions>
      </trkpt>
      <trkpt lat="29.7043789644" lon="106.51341266">
        <ele>197.0</ele>
        <time>2026-08-30T10:02:20+0800</time>
        <extensions>
          <gpxtpx:TrackPointExtension>
            <gpxtpx:hr>153</gpxtpx:hr>
            <gpxtpx:cad>82</gpxtpx:cad>
          </gpxtpx:TrackPointExtension>
        </extensions>
      </trkpt>
      <trkpt lat="29.7043790482" lon="106.513431352">
        <ele>197.0</ele>
        <time>2026-08-30T10:02:21+0800</time>
        <extensions>
          <gpxtpx:TrackPointExtension>
            <gpxtpx:hr>153</gpxtpx:hr>
            <gpxtpx:cad>83</gpxtpx:cad>
          </gpxtpx:TrackPointExtension>
        </extensions>
      </trkpt>
      <trkpt lat="29.7043762822" lon="106.51345063">
        <ele>197.0</ele>
        <time>2026-08-30T10:02:22+0800</time>
        <extensions>
          <gpxtpx:TrackPointExtension>
            <gpxtpx:hr>154</gpxtpx:hr>
            <gpxtpx:cad>82</gpxtpx:cad>
          </gpxtpx:TrackPointExtension>
        </extensions>
      </trkpt>
      <trkpt lat="29.7043737676" lon="106.513464712">
        <ele>197.0</ele>
        <time>2026-08-30T10:02:23+0800</time>
        <extensions>
          <gpxtpx:TrackPointExtension>
            <gpxtpx:hr>154</gpxtpx:hr>
            <gpxtpx:cad>82</gpxtpx:cad>
          </gpxtpx:TrackPointExtension>
        </extensions>
      </trkpt>
      <trkpt lat="29.7043727618" lon="106.513484744">
        <ele>197.0</ele>
        <time>2026-08-30T10:02:24+0800</time>
        <extensions>
          <gpxtpx:TrackPointExtension>
            <gpxtpx:hr>154</gpxtpx:hr>
            <gpxtpx:cad>81</gpxtpx:cad>
          </gpxtpx:TrackPointExtension>
        </extensions>
      </trkpt>
      <trkpt lat="29.7043696605" lon="106.513500083">
        <ele>197.0</ele>
        <time>2026-08-30T10:02:25+0800</time>
        <extensions>
          <gpxtpx:TrackPointExtension>
            <gpxtpx:hr>153</gpxtpx:hr>
            <gpxtpx:cad>81</gpxtpx:cad>
          </gpxtpx:TrackPointExtension>
        </extensions>
      </trkpt>
      <trkpt lat="29.7043711692" lon="106.513512991">
        <ele>197.0</ele>
        <time>2026-08-30T10:02:26+0800</time>
        <extensions>
          <gpxtpx:TrackPointExtension>
            <gpxtpx:hr>153</gpxtpx:hr>
            <gpxtpx:cad>81</gpxtpx:cad>
          </gpxtpx:TrackPointExtension>
        </extensions>
      </trkpt>
      <trkpt lat="29.7043704987" lon="106.513532856">
        <ele>197.0</ele>
        <time>2026-08-30T10:02:27+0800</time>
        <extensions>
          <gpxtpx:TrackPointExtension>
            <gpxtpx:hr>153</gpxtpx:hr>
            <gpxtpx:cad>81</gpxtpx:cad>
          </gpxtpx:TrackPointExtension>
        </extensions>
      </trkpt>
      <trkpt lat="29.7043668944" lon="106.51355071">
        <ele>197.0</ele>
        <time>2026-08-30T10:02:28+0800</time>
        <extensions>
          <gpxtpx:TrackPointExtension>
            <gpxtpx:hr>153</gpxtpx:hr>
            <gpxtpx:cad>81</gpxtpx:cad>
          </gpxtpx:TrackPointExtension>
        </extensions>
      </trkpt>
      <trkpt lat="29.7043643799" lon="106.51357091">
        <ele>197.0</ele>
        <time>2026-08-30T10:02:29+0800</time>
        <extensions>
          <gpxtpx:TrackPointExtension>
            <gpxtpx:hr>153</gpxtpx:hr>
            <gpxtpx:cad>81</gpxtpx:cad>
          </gpxtpx:TrackPointExtension>
        </extensions>
      </trkpt>
      <trkpt lat="29.7043618653" lon="106.513589183">
        <ele>197.0</ele>
        <time>2026-08-30T10:02:30+0800</time>
        <extensions>
          <gpxtpx:TrackPointExtension>
            <gpxtpx:hr>153</gpxtpx:hr>
            <gpxtpx:cad>81</gpxtpx:cad>
          </gpxtpx:TrackPointExtension>
        </extensions>
      </trkpt>
      <trkpt lat="29.7043617815" lon="106.513602342">
        <ele>197.0</ele>
        <time>2026-08-30T10:02:31+0800</time>
        <extensions>
          <gpxtpx:TrackPointExtension>
            <gpxtpx:hr>153</gpxtpx:hr>
            <gpxtpx:cad>82</gpxtpx:cad>
          </gpxtpx:TrackPointExtension>
        </extensions>
      </trkpt>
      <trkpt lat="29.7043590993" lon="106.513623213">
        <ele>197.0</ele>
        <time>2026-08-30T10:02:32+0800</time>
        <extensions>
          <gpxtpx:TrackPointExtension>
            <gpxtpx:hr>153</gpxtpx:hr>
            <gpxtpx:cad>82</gpxtpx:cad>
          </gpxtpx:TrackPointExtension>
        </extensions>
      </trkpt>
      <trkpt lat="29.7043551598" lon="106.51364157">
        <ele>197.0</ele>
        <time>2026-08-30T10:02:33+0800</time>
        <extensions>
          <gpxtpx:TrackPointExtension>
            <gpxtpx:hr>153</gpxtpx:hr>
            <gpxtpx:cad>83</gpxtpx:cad>
          </gpxtpx:TrackPointExtension>
        </extensions>
      </trkpt>
      <trkpt lat="29.7043537349" lon="106.513652131">
        <ele>197.2</ele>
        <time>2026-08-30T10:02:34+0800</time>
        <extensions>
          <gpxtpx:TrackPointExtension>
            <gpxtpx:hr>153</gpxtpx:hr>
            <gpxtpx:cad>83</gpxtpx:cad>
          </gpxtpx:TrackPointExtension>
        </extensions>
      </trkpt>
      <trkpt lat="29.7043474484" lon="106.513670068">
        <ele>197.2</ele>
        <time>2026-08-30T10:02:35+0800</time>
        <extensions>
          <gpxtpx:TrackPointExtension>
            <gpxtpx:hr>152</gpxtpx:hr>
            <gpxtpx:cad>83</gpxtpx:cad>
          </gpxtpx:TrackPointExtension>
        </extensions>
      </trkpt>
      <trkpt lat="29.704343006" lon="106.51368591">
        <ele>197.2</ele>
        <time>2026-08-30T10:02:36+0800</time>
        <extensions>
          <gpxtpx:TrackPointExtension>
            <gpxtpx:hr>152</gpxtpx:hr>
            <gpxtpx:cad>82</gpxtpx:cad>
          </gpxtpx:TrackPointExtension>
        </extensions>
      </trkpt>
      <trkpt lat="29.7043392342" lon="106.513703177">
        <ele>197.2</ele>
        <time>2026-08-30T10:02:37+0800</time>
        <extensions>
          <gpxtpx:TrackPointExtension>
            <gpxtpx:hr>152</gpxtpx:hr>
            <gpxtpx:cad>81</gpxtpx:cad>
          </gpxtpx:TrackPointExtension>
        </extensions>
      </trkpt>
      <trkpt lat="29.7043335345" lon="106.513720024">
        <ele>197.2</ele>
        <time>2026-08-30T10:02:38+0800</time>
        <extensions>
          <gpxtpx:TrackPointExtension>
            <gpxtpx:hr>151</gpxtpx:hr>
            <gpxtpx:cad>81</gpxtpx:cad>
          </gpxtpx:TrackPointExtension>
        </extensions>
      </trkpt>
      <trkpt lat="29.7043308523" lon="106.513733352">
        <ele>197.2</ele>
        <time>2026-08-30T10:02:39+0800</time>
        <extensions>
          <gpxtpx:TrackPointExtension>
            <gpxtpx:hr>151</gpxtpx:hr>
            <gpxtpx:cad>81</gpxtpx:cad>
          </gpxtpx:TrackPointExtension>
        </extensions>
      </trkpt>
      <trkpt lat="29.7043248173" lon="106.513752295">
        <ele>197.4</ele>
        <time>2026-08-30T10:02:40+0800</time>
        <extensions>
          <gpxtpx:TrackPointExtension>
            <gpxtpx:hr>151</gpxtpx:hr>
            <gpxtpx:cad>82</gpxtpx:cad>
          </gpxtpx:TrackPointExtension>
        </extensions>
      </trkpt>
      <trkpt lat="29.7043232247" lon="106.513765035">
        <ele>197.4</ele>
        <time>2026-08-30T10:02:41+0800</time>
        <extensions>
          <gpxtpx:TrackPointExtension>
            <gpxtpx:hr>151</gpxtpx:hr>
            <gpxtpx:cad>83</gpxtpx:cad>
          </gpxtpx:TrackPointExtension>
        </extensions>
      </trkpt>
      <trkpt lat="29.7043223027" lon="106.513778446">
        <ele>197.4</ele>
        <time>2026-08-30T10:02:42+0800</time>
        <extensions>
          <gpxtpx:TrackPointExtension>
            <gpxtpx:hr>151</gpxtpx:hr>
            <gpxtpx:cad>83</gpxtpx:cad>
          </gpxtpx:TrackPointExtension>
        </extensions>
      </trkpt>
      <trkpt lat="29.7043178603" lon="106.513793031">
        <ele>197.6</ele>
        <time>2026-08-30T10:02:43+0800</time>
        <extensions>
          <gpxtpx:TrackPointExtension>
            <gpxtpx:hr>151</gpxtpx:hr>
            <gpxtpx:cad>83</gpxtpx:cad>
          </gpxtpx:TrackPointExtension>
        </extensions>
      </trkpt>
      <trkpt lat="29.7043160163" lon="106.513804011">
        <ele>197.6</ele>
        <time>2026-08-30T10:02:44+0800</time>
        <extensions>
          <gpxtpx:TrackPointExtension>
            <gpxtpx:hr>152</gpxtpx:hr>
            <gpxtpx:cad>83</gpxtpx:cad>
          </gpxtpx:TrackPointExtension>
        </extensions>
      </trkpt>
      <trkpt lat="29.7043124121" lon="106.51382002">
        <ele>197.8</ele>
        <time>2026-08-30T10:02:45+0800</time>
        <extensions>
          <gpxtpx:TrackPointExtension>
            <gpxtpx:hr>152</gpxtpx:hr>
            <gpxtpx:cad>83</gpxtpx:cad>
          </gpxtpx:TrackPointExtension>
        </extensions>
      </trkpt>
      <trkpt lat="29.7043071315" lon="106.513835024">
        <ele>197.8</ele>
        <time>2026-08-30T10:02:46+0800</time>
        <extensions>
          <gpxtpx:TrackPointExtension>
            <gpxtpx:hr>152</gpxtpx:hr>
            <gpxtpx:cad>83</gpxtpx:cad>
          </gpxtpx:TrackPointExtension>
        </extensions>
      </trkpt>
      <trkpt lat="29.7043026891" lon="106.513849944">
        <ele>197.8</ele>
        <time>2026-08-30T10:02:47+0800</time>
        <extensions>
          <gpxtpx:TrackPointExtension>
            <gpxtpx:hr>151</gpxtpx:hr>
            <gpxtpx:cad>83</gpxtpx:cad>
          </gpxtpx:TrackPointExtension>
        </extensions>
      </trkpt>
      <trkpt lat="29.7042933851" lon="106.513868636">
        <ele>198.0</ele>
        <time>2026-08-30T10:02:48+0800</time>
        <extensions>
          <gpxtpx:TrackPointExtension>
            <gpxtpx:hr>152</gpxtpx:hr>
            <gpxtpx:cad>83</gpxtpx:cad>
          </gpxtpx:TrackPointExtension>
        </extensions>
      </trkpt>
      <trkpt lat="29.7042850032" lon="106.513881627">
        <ele>198.0</ele>
        <time>2026-08-30T10:02:49+0800</time>
        <extensions>
          <gpxtpx:TrackPointExtension>
            <gpxtpx:hr>152</gpxtpx:hr>
            <gpxtpx:cad>83</gpxtpx:cad>
          </gpxtpx:TrackPointExtension>
        </extensions>
      </trkpt>
      <trkpt lat="29.7042748611" lon="106.513894033">
        <ele>198.2</ele>
        <time>2026-08-30T10:02:50+0800</time>
        <extensions>
          <gpxtpx:TrackPointExtension>
            <gpxtpx:hr>152</gpxtpx:hr>
            <gpxtpx:cad>82</gpxtpx:cad>
          </gpxtpx:TrackPointExtension>
        </extensions>
      </trkpt>
      <trkpt lat="29.7042613663" lon="106.513904426">
        <ele>198.2</ele>
        <time>2026-08-30T10:02:51+0800</time>
        <extensions>
          <gpxtpx:TrackPointExtension>
            <gpxtpx:hr>151</gpxtpx:hr>
            <gpxtpx:cad>82</gpxtpx:cad>
          </gpxtpx:TrackPointExtension>
        </extensions>
      </trkpt>
      <trkpt lat="29.7042497993" lon="106.513912808">
        <ele>198.4</ele>
        <time>2026-08-30T10:02:52+0800</time>
        <extensions>
          <gpxtpx:TrackPointExtension>
            <gpxtpx:hr>152</gpxtpx:hr>
            <gpxtpx:cad>82</gpxtpx:cad>
          </gpxtpx:TrackPointExtension>
        </extensions>
      </trkpt>
      <trkpt lat="29.7042332031" lon="106.51391834">
        <ele>198.4</ele>
        <time>2026-08-30T10:02:53+0800</time>
        <extensions>
          <gpxtpx:TrackPointExtension>
            <gpxtpx:hr>152</gpxtpx:hr>
            <gpxtpx:cad>82</gpxtpx:cad>
          </gpxtpx:TrackPointExtension>
        </extensions>
      </trkpt>
      <trkpt lat="29.7042200435" lon="106.513919681">
        <ele>198.4</ele>
        <time>2026-08-30T10:02:54+0800</time>
        <extensions>
          <gpxtpx:TrackPointExtension>
            <gpxtpx:hr>153</gpxtpx:hr>
            <gpxtpx:cad>82</gpxtpx:cad>
          </gpxtpx:TrackPointExtension>
        </extensions>
      </trkpt>
      <trkpt lat="29.704206381" lon="106.513920184">
        <ele>198.4</ele>
        <time>2026-08-30T10:02:55+0800</time>
        <extensions>
          <gpxtpx:TrackPointExtension>
            <gpxtpx:hr>153</gpxtpx:hr>
            <gpxtpx:cad>82</gpxtpx:cad>
          </gpxtpx:TrackPointExtension>
        </extensions>
      </trkpt>
      <trkpt lat="29.7041886114" lon="106.51391767">
        <ele>198.4</ele>
        <time>2026-08-30T10:02:56+0800</time>
        <extensions>
          <gpxtpx:TrackPointExtension>
            <gpxtpx:hr>154</gpxtpx:hr>
            <gpxtpx:cad>82</gpxtpx:cad>
          </gpxtpx:TrackPointExtension>
        </extensions>
      </trkpt>
      <trkpt lat="29.7041759547" lon="106.513916915">
        <ele>198.4</ele>
        <time>2026-08-30T10:02:57+0800</time>
        <extensions>
          <gpxtpx:TrackPointExtension>
            <gpxtpx:hr>154</gpxtpx:hr>
            <gpxtpx:cad>82</gpxtpx:cad>
          </gpxtpx:TrackPointExtension>
        </extensions>
      </trkpt>
      <trkpt lat="29.7041604482" lon="106.513914987">
        <ele>198.4</ele>
        <time>2026-08-30T10:02:58+0800</time>
        <extensions>
          <gpxtpx:TrackPointExtension>
            <gpxtpx:hr>153</gpxtpx:hr>
            <gpxtpx:cad>82</gpxtpx:cad>
          </gpxtpx:TrackPointExtension>
        </extensions>
      </trkpt>
      <trkpt lat="29.7041436844" lon="106.513910713">
        <ele>198.4</ele>
        <time>2026-08-30T10:02:59+0800</time>
        <extensions>
          <gpxtpx:TrackPointExtension>
            <gpxtpx:hr>154</gpxtpx:hr>
            <gpxtpx:cad>83</gpxtpx:cad>
          </gpxtpx:TrackPointExtension>
        </extensions>
      </trkpt>
      <trkpt lat="29.7041320335" lon="106.513910713">
        <ele>198.4</ele>
        <time>2026-08-30T10:03:00+0800</time>
        <extensions>
          <gpxtpx:TrackPointExtension>
            <gpxtpx:hr>154</gpxtpx:hr>
            <gpxtpx:cad>83</gpxtpx:cad>
          </gpxtpx:TrackPointExtension>
        </extensions>
      </trkpt>
      <trkpt lat="29.7041158564" lon="106.513909623">
        <ele>198.4</ele>
        <time>2026-08-30T10:03:01+0800</time>
        <extensions>
          <gpxtpx:TrackPointExtension>
            <gpxtpx:hr>154</gpxtpx:hr>
            <gpxtpx:cad>82</gpxtpx:cad>
          </gpxtpx:TrackPointExtension>
        </extensions>
      </trkpt>
      <trkpt lat="29.7041031998" lon="106.513905684">
        <ele>198.4</ele>
        <time>2026-08-30T10:03:02+0800</time>
        <extensions>
          <gpxtpx:TrackPointExtension>
            <gpxtpx:hr>154</gpxtpx:hr>
            <gpxtpx:cad>82</gpxtpx:cad>
          </gpxtpx:TrackPointExtension>
        </extensions>
      </trkpt>
      <trkpt lat="29.7040917166" lon="106.513903001">
        <ele>198.4</ele>
        <time>2026-08-30T10:03:03+0800</time>
        <extensions>
          <gpxtpx:TrackPointExtension>
            <gpxtpx:hr>154</gpxtpx:hr>
            <gpxtpx:cad>82</gpxtpx:cad>
          </gpxtpx:TrackPointExtension>
        </extensions>
      </trkpt>
      <trkpt lat="29.7040742822" lon="106.513894117">
        <ele>198.4</ele>
        <time>2026-08-30T10:03:04+0800</time>
        <extensions>
          <gpxtpx:TrackPointExtension>
            <gpxtpx:hr>154</gpxtpx:hr>
            <gpxtpx:cad>82</gpxtpx:cad>
          </gpxtpx:TrackPointExtension>
        </extensions>
      </trkpt>
      <trkpt lat="29.7040631343" lon="106.513888417">
        <ele>198.4</ele>
        <time>2026-08-30T10:03:05+0800</time>
        <extensions>
          <gpxtpx:TrackPointExtension>
            <gpxtpx:hr>155</gpxtpx:hr>
            <gpxtpx:cad>82</gpxtpx:cad>
          </gpxtpx:TrackPointExtension>
        </extensions>
      </trkpt>
      <trkpt lat="29.7040498909" lon="106.513882633">
        <ele>198.4</ele>
        <time>2026-08-30T10:03:06+0800</time>
        <extensions>
          <gpxtpx:TrackPointExtension>
            <gpxtpx:hr>155</gpxtpx:hr>
            <gpxtpx:cad>81</gpxtpx:cad>
          </gpxtpx:TrackPointExtension>
        </extensions>
      </trkpt>
      <trkpt lat="29.7040383238" lon="106.513872072">
        <ele>198.4</ele>
        <time>2026-08-30T10:03:07+0800</time>
        <extensions>
          <gpxtpx:TrackPointExtension>
            <gpxtpx:hr>156</gpxtpx:hr>
            <gpxtpx:cad>81</gpxtpx:cad>
          </gpxtpx:TrackPointExtension>
        </extensions>
      </trkpt>
      <trkpt lat="29.7040301096" lon="106.513866121">
        <ele>198.6</ele>
        <time>2026-08-30T10:03:08+0800</time>
        <extensions>
          <gpxtpx:TrackPointExtension>
            <gpxtpx:hr>156</gpxtpx:hr>
            <gpxtpx:cad>82</gpxtpx:cad>
          </gpxtpx:TrackPointExtension>
        </extensions>
      </trkpt>
      <trkpt lat="29.7040182073" lon="106.513856985">
        <ele>198.6</ele>
        <time>2026-08-30T10:03:09+0800</time>
        <extensions>
          <gpxtpx:TrackPointExtension>
            <gpxtpx:hr>155</gpxtpx:hr>
            <gpxtpx:cad>82</gpxtpx:cad>
          </gpxtpx:TrackPointExtension>
        </extensions>
      </trkpt>
      <trkpt lat="29.7040082328" lon="106.513846423">
        <ele>198.8</ele>
        <time>2026-08-30T10:03:10+0800</time>
        <extensions>
          <gpxtpx:TrackPointExtension>
            <gpxtpx:hr>155</gpxtpx:hr>
            <gpxtpx:cad>81</gpxtpx:cad>
          </gpxtpx:TrackPointExtension>
        </extensions>
      </trkpt>
      <trkpt lat="29.7039989289" lon="106.513838461">
        <ele>198.8</ele>
        <time>2026-08-30T10:03:11+0800</time>
        <extensions>
          <gpxtpx:TrackPointExtension>
            <gpxtpx:hr>155</gpxtpx:hr>
            <gpxtpx:cad>81</gpxtpx:cad>
          </gpxtpx:TrackPointExtension>
        </extensions>
      </trkpt>
      <trkpt lat="29.7039859369" lon="106.513824044">
        <ele>199.0</ele>
        <time>2026-08-30T10:03:12+0800</time>
        <extensions>
          <gpxtpx:TrackPointExtension>
            <gpxtpx:hr>156</gpxtpx:hr>
            <gpxtpx:cad>81</gpxtpx:cad>
          </gpxtpx:TrackPointExtension>
        </extensions>
      </trkpt>
      <trkpt lat="29.7039783094" lon="106.513813902">
        <ele>199.0</ele>
        <time>2026-08-30T10:03:13+0800</time>
        <extensions>
          <gpxtpx:TrackPointExtension>
            <gpxtpx:hr>156</gpxtpx:hr>
            <gpxtpx:cad>81</gpxtpx:cad>
          </gpxtpx:TrackPointExtension>
        </extensions>
      </trkpt>
      <trkpt lat="29.7039708495" lon="106.51380443">
        <ele>199.0</ele>
        <time>2026-08-30T10:03:14+0800</time>
        <extensions>
          <gpxtpx:TrackPointExtension>
            <gpxtpx:hr>156</gpxtpx:hr>
            <gpxtpx:cad>81</gpxtpx:cad>
          </gpxtpx:TrackPointExtension>
        </extensions>
      </trkpt>
      <trkpt lat="29.7039631382" lon="106.513787666">
        <ele>199.2</ele>
        <time>2026-08-30T10:03:15+0800</time>
        <extensions>
          <gpxtpx:TrackPointExtension>
            <gpxtpx:hr>156</gpxtpx:hr>
            <gpxtpx:cad>82</gpxtpx:cad>
          </gpxtpx:TrackPointExtension>
        </extensions>
      </trkpt>
      <trkpt lat="29.7039583605" lon="106.513774591">
        <ele>199.2</ele>
        <time>2026-08-30T10:03:16+0800</time>
        <extensions>
          <gpxtpx:TrackPointExtension>
            <gpxtpx:hr>155</gpxtpx:hr>
            <gpxtpx:cad>82</gpxtpx:cad>
          </gpxtpx:TrackPointExtension>
        </extensions>
      </trkpt>
      <trkpt lat="29.7039524093" lon="106.513761515">
        <ele>199.2</ele>
        <time>2026-08-30T10:03:17+0800</time>
        <extensions>
          <gpxtpx:TrackPointExtension>
            <gpxtpx:hr>156</gpxtpx:hr>
            <gpxtpx:cad>82</gpxtpx:cad>
          </gpxtpx:TrackPointExtension>
        </extensions>
      </trkpt>
      <trkpt lat="29.7039472125" lon="106.513748774">
        <ele>199.4</ele>
        <time>2026-08-30T10:03:18+0800</time>
        <extensions>
          <gpxtpx:TrackPointExtension>
            <gpxtpx:hr>156</gpxtpx:hr>
            <gpxtpx:cad>82</gpxtpx:cad>
          </gpxtpx:TrackPointExtension>
        </extensions>
      </trkpt>
      <trkpt lat="29.7039441112" lon="106.513736872">
        <ele>199.4</ele>
        <time>2026-08-30T10:03:19+0800</time>
        <extensions>
          <gpxtpx:TrackPointExtension>
            <gpxtpx:hr>156</gpxtpx:hr>
            <gpxtpx:cad>82</gpxtpx:cad>
          </gpxtpx:TrackPointExtension>
        </extensions>
      </trkpt>
      <trkpt lat="29.7039401717" lon="106.513721533">
        <ele>199.6</ele>
        <time>2026-08-30T10:03:20+0800</time>
        <extensions>
          <gpxtpx:TrackPointExtension>
            <gpxtpx:hr>156</gpxtpx:hr>
            <gpxtpx:cad>81</gpxtpx:cad>
          </gpxtpx:TrackPointExtension>
        </extensions>
      </trkpt>
      <trkpt lat="29.7039371543" lon="106.513703344">
        <ele>199.6</ele>
        <time>2026-08-30T10:03:21+0800</time>
        <extensions>
          <gpxtpx:TrackPointExtension>
            <gpxtpx:hr>157</gpxtpx:hr>
            <gpxtpx:cad>81</gpxtpx:cad>
          </gpxtpx:TrackPointExtension>
        </extensions>
      </trkpt>
      <trkpt lat="29.7039338853" lon="106.513688844">
        <ele>199.8</ele>
        <time>2026-08-30T10:03:22+0800</time>
        <extensions>
          <gpxtpx:TrackPointExtension>
            <gpxtpx:hr>157</gpxtpx:hr>
            <gpxtpx:cad>81</gpxtpx:cad>
          </gpxtpx:TrackPointExtension>
        </extensions>
      </trkpt>
      <trkpt lat="29.7039307002" lon="106.513671409">
        <ele>199.8</ele>
        <time>2026-08-30T10:03:23+0800</time>
        <extensions>
          <gpxtpx:TrackPointExtension>
            <gpxtpx:hr>157</gpxtpx:hr>
            <gpxtpx:cad>80</gpxtpx:cad>
          </gpxtpx:TrackPointExtension>
        </extensions>
      </trkpt>
      <trkpt lat="29.7039288562" lon="106.513655232">
        <ele>200.0</ele>
        <time>2026-08-30T10:03:24+0800</time>
        <extensions>
          <gpxtpx:TrackPointExtension>
            <gpxtpx:hr>157</gpxtpx:hr>
            <gpxtpx:cad>80</gpxtpx:cad>
          </gpxtpx:TrackPointExtension>
        </extensions>
      </trkpt>
      <trkpt lat="29.7039264254" lon="106.513641737">
        <ele>200.0</ele>
        <time>2026-08-30T10:03:25+0800</time>
        <extensions>
          <gpxtpx:TrackPointExtension>
            <gpxtpx:hr>158</gpxtpx:hr>
            <gpxtpx:cad>80</gpxtpx:cad>
          </gpxtpx:TrackPointExtension>
        </extensions>
      </trkpt>
      <trkpt lat="29.7039229888" lon="106.513624722">
        <ele>200.0</ele>
        <time>2026-08-30T10:03:26+0800</time>
        <extensions>
          <gpxtpx:TrackPointExtension>
            <gpxtpx:hr>158</gpxtpx:hr>
            <gpxtpx:cad>81</gpxtpx:cad>
          </gpxtpx:TrackPointExtension>
        </extensions>
      </trkpt>
      <trkpt lat="29.7039195523" lon="106.513612485">
        <ele>200.0</ele>
        <time>2026-08-30T10:03:27+0800</time>
        <extensions>
          <gpxtpx:TrackPointExtension>
            <gpxtpx:hr>159</gpxtpx:hr>
            <gpxtpx:cad>81</gpxtpx:cad>
          </gpxtpx:TrackPointExtension>
        </extensions>
      </trkpt>
      <trkpt lat="29.7039145231" lon="106.513601923">
        <ele>200.2</ele>
        <time>2026-08-30T10:03:28+0800</time>
        <extensions>
          <gpxtpx:TrackPointExtension>
            <gpxtpx:hr>159</gpxtpx:hr>
            <gpxtpx:cad>82</gpxtpx:cad>
          </gpxtpx:TrackPointExtension>
        </extensions>
      </trkpt>
      <trkpt lat="29.7039079014" lon="106.513589183">
        <ele>200.4</ele>
        <time>2026-08-30T10:03:29+0800</time>
        <extensions>
          <gpxtpx:TrackPointExtension>
            <gpxtpx:hr>160</gpxtpx:hr>
            <gpxtpx:cad>82</gpxtpx:cad>
          </gpxtpx:TrackPointExtension>
        </extensions>
      </trkpt>
      <trkpt lat="29.703900693" lon="106.513576107">
        <ele>200.4</ele>
        <time>2026-08-30T10:03:30+0800</time>
        <extensions>
          <gpxtpx:TrackPointExtension>
            <gpxtpx:hr>160</gpxtpx:hr>
            <gpxtpx:cad>82</gpxtpx:cad>
          </gpxtpx:TrackPointExtension>
        </extensions>
      </trkpt>
      <trkpt lat="29.7038918082" lon="106.513564121">
        <ele>200.4</ele>
        <time>2026-08-30T10:03:31+0800</time>
        <extensions>
          <gpxtpx:TrackPointExtension>
            <gpxtpx:hr>160</gpxtpx:hr>
            <gpxtpx:cad>82</gpxtpx:cad>
          </gpxtpx:TrackPointExtension>
        </extensions>
      </trkpt>
      <trkpt lat="29.7038831748" lon="106.513549034">
        <ele>200.6</ele>
        <time>2026-08-30T10:03:32+0800</time>
        <extensions>
          <gpxtpx:TrackPointExtension>
            <gpxtpx:hr>160</gpxtpx:hr>
            <gpxtpx:cad>81</gpxtpx:cad>
          </gpxtpx:TrackPointExtension>
        </extensions>
      </trkpt>
      <trkpt lat="29.7038768884" lon="106.513539227">
        <ele>200.6</ele>
        <time>2026-08-30T10:03:33+0800</time>
        <extensions>
          <gpxtpx:TrackPointExtension>
            <gpxtpx:hr>160</gpxtpx:hr>
            <gpxtpx:cad>81</gpxtpx:cad>
          </gpxtpx:TrackPointExtension>
        </extensions>
      </trkpt>
      <trkpt lat="29.7038639802" lon="106.513527241">
        <ele>200.6</ele>
        <time>2026-08-30T10:03:34+0800</time>
        <extensions>
          <gpxtpx:TrackPointExtension>
            <gpxtpx:hr>160</gpxtpx:hr>
            <gpxtpx:cad>80</gpxtpx:cad>
          </gpxtpx:TrackPointExtension>
        </extensions>
      </trkpt>
      <trkpt lat="29.7038538381" lon="106.513515338">
        <ele>200.8</ele>
        <time>2026-08-30T10:03:35+0800</time>
        <extensions>
          <gpxtpx:TrackPointExtension>
            <gpxtpx:hr>160</gpxtpx:hr>
            <gpxtpx:cad>80</gpxtpx:cad>
          </gpxtpx:TrackPointExtension>
        </extensions>
      </trkpt>
      <trkpt lat="29.7038449533" lon="106.51350704">
        <ele>200.8</ele>
        <time>2026-08-30T10:03:36+0800</time>
        <extensions>
          <gpxtpx:TrackPointExtension>
            <gpxtpx:hr>160</gpxtpx:hr>
            <gpxtpx:cad>80</gpxtpx:cad>
          </gpxtpx:TrackPointExtension>
        </extensions>
      </trkpt>
      <trkpt lat="29.7038305365" lon="106.513494886">
        <ele>200.8</ele>
        <time>2026-08-30T10:03:37+0800</time>
        <extensions>
          <gpxtpx:TrackPointExtension>
            <gpxtpx:hr>160</gpxtpx:hr>
            <gpxtpx:cad>81</gpxtpx:cad>
          </gpxtpx:TrackPointExtension>
        </extensions>
      </trkpt>
      <trkpt lat="29.703821484" lon="106.513486002">
        <ele>201.0</ele>
        <time>2026-08-30T10:03:38+0800</time>
        <extensions>
          <gpxtpx:TrackPointExtension>
            <gpxtpx:hr>159</gpxtpx:hr>
            <gpxtpx:cad>82</gpxtpx:cad>
          </gpxtpx:TrackPointExtension>
        </extensions>
      </trkpt>
      <trkpt lat="29.7038115095" lon="106.513479128">
        <ele>201.0</ele>
        <time>2026-08-30T10:03:39+0800</time>
        <extensions>
          <gpxtpx:TrackPointExtension>
            <gpxtpx:hr>159</gpxtpx:hr>
            <gpxtpx:cad>82</gpxtpx:cad>
          </gpxtpx:TrackPointExtension>
        </extensions>
      </trkpt>
      <trkpt lat="29.7037979309" lon="106.513468819">
        <ele>201.0</ele>
        <time>2026-08-30T10:03:40+0800</time>
        <extensions>
          <gpxtpx:TrackPointExtension>
            <gpxtpx:hr>160</gpxtpx:hr>
            <gpxtpx:cad>82</gpxtpx:cad>
          </gpxtpx:TrackPointExtension>
        </extensions>
      </trkpt>
      <trkpt lat="29.7037870344" lon="106.513463203">
        <ele>201.2</ele>
        <time>2026-08-30T10:03:41+0800</time>
        <extensions>
          <gpxtpx:TrackPointExtension>
            <gpxtpx:hr>160</gpxtpx:hr>
            <gpxtpx:cad>82</gpxtpx:cad>
          </gpxtpx:TrackPointExtension>
        </extensions>
      </trkpt>
      <trkpt lat="29.7037720308" lon="106.513456078">
        <ele>201.2</ele>
        <time>2026-08-30T10:03:42+0800</time>
        <extensions>
          <gpxtpx:TrackPointExtension>
            <gpxtpx:hr>160</gpxtpx:hr>
            <gpxtpx:cad>81</gpxtpx:cad>
          </gpxtpx:TrackPointExtension>
        </extensions>
      </trkpt>
      <trkpt lat="29.703759877" lon="106.513449708">
        <ele>201.2</ele>
        <time>2026-08-30T10:03:43+0800</time>
        <extensions>
          <gpxtpx:TrackPointExtension>
            <gpxtpx:hr>160</gpxtpx:hr>
            <gpxtpx:cad>81</gpxtpx:cad>
          </gpxtpx:TrackPointExtension>
        </extensions>
      </trkpt>
      <trkpt lat="29.7037494835" lon="106.51344711">
        <ele>201.4</ele>
        <time>2026-08-30T10:03:44+0800</time>
        <extensions>
          <gpxtpx:TrackPointExtension>
            <gpxtpx:hr>160</gpxtpx:hr>
            <gpxtpx:cad>81</gpxtpx:cad>
          </gpxtpx:TrackPointExtension>
        </extensions>
      </trkpt>
      <trkpt lat="29.7037337255" lon="106.513441661">
        <ele>201.4</ele>
        <time>2026-08-30T10:03:45+0800</time>
        <extensions>
          <gpxtpx:TrackPointExtension>
            <gpxtpx:hr>161</gpxtpx:hr>
            <gpxtpx:cad>82</gpxtpx:cad>
          </gpxtpx:TrackPointExtension>
        </extensions>
      </trkpt>
      <trkpt lat="29.7037219908" lon="106.513436968">
        <ele>201.4</ele>
        <time>2026-08-30T10:03:46+0800</time>
        <extensions>
          <gpxtpx:TrackPointExtension>
            <gpxtpx:hr>161</gpxtpx:hr>
            <gpxtpx:cad>82</gpxtpx:cad>
          </gpxtpx:TrackPointExtension>
        </extensions>
      </trkpt>
      <trkpt lat="29.703709418" lon="106.513435291">
        <ele>201.6</ele>
        <time>2026-08-30T10:03:47+0800</time>
        <extensions>
          <gpxtpx:TrackPointExtension>
            <gpxtpx:hr>162</gpxtpx:hr>
            <gpxtpx:cad>82</gpxtpx:cad>
          </gpxtpx:TrackPointExtension>
        </extensions>
      </trkpt>
      <trkpt lat="29.7036938276" lon="106.513431938">
        <ele>201.6</ele>
        <time>2026-08-30T10:03:48+0800</time>
        <extensions>
          <gpxtpx:TrackPointExtension>
            <gpxtpx:hr>162</gpxtpx:hr>
            <gpxtpx:cad>82</gpxtpx:cad>
          </gpxtpx:TrackPointExtension>
        </extensions>
      </trkpt>
      <trkpt lat="29.7036823444" lon="106.513431184">
        <ele>201.8</ele>
        <time>2026-08-30T10:03:49+0800</time>
        <extensions>
          <gpxtpx:TrackPointExtension>
            <gpxtpx:hr>161</gpxtpx:hr>
            <gpxtpx:cad>82</gpxtpx:cad>
          </gpxtpx:TrackPointExtension>
        </extensions>
      </trkpt>
      <trkpt lat="29.7036667541" lon="106.513430933">
        <ele>201.8</ele>
        <time>2026-08-30T10:03:50+0800</time>
        <extensions>
          <gpxtpx:TrackPointExtension>
            <gpxtpx:hr>161</gpxtpx:hr>
            <gpxtpx:cad>82</gpxtpx:cad>
          </gpxtpx:TrackPointExtension>
        </extensions>
      </trkpt>
      <trkpt lat="29.7036534268" lon="106.513427747">
        <ele>201.8</ele>
        <time>2026-08-30T10:03:51+0800</time>
        <extensions>
          <gpxtpx:TrackPointExtension>
            <gpxtpx:hr>161</gpxtpx:hr>
            <gpxtpx:cad>82</gpxtpx:cad>
          </gpxtpx:TrackPointExtension>
        </extensions>
      </trkpt>
      <trkpt lat="29.703642698" lon="106.513426742">
        <ele>202.0</ele>
        <time>2026-08-30T10:03:52+0800</time>
        <extensions>
          <gpxtpx:TrackPointExtension>
            <gpxtpx:hr>161</gpxtpx:hr>
            <gpxtpx:cad>82</gpxtpx:cad>
          </gpxtpx:TrackPointExtension>
        </extensions>
      </trkpt>
      <trkpt lat="29.7036228329" lon="106.513425484">
        <ele>202.0</ele>
        <time>2026-08-30T10:03:53+0800</time>
        <extensions>
          <gpxtpx:TrackPointExtension>
            <gpxtpx:hr>161</gpxtpx:hr>
            <gpxtpx:cad>82</gpxtpx:cad>
          </gpxtpx:TrackPointExtension>
        </extensions>
      </trkpt>
      <trkpt lat="29.7036106791" lon="106.513423054">
        <ele>202.2</ele>
        <time>2026-08-30T10:03:54+0800</time>
        <extensions>
          <gpxtpx:TrackPointExtension>
            <gpxtpx:hr>161</gpxtpx:hr>
            <gpxtpx:cad>82</gpxtpx:cad>
          </gpxtpx:TrackPointExtension>
        </extensions>
      </trkpt>
      <trkpt lat="29.7035960946" lon="106.51342364">
        <ele>202.2</ele>
        <time>2026-08-30T10:03:55+0800</time>
        <extensions>
          <gpxtpx:TrackPointExtension>
            <gpxtpx:hr>162</gpxtpx:hr>
            <gpxtpx:cad>82</gpxtpx:cad>
          </gpxtpx:TrackPointExtension>
        </extensions>
      </trkpt>
      <trkpt lat="29.7035784088" lon="106.513422299">
        <ele>202.2</ele>
        <time>2026-08-30T10:03:56+0800</time>
        <extensions>
          <gpxtpx:TrackPointExtension>
            <gpxtpx:hr>162</gpxtpx:hr>
            <gpxtpx:cad>82</gpxtpx:cad>
          </gpxtpx:TrackPointExtension>
        </extensions>
      </trkpt>
      <trkpt lat="29.7035681829" lon="106.513423389">
        <ele>202.2</ele>
        <time>2026-08-30T10:03:57+0800</time>
        <extensions>
          <gpxtpx:TrackPointExtension>
            <gpxtpx:hr>162</gpxtpx:hr>
            <gpxtpx:cad>83</gpxtpx:cad>
          </gpxtpx:TrackPointExtension>
        </extensions>
      </trkpt>
      <trkpt lat="29.7035499103" lon="106.513424981">
        <ele>202.2</ele>
        <time>2026-08-30T10:03:58+0800</time>
        <extensions>
          <gpxtpx:TrackPointExtension>
            <gpxtpx:hr>162</gpxtpx:hr>
            <gpxtpx:cad>83</gpxtpx:cad>
          </gpxtpx:TrackPointExtension>
        </extensions>
      </trkpt>
      <trkpt lat="29.7035348229" lon="106.513422634">
        <ele>202.2</ele>
        <time>2026-08-30T10:03:59+0800</time>
        <extensions>
          <gpxtpx:TrackPointExtension>
            <gpxtpx:hr>162</gpxtpx:hr>
            <gpxtpx:cad>83</gpxtpx:cad>
          </gpxtpx:TrackPointExtension>
        </extensions>
      </trkpt>
      <trkpt lat="29.7035221662" lon="106.51342188">
        <ele>202.2</ele>
        <time>2026-08-30T10:04:00+0800</time>
        <extensions>
          <gpxtpx:TrackPointExtension>
            <gpxtpx:hr>162</gpxtpx:hr>
            <gpxtpx:cad>83</gpxtpx:cad>
          </gpxtpx:TrackPointExtension>
        </extensions>
      </trkpt>
      <trkpt lat="29.703505151" lon="106.513424143">
        <ele>202.2</ele>
        <time>2026-08-30T10:04:01+0800</time>
        <extensions>
          <gpxtpx:TrackPointExtension>
            <gpxtpx:hr>162</gpxtpx:hr>
            <gpxtpx:cad>83</gpxtpx:cad>
          </gpxtpx:TrackPointExtension>
        </extensions>
      </trkpt>
      <trkpt lat="29.7034931649" lon="106.513425484">
        <ele>202.2</ele>
        <time>2026-08-30T10:04:02+0800</time>
        <extensions>
          <gpxtpx:TrackPointExtension>
            <gpxtpx:hr>162</gpxtpx:hr>
            <gpxtpx:cad>83</gpxtpx:cad>
          </gpxtpx:TrackPointExtension>
        </extensions>
      </trkpt>
      <trkpt lat="29.7034764849" lon="106.513429508">
        <ele>202.2</ele>
        <time>2026-08-30T10:04:03+0800</time>
        <extensions>
          <gpxtpx:TrackPointExtension>
            <gpxtpx:hr>163</gpxtpx:hr>
            <gpxtpx:cad>83</gpxtpx:cad>
          </gpxtpx:TrackPointExtension>
        </extensions>
      </trkpt>
      <trkpt lat="29.7034628224" lon="106.513429591">
        <ele>202.2</ele>
        <time>2026-08-30T10:04:04+0800</time>
        <extensions>
          <gpxtpx:TrackPointExtension>
            <gpxtpx:hr>163</gpxtpx:hr>
            <gpxtpx:cad>82</gpxtpx:cad>
          </gpxtpx:TrackPointExtension>
        </extensions>
      </trkpt>
      <trkpt lat="29.7034499142" lon="106.513436297">
        <ele>202.2</ele>
        <time>2026-08-30T10:04:05+0800</time>
        <extensions>
          <gpxtpx:TrackPointExtension>
            <gpxtpx:hr>163</gpxtpx:hr>
            <gpxtpx:cad>82</gpxtpx:cad>
          </gpxtpx:TrackPointExtension>
        </extensions>
      </trkpt>
      <trkpt lat="29.7034339886" lon="106.51344141">
        <ele>202.2</ele>
        <time>2026-08-30T10:04:06+0800</time>
        <extensions>
          <gpxtpx:TrackPointExtension>
            <gpxtpx:hr>162</gpxtpx:hr>
            <gpxtpx:cad>83</gpxtpx:cad>
          </gpxtpx:TrackPointExtension>
        </extensions>
      </trkpt>
      <trkpt lat="29.703422673" lon="106.513443254">
        <ele>202.2</ele>
        <time>2026-08-30T10:04:07+0800</time>
        <extensions>
          <gpxtpx:TrackPointExtension>
            <gpxtpx:hr>162</gpxtpx:hr>
            <gpxtpx:cad>83</gpxtpx:cad>
          </gpxtpx:TrackPointExtension>
        </extensions>
      </trkpt>
      <trkpt lat="29.7034103516" lon="106.513450211">
        <ele>202.2</ele>
        <time>2026-08-30T10:04:08+0800</time>
        <extensions>
          <gpxtpx:TrackPointExtension>
            <gpxtpx:hr>162</gpxtpx:hr>
            <gpxtpx:cad>83</gpxtpx:cad>
          </gpxtpx:TrackPointExtension>
        </extensions>
      </trkpt>
      <trkpt lat="29.7033968568" lon="106.513453564">
        <ele>202.2</ele>
        <time>2026-08-30T10:04:09+0800</time>
        <extensions>
          <gpxtpx:TrackPointExtension>
            <gpxtpx:hr>163</gpxtpx:hr>
            <gpxtpx:cad>83</gpxtpx:cad>
          </gpxtpx:TrackPointExtension>
        </extensions>
      </trkpt>
      <trkpt lat="29.7033841163" lon="106.513460018">
        <ele>202.2</ele>
        <time>2026-08-30T10:04:10+0800</time>
        <extensions>
          <gpxtpx:TrackPointExtension>
            <gpxtpx:hr>162</gpxtpx:hr>
            <gpxtpx:cad>83</gpxtpx:cad>
          </gpxtpx:TrackPointExtension>
        </extensions>
      </trkpt>
      <trkpt lat="29.7033657599" lon="106.513468819">
        <ele>202.2</ele>
        <time>2026-08-30T10:04:11+0800</time>
        <extensions>
          <gpxtpx:TrackPointExtension>
            <gpxtpx:hr>162</gpxtpx:hr>
            <gpxtpx:cad>83</gpxtpx:cad>
          </gpxtpx:TrackPointExtension>
        </extensions>
      </trkpt>
      <trkpt lat="29.7033515107" lon="106.513472423">
        <ele>202.2</ele>
        <time>2026-08-30T10:04:12+0800</time>
        <extensions>
          <gpxtpx:TrackPointExtension>
            <gpxtpx:hr>162</gpxtpx:hr>
            <gpxtpx:cad>83</gpxtpx:cad>
          </gpxtpx:TrackPointExtension>
        </extensions>
      </trkpt>
      <trkpt lat="29.7033375129" lon="106.513479799">
        <ele>202.0</ele>
        <time>2026-08-30T10:04:13+0800</time>
        <extensions>
          <gpxtpx:TrackPointExtension>
            <gpxtpx:hr>162</gpxtpx:hr>
            <gpxtpx:cad>83</gpxtpx:cad>
          </gpxtpx:TrackPointExtension>
        </extensions>
      </trkpt>
      <trkpt lat="29.7033216711" lon="106.513487007">
        <ele>202.0</ele>
        <time>2026-08-30T10:04:14+0800</time>
        <extensions>
          <gpxtpx:TrackPointExtension>
            <gpxtpx:hr>162</gpxtpx:hr>
            <gpxtpx:cad>83</gpxtpx:cad>
          </gpxtpx:TrackPointExtension>
        </extensions>
      </trkpt>
      <trkpt lat="29.7033100203" lon="106.513493545">
        <ele>202.0</ele>
        <time>2026-08-30T10:04:15+0800</time>
        <extensions>
          <gpxtpx:TrackPointExtension>
            <gpxtpx:hr>162</gpxtpx:hr>
            <gpxtpx:cad>83</gpxtpx:cad>
          </gpxtpx:TrackPointExtension>
        </extensions>
      </trkpt>
      <trkpt lat="29.7032919992" lon="106.513500502">
        <ele>202.0</ele>
        <time>2026-08-30T10:04:16+0800</time>
        <extensions>
          <gpxtpx:TrackPointExtension>
            <gpxtpx:hr>161</gpxtpx:hr>
            <gpxtpx:cad>83</gpxtpx:cad>
          </gpxtpx:TrackPointExtension>
        </extensions>
      </trkpt>
      <trkpt lat="29.7032773308" lon="106.513505448">
        <ele>202.0</ele>
        <time>2026-08-30T10:04:17+0800</time>
        <extensions>
          <gpxtpx:TrackPointExtension>
            <gpxtpx:hr>161</gpxtpx:hr>
            <gpxtpx:cad>83</gpxtpx:cad>
          </gpxtpx:TrackPointExtension>
        </extensions>
      </trkpt>
      <trkpt lat="29.7032629978" lon="106.513512656">
        <ele>202.0</ele>
        <time>2026-08-30T10:04:18+0800</time>
        <extensions>
          <gpxtpx:TrackPointExtension>
            <gpxtpx:hr>161</gpxtpx:hr>
            <gpxtpx:cad>83</gpxtpx:cad>
          </gpxtpx:TrackPointExtension>
        </extensions>
      </trkpt>
      <trkpt lat="29.7032460663" lon="106.513522295">
        <ele>202.0</ele>
        <time>2026-08-30T10:04:19+0800</time>
        <extensions>
          <gpxtpx:TrackPointExtension>
            <gpxtpx:hr>161</gpxtpx:hr>
            <gpxtpx:cad>83</gpxtpx:cad>
          </gpxtpx:TrackPointExtension>
        </extensions>
      </trkpt>
      <trkpt lat="29.7032343317" lon="106.513528917">
        <ele>202.0</ele>
        <time>2026-08-30T10:04:20+0800</time>
        <extensions>
          <gpxtpx:TrackPointExtension>
            <gpxtpx:hr>161</gpxtpx:hr>
            <gpxtpx:cad>83</gpxtpx:cad>
          </gpxtpx:TrackPointExtension>
        </extensions>
      </trkpt>
      <trkpt lat="29.7032196634" lon="106.513533946">
        <ele>202.0</ele>
        <time>2026-08-30T10:04:21+0800</time>
        <extensions>
          <gpxtpx:TrackPointExtension>
            <gpxtpx:hr>161</gpxtpx:hr>
            <gpxtpx:cad>83</gpxtpx:cad>
          </gpxtpx:TrackPointExtension>
        </extensions>
      </trkpt>
      <trkpt lat="29.7032061685" lon="106.513535203">
        <ele>202.0</ele>
        <time>2026-08-30T10:04:22+0800</time>
        <extensions>
          <gpxtpx:TrackPointExtension>
            <gpxtpx:hr>161</gpxtpx:hr>
            <gpxtpx:cad>83</gpxtpx:cad>
          </gpxtpx:TrackPointExtension>
        </extensions>
      </trkpt>
      <trkpt lat="29.7031933442" lon="106.513541825">
        <ele>202.0</ele>
        <time>2026-08-30T10:04:23+0800</time>
        <extensions>
          <gpxtpx:TrackPointExtension>
            <gpxtpx:hr>161</gpxtpx:hr>
            <gpxtpx:cad>83</gpxtpx:cad>
          </gpxtpx:TrackPointExtension>
        </extensions>
      </trkpt>
      <trkpt lat="29.7031763289" lon="106.513546519">
        <ele>202.0</ele>
        <time>2026-08-30T10:04:24+0800</time>
        <extensions>
          <gpxtpx:TrackPointExtension>
            <gpxtpx:hr>161</gpxtpx:hr>
            <gpxtpx:cad>83</gpxtpx:cad>
          </gpxtpx:TrackPointExtension>
        </extensions>
      </trkpt>
      <trkpt lat="29.7031622473" lon="106.513549956">
        <ele>202.0</ele>
        <time>2026-08-30T10:04:25+0800</time>
        <extensions>
          <gpxtpx:TrackPointExtension>
            <gpxtpx:hr>161</gpxtpx:hr>
            <gpxtpx:cad>83</gpxtpx:cad>
          </gpxtpx:TrackPointExtension>
        </extensions>
      </trkpt>
      <trkpt lat="29.7031469923" lon="106.513556745">
        <ele>202.0</ele>
        <time>2026-08-30T10:04:26+0800</time>
        <extensions>
          <gpxtpx:TrackPointExtension>
            <gpxtpx:hr>161</gpxtpx:hr>
            <gpxtpx:cad>83</gpxtpx:cad>
          </gpxtpx:TrackPointExtension>
        </extensions>
      </trkpt>
      <trkpt lat="29.7031302284" lon="106.513559846">
        <ele>202.0</ele>
        <time>2026-08-30T10:04:27+0800</time>
        <extensions>
          <gpxtpx:TrackPointExtension>
            <gpxtpx:hr>162</gpxtpx:hr>
            <gpxtpx:cad>84</gpxtpx:cad>
          </gpxtpx:TrackPointExtension>
        </extensions>
      </trkpt>
      <trkpt lat="29.7031184938" lon="106.513565378">
        <ele>202.0</ele>
        <time>2026-08-30T10:04:28+0800</time>
        <extensions>
          <gpxtpx:TrackPointExtension>
            <gpxtpx:hr>162</gpxtpx:hr>
            <gpxtpx:cad>84</gpxtpx:cad>
          </gpxtpx:TrackPointExtension>
        </extensions>
      </trkpt>
      <trkpt lat="29.7030990478" lon="106.513572587">
        <ele>202.0</ele>
        <time>2026-08-30T10:04:29+0800</time>
        <extensions>
          <gpxtpx:TrackPointExtension>
            <gpxtpx:hr>162</gpxtpx:hr>
            <gpxtpx:cad>84</gpxtpx:cad>
          </gpxtpx:TrackPointExtension>
        </extensions>
      </trkpt>
      <trkpt lat="29.703083206" lon="106.513576945">
        <ele>202.0</ele>
        <time>2026-08-30T10:04:30+0800</time>
        <extensions>
          <gpxtpx:TrackPointExtension>
            <gpxtpx:hr>162</gpxtpx:hr>
            <gpxtpx:cad>83</gpxtpx:cad>
          </gpxtpx:TrackPointExtension>
        </extensions>
      </trkpt>
      <trkpt lat="29.7030681185" lon="106.513583316">
        <ele>201.8</ele>
        <time>2026-08-30T10:04:31+0800</time>
        <extensions>
          <gpxtpx:TrackPointExtension>
            <gpxtpx:hr>162</gpxtpx:hr>
            <gpxtpx:cad>83</gpxtpx:cad>
          </gpxtpx:TrackPointExtension>
        </extensions>
      </trkpt>
      <trkpt lat="29.7030500975" lon="106.513587926">
        <ele>201.8</ele>
        <time>2026-08-30T10:04:32+0800</time>
        <extensions>
          <gpxtpx:TrackPointExtension>
            <gpxtpx:hr>162</gpxtpx:hr>
            <gpxtpx:cad>83</gpxtpx:cad>
          </gpxtpx:TrackPointExtension>
        </extensions>
      </trkpt>
      <trkpt lat="29.7030371893" lon="106.513593039">
        <ele>201.8</ele>
        <time>2026-08-30T10:04:33+0800</time>
        <extensions>
          <gpxtpx:TrackPointExtension>
            <gpxtpx:hr>162</gpxtpx:hr>
            <gpxtpx:cad>82</gpxtpx:cad>
          </gpxtpx:TrackPointExtension>
        </extensions>
      </trkpt>
      <trkpt lat="29.7030195035" lon="106.513598319">
        <ele>201.8</ele>
        <time>2026-08-30T10:04:34+0800</time>
        <extensions>
          <gpxtpx:TrackPointExtension>
            <gpxtpx:hr>162</gpxtpx:hr>
            <gpxtpx:cad>82</gpxtpx:cad>
          </gpxtpx:TrackPointExtension>
        </extensions>
      </trkpt>
      <trkpt lat="29.703003075" lon="106.513600331">
        <ele>201.8</ele>
        <time>2026-08-30T10:04:35+0800</time>
        <extensions>
          <gpxtpx:TrackPointExtension>
            <gpxtpx:hr>161</gpxtpx:hr>
            <gpxtpx:cad>83</gpxtpx:cad>
          </gpxtpx:TrackPointExtension>
        </extensions>
      </trkpt>
      <trkpt lat="29.7029890772" lon="106.513604941">
        <ele>201.8</ele>
        <time>2026-08-30T10:04:36+0800</time>
        <extensions>
          <gpxtpx:TrackPointExtension>
            <gpxtpx:hr>162</gpxtpx:hr>
            <gpxtpx:cad>83</gpxtpx:cad>
          </gpxtpx:TrackPointExtension>
        </extensions>
      </trkpt>
      <trkpt lat="29.7029723972" lon="106.513608545">
        <ele>201.8</ele>
        <time>2026-08-30T10:04:37+0800</time>
        <extensions>
          <gpxtpx:TrackPointExtension>
            <gpxtpx:hr>162</gpxtpx:hr>
            <gpxtpx:cad>83</gpxtpx:cad>
          </gpxtpx:TrackPointExtension>
        </extensions>
      </trkpt>
      <trkpt lat="29.702961836" lon="106.513610976">
        <ele>201.8</ele>
        <time>2026-08-30T10:04:38+0800</time>
        <extensions>
          <gpxtpx:TrackPointExtension>
            <gpxtpx:hr>161</gpxtpx:hr>
            <gpxtpx:cad>83</gpxtpx:cad>
          </gpxtpx:TrackPointExtension>
        </extensions>
      </trkpt>
      <trkpt lat="29.7029431444" lon="106.513613993">
        <ele>201.8</ele>
        <time>2026-08-30T10:04:39+0800</time>
        <extensions>
          <gpxtpx:TrackPointExtension>
            <gpxtpx:hr>161</gpxtpx:hr>
            <gpxtpx:cad>83</gpxtpx:cad>
          </gpxtpx:TrackPointExtension>
        </extensions>
      </trkpt>
      <trkpt lat="29.7029262967" lon="106.513614999">
        <ele>201.8</ele>
        <time>2026-08-30T10:04:40+0800</time>
        <extensions>
          <gpxtpx:TrackPointExtension>
            <gpxtpx:hr>161</gpxtpx:hr>
            <gpxtpx:cad>83</gpxtpx:cad>
          </gpxtpx:TrackPointExtension>
        </extensions>
      </trkpt>
      <trkpt lat="29.7029128857" lon="106.513618436">
        <ele>201.8</ele>
        <time>2026-08-30T10:04:41+0800</time>
        <extensions>
          <gpxtpx:TrackPointExtension>
            <gpxtpx:hr>161</gpxtpx:hr>
            <gpxtpx:cad>83</gpxtpx:cad>
          </gpxtpx:TrackPointExtension>
        </extensions>
      </trkpt>
      <trkpt lat="29.7028947808" lon="106.513621202">
        <ele>201.8</ele>
        <time>2026-08-30T10:04:42+0800</time>
        <extensions>
          <gpxtpx:TrackPointExtension>
            <gpxtpx:hr>162</gpxtpx:hr>
            <gpxtpx:cad>83</gpxtpx:cad>
          </gpxtpx:TrackPointExtension>
        </extensions>
      </trkpt>
      <trkpt lat="29.7028815374" lon="106.513622291">
        <ele>201.8</ele>
        <time>2026-08-30T10:04:43+0800</time>
        <extensions>
          <gpxtpx:TrackPointExtension>
            <gpxtpx:hr>161</gpxtpx:hr>
            <gpxtpx:cad>83</gpxtpx:cad>
          </gpxtpx:TrackPointExtension>
        </extensions>
      </trkpt>
      <trkpt lat="29.7028653603" lon="106.513625309">
        <ele>201.8</ele>
        <time>2026-08-30T10:04:44+0800</time>
        <extensions>
          <gpxtpx:TrackPointExtension>
            <gpxtpx:hr>161</gpxtpx:hr>
            <gpxtpx:cad>83</gpxtpx:cad>
          </gpxtpx:TrackPointExtension>
        </extensions>
      </trkpt>
      <trkpt lat="29.7028470039" lon="106.513628913">
        <ele>201.8</ele>
        <time>2026-08-30T10:04:45+0800</time>
        <extensions>
          <gpxtpx:TrackPointExtension>
            <gpxtpx:hr>161</gpxtpx:hr>
            <gpxtpx:cad>83</gpxtpx:cad>
          </gpxtpx:TrackPointExtension>
        </extensions>
      </trkpt>
      <trkpt lat="29.7028361075" lon="106.513634529">
        <ele>201.8</ele>
        <time>2026-08-30T10:04:46+0800</time>
        <extensions>
          <gpxtpx:TrackPointExtension>
            <gpxtpx:hr>161</gpxtpx:hr>
            <gpxtpx:cad>83</gpxtpx:cad>
          </gpxtpx:TrackPointExtension>
        </extensions>
      </trkpt>
      <trkpt lat="29.7028181702" lon="106.513636289">
        <ele>201.6</ele>
        <time>2026-08-30T10:04:47+0800</time>
        <extensions>
          <gpxtpx:TrackPointExtension>
            <gpxtpx:hr>161</gpxtpx:hr>
            <gpxtpx:cad>83</gpxtpx:cad>
          </gpxtpx:TrackPointExtension>
        </extensions>
      </trkpt>
      <trkpt lat="29.7028053459" lon="106.51363696">
        <ele>201.6</ele>
        <time>2026-08-30T10:04:48+0800</time>
        <extensions>
          <gpxtpx:TrackPointExtension>
            <gpxtpx:hr>161</gpxtpx:hr>
            <gpxtpx:cad>82</gpxtpx:cad>
          </gpxtpx:TrackPointExtension>
        </extensions>
      </trkpt>
      <trkpt lat="29.7027897555" lon="106.513641067">
        <ele>201.6</ele>
        <time>2026-08-30T10:04:49+0800</time>
        <extensions>
          <gpxtpx:TrackPointExtension>
            <gpxtpx:hr>161</gpxtpx:hr>
            <gpxtpx:cad>82</gpxtpx:cad>
          </gpxtpx:TrackPointExtension>
        </extensions>
      </trkpt>
      <trkpt lat="29.7027729079" lon="106.513639726">
        <ele>201.6</ele>
        <time>2026-08-30T10:04:50+0800</time>
        <extensions>
          <gpxtpx:TrackPointExtension>
            <gpxtpx:hr>161</gpxtpx:hr>
            <gpxtpx:cad>82</gpxtpx:cad>
          </gpxtpx:TrackPointExtension>
        </extensions>
      </trkpt>
      <trkpt lat="29.7027623467" lon="106.513638804">
        <ele>201.6</ele>
        <time>2026-08-30T10:04:51+0800</time>
        <extensions>
          <gpxtpx:TrackPointExtension>
            <gpxtpx:hr>160</gpxtpx:hr>
            <gpxtpx:cad>82</gpxtpx:cad>
          </gpxtpx:TrackPointExtension>
        </extensions>
      </trkpt>
      <trkpt lat="29.7027443256" lon="106.513644001">
        <ele>201.6</ele>
        <time>2026-08-30T10:04:52+0800</time>
        <extensions>
          <gpxtpx:TrackPointExtension>
            <gpxtpx:hr>161</gpxtpx:hr>
            <gpxtpx:cad>82</gpxtpx:cad>
          </gpxtpx:TrackPointExtension>
        </extensions>
      </trkpt>
      <trkpt lat="29.7027255502" lon="106.513640145">
        <ele>201.6</ele>
        <time>2026-08-30T10:04:53+0800</time>
        <extensions>
          <gpxtpx:TrackPointExtension>
            <gpxtpx:hr>160</gpxtpx:hr>
            <gpxtpx:cad>82</gpxtpx:cad>
          </gpxtpx:TrackPointExtension>
        </extensions>
      </trkpt>
      <trkpt lat="29.7027157433" lon="106.513644252">
        <ele>201.6</ele>
        <time>2026-08-30T10:04:54+0800</time>
        <extensions>
          <gpxtpx:TrackPointExtension>
            <gpxtpx:hr>160</gpxtpx:hr>
            <gpxtpx:cad>82</gpxtpx:cad>
          </gpxtpx:TrackPointExtension>
        </extensions>
      </trkpt>
      <trkpt lat="29.7026931122" lon="106.513647437">
        <ele>201.6</ele>
        <time>2026-08-30T10:04:55+0800</time>
        <extensions>
          <gpxtpx:TrackPointExtension>
            <gpxtpx:hr>160</gpxtpx:hr>
            <gpxtpx:cad>82</gpxtpx:cad>
          </gpxtpx:TrackPointExtension>
        </extensions>
      </trkpt>
      <trkpt lat="29.7026756778" lon="106.513647856">
        <ele>201.6</ele>
        <time>2026-08-30T10:04:56+0800</time>
        <extensions>
          <gpxtpx:TrackPointExtension>
            <gpxtpx:hr>160</gpxtpx:hr>
            <gpxtpx:cad>82</gpxtpx:cad>
          </gpxtpx:TrackPointExtension>
        </extensions>
      </trkpt>
      <trkpt lat="29.7026646137" lon="106.51365146">
        <ele>201.6</ele>
        <time>2026-08-30T10:04:57+0800</time>
        <extensions>
          <gpxtpx:TrackPointExtension>
            <gpxtpx:hr>160</gpxtpx:hr>
            <gpxtpx:cad>83</gpxtpx:cad>
          </gpxtpx:TrackPointExtension>
        </extensions>
      </trkpt>
      <trkpt lat="29.7026437428" lon="106.513647353">
        <ele>201.6</ele>
        <time>2026-08-30T10:04:58+0800</time>
        <extensions>
          <gpxtpx:TrackPointExtension>
            <gpxtpx:hr>160</gpxtpx:hr>
            <gpxtpx:cad>83</gpxtpx:cad>
          </gpxtpx:TrackPointExtension>
        </extensions>
      </trkpt>
      <trkpt lat="29.7026349418" lon="106.513644671">
        <ele>201.6</ele>
        <time>2026-08-30T10:04:59+0800</time>
        <extensions>
          <gpxtpx:TrackPointExtension>
            <gpxtpx:hr>161</gpxtpx:hr>
            <gpxtpx:cad>83</gpxtpx:cad>
          </gpxtpx:TrackPointExtension>
        </extensions>
      </trkpt>
      <trkpt lat="29.702615412" lon="106.513645342">
        <ele>201.8</ele>
        <time>2026-08-30T10:05:00+0800</time>
        <extensions>
          <gpxtpx:TrackPointExtension>
            <gpxtpx:hr>160</gpxtpx:hr>
            <gpxtpx:cad>82</gpxtpx:cad>
          </gpxtpx:TrackPointExtension>
        </extensions>
      </trkpt>
      <trkpt lat="29.7025956307" lon="106.513638385">
        <ele>201.8</ele>
        <time>2026-08-30T10:05:01+0800</time>
        <extensions>
          <gpxtpx:TrackPointExtension>
            <gpxtpx:hr>161</gpxtpx:hr>
            <gpxtpx:cad>82</gpxtpx:cad>
          </gpxtpx:TrackPointExtension>
        </extensions>
      </trkpt>
      <trkpt lat="29.7025874164" lon="106.51363763">
        <ele>201.8</ele>
        <time>2026-08-30T10:05:02+0800</time>
        <extensions>
          <gpxtpx:TrackPointExtension>
            <gpxtpx:hr>161</gpxtpx:hr>
            <gpxtpx:cad>82</gpxtpx:cad>
          </gpxtpx:TrackPointExtension>
        </extensions>
      </trkpt>
      <trkpt lat="29.7025659587" lon="106.513629165">
        <ele>201.8</ele>
        <time>2026-08-30T10:05:03+0800</time>
        <extensions>
          <gpxtpx:TrackPointExtension>
            <gpxtpx:hr>161</gpxtpx:hr>
            <gpxtpx:cad>82</gpxtpx:cad>
          </gpxtpx:TrackPointExtension>
        </extensions>
      </trkpt>
      <trkpt lat="29.70255238" lon="106.513620699">
        <ele>201.8</ele>
        <time>2026-08-30T10:05:04+0800</time>
        <extensions>
          <gpxtpx:TrackPointExtension>
            <gpxtpx:hr>161</gpxtpx:hr>
            <gpxtpx:cad>82</gpxtpx:cad>
          </gpxtpx:TrackPointExtension>
        </extensions>
      </trkpt>
      <trkpt lat="29.7025361191" lon="106.513614915">
        <ele>201.6</ele>
        <time>2026-08-30T10:05:05+0800</time>
        <extensions>
          <gpxtpx:TrackPointExtension>
            <gpxtpx:hr>161</gpxtpx:hr>
            <gpxtpx:cad>82</gpxtpx:cad>
          </gpxtpx:TrackPointExtension>
        </extensions>
      </trkpt>
      <trkpt lat="29.702519523" lon="106.513602175">
        <ele>201.6</ele>
        <time>2026-08-30T10:05:06+0800</time>
        <extensions>
          <gpxtpx:TrackPointExtension>
            <gpxtpx:hr>161</gpxtpx:hr>
            <gpxtpx:cad>83</gpxtpx:cad>
          </gpxtpx:TrackPointExtension>
        </extensions>
      </trkpt>
      <trkpt lat="29.7025094647" lon="106.513599074">
        <ele>201.6</ele>
        <time>2026-08-30T10:05:07+0800</time>
        <extensions>
          <gpxtpx:TrackPointExtension>
            <gpxtpx:hr>161</gpxtpx:hr>
            <gpxtpx:cad>83</gpxtpx:cad>
          </gpxtpx:TrackPointExtension>
        </extensions>
      </trkpt>
      <trkpt lat="29.7024867497" lon="106.513589267">
        <ele>201.6</ele>
        <time>2026-08-30T10:05:08+0800</time>
        <extensions>
          <gpxtpx:TrackPointExtension>
            <gpxtpx:hr>161</gpxtpx:hr>
            <gpxtpx:cad>83</gpxtpx:cad>
          </gpxtpx:TrackPointExtension>
        </extensions>
      </trkpt>
      <trkpt lat="29.7024745122" lon="106.513580717">
        <ele>201.6</ele>
        <time>2026-08-30T10:05:09+0800</time>
        <extensions>
          <gpxtpx:TrackPointExtension>
            <gpxtpx:hr>161</gpxtpx:hr>
            <gpxtpx:cad>84</gpxtpx:cad>
          </gpxtpx:TrackPointExtension>
        </extensions>
      </trkpt>
      <trkpt lat="29.7024587542" lon="106.513577532">
        <ele>201.6</ele>
        <time>2026-08-30T10:05:10+0800</time>
        <extensions>
          <gpxtpx:TrackPointExtension>
            <gpxtpx:hr>161</gpxtpx:hr>
            <gpxtpx:cad>84</gpxtpx:cad>
          </gpxtpx:TrackPointExtension>
        </extensions>
      </trkpt>
      <trkpt lat="29.7024392243" lon="106.51356806">
        <ele>201.6</ele>
        <time>2026-08-30T10:05:11+0800</time>
        <extensions>
          <gpxtpx:TrackPointExtension>
            <gpxtpx:hr>161</gpxtpx:hr>
            <gpxtpx:cad>84</gpxtpx:cad>
          </gpxtpx:TrackPointExtension>
        </extensions>
      </trkpt>
      <trkpt lat="29.7024264" lon="106.513567558">
        <ele>201.6</ele>
        <time>2026-08-30T10:05:12+0800</time>
        <extensions>
          <gpxtpx:TrackPointExtension>
            <gpxtpx:hr>161</gpxtpx:hr>
            <gpxtpx:cad>84</gpxtpx:cad>
          </gpxtpx:TrackPointExtension>
        </extensions>
      </trkpt>
      <trkpt lat="29.7024020925" lon="106.513562528">
        <ele>201.6</ele>
        <time>2026-08-30T10:05:13+0800</time>
        <extensions>
          <gpxtpx:TrackPointExtension>
            <gpxtpx:hr>161</gpxtpx:hr>
            <gpxtpx:cad>83</gpxtpx:cad>
          </gpxtpx:TrackPointExtension>
        </extensions>
      </trkpt>
      <trkpt lat="29.7023888491" lon="106.513556074">
        <ele>201.6</ele>
        <time>2026-08-30T10:05:14+0800</time>
        <extensions>
          <gpxtpx:TrackPointExtension>
            <gpxtpx:hr>161</gpxtpx:hr>
            <gpxtpx:cad>84</gpxtpx:cad>
          </gpxtpx:TrackPointExtension>
        </extensions>
      </trkpt>
      <trkpt lat="29.7023705766" lon="106.513557415">
        <ele>201.6</ele>
        <time>2026-08-30T10:05:15+0800</time>
        <extensions>
          <gpxtpx:TrackPointExtension>
            <gpxtpx:hr>161</gpxtpx:hr>
            <gpxtpx:cad>84</gpxtpx:cad>
          </gpxtpx:TrackPointExtension>
        </extensions>
      </trkpt>
      <trkpt lat="29.7023476101" lon="106.513551464">
        <ele>201.8</ele>
        <time>2026-08-30T10:05:16+0800</time>
        <extensions>
          <gpxtpx:TrackPointExtension>
            <gpxtpx:hr>161</gpxtpx:hr>
            <gpxtpx:cad>84</gpxtpx:cad>
          </gpxtpx:TrackPointExtension>
        </extensions>
      </trkpt>
      <trkpt lat="29.7023362946" lon="106.513548279">
        <ele>201.8</ele>
        <time>2026-08-30T10:05:17+0800</time>
        <extensions>
          <gpxtpx:TrackPointExtension>
            <gpxtpx:hr>161</gpxtpx:hr>
            <gpxtpx:cad>84</gpxtpx:cad>
          </gpxtpx:TrackPointExtension>
        </extensions>
      </trkpt>
      <trkpt lat="29.7023233864" lon="106.513552135">
        <ele>201.8</ele>
        <time>2026-08-30T10:05:18+0800</time>
        <extensions>
          <gpxtpx:TrackPointExtension>
            <gpxtpx:hr>160</gpxtpx:hr>
            <gpxtpx:cad>84</gpxtpx:cad>
          </gpxtpx:TrackPointExtension>
        </extensions>
      </trkpt>
      <trkpt lat="29.7023322713" lon="106.513558421">
        <ele>201.8</ele>
        <time>2026-08-30T10:05:19+0800</time>
        <extensions>
          <gpxtpx:TrackPointExtension>
            <gpxtpx:hr>160</gpxtpx:hr>
            <gpxtpx:cad>83</gpxtpx:cad>
          </gpxtpx:TrackPointExtension>
        </extensions>
      </trkpt>
      <trkpt lat="29.7023368813" lon="106.513559343">
        <ele>201.8</ele>
        <time>2026-08-30T10:05:20+0800</time>
        <extensions>
          <gpxtpx:TrackPointExtension>
            <gpxtpx:hr>160</gpxtpx:hr>
            <gpxtpx:cad>83</gpxtpx:cad>
          </gpxtpx:TrackPointExtension>
        </extensions>
      </trkpt>
      <trkpt lat="29.7023553215" lon="106.513551716">
        <ele>201.8</ele>
        <time>2026-08-30T10:05:21+0800</time>
        <extensions>
          <gpxtpx:TrackPointExtension>
            <gpxtpx:hr>160</gpxtpx:hr>
            <gpxtpx:cad>82</gpxtpx:cad>
          </gpxtpx:TrackPointExtension>
        </extensions>
      </trkpt>
      <trkpt lat="29.7023700736" lon="106.513552051">
        <ele>201.8</ele>
        <time>2026-08-30T10:05:22+0800</time>
        <extensions>
          <gpxtpx:TrackPointExtension>
            <gpxtpx:hr>159</gpxtpx:hr>
            <gpxtpx:cad>81</gpxtpx:cad>
          </gpxtpx:TrackPointExtension>
        </extensions>
      </trkpt>
      <trkpt lat="29.702382898" lon="106.51354719">
        <ele>201.6</ele>
        <time>2026-08-30T10:05:23+0800</time>
        <extensions>
          <gpxtpx:TrackPointExtension>
            <gpxtpx:hr>160</gpxtpx:hr>
            <gpxtpx:cad>81</gpxtpx:cad>
          </gpxtpx:TrackPointExtension>
        </extensions>
      </trkpt>
      <trkpt lat="29.7023977339" lon="106.513546184">
        <ele>201.6</ele>
        <time>2026-08-30T10:05:24+0800</time>
        <extensions>
          <gpxtpx:TrackPointExtension>
            <gpxtpx:hr>159</gpxtpx:hr>
            <gpxtpx:cad>81</gpxtpx:cad>
          </gpxtpx:TrackPointExtension>
        </extensions>
      </trkpt>
      <trkpt lat="29.702409301" lon="106.513549536">
        <ele>201.6</ele>
        <time>2026-08-30T10:05:25+0800</time>
        <extensions>
          <gpxtpx:TrackPointExtension>
            <gpxtpx:hr>159</gpxtpx:hr>
            <gpxtpx:cad>81</gpxtpx:cad>
          </gpxtpx:TrackPointExtension>
        </extensions>
      </trkpt>
      <trkpt lat="29.7024234664" lon="106.513548363">
        <ele>201.6</ele>
        <time>2026-08-30T10:05:26+0800</time>
        <extensions>
          <gpxtpx:TrackPointExtension>
            <gpxtpx:hr>159</gpxtpx:hr>
            <gpxtpx:cad>81</gpxtpx:cad>
          </gpxtpx:TrackPointExtension>
        </extensions>
      </trkpt>
      <trkpt lat="29.7024379671" lon="106.513558421">
        <ele>201.8</ele>
        <time>2026-08-30T10:05:27+0800</time>
        <extensions>
          <gpxtpx:TrackPointExtension>
            <gpxtpx:hr>159</gpxtpx:hr>
            <gpxtpx:cad>82</gpxtpx:cad>
          </gpxtpx:TrackPointExtension>
        </extensions>
      </trkpt>
      <trkpt lat="29.7024476063" lon="106.51355817">
        <ele>201.8</ele>
        <time>2026-08-30T10:05:28+0800</time>
        <extensions>
          <gpxtpx:TrackPointExtension>
            <gpxtpx:hr>160</gpxtpx:hr>
            <gpxtpx:cad>82</gpxtpx:cad>
          </gpxtpx:TrackPointExtension>
        </extensions>
      </trkpt>
      <trkpt lat="29.7024622746" lon="106.513562696">
        <ele>201.6</ele>
        <time>2026-08-30T10:05:29+0800</time>
        <extensions>
          <gpxtpx:TrackPointExtension>
            <gpxtpx:hr>159</gpxtpx:hr>
            <gpxtpx:cad>82</gpxtpx:cad>
          </gpxtpx:TrackPointExtension>
        </extensions>
      </trkpt>
      <trkpt lat="29.7024757694" lon="106.513565881">
        <ele>201.6</ele>
        <time>2026-08-30T10:05:30+0800</time>
        <extensions>
          <gpxtpx:TrackPointExtension>
            <gpxtpx:hr>159</gpxtpx:hr>
            <gpxtpx:cad>82</gpxtpx:cad>
          </gpxtpx:TrackPointExtension>
        </extensions>
      </trkpt>
      <trkpt lat="29.7024871688" lon="106.513559176">
        <ele>201.6</ele>
        <time>2026-08-30T10:05:31+0800</time>
        <extensions>
          <gpxtpx:TrackPointExtension>
            <gpxtpx:hr>159</gpxtpx:hr>
            <gpxtpx:cad>82</gpxtpx:cad>
          </gpxtpx:TrackPointExtension>
        </extensions>
      </trkpt>
      <trkpt lat="29.7025051061" lon="106.51356848">
        <ele>201.6</ele>
        <time>2026-08-30T10:05:32+0800</time>
        <extensions>
          <gpxtpx:TrackPointExtension>
            <gpxtpx:hr>159</gpxtpx:hr>
            <gpxtpx:cad>82</gpxtpx:cad>
          </gpxtpx:TrackPointExtension>
        </extensions>
      </trkpt>
      <trkpt lat="29.7025110573" lon="106.513578622">
        <ele>201.4</ele>
        <time>2026-08-30T10:05:33+0800</time>
        <extensions>
          <gpxtpx:TrackPointExtension>
            <gpxtpx:hr>159</gpxtpx:hr>
            <gpxtpx:cad>83</gpxtpx:cad>
          </gpxtpx:TrackPointExtension>
        </extensions>
      </trkpt>
      <trkpt lat="29.702522289" lon="106.513583399">
        <ele>201.4</ele>
        <time>2026-08-30T10:05:34+0800</time>
        <extensions>
          <gpxtpx:TrackPointExtension>
            <gpxtpx:hr>159</gpxtpx:hr>
            <gpxtpx:cad>83</gpxtpx:cad>
          </gpxtpx:TrackPointExtension>
        </extensions>
      </trkpt>
      <trkpt lat="29.7025367059" lon="106.513595721">
        <ele>201.6</ele>
        <time>2026-08-30T10:05:35+0800</time>
        <extensions>
          <gpxtpx:TrackPointExtension>
            <gpxtpx:hr>159</gpxtpx:hr>
            <gpxtpx:cad>83</gpxtpx:cad>
          </gpxtpx:TrackPointExtension>
        </extensions>
      </trkpt>
      <trkpt lat="29.702543579" lon="106.513596978">
        <ele>201.6</ele>
        <time>2026-08-30T10:05:36+0800</time>
        <extensions>
          <gpxtpx:TrackPointExtension>
            <gpxtpx:hr>158</gpxtpx:hr>
            <gpxtpx:cad>83</gpxtpx:cad>
          </gpxtpx:TrackPointExtension>
        </extensions>
      </trkpt>
      <trkpt lat="29.7025599238" lon="106.513605695">
        <ele>201.8</ele>
        <time>2026-08-30T10:05:37+0800</time>
        <extensions>
          <gpxtpx:TrackPointExtension>
            <gpxtpx:hr>159</gpxtpx:hr>
            <gpxtpx:cad>82</gpxtpx:cad>
          </gpxtpx:TrackPointExtension>
        </extensions>
      </trkpt>
      <trkpt lat="29.7025719937" lon="106.513615837">
        <ele>201.8</ele>
        <time>2026-08-30T10:05:38+0800</time>
        <extensions>
          <gpxtpx:TrackPointExtension>
            <gpxtpx:hr>159</gpxtpx:hr>
            <gpxtpx:cad>82</gpxtpx:cad>
          </gpxtpx:TrackPointExtension>
        </extensions>
      </trkpt>
      <trkpt lat="29.7025792859" lon="106.513611814">
        <ele>201.8</ele>
        <time>2026-08-30T10:05:39+0800</time>
        <extensions>
          <gpxtpx:TrackPointExtension>
            <gpxtpx:hr>158</gpxtpx:hr>
            <gpxtpx:cad>82</gpxtpx:cad>
          </gpxtpx:TrackPointExtension>
        </extensions>
      </trkpt>
      <trkpt lat="29.7025975585" lon="106.513613658">
        <ele>201.8</ele>
        <time>2026-08-30T10:05:40+0800</time>
        <extensions>
          <gpxtpx:TrackPointExtension>
            <gpxtpx:hr>158</gpxtpx:hr>
            <gpxtpx:cad>82</gpxtpx:cad>
          </gpxtpx:TrackPointExtension>
        </extensions>
      </trkpt>
      <trkpt lat="29.7026060242" lon="106.513613909">
        <ele>201.8</ele>
        <time>2026-08-30T10:05:41+0800</time>
        <extensions>
          <gpxtpx:TrackPointExtension>
            <gpxtpx:hr>158</gpxtpx:hr>
            <gpxtpx:cad>82</gpxtpx:cad>
          </gpxtpx:TrackPointExtension>
        </extensions>
      </trkpt>
      <trkpt lat="29.7026186809" lon="106.513615251">
        <ele>201.6</ele>
        <time>2026-08-30T10:05:42+0800</time>
        <extensions>
          <gpxtpx:TrackPointExtension>
            <gpxtpx:hr>158</gpxtpx:hr>
            <gpxtpx:cad>82</gpxtpx:cad>
          </gpxtpx:TrackPointExtension>
        </extensions>
      </trkpt>
      <trkpt lat="29.702633433" lon="106.513626901">
        <ele>201.6</ele>
        <time>2026-08-30T10:05:43+0800</time>
        <extensions>
          <gpxtpx:TrackPointExtension>
            <gpxtpx:hr>158</gpxtpx:hr>
            <gpxtpx:cad>82</gpxtpx:cad>
          </gpxtpx:TrackPointExtension>
        </extensions>
      </trkpt>
      <trkpt lat="29.702642234" lon="106.513627404">
        <ele>201.8</ele>
        <time>2026-08-30T10:05:44+0800</time>
        <extensions>
          <gpxtpx:TrackPointExtension>
            <gpxtpx:hr>158</gpxtpx:hr>
            <gpxtpx:cad>82</gpxtpx:cad>
          </gpxtpx:TrackPointExtension>
        </extensions>
      </trkpt>
      <trkpt lat="29.70265246" lon="106.513626901">
        <ele>201.8</ele>
        <time>2026-08-30T10:05:45+0800</time>
        <extensions>
          <gpxtpx:TrackPointExtension>
            <gpxtpx:hr>158</gpxtpx:hr>
            <gpxtpx:cad>82</gpxtpx:cad>
          </gpxtpx:TrackPointExtension>
        </extensions>
      </trkpt>
      <trkpt lat="29.7026624344" lon="106.513613909">
        <ele>201.8</ele>
        <time>2026-08-30T10:05:46+0800</time>
        <extensions>
          <gpxtpx:TrackPointExtension>
            <gpxtpx:hr>158</gpxtpx:hr>
            <gpxtpx:cad>82</gpxtpx:cad>
          </gpxtpx:TrackPointExtension>
        </extensions>
      </trkpt>
      <trkpt lat="29.7026744206" lon="106.513619274">
        <ele>202.0</ele>
        <time>2026-08-30T10:05:47+0800</time>
        <extensions>
          <gpxtpx:TrackPointExtension>
            <gpxtpx:hr>157</gpxtpx:hr>
            <gpxtpx:cad>82</gpxtpx:cad>
          </gpxtpx:TrackPointExtension>
        </extensions>
      </trkpt>
      <trkpt lat="29.7026852332" lon="106.51361458">
        <ele>202.0</ele>
        <time>2026-08-30T10:05:48+0800</time>
        <extensions>
          <gpxtpx:TrackPointExtension>
            <gpxtpx:hr>158</gpxtpx:hr>
            <gpxtpx:cad>82</gpxtpx:cad>
          </gpxtpx:TrackPointExtension>
        </extensions>
      </trkpt>
      <trkpt lat="29.7027022485" lon="106.513618184">
        <ele>202.0</ele>
        <time>2026-08-30T10:05:49+0800</time>
        <extensions>
          <gpxtpx:TrackPointExtension>
            <gpxtpx:hr>157</gpxtpx:hr>
            <gpxtpx:cad>82</gpxtpx:cad>
          </gpxtpx:TrackPointExtension>
        </extensions>
      </trkpt>
      <trkpt lat="29.7027087025" lon="106.513616843">
        <ele>202.0</ele>
        <time>2026-08-30T10:05:50+0800</time>
        <extensions>
          <gpxtpx:TrackPointExtension>
            <gpxtpx:hr>157</gpxtpx:hr>
            <gpxtpx:cad>82</gpxtpx:cad>
          </gpxtpx:TrackPointExtension>
        </extensions>
      </trkpt>
      <trkpt lat="29.7027220298" lon="106.513611898">
        <ele>201.8</ele>
        <time>2026-08-30T10:05:51+0800</time>
        <extensions>
          <gpxtpx:TrackPointExtension>
            <gpxtpx:hr>157</gpxtpx:hr>
            <gpxtpx:cad>81</gpxtpx:cad>
          </gpxtpx:TrackPointExtension>
        </extensions>
      </trkpt>
      <trkpt lat="29.7027350217" lon="106.513615586">
        <ele>201.8</ele>
        <time>2026-08-30T10:05:52+0800</time>
        <extensions>
          <gpxtpx:TrackPointExtension>
            <gpxtpx:hr>157</gpxtpx:hr>
            <gpxtpx:cad>81</gpxtpx:cad>
          </gpxtpx:TrackPointExtension>
        </extensions>
      </trkpt>
      <trkpt lat="29.7027424816" lon="106.513610724">
        <ele>201.8</ele>
        <time>2026-08-30T10:05:53+0800</time>
        <extensions>
          <gpxtpx:TrackPointExtension>
            <gpxtpx:hr>157</gpxtpx:hr>
            <gpxtpx:cad>81</gpxtpx:cad>
          </gpxtpx:TrackPointExtension>
        </extensions>
      </trkpt>
      <trkpt lat="29.7027602512" lon="106.513606114">
        <ele>201.8</ele>
        <time>2026-08-30T10:05:54+0800</time>
        <extensions>
          <gpxtpx:TrackPointExtension>
            <gpxtpx:hr>157</gpxtpx:hr>
            <gpxtpx:cad>81</gpxtpx:cad>
          </gpxtpx:TrackPointExtension>
        </extensions>
      </trkpt>
      <trkpt lat="29.7027702257" lon="106.513608377">
        <ele>201.8</ele>
        <time>2026-08-30T10:05:55+0800</time>
        <extensions>
          <gpxtpx:TrackPointExtension>
            <gpxtpx:hr>157</gpxtpx:hr>
            <gpxtpx:cad>81</gpxtpx:cad>
          </gpxtpx:TrackPointExtension>
        </extensions>
      </trkpt>
      <trkpt lat="29.7027790267" lon="106.513607036">
        <ele>201.8</ele>
        <time>2026-08-30T10:05:56+0800</time>
        <extensions>
          <gpxtpx:TrackPointExtension>
            <gpxtpx:hr>157</gpxtpx:hr>
            <gpxtpx:cad>81</gpxtpx:cad>
          </gpxtpx:TrackPointExtension>
        </extensions>
      </trkpt>
      <trkpt lat="29.7027952038" lon="106.513605779">
        <ele>201.8</ele>
        <time>2026-08-30T10:05:57+0800</time>
        <extensions>
          <gpxtpx:TrackPointExtension>
            <gpxtpx:hr>157</gpxtpx:hr>
            <gpxtpx:cad>82</gpxtpx:cad>
          </gpxtpx:TrackPointExtension>
        </extensions>
      </trkpt>
      <trkpt lat="29.7028081119" lon="106.513605611">
        <ele>201.8</ele>
        <time>2026-08-30T10:05:58+0800</time>
        <extensions>
          <gpxtpx:TrackPointExtension>
            <gpxtpx:hr>157</gpxtpx:hr>
            <gpxtpx:cad>82</gpxtpx:cad>
          </gpxtpx:TrackPointExtension>
        </extensions>
      </trkpt>
      <trkpt lat="29.7028211039" lon="106.51360142">
        <ele>202.0</ele>
        <time>2026-08-30T10:05:59+0800</time>
        <extensions>
          <gpxtpx:TrackPointExtension>
            <gpxtpx:hr>157</gpxtpx:hr>
            <gpxtpx:cad>82</gpxtpx:cad>
          </gpxtpx:TrackPointExtension>
        </extensions>
      </trkpt>
      <trkpt lat="29.7028374486" lon="106.513601923">
        <ele>202.0</ele>
        <time>2026-08-30T10:06:00+0800</time>
        <extensions>
          <gpxtpx:TrackPointExtension>
            <gpxtpx:hr>156</gpxtpx:hr>
            <gpxtpx:cad>82</gpxtpx:cad>
          </gpxtpx:TrackPointExtension>
        </extensions>
      </trkpt>
      <trkpt lat="29.7028439865" lon="106.513596894">
        <ele>202.0</ele>
        <time>2026-08-30T10:06:01+0800</time>
        <extensions>
          <gpxtpx:TrackPointExtension>
            <gpxtpx:hr>156</gpxtpx:hr>
            <gpxtpx:cad>81</gpxtpx:cad>
          </gpxtpx:TrackPointExtension>
        </extensions>
      </trkpt>
      <trkpt lat="29.7028630972" lon="106.513590775">
        <ele>202.0</ele>
        <time>2026-08-30T10:06:02+0800</time>
        <extensions>
          <gpxtpx:TrackPointExtension>
            <gpxtpx:hr>156</gpxtpx:hr>
            <gpxtpx:cad>81</gpxtpx:cad>
          </gpxtpx:TrackPointExtension>
        </extensions>
      </trkpt>
      <trkpt lat="29.7028778493" lon="106.513593709">
        <ele>202.0</ele>
        <time>2026-08-30T10:06:03+0800</time>
        <extensions>
          <gpxtpx:TrackPointExtension>
            <gpxtpx:hr>156</gpxtpx:hr>
            <gpxtpx:cad>82</gpxtpx:cad>
          </gpxtpx:TrackPointExtension>
        </extensions>
      </trkpt>
      <trkpt lat="29.702891428" lon="106.513589602">
        <ele>202.0</ele>
        <time>2026-08-30T10:06:04+0800</time>
        <extensions>
          <gpxtpx:TrackPointExtension>
            <gpxtpx:hr>155</gpxtpx:hr>
            <gpxtpx:cad>82</gpxtpx:cad>
          </gpxtpx:TrackPointExtension>
        </extensions>
      </trkpt>
      <trkpt lat="29.702913221" lon="106.51358298">
        <ele>202.0</ele>
        <time>2026-08-30T10:06:05+0800</time>
        <extensions>
          <gpxtpx:TrackPointExtension>
            <gpxtpx:hr>155</gpxtpx:hr>
            <gpxtpx:cad>82</gpxtpx:cad>
          </gpxtpx:TrackPointExtension>
        </extensions>
      </trkpt>
      <trkpt lat="29.7029269673" lon="106.513582813">
        <ele>202.0</ele>
        <time>2026-08-30T10:06:06+0800</time>
        <extensions>
          <gpxtpx:TrackPointExtension>
            <gpxtpx:hr>155</gpxtpx:hr>
            <gpxtpx:cad>82</gpxtpx:cad>
          </gpxtpx:TrackPointExtension>
        </extensions>
      </trkpt>
      <trkpt lat="29.7029403783" lon="106.513575437">
        <ele>202.0</ele>
        <time>2026-08-30T10:06:07+0800</time>
        <extensions>
          <gpxtpx:TrackPointExtension>
            <gpxtpx:hr>155</gpxtpx:hr>
            <gpxtpx:cad>82</gpxtpx:cad>
          </gpxtpx:TrackPointExtension>
        </extensions>
      </trkpt>
      <trkpt lat="29.7029568907" lon="106.513575604">
        <ele>202.0</ele>
        <time>2026-08-30T10:06:08+0800</time>
        <extensions>
          <gpxtpx:TrackPointExtension>
            <gpxtpx:hr>155</gpxtpx:hr>
            <gpxtpx:cad>82</gpxtpx:cad>
          </gpxtpx:TrackPointExtension>
        </extensions>
      </trkpt>
      <trkpt lat="29.7029664461" lon="106.513572754">
        <ele>202.0</ele>
        <time>2026-08-30T10:06:09+0800</time>
        <extensions>
          <gpxtpx:TrackPointExtension>
            <gpxtpx:hr>155</gpxtpx:hr>
            <gpxtpx:cad>82</gpxtpx:cad>
          </gpxtpx:TrackPointExtension>
        </extensions>
      </trkpt>
      <trkpt lat="29.7029853053" lon="106.513566552">
        <ele>202.0</ele>
        <time>2026-08-30T10:06:10+0800</time>
        <extensions>
          <gpxtpx:TrackPointExtension>
            <gpxtpx:hr>155</gpxtpx:hr>
            <gpxtpx:cad>82</gpxtpx:cad>
          </gpxtpx:TrackPointExtension>
        </extensions>
      </trkpt>
      <trkpt lat="29.7030010633" lon="106.513567977">
        <ele>202.2</ele>
        <time>2026-08-30T10:06:11+0800</time>
        <extensions>
          <gpxtpx:TrackPointExtension>
            <gpxtpx:hr>155</gpxtpx:hr>
            <gpxtpx:cad>82</gpxtpx:cad>
          </gpxtpx:TrackPointExtension>
        </extensions>
      </trkpt>
      <trkpt lat="29.7030122951" lon="106.513562193">
        <ele>202.2</ele>
        <time>2026-08-30T10:06:12+0800</time>
        <extensions>
          <gpxtpx:TrackPointExtension>
            <gpxtpx:hr>155</gpxtpx:hr>
            <gpxtpx:cad>81</gpxtpx:cad>
          </gpxtpx:TrackPointExtension>
        </extensions>
      </trkpt>
      <trkpt lat="29.7030352615" lon="106.513557751">
        <ele>202.2</ele>
        <time>2026-08-30T10:06:13+0800</time>
        <extensions>
          <gpxtpx:TrackPointExtension>
            <gpxtpx:hr>155</gpxtpx:hr>
            <gpxtpx:cad>81</gpxtpx:cad>
          </gpxtpx:TrackPointExtension>
        </extensions>
      </trkpt>
      <trkpt lat="29.7030463256" lon="106.513557164">
        <ele>202.2</ele>
        <time>2026-08-30T10:06:14+0800</time>
        <extensions>
          <gpxtpx:TrackPointExtension>
            <gpxtpx:hr>154</gpxtpx:hr>
            <gpxtpx:cad>82</gpxtpx:cad>
          </gpxtpx:TrackPointExtension>
        </extensions>
      </trkpt>
      <trkpt lat="29.7030612454" lon="106.513550375">
        <ele>202.2</ele>
        <time>2026-08-30T10:06:15+0800</time>
        <extensions>
          <gpxtpx:TrackPointExtension>
            <gpxtpx:hr>155</gpxtpx:hr>
            <gpxtpx:cad>82</gpxtpx:cad>
          </gpxtpx:TrackPointExtension>
        </extensions>
      </trkpt>
      <trkpt lat="29.703076249" lon="106.513546268">
        <ele>202.2</ele>
        <time>2026-08-30T10:06:16+0800</time>
        <extensions>
          <gpxtpx:TrackPointExtension>
            <gpxtpx:hr>155</gpxtpx:hr>
            <gpxtpx:cad>83</gpxtpx:cad>
          </gpxtpx:TrackPointExtension>
        </extensions>
      </trkpt>
      <trkpt lat="29.703084128" lon="106.513540316">
        <ele>202.2</ele>
        <time>2026-08-30T10:06:17+0800</time>
        <extensions>
          <gpxtpx:TrackPointExtension>
            <gpxtpx:hr>154</gpxtpx:hr>
            <gpxtpx:cad>83</gpxtpx:cad>
          </gpxtpx:TrackPointExtension>
        </extensions>
      </trkpt>
      <trkpt lat="29.7031047475" lon="106.513532018">
        <ele>202.2</ele>
        <time>2026-08-30T10:06:18+0800</time>
        <extensions>
          <gpxtpx:TrackPointExtension>
            <gpxtpx:hr>155</gpxtpx:hr>
            <gpxtpx:cad>83</gpxtpx:cad>
          </gpxtpx:TrackPointExtension>
        </extensions>
      </trkpt>
      <trkpt lat="29.7031204216" lon="106.513530677">
        <ele>202.2</ele>
        <time>2026-08-30T10:06:19+0800</time>
        <extensions>
          <gpxtpx:TrackPointExtension>
            <gpxtpx:hr>155</gpxtpx:hr>
            <gpxtpx:cad>83</gpxtpx:cad>
          </gpxtpx:TrackPointExtension>
        </extensions>
      </trkpt>
      <trkpt lat="29.7031311505" lon="106.513524726">
        <ele>202.2</ele>
        <time>2026-08-30T10:06:20+0800</time>
        <extensions>
          <gpxtpx:TrackPointExtension>
            <gpxtpx:hr>155</gpxtpx:hr>
            <gpxtpx:cad>83</gpxtpx:cad>
          </gpxtpx:TrackPointExtension>
        </extensions>
      </trkpt>
      <trkpt lat="29.7031509317" lon="106.513517434">
        <ele>202.2</ele>
        <time>2026-08-30T10:06:21+0800</time>
        <extensions>
          <gpxtpx:TrackPointExtension>
            <gpxtpx:hr>155</gpxtpx:hr>
            <gpxtpx:cad>83</gpxtpx:cad>
          </gpxtpx:TrackPointExtension>
        </extensions>
      </trkpt>
      <trkpt lat="29.7031639237" lon="106.513513243">
        <ele>202.2</ele>
        <time>2026-08-30T10:06:22+0800</time>
        <extensions>
          <gpxtpx:TrackPointExtension>
            <gpxtpx:hr>155</gpxtpx:hr>
            <gpxtpx:cad>82</gpxtpx:cad>
          </gpxtpx:TrackPointExtension>
        </extensions>
      </trkpt>
      <trkpt lat="29.7031802684" lon="106.513506118">
        <ele>202.2</ele>
        <time>2026-08-30T10:06:23+0800</time>
        <extensions>
          <gpxtpx:TrackPointExtension>
            <gpxtpx:hr>155</gpxtpx:hr>
            <gpxtpx:cad>82</gpxtpx:cad>
          </gpxtpx:TrackPointExtension>
        </extensions>
      </trkpt>
      <trkpt lat="29.7031953558" lon="106.51350419">
        <ele>202.2</ele>
        <time>2026-08-30T10:06:24+0800</time>
        <extensions>
          <gpxtpx:TrackPointExtension>
            <gpxtpx:hr>155</gpxtpx:hr>
            <gpxtpx:cad>82</gpxtpx:cad>
          </gpxtpx:TrackPointExtension>
        </extensions>
      </trkpt>
      <trkpt lat="29.703203151" lon="106.513499748">
        <ele>202.2</ele>
        <time>2026-08-30T10:06:25+0800</time>
        <extensions>
          <gpxtpx:TrackPointExtension>
            <gpxtpx:hr>155</gpxtpx:hr>
            <gpxtpx:cad>82</gpxtpx:cad>
          </gpxtpx:TrackPointExtension>
        </extensions>
      </trkpt>
      <trkpt lat="29.7032237705" lon="106.513490444">
        <ele>202.2</ele>
        <time>2026-08-30T10:06:26+0800</time>
        <extensions>
          <gpxtpx:TrackPointExtension>
            <gpxtpx:hr>155</gpxtpx:hr>
            <gpxtpx:cad>82</gpxtpx:cad>
          </gpxtpx:TrackPointExtension>
        </extensions>
      </trkpt>
      <trkpt lat="29.7032371815" lon="106.513489773">
        <ele>202.2</ele>
        <time>2026-08-30T10:06:27+0800</time>
        <extensions>
          <gpxtpx:TrackPointExtension>
            <gpxtpx:hr>155</gpxtpx:hr>
            <gpxtpx:cad>82</gpxtpx:cad>
          </gpxtpx:TrackPointExtension>
        </extensions>
      </trkpt>
      <trkpt lat="29.7032451443" lon="106.513483822">
        <ele>202.2</ele>
        <time>2026-08-30T10:06:28+0800</time>
        <extensions>
          <gpxtpx:TrackPointExtension>
            <gpxtpx:hr>156</gpxtpx:hr>
            <gpxtpx:cad>82</gpxtpx:cad>
          </gpxtpx:TrackPointExtension>
        </extensions>
      </trkpt>
      <trkpt lat="29.7032636683" lon="106.51347368">
        <ele>202.2</ele>
        <time>2026-08-30T10:06:29+0800</time>
        <extensions>
          <gpxtpx:TrackPointExtension>
            <gpxtpx:hr>157</gpxtpx:hr>
            <gpxtpx:cad>82</gpxtpx:cad>
          </gpxtpx:TrackPointExtension>
        </extensions>
      </trkpt>
      <trkpt lat="29.7032762412" lon="106.513468232">
        <ele>202.2</ele>
        <time>2026-08-30T10:06:30+0800</time>
        <extensions>
          <gpxtpx:TrackPointExtension>
            <gpxtpx:hr>159</gpxtpx:hr>
            <gpxtpx:cad>82</gpxtpx:cad>
          </gpxtpx:TrackPointExtension>
        </extensions>
      </trkpt>
      <trkpt lat="29.7032892331" lon="106.513460604">
        <ele>202.2</ele>
        <time>2026-08-30T10:06:31+0800</time>
        <extensions>
          <gpxtpx:TrackPointExtension>
            <gpxtpx:hr>160</gpxtpx:hr>
            <gpxtpx:cad>82</gpxtpx:cad>
          </gpxtpx:TrackPointExtension>
        </extensions>
      </trkpt>
      <trkpt lat="29.7033051588" lon="106.51345415">
        <ele>202.4</ele>
        <time>2026-08-30T10:06:32+0800</time>
        <extensions>
          <gpxtpx:TrackPointExtension>
            <gpxtpx:hr>160</gpxtpx:hr>
            <gpxtpx:cad>81</gpxtpx:cad>
          </gpxtpx:TrackPointExtension>
        </extensions>
      </trkpt>
      <trkpt lat="29.7033161391" lon="106.513449457">
        <ele>202.4</ele>
        <time>2026-08-30T10:06:33+0800</time>
        <extensions>
          <gpxtpx:TrackPointExtension>
            <gpxtpx:hr>160</gpxtpx:hr>
            <gpxtpx:cad>81</gpxtpx:cad>
          </gpxtpx:TrackPointExtension>
        </extensions>
      </trkpt>
      <trkpt lat="29.7033314779" lon="106.513443422">
        <ele>202.4</ele>
        <time>2026-08-30T10:06:34+0800</time>
        <extensions>
          <gpxtpx:TrackPointExtension>
            <gpxtpx:hr>161</gpxtpx:hr>
            <gpxtpx:cad>81</gpxtpx:cad>
          </gpxtpx:TrackPointExtension>
        </extensions>
      </trkpt>
      <trkpt lat="29.7033470683" lon="106.513441578">
        <ele>202.4</ele>
        <time>2026-08-30T10:06:35+0800</time>
        <extensions>
          <gpxtpx:TrackPointExtension>
            <gpxtpx:hr>160</gpxtpx:hr>
            <gpxtpx:cad>81</gpxtpx:cad>
          </gpxtpx:TrackPointExtension>
        </extensions>
      </trkpt>
      <trkpt lat="29.7033574618" lon="106.513436465">
        <ele>202.4</ele>
        <time>2026-08-30T10:06:36+0800</time>
        <extensions>
          <gpxtpx:TrackPointExtension>
            <gpxtpx:hr>160</gpxtpx:hr>
            <gpxtpx:cad>81</gpxtpx:cad>
          </gpxtpx:TrackPointExtension>
        </extensions>
      </trkpt>
      <trkpt lat="29.703375902" lon="106.513427496">
        <ele>202.4</ele>
        <time>2026-08-30T10:06:37+0800</time>
        <extensions>
          <gpxtpx:TrackPointExtension>
            <gpxtpx:hr>160</gpxtpx:hr>
            <gpxtpx:cad>81</gpxtpx:cad>
          </gpxtpx:TrackPointExtension>
        </extensions>
      </trkpt>
      <trkpt lat="29.7033899836" lon="106.513426742">
        <ele>202.4</ele>
        <time>2026-08-30T10:06:38+0800</time>
        <extensions>
          <gpxtpx:TrackPointExtension>
            <gpxtpx:hr>160</gpxtpx:hr>
            <gpxtpx:cad>81</gpxtpx:cad>
          </gpxtpx:TrackPointExtension>
        </extensions>
      </trkpt>
      <trkpt lat="29.7033973597" lon="106.513421796">
        <ele>202.4</ele>
        <time>2026-08-30T10:06:39+0800</time>
        <extensions>
          <gpxtpx:TrackPointExtension>
            <gpxtpx:hr>160</gpxtpx:hr>
            <gpxtpx:cad>81</gpxtpx:cad>
          </gpxtpx:TrackPointExtension>
        </extensions>
      </trkpt>
      <trkpt lat="29.7034151293" lon="106.513415091">
        <ele>202.4</ele>
        <time>2026-08-30T10:06:40+0800</time>
        <extensions>
          <gpxtpx:TrackPointExtension>
            <gpxtpx:hr>159</gpxtpx:hr>
            <gpxtpx:cad>81</gpxtpx:cad>
          </gpxtpx:TrackPointExtension>
        </extensions>
      </trkpt>
      <trkpt lat="29.7034265287" lon="106.513415091">
        <ele>202.4</ele>
        <time>2026-08-30T10:06:41+0800</time>
        <extensions>
          <gpxtpx:TrackPointExtension>
            <gpxtpx:hr>159</gpxtpx:hr>
            <gpxtpx:cad>81</gpxtpx:cad>
          </gpxtpx:TrackPointExtension>
        </extensions>
      </trkpt>
      <trkpt lat="29.7034404427" lon="106.513411403">
        <ele>202.6</ele>
        <time>2026-08-30T10:06:42+0800</time>
        <extensions>
          <gpxtpx:TrackPointExtension>
            <gpxtpx:hr>158</gpxtpx:hr>
            <gpxtpx:cad>81</gpxtpx:cad>
          </gpxtpx:TrackPointExtension>
        </extensions>
      </trkpt>
      <trkpt lat="29.7034598887" lon="106.513411738">
        <ele>202.6</ele>
        <time>2026-08-30T10:06:43+0800</time>
        <extensions>
          <gpxtpx:TrackPointExtension>
            <gpxtpx:hr>158</gpxtpx:hr>
            <gpxtpx:cad>81</gpxtpx:cad>
          </gpxtpx:TrackPointExtension>
        </extensions>
      </trkpt>
      <trkpt lat="29.703471791" lon="106.513409726">
        <ele>202.6</ele>
        <time>2026-08-30T10:06:44+0800</time>
        <extensions>
          <gpxtpx:TrackPointExtension>
            <gpxtpx:hr>158</gpxtpx:hr>
            <gpxtpx:cad>81</gpxtpx:cad>
          </gpxtpx:TrackPointExtension>
        </extensions>
      </trkpt>
      <trkpt lat="29.7034919076" lon="106.513405954">
        <ele>202.6</ele>
        <time>2026-08-30T10:06:45+0800</time>
        <extensions>
          <gpxtpx:TrackPointExtension>
            <gpxtpx:hr>158</gpxtpx:hr>
            <gpxtpx:cad>82</gpxtpx:cad>
          </gpxtpx:TrackPointExtension>
        </extensions>
      </trkpt>
      <trkpt lat="29.7035080008" lon="106.51340914">
        <ele>202.6</ele>
        <time>2026-08-30T10:06:46+0800</time>
        <extensions>
          <gpxtpx:TrackPointExtension>
            <gpxtpx:hr>158</gpxtpx:hr>
            <gpxtpx:cad>83</gpxtpx:cad>
          </gpxtpx:TrackPointExtension>
        </extensions>
      </trkpt>
      <trkpt lat="29.7035193164" lon="106.513405787">
        <ele>202.4</ele>
        <time>2026-08-30T10:06:47+0800</time>
        <extensions>
          <gpxtpx:TrackPointExtension>
            <gpxtpx:hr>158</gpxtpx:hr>
            <gpxtpx:cad>83</gpxtpx:cad>
          </gpxtpx:TrackPointExtension>
        </extensions>
      </trkpt>
      <trkpt lat="29.7035392653" lon="106.513402183">
        <ele>202.4</ele>
        <time>2026-08-30T10:06:48+0800</time>
        <extensions>
          <gpxtpx:TrackPointExtension>
            <gpxtpx:hr>158</gpxtpx:hr>
            <gpxtpx:cad>82</gpxtpx:cad>
          </gpxtpx:TrackPointExtension>
        </extensions>
      </trkpt>
      <trkpt lat="29.7035531793" lon="106.513406122">
        <ele>202.6</ele>
        <time>2026-08-30T10:06:49+0800</time>
        <extensions>
          <gpxtpx:TrackPointExtension>
            <gpxtpx:hr>157</gpxtpx:hr>
            <gpxtpx:cad>82</gpxtpx:cad>
          </gpxtpx:TrackPointExtension>
        </extensions>
      </trkpt>
      <trkpt lat="29.7035706136" lon="106.513403691">
        <ele>202.6</ele>
        <time>2026-08-30T10:06:50+0800</time>
        <extensions>
          <gpxtpx:TrackPointExtension>
            <gpxtpx:hr>157</gpxtpx:hr>
            <gpxtpx:cad>82</gpxtpx:cad>
          </gpxtpx:TrackPointExtension>
        </extensions>
      </trkpt>
      <trkpt lat="29.7035895567" lon="106.513405871">
        <ele>202.6</ele>
        <time>2026-08-30T10:06:51+0800</time>
        <extensions>
          <gpxtpx:TrackPointExtension>
            <gpxtpx:hr>157</gpxtpx:hr>
            <gpxtpx:cad>82</gpxtpx:cad>
          </gpxtpx:TrackPointExtension>
        </extensions>
      </trkpt>
      <trkpt lat="29.7035996988" lon="106.513404865">
        <ele>202.6</ele>
        <time>2026-08-30T10:06:52+0800</time>
        <extensions>
          <gpxtpx:TrackPointExtension>
            <gpxtpx:hr>157</gpxtpx:hr>
            <gpxtpx:cad>82</gpxtpx:cad>
          </gpxtpx:TrackPointExtension>
        </extensions>
      </trkpt>
      <trkpt lat="29.7036224138" lon="106.513404027">
        <ele>202.8</ele>
        <time>2026-08-30T10:06:53+0800</time>
        <extensions>
          <gpxtpx:TrackPointExtension>
            <gpxtpx:hr>156</gpxtpx:hr>
            <gpxtpx:cad>82</gpxtpx:cad>
          </gpxtpx:TrackPointExtension>
        </extensions>
      </trkpt>
      <trkpt lat="29.7036384232" lon="106.513410816">
        <ele>202.8</ele>
        <time>2026-08-30T10:06:54+0800</time>
        <extensions>
          <gpxtpx:TrackPointExtension>
            <gpxtpx:hr>156</gpxtpx:hr>
            <gpxtpx:cad>82</gpxtpx:cad>
          </gpxtpx:TrackPointExtension>
        </extensions>
      </trkpt>
      <trkpt lat="29.7036515828" lon="106.51340914">
        <ele>202.8</ele>
        <time>2026-08-30T10:06:55+0800</time>
        <extensions>
          <gpxtpx:TrackPointExtension>
            <gpxtpx:hr>155</gpxtpx:hr>
            <gpxtpx:cad>82</gpxtpx:cad>
          </gpxtpx:TrackPointExtension>
        </extensions>
      </trkpt>
      <trkpt lat="29.7036741301" lon="106.513412241">
        <ele>202.6</ele>
        <time>2026-08-30T10:06:56+0800</time>
        <extensions>
          <gpxtpx:TrackPointExtension>
            <gpxtpx:hr>155</gpxtpx:hr>
            <gpxtpx:cad>82</gpxtpx:cad>
          </gpxtpx:TrackPointExtension>
        </extensions>
      </trkpt>
      <trkpt lat="29.703686703" lon="106.51341618">
        <ele>202.6</ele>
        <time>2026-08-30T10:06:57+0800</time>
        <extensions>
          <gpxtpx:TrackPointExtension>
            <gpxtpx:hr>155</gpxtpx:hr>
            <gpxtpx:cad>82</gpxtpx:cad>
          </gpxtpx:TrackPointExtension>
        </extensions>
      </trkpt>
      <trkpt lat="29.7037018742" lon="106.513414504">
        <ele>202.6</ele>
        <time>2026-08-30T10:06:58+0800</time>
        <extensions>
          <gpxtpx:TrackPointExtension>
            <gpxtpx:hr>155</gpxtpx:hr>
            <gpxtpx:cad>82</gpxtpx:cad>
          </gpxtpx:TrackPointExtension>
        </extensions>
      </trkpt>
      <trkpt lat="29.7037210688" lon="106.513421461">
        <ele>202.4</ele>
        <time>2026-08-30T10:06:59+0800</time>
        <extensions>
          <gpxtpx:TrackPointExtension>
            <gpxtpx:hr>155</gpxtpx:hr>
            <gpxtpx:cad>83</gpxtpx:cad>
          </gpxtpx:TrackPointExtension>
        </extensions>
      </trkpt>
      <trkpt lat="29.7037297022" lon="106.513425317">
        <ele>202.4</ele>
        <time>2026-08-30T10:07:00+0800</time>
        <extensions>
          <gpxtpx:TrackPointExtension>
            <gpxtpx:hr>155</gpxtpx:hr>
            <gpxtpx:cad>83</gpxtpx:cad>
          </gpxtpx:TrackPointExtension>
        </extensions>
      </trkpt>
      <trkpt lat="29.7037483938" lon="106.513427328">
        <ele>202.4</ele>
        <time>2026-08-30T10:07:01+0800</time>
        <extensions>
          <gpxtpx:TrackPointExtension>
            <gpxtpx:hr>155</gpxtpx:hr>
            <gpxtpx:cad>82</gpxtpx:cad>
          </gpxtpx:TrackPointExtension>
        </extensions>
      </trkpt>
      <trkpt lat="29.7037633136" lon="106.513436968">
        <ele>202.2</ele>
        <time>2026-08-30T10:07:02+0800</time>
        <extensions>
          <gpxtpx:TrackPointExtension>
            <gpxtpx:hr>155</gpxtpx:hr>
            <gpxtpx:cad>81</gpxtpx:cad>
          </gpxtpx:TrackPointExtension>
        </extensions>
      </trkpt>
      <trkpt lat="29.703774713" lon="106.5134368">
        <ele>202.2</ele>
        <time>2026-08-30T10:07:03+0800</time>
        <extensions>
          <gpxtpx:TrackPointExtension>
            <gpxtpx:hr>154</gpxtpx:hr>
            <gpxtpx:cad>81</gpxtpx:cad>
          </gpxtpx:TrackPointExtension>
        </extensions>
      </trkpt>
      <trkpt lat="29.7037947457" lon="106.513444092">
        <ele>202.2</ele>
        <time>2026-08-30T10:07:04+0800</time>
        <extensions>
          <gpxtpx:TrackPointExtension>
            <gpxtpx:hr>154</gpxtpx:hr>
            <gpxtpx:cad>81</gpxtpx:cad>
          </gpxtpx:TrackPointExtension>
        </extensions>
      </trkpt>
      <trkpt lat="29.7038085759" lon="106.513457084">
        <ele>202.0</ele>
        <time>2026-08-30T10:07:05+0800</time>
        <extensions>
          <gpxtpx:TrackPointExtension>
            <gpxtpx:hr>154</gpxtpx:hr>
            <gpxtpx:cad>81</gpxtpx:cad>
          </gpxtpx:TrackPointExtension>
        </extensions>
      </trkpt>
      <trkpt lat="29.7038176283" lon="106.513461694">
        <ele>202.0</ele>
        <time>2026-08-30T10:07:06+0800</time>
        <extensions>
          <gpxtpx:TrackPointExtension>
            <gpxtpx:hr>154</gpxtpx:hr>
            <gpxtpx:cad>81</gpxtpx:cad>
          </gpxtpx:TrackPointExtension>
        </extensions>
      </trkpt>
      <trkpt lat="29.7038347274" lon="106.513473848">
        <ele>201.8</ele>
        <time>2026-08-30T10:07:07+0800</time>
        <extensions>
          <gpxtpx:TrackPointExtension>
            <gpxtpx:hr>155</gpxtpx:hr>
            <gpxtpx:cad>81</gpxtpx:cad>
          </gpxtpx:TrackPointExtension>
        </extensions>
      </trkpt>
      <trkpt lat="29.7038449533" lon="106.51348399">
        <ele>201.6</ele>
        <time>2026-08-30T10:07:08+0800</time>
        <extensions>
          <gpxtpx:TrackPointExtension>
            <gpxtpx:hr>154</gpxtpx:hr>
            <gpxtpx:cad>81</gpxtpx:cad>
          </gpxtpx:TrackPointExtension>
        </extensions>
      </trkpt>
      <trkpt lat="29.7038592864" lon="106.513495892">
        <ele>201.6</ele>
        <time>2026-08-30T10:07:09+0800</time>
        <extensions>
          <gpxtpx:TrackPointExtension>
            <gpxtpx:hr>154</gpxtpx:hr>
            <gpxtpx:cad>81</gpxtpx:cad>
          </gpxtpx:TrackPointExtension>
        </extensions>
      </trkpt>
      <trkpt lat="29.7038701829" lon="106.5135145">
        <ele>201.6</ele>
        <time>2026-08-30T10:07:10+0800</time>
        <extensions>
          <gpxtpx:TrackPointExtension>
            <gpxtpx:hr>155</gpxtpx:hr>
            <gpxtpx:cad>81</gpxtpx:cad>
          </gpxtpx:TrackPointExtension>
        </extensions>
      </trkpt>
      <trkpt lat="29.7038791515" lon="106.513523804">
        <ele>201.6</ele>
        <time>2026-08-30T10:07:11+0800</time>
        <extensions>
          <gpxtpx:TrackPointExtension>
            <gpxtpx:hr>155</gpxtpx:hr>
            <gpxtpx:cad>81</gpxtpx:cad>
          </gpxtpx:TrackPointExtension>
        </extensions>
      </trkpt>
      <trkpt lat="29.7038934007" lon="106.513538556">
        <ele>201.6</ele>
        <time>2026-08-30T10:07:12+0800</time>
        <extensions>
          <gpxtpx:TrackPointExtension>
            <gpxtpx:hr>155</gpxtpx:hr>
            <gpxtpx:cad>82</gpxtpx:cad>
          </gpxtpx:TrackPointExtension>
        </extensions>
      </trkpt>
      <trkpt lat="29.7038993519" lon="106.513557583">
        <ele>201.4</ele>
        <time>2026-08-30T10:07:13+0800</time>
        <extensions>
          <gpxtpx:TrackPointExtension>
            <gpxtpx:hr>155</gpxtpx:hr>
            <gpxtpx:cad>82</gpxtpx:cad>
          </gpxtpx:TrackPointExtension>
        </extensions>
      </trkpt>
      <trkpt lat="29.7039078176" lon="106.513565211">
        <ele>201.4</ele>
        <time>2026-08-30T10:07:14+0800</time>
        <extensions>
          <gpxtpx:TrackPointExtension>
            <gpxtpx:hr>155</gpxtpx:hr>
            <gpxtpx:cad>83</gpxtpx:cad>
          </gpxtpx:TrackPointExtension>
        </extensions>
      </trkpt>
      <trkpt lat="29.7039195523" lon="106.513588345">
        <ele>201.2</ele>
        <time>2026-08-30T10:07:15+0800</time>
        <extensions>
          <gpxtpx:TrackPointExtension>
            <gpxtpx:hr>155</gpxtpx:hr>
            <gpxtpx:cad>82</gpxtpx:cad>
          </gpxtpx:TrackPointExtension>
        </extensions>
      </trkpt>
      <trkpt lat="29.7039206419" lon="106.513607372">
        <ele>201.2</ele>
        <time>2026-08-30T10:07:16+0800</time>
        <extensions>
          <gpxtpx:TrackPointExtension>
            <gpxtpx:hr>156</gpxtpx:hr>
            <gpxtpx:cad>81</gpxtpx:cad>
          </gpxtpx:TrackPointExtension>
        </extensions>
      </trkpt>
      <trkpt lat="29.7039276827" lon="106.513620783">
        <ele>201.0</ele>
        <time>2026-08-30T10:07:17+0800</time>
        <extensions>
          <gpxtpx:TrackPointExtension>
            <gpxtpx:hr>155</gpxtpx:hr>
            <gpxtpx:cad>81</gpxtpx:cad>
          </gpxtpx:TrackPointExtension>
        </extensions>
      </trkpt>
      <trkpt lat="29.7039348911" lon="106.513642911">
        <ele>201.0</ele>
        <time>2026-08-30T10:07:18+0800</time>
        <extensions>
          <gpxtpx:TrackPointExtension>
            <gpxtpx:hr>155</gpxtpx:hr>
            <gpxtpx:cad>81</gpxtpx:cad>
          </gpxtpx:TrackPointExtension>
        </extensions>
      </trkpt>
      <trkpt lat="29.7039363161" lon="106.513657412">
        <ele>200.8</ele>
        <time>2026-08-30T10:07:19+0800</time>
        <extensions>
          <gpxtpx:TrackPointExtension>
            <gpxtpx:hr>156</gpxtpx:hr>
            <gpxtpx:cad>81</gpxtpx:cad>
          </gpxtpx:TrackPointExtension>
        </extensions>
      </trkpt>
      <trkpt lat="29.7039440274" lon="106.513674092">
        <ele>200.6</ele>
        <time>2026-08-30T10:07:20+0800</time>
        <extensions>
          <gpxtpx:TrackPointExtension>
            <gpxtpx:hr>156</gpxtpx:hr>
            <gpxtpx:cad>81</gpxtpx:cad>
          </gpxtpx:TrackPointExtension>
        </extensions>
      </trkpt>
      <trkpt lat="29.70394562" lon="106.513698148">
        <ele>200.6</ele>
        <time>2026-08-30T10:07:21+0800</time>
        <extensions>
          <gpxtpx:TrackPointExtension>
            <gpxtpx:hr>156</gpxtpx:hr>
            <gpxtpx:cad>81</gpxtpx:cad>
          </gpxtpx:TrackPointExtension>
        </extensions>
      </trkpt>
      <trkpt lat="29.703951655" lon="106.513711391">
        <ele>200.4</ele>
        <time>2026-08-30T10:07:22+0800</time>
        <extensions>
          <gpxtpx:TrackPointExtension>
            <gpxtpx:hr>156</gpxtpx:hr>
            <gpxtpx:cad>81</gpxtpx:cad>
          </gpxtpx:TrackPointExtension>
        </extensions>
      </trkpt>
      <trkpt lat="29.7039593663" lon="106.513732346">
        <ele>200.4</ele>
        <time>2026-08-30T10:07:23+0800</time>
        <extensions>
          <gpxtpx:TrackPointExtension>
            <gpxtpx:hr>155</gpxtpx:hr>
            <gpxtpx:cad>81</gpxtpx:cad>
          </gpxtpx:TrackPointExtension>
        </extensions>
      </trkpt>
      <trkpt lat="29.703960875" lon="106.513752798">
        <ele>200.2</ele>
        <time>2026-08-30T10:07:24+0800</time>
        <extensions>
          <gpxtpx:TrackPointExtension>
            <gpxtpx:hr>156</gpxtpx:hr>
            <gpxtpx:cad>81</gpxtpx:cad>
          </gpxtpx:TrackPointExtension>
        </extensions>
      </trkpt>
      <trkpt lat="29.7039718553" lon="106.513764197">
        <ele>200.0</ele>
        <time>2026-08-30T10:07:25+0800</time>
        <extensions>
          <gpxtpx:TrackPointExtension>
            <gpxtpx:hr>156</gpxtpx:hr>
            <gpxtpx:cad>81</gpxtpx:cad>
          </gpxtpx:TrackPointExtension>
        </extensions>
      </trkpt>
      <trkpt lat="29.7039855178" lon="106.513786241">
        <ele>200.0</ele>
        <time>2026-08-30T10:07:26+0800</time>
        <extensions>
          <gpxtpx:TrackPointExtension>
            <gpxtpx:hr>156</gpxtpx:hr>
            <gpxtpx:cad>82</gpxtpx:cad>
          </gpxtpx:TrackPointExtension>
        </extensions>
      </trkpt>
      <trkpt lat="29.7039939836" lon="106.51380091">
        <ele>199.8</ele>
        <time>2026-08-30T10:07:27+0800</time>
        <extensions>
          <gpxtpx:TrackPointExtension>
            <gpxtpx:hr>155</gpxtpx:hr>
            <gpxtpx:cad>82</gpxtpx:cad>
          </gpxtpx:TrackPointExtension>
        </extensions>
      </trkpt>
      <trkpt lat="29.7040085681" lon="106.51381013">
        <ele>199.8</ele>
        <time>2026-08-30T10:07:28+0800</time>
        <extensions>
          <gpxtpx:TrackPointExtension>
            <gpxtpx:hr>155</gpxtpx:hr>
            <gpxtpx:cad>82</gpxtpx:cad>
          </gpxtpx:TrackPointExtension>
        </extensions>
      </trkpt>
      <trkpt lat="29.7040179558" lon="106.513829743">
        <ele>199.8</ele>
        <time>2026-08-30T10:07:29+0800</time>
        <extensions>
          <gpxtpx:TrackPointExtension>
            <gpxtpx:hr>155</gpxtpx:hr>
            <gpxtpx:cad>82</gpxtpx:cad>
          </gpxtpx:TrackPointExtension>
        </extensions>
      </trkpt>
      <trkpt lat="29.7040269244" lon="106.513840724">
        <ele>199.6</ele>
        <time>2026-08-30T10:07:30+0800</time>
        <extensions>
          <gpxtpx:TrackPointExtension>
            <gpxtpx:hr>155</gpxtpx:hr>
            <gpxtpx:cad>82</gpxtpx:cad>
          </gpxtpx:TrackPointExtension>
        </extensions>
      </trkpt>
      <trkpt lat="29.7040440235" lon="106.513851788">
        <ele>199.6</ele>
        <time>2026-08-30T10:07:31+0800</time>
        <extensions>
          <gpxtpx:TrackPointExtension>
            <gpxtpx:hr>155</gpxtpx:hr>
            <gpxtpx:cad>82</gpxtpx:cad>
          </gpxtpx:TrackPointExtension>
        </extensions>
      </trkpt>
      <trkpt lat="29.7040560097" lon="106.513868216">
        <ele>199.4</ele>
        <time>2026-08-30T10:07:32+0800</time>
        <extensions>
          <gpxtpx:TrackPointExtension>
            <gpxtpx:hr>155</gpxtpx:hr>
            <gpxtpx:cad>82</gpxtpx:cad>
          </gpxtpx:TrackPointExtension>
        </extensions>
      </trkpt>
      <trkpt lat="29.7040684149" lon="106.513870563">
        <ele>199.2</ele>
        <time>2026-08-30T10:07:33+0800</time>
        <extensions>
          <gpxtpx:TrackPointExtension>
            <gpxtpx:hr>155</gpxtpx:hr>
            <gpxtpx:cad>82</gpxtpx:cad>
          </gpxtpx:TrackPointExtension>
        </extensions>
      </trkpt>
      <trkpt lat="29.7040875256" lon="106.513879616">
        <ele>199.2</ele>
        <time>2026-08-30T10:07:34+0800</time>
        <extensions>
          <gpxtpx:TrackPointExtension>
            <gpxtpx:hr>155</gpxtpx:hr>
            <gpxtpx:cad>82</gpxtpx:cad>
          </gpxtpx:TrackPointExtension>
        </extensions>
      </trkpt>
      <trkpt lat="29.7040985897" lon="106.513885818">
        <ele>199.0</ele>
        <time>2026-08-30T10:07:35+0800</time>
        <extensions>
          <gpxtpx:TrackPointExtension>
            <gpxtpx:hr>155</gpxtpx:hr>
            <gpxtpx:cad>82</gpxtpx:cad>
          </gpxtpx:TrackPointExtension>
        </extensions>
      </trkpt>
      <trkpt lat="29.7041130066" lon="106.513888668">
        <ele>199.0</ele>
        <time>2026-08-30T10:07:36+0800</time>
        <extensions>
          <gpxtpx:TrackPointExtension>
            <gpxtpx:hr>154</gpxtpx:hr>
            <gpxtpx:cad>83</gpxtpx:cad>
          </gpxtpx:TrackPointExtension>
        </extensions>
      </trkpt>
      <trkpt lat="29.704130441" lon="106.513897721">
        <ele>199.0</ele>
        <time>2026-08-30T10:07:37+0800</time>
        <extensions>
          <gpxtpx:TrackPointExtension>
            <gpxtpx:hr>155</gpxtpx:hr>
            <gpxtpx:cad>83</gpxtpx:cad>
          </gpxtpx:TrackPointExtension>
        </extensions>
      </trkpt>
      <trkpt lat="29.7041418403" lon="106.513898559">
        <ele>199.0</ele>
        <time>2026-08-30T10:07:38+0800</time>
        <extensions>
          <gpxtpx:TrackPointExtension>
            <gpxtpx:hr>154</gpxtpx:hr>
            <gpxtpx:cad>83</gpxtpx:cad>
          </gpxtpx:TrackPointExtension>
        </extensions>
      </trkpt>
      <trkpt lat="29.7041641362" lon="106.513903588">
        <ele>199.0</ele>
        <time>2026-08-30T10:07:39+0800</time>
        <extensions>
          <gpxtpx:TrackPointExtension>
            <gpxtpx:hr>154</gpxtpx:hr>
            <gpxtpx:cad>83</gpxtpx:cad>
          </gpxtpx:TrackPointExtension>
        </extensions>
      </trkpt>
      <trkpt lat="29.7041798104" lon="106.513909791">
        <ele>199.0</ele>
        <time>2026-08-30T10:07:40+0800</time>
        <extensions>
          <gpxtpx:TrackPointExtension>
            <gpxtpx:hr>154</gpxtpx:hr>
            <gpxtpx:cad>82</gpxtpx:cad>
          </gpxtpx:TrackPointExtension>
        </extensions>
      </trkpt>
      <trkpt lat="29.7041972447" lon="106.513906689">
        <ele>199.0</ele>
        <time>2026-08-30T10:07:41+0800</time>
        <extensions>
          <gpxtpx:TrackPointExtension>
            <gpxtpx:hr>154</gpxtpx:hr>
            <gpxtpx:cad>82</gpxtpx:cad>
          </gpxtpx:TrackPointExtension>
        </extensions>
      </trkpt>
      <trkpt lat="29.704216104" lon="106.513909707">
        <ele>199.0</ele>
        <time>2026-08-30T10:07:42+0800</time>
        <extensions>
          <gpxtpx:TrackPointExtension>
            <gpxtpx:hr>154</gpxtpx:hr>
            <gpxtpx:cad>82</gpxtpx:cad>
          </gpxtpx:TrackPointExtension>
        </extensions>
      </trkpt>
      <trkpt lat="29.7042266652" lon="106.513904594">
        <ele>199.0</ele>
        <time>2026-08-30T10:07:43+0800</time>
        <extensions>
          <gpxtpx:TrackPointExtension>
            <gpxtpx:hr>154</gpxtpx:hr>
            <gpxtpx:cad>83</gpxtpx:cad>
          </gpxtpx:TrackPointExtension>
        </extensions>
      </trkpt>
      <trkpt lat="29.7042468656" lon="106.513895374">
        <ele>199.0</ele>
        <time>2026-08-30T10:07:44+0800</time>
        <extensions>
          <gpxtpx:TrackPointExtension>
            <gpxtpx:hr>154</gpxtpx:hr>
            <gpxtpx:cad>83</gpxtpx:cad>
          </gpxtpx:TrackPointExtension>
        </extensions>
      </trkpt>
      <trkpt lat="29.7042627074" lon="106.513888836">
        <ele>199.0</ele>
        <time>2026-08-30T10:07:45+0800</time>
        <extensions>
          <gpxtpx:TrackPointExtension>
            <gpxtpx:hr>154</gpxtpx:hr>
            <gpxtpx:cad>83</gpxtpx:cad>
          </gpxtpx:TrackPointExtension>
        </extensions>
      </trkpt>
      <trkpt lat="29.7042701673" lon="106.513877939">
        <ele>198.8</ele>
        <time>2026-08-30T10:07:46+0800</time>
        <extensions>
          <gpxtpx:TrackPointExtension>
            <gpxtpx:hr>154</gpxtpx:hr>
            <gpxtpx:cad>83</gpxtpx:cad>
          </gpxtpx:TrackPointExtension>
        </extensions>
      </trkpt>
      <trkpt lat="29.7042808961" lon="106.513857907">
        <ele>198.8</ele>
        <time>2026-08-30T10:07:47+0800</time>
        <extensions>
          <gpxtpx:TrackPointExtension>
            <gpxtpx:hr>154</gpxtpx:hr>
            <gpxtpx:cad>83</gpxtpx:cad>
          </gpxtpx:TrackPointExtension>
        </extensions>
      </trkpt>
      <trkpt lat="29.7042912059" lon="106.513842316">
        <ele>198.6</ele>
        <time>2026-08-30T10:07:48+0800</time>
        <extensions>
          <gpxtpx:TrackPointExtension>
            <gpxtpx:hr>154</gpxtpx:hr>
            <gpxtpx:cad>83</gpxtpx:cad>
          </gpxtpx:TrackPointExtension>
        </extensions>
      </trkpt>
      <trkpt lat="29.704294391" lon="106.513826223">
        <ele>198.6</ele>
        <time>2026-08-30T10:07:49+0800</time>
        <extensions>
          <gpxtpx:TrackPointExtension>
            <gpxtpx:hr>154</gpxtpx:hr>
            <gpxtpx:cad>83</gpxtpx:cad>
          </gpxtpx:TrackPointExtension>
        </extensions>
      </trkpt>
      <trkpt lat="29.7043024376" lon="106.513803005">
        <ele>198.4</ele>
        <time>2026-08-30T10:07:50+0800</time>
        <extensions>
          <gpxtpx:TrackPointExtension>
            <gpxtpx:hr>153</gpxtpx:hr>
            <gpxtpx:cad>83</gpxtpx:cad>
          </gpxtpx:TrackPointExtension>
        </extensions>
      </trkpt>
      <trkpt lat="29.7043065447" lon="106.513788421">
        <ele>198.4</ele>
        <time>2026-08-30T10:07:51+0800</time>
        <extensions>
          <gpxtpx:TrackPointExtension>
            <gpxtpx:hr>153</gpxtpx:hr>
            <gpxtpx:cad>82</gpxtpx:cad>
          </gpxtpx:TrackPointExtension>
        </extensions>
      </trkpt>
      <trkpt lat="29.7043097299" lon="106.513767801">
        <ele>198.4</ele>
        <time>2026-08-30T10:07:52+0800</time>
        <extensions>
          <gpxtpx:TrackPointExtension>
            <gpxtpx:hr>153</gpxtpx:hr>
            <gpxtpx:cad>82</gpxtpx:cad>
          </gpxtpx:TrackPointExtension>
        </extensions>
      </trkpt>
      <trkpt lat="29.7043166868" lon="106.513746763">
        <ele>198.2</ele>
        <time>2026-08-30T10:07:53+0800</time>
        <extensions>
          <gpxtpx:TrackPointExtension>
            <gpxtpx:hr>153</gpxtpx:hr>
            <gpxtpx:cad>82</gpxtpx:cad>
          </gpxtpx:TrackPointExtension>
        </extensions>
      </trkpt>
      <trkpt lat="29.7043143399" lon="106.513733855">
        <ele>198.2</ele>
        <time>2026-08-30T10:07:54+0800</time>
        <extensions>
          <gpxtpx:TrackPointExtension>
            <gpxtpx:hr>152</gpxtpx:hr>
            <gpxtpx:cad>81</gpxtpx:cad>
          </gpxtpx:TrackPointExtension>
        </extensions>
      </trkpt>
      <trkpt lat="29.7043182794" lon="106.513708709">
        <ele>198.0</ele>
        <time>2026-08-30T10:07:55+0800</time>
        <extensions>
          <gpxtpx:TrackPointExtension>
            <gpxtpx:hr>153</gpxtpx:hr>
            <gpxtpx:cad>81</gpxtpx:cad>
          </gpxtpx:TrackPointExtension>
        </extensions>
      </trkpt>
      <trkpt lat="29.7043210454" lon="106.51369228">
        <ele>197.8</ele>
        <time>2026-08-30T10:07:56+0800</time>
        <extensions>
          <gpxtpx:TrackPointExtension>
            <gpxtpx:hr>152</gpxtpx:hr>
            <gpxtpx:cad>82</gpxtpx:cad>
          </gpxtpx:TrackPointExtension>
        </extensions>
      </trkpt>
      <trkpt lat="29.7043233085" lon="106.513676438">
        <ele>197.8</ele>
        <time>2026-08-30T10:07:57+0800</time>
        <extensions>
          <gpxtpx:TrackPointExtension>
            <gpxtpx:hr>152</gpxtpx:hr>
            <gpxtpx:cad>82</gpxtpx:cad>
          </gpxtpx:TrackPointExtension>
        </extensions>
      </trkpt>
      <trkpt lat="29.7043309361" lon="106.513654897">
        <ele>197.6</ele>
        <time>2026-08-30T10:07:58+0800</time>
        <extensions>
          <gpxtpx:TrackPointExtension>
            <gpxtpx:hr>152</gpxtpx:hr>
            <gpxtpx:cad>83</gpxtpx:cad>
          </gpxtpx:TrackPointExtension>
        </extensions>
      </trkpt>
      <trkpt lat="29.7043321934" lon="106.513642073">
        <ele>197.6</ele>
        <time>2026-08-30T10:07:59+0800</time>
        <extensions>
          <gpxtpx:TrackPointExtension>
            <gpxtpx:hr>153</gpxtpx:hr>
            <gpxtpx:cad>83</gpxtpx:cad>
          </gpxtpx:TrackPointExtension>
        </extensions>
      </trkpt>
      <trkpt lat="29.7043375578" lon="106.513620028">
        <ele>197.6</ele>
        <time>2026-08-30T10:08:00+0800</time>
        <extensions>
          <gpxtpx:TrackPointExtension>
            <gpxtpx:hr>152</gpxtpx:hr>
            <gpxtpx:cad>82</gpxtpx:cad>
          </gpxtpx:TrackPointExtension>
        </extensions>
      </trkpt>
      <trkpt lat="29.704342084" lon="106.513599828">
        <ele>197.4</ele>
        <time>2026-08-30T10:08:01+0800</time>
        <extensions>
          <gpxtpx:TrackPointExtension>
            <gpxtpx:hr>152</gpxtpx:hr>
            <gpxtpx:cad>82</gpxtpx:cad>
          </gpxtpx:TrackPointExtension>
        </extensions>
      </trkpt>
      <trkpt lat="29.7043390665" lon="106.513583986">
        <ele>197.4</ele>
        <time>2026-08-30T10:08:02+0800</time>
        <extensions>
          <gpxtpx:TrackPointExtension>
            <gpxtpx:hr>152</gpxtpx:hr>
            <gpxtpx:cad>82</gpxtpx:cad>
          </gpxtpx:TrackPointExtension>
        </extensions>
      </trkpt>
      <trkpt lat="29.7043424193" lon="106.513561187">
        <ele>197.4</ele>
        <time>2026-08-30T10:08:03+0800</time>
        <extensions>
          <gpxtpx:TrackPointExtension>
            <gpxtpx:hr>153</gpxtpx:hr>
            <gpxtpx:cad>82</gpxtpx:cad>
          </gpxtpx:TrackPointExtension>
        </extensions>
      </trkpt>
      <trkpt lat="29.7043447662" lon="106.513543418">
        <ele>197.4</ele>
        <time>2026-08-30T10:08:04+0800</time>
        <extensions>
          <gpxtpx:TrackPointExtension>
            <gpxtpx:hr>152</gpxtpx:hr>
            <gpxtpx:cad>82</gpxtpx:cad>
          </gpxtpx:TrackPointExtension>
        </extensions>
      </trkpt>
      <trkpt lat="29.7043454368" lon="106.513526738">
        <ele>197.4</ele>
        <time>2026-08-30T10:08:05+0800</time>
        <extensions>
          <gpxtpx:TrackPointExtension>
            <gpxtpx:hr>152</gpxtpx:hr>
            <gpxtpx:cad>82</gpxtpx:cad>
          </gpxtpx:TrackPointExtension>
        </extensions>
      </trkpt>
      <trkpt lat="29.7043488733" lon="106.513504023">
        <ele>197.4</ele>
        <time>2026-08-30T10:08:06+0800</time>
        <extensions>
          <gpxtpx:TrackPointExtension>
            <gpxtpx:hr>152</gpxtpx:hr>
            <gpxtpx:cad>82</gpxtpx:cad>
          </gpxtpx:TrackPointExtension>
        </extensions>
      </trkpt>
      <trkpt lat="29.7043476999" lon="106.513487343">
        <ele>197.4</ele>
        <time>2026-08-30T10:08:07+0800</time>
        <extensions>
          <gpxtpx:TrackPointExtension>
            <gpxtpx:hr>153</gpxtpx:hr>
            <gpxtpx:cad>82</gpxtpx:cad>
          </gpxtpx:TrackPointExtension>
        </extensions>
      </trkpt>
      <trkpt lat="29.7043497954" lon="106.513467645">
        <ele>197.4</ele>
        <time>2026-08-30T10:08:08+0800</time>
        <extensions>
          <gpxtpx:TrackPointExtension>
            <gpxtpx:hr>152</gpxtpx:hr>
            <gpxtpx:cad>82</gpxtpx:cad>
          </gpxtpx:TrackPointExtension>
        </extensions>
      </trkpt>
      <trkpt lat="29.7043518908" lon="106.513450881">
        <ele>197.4</ele>
        <time>2026-08-30T10:08:09+0800</time>
        <extensions>
          <gpxtpx:TrackPointExtension>
            <gpxtpx:hr>152</gpxtpx:hr>
            <gpxtpx:cad>82</gpxtpx:cad>
          </gpxtpx:TrackPointExtension>
        </extensions>
      </trkpt>
      <trkpt lat="29.7043534834" lon="106.513438057">
        <ele>197.4</ele>
        <time>2026-08-30T10:08:10+0800</time>
        <extensions>
          <gpxtpx:TrackPointExtension>
            <gpxtpx:hr>153</gpxtpx:hr>
            <gpxtpx:cad>82</gpxtpx:cad>
          </gpxtpx:TrackPointExtension>
        </extensions>
      </trkpt>
      <trkpt lat="29.7043581773" lon="106.513418946">
        <ele>197.4</ele>
        <time>2026-08-30T10:08:11+0800</time>
        <extensions>
          <gpxtpx:TrackPointExtension>
            <gpxtpx:hr>153</gpxtpx:hr>
            <gpxtpx:cad>82</gpxtpx:cad>
          </gpxtpx:TrackPointExtension>
        </extensions>
      </trkpt>
      <trkpt lat="29.7043632902" lon="106.513405787">
        <ele>197.4</ele>
        <time>2026-08-30T10:08:12+0800</time>
        <extensions>
          <gpxtpx:TrackPointExtension>
            <gpxtpx:hr>153</gpxtpx:hr>
            <gpxtpx:cad>82</gpxtpx:cad>
          </gpxtpx:TrackPointExtension>
        </extensions>
      </trkpt>
      <trkpt lat="29.704366643" lon="106.513389358">
        <ele>197.4</ele>
        <time>2026-08-30T10:08:13+0800</time>
        <extensions>
          <gpxtpx:TrackPointExtension>
            <gpxtpx:hr>153</gpxtpx:hr>
            <gpxtpx:cad>82</gpxtpx:cad>
          </gpxtpx:TrackPointExtension>
        </extensions>
      </trkpt>
      <trkpt lat="29.7043694928" lon="106.513368068">
        <ele>197.4</ele>
        <time>2026-08-30T10:08:14+0800</time>
        <extensions>
          <gpxtpx:TrackPointExtension>
            <gpxtpx:hr>153</gpxtpx:hr>
            <gpxtpx:cad>82</gpxtpx:cad>
          </gpxtpx:TrackPointExtension>
        </extensions>
      </trkpt>
      <trkpt lat="29.7043707501" lon="106.513351807">
        <ele>197.4</ele>
        <time>2026-08-30T10:08:15+0800</time>
        <extensions>
          <gpxtpx:TrackPointExtension>
            <gpxtpx:hr>153</gpxtpx:hr>
            <gpxtpx:cad>82</gpxtpx:cad>
          </gpxtpx:TrackPointExtension>
        </extensions>
      </trkpt>
      <trkpt lat="29.7043738514" lon="106.513331691">
        <ele>197.6</ele>
        <time>2026-08-30T10:08:16+0800</time>
        <extensions>
          <gpxtpx:TrackPointExtension>
            <gpxtpx:hr>153</gpxtpx:hr>
            <gpxtpx:cad>82</gpxtpx:cad>
          </gpxtpx:TrackPointExtension>
        </extensions>
      </trkpt>
      <trkpt lat="29.7043770365" lon="106.513315681">
        <ele>197.6</ele>
        <time>2026-08-30T10:08:17+0800</time>
        <extensions>
          <gpxtpx:TrackPointExtension>
            <gpxtpx:hr>154</gpxtpx:hr>
            <gpxtpx:cad>82</gpxtpx:cad>
          </gpxtpx:TrackPointExtension>
        </extensions>
      </trkpt>
      <trkpt lat="29.7043789644" lon="106.513303695">
        <ele>197.6</ele>
        <time>2026-08-30T10:08:18+0800</time>
        <extensions>
          <gpxtpx:TrackPointExtension>
            <gpxtpx:hr>154</gpxtpx:hr>
            <gpxtpx:cad>82</gpxtpx:cad>
          </gpxtpx:TrackPointExtension>
        </extensions>
      </trkpt>
      <trkpt lat="29.704381898" lon="106.513284417">
        <ele>197.6</ele>
        <time>2026-08-30T10:08:19+0800</time>
        <extensions>
          <gpxtpx:TrackPointExtension>
            <gpxtpx:hr>154</gpxtpx:hr>
            <gpxtpx:cad>82</gpxtpx:cad>
          </gpxtpx:TrackPointExtension>
        </extensions>
      </trkpt>
      <trkpt lat="29.7043834906" lon="106.513271509">
        <ele>197.6</ele>
        <time>2026-08-30T10:08:20+0800</time>
        <extensions>
          <gpxtpx:TrackPointExtension>
            <gpxtpx:hr>154</gpxtpx:hr>
            <gpxtpx:cad>82</gpxtpx:cad>
          </gpxtpx:TrackPointExtension>
        </extensions>
      </trkpt>
      <trkpt lat="29.7043880168" lon="106.51325047">
        <ele>197.6</ele>
        <time>2026-08-30T10:08:21+0800</time>
        <extensions>
          <gpxtpx:TrackPointExtension>
            <gpxtpx:hr>155</gpxtpx:hr>
            <gpxtpx:cad>83</gpxtpx:cad>
          </gpxtpx:TrackPointExtension>
        </extensions>
      </trkpt>
      <trkpt lat="29.704395812" lon="106.513230437">
        <ele>197.6</ele>
        <time>2026-08-30T10:08:22+0800</time>
        <extensions>
          <gpxtpx:TrackPointExtension>
            <gpxtpx:hr>155</gpxtpx:hr>
            <gpxtpx:cad>84</gpxtpx:cad>
          </gpxtpx:TrackPointExtension>
        </extensions>
      </trkpt>
      <trkpt lat="29.7043963149" lon="106.513214177">
        <ele>197.6</ele>
        <time>2026-08-30T10:08:23+0800</time>
        <extensions>
          <gpxtpx:TrackPointExtension>
            <gpxtpx:hr>155</gpxtpx:hr>
            <gpxtpx:cad>84</gpxtpx:cad>
          </gpxtpx:TrackPointExtension>
        </extensions>
      </trkpt>
      <trkpt lat="29.7044003382" lon="106.513193892">
        <ele>197.6</ele>
        <time>2026-08-30T10:08:24+0800</time>
        <extensions>
          <gpxtpx:TrackPointExtension>
            <gpxtpx:hr>154</gpxtpx:hr>
            <gpxtpx:cad>84</gpxtpx:cad>
          </gpxtpx:TrackPointExtension>
        </extensions>
      </trkpt>
      <trkpt lat="29.7044037748" lon="106.513182996">
        <ele>197.6</ele>
        <time>2026-08-30T10:08:25+0800</time>
        <extensions>
          <gpxtpx:TrackPointExtension>
            <gpxtpx:hr>155</gpxtpx:hr>
            <gpxtpx:cad>84</gpxtpx:cad>
          </gpxtpx:TrackPointExtension>
        </extensions>
      </trkpt>
      <trkpt lat="29.7044063732" lon="106.513166483">
        <ele>197.6</ele>
        <time>2026-08-30T10:08:26+0800</time>
        <extensions>
          <gpxtpx:TrackPointExtension>
            <gpxtpx:hr>155</gpxtpx:hr>
            <gpxtpx:cad>84</gpxtpx:cad>
          </gpxtpx:TrackPointExtension>
        </extensions>
      </trkpt>
      <trkpt lat="29.7044119891" lon="106.513151061">
        <ele>197.6</ele>
        <time>2026-08-30T10:08:27+0800</time>
        <extensions>
          <gpxtpx:TrackPointExtension>
            <gpxtpx:hr>155</gpxtpx:hr>
            <gpxtpx:cad>84</gpxtpx:cad>
          </gpxtpx:TrackPointExtension>
        </extensions>
      </trkpt>
      <trkpt lat="29.7044129949" lon="106.513134968">
        <ele>197.6</ele>
        <time>2026-08-30T10:08:28+0800</time>
        <extensions>
          <gpxtpx:TrackPointExtension>
            <gpxtpx:hr>154</gpxtpx:hr>
            <gpxtpx:cad>84</gpxtpx:cad>
          </gpxtpx:TrackPointExtension>
        </extensions>
      </trkpt>
      <trkpt lat="29.7044186946" lon="106.513110157">
        <ele>197.6</ele>
        <time>2026-08-30T10:08:29+0800</time>
        <extensions>
          <gpxtpx:TrackPointExtension>
            <gpxtpx:hr>154</gpxtpx:hr>
            <gpxtpx:cad>83</gpxtpx:cad>
          </gpxtpx:TrackPointExtension>
        </extensions>
      </trkpt>
      <trkpt lat="29.7044242267" lon="106.513094818">
        <ele>197.6</ele>
        <time>2026-08-30T10:08:30+0800</time>
        <extensions>
          <gpxtpx:TrackPointExtension>
            <gpxtpx:hr>154</gpxtpx:hr>
            <gpxtpx:cad>83</gpxtpx:cad>
          </gpxtpx:TrackPointExtension>
        </extensions>
      </trkpt>
      <trkpt lat="29.7044263221" lon="106.513077384">
        <ele>197.4</ele>
        <time>2026-08-30T10:08:31+0800</time>
        <extensions>
          <gpxtpx:TrackPointExtension>
            <gpxtpx:hr>154</gpxtpx:hr>
            <gpxtpx:cad>83</gpxtpx:cad>
          </gpxtpx:TrackPointExtension>
        </extensions>
      </trkpt>
      <trkpt lat="29.7044293396" lon="106.513058441">
        <ele>197.4</ele>
        <time>2026-08-30T10:08:32+0800</time>
        <extensions>
          <gpxtpx:TrackPointExtension>
            <gpxtpx:hr>153</gpxtpx:hr>
            <gpxtpx:cad>83</gpxtpx:cad>
          </gpxtpx:TrackPointExtension>
        </extensions>
      </trkpt>
      <trkpt lat="29.7044326924" lon="106.51304109">
        <ele>197.4</ele>
        <time>2026-08-30T10:08:33+0800</time>
        <extensions>
          <gpxtpx:TrackPointExtension>
            <gpxtpx:hr>153</gpxtpx:hr>
            <gpxtpx:cad>83</gpxtpx:cad>
          </gpxtpx:TrackPointExtension>
        </extensions>
      </trkpt>
      <trkpt lat="29.7044383921" lon="106.513021477">
        <ele>197.2</ele>
        <time>2026-08-30T10:08:34+0800</time>
        <extensions>
          <gpxtpx:TrackPointExtension>
            <gpxtpx:hr>153</gpxtpx:hr>
            <gpxtpx:cad>83</gpxtpx:cad>
          </gpxtpx:TrackPointExtension>
        </extensions>
      </trkpt>
      <trkpt lat="29.7044475283" lon="106.513002533">
        <ele>197.2</ele>
        <time>2026-08-30T10:08:35+0800</time>
        <extensions>
          <gpxtpx:TrackPointExtension>
            <gpxtpx:hr>153</gpxtpx:hr>
            <gpxtpx:cad>83</gpxtpx:cad>
          </gpxtpx:TrackPointExtension>
        </extensions>
      </trkpt>
      <trkpt lat="29.7044519708" lon="106.512989961">
        <ele>197.2</ele>
        <time>2026-08-30T10:08:36+0800</time>
        <extensions>
          <gpxtpx:TrackPointExtension>
            <gpxtpx:hr>153</gpxtpx:hr>
            <gpxtpx:cad>83</gpxtpx:cad>
          </gpxtpx:TrackPointExtension>
        </extensions>
      </trkpt>
      <trkpt lat="29.7044590116" lon="106.512975711">
        <ele>197.0</ele>
        <time>2026-08-30T10:08:37+0800</time>
        <extensions>
          <gpxtpx:TrackPointExtension>
            <gpxtpx:hr>153</gpxtpx:hr>
            <gpxtpx:cad>83</gpxtpx:cad>
          </gpxtpx:TrackPointExtension>
        </extensions>
      </trkpt>
      <trkpt lat="29.7044691537" lon="106.512960792">
        <ele>197.0</ele>
        <time>2026-08-30T10:08:38+0800</time>
        <extensions>
          <gpxtpx:TrackPointExtension>
            <gpxtpx:hr>153</gpxtpx:hr>
            <gpxtpx:cad>83</gpxtpx:cad>
          </gpxtpx:TrackPointExtension>
        </extensions>
      </trkpt>
      <trkpt lat="29.7044803016" lon="106.512945704">
        <ele>197.0</ele>
        <time>2026-08-30T10:08:39+0800</time>
        <extensions>
          <gpxtpx:TrackPointExtension>
            <gpxtpx:hr>152</gpxtpx:hr>
            <gpxtpx:cad>82</gpxtpx:cad>
          </gpxtpx:TrackPointExtension>
        </extensions>
      </trkpt>
      <trkpt lat="29.7044976521" lon="106.512934975">
        <ele>196.8</ele>
        <time>2026-08-30T10:08:40+0800</time>
        <extensions>
          <gpxtpx:TrackPointExtension>
            <gpxtpx:hr>152</gpxtpx:hr>
            <gpxtpx:cad>83</gpxtpx:cad>
          </gpxtpx:TrackPointExtension>
        </extensions>
      </trkpt>
      <trkpt lat="29.704509303" lon="106.512925504">
        <ele>196.8</ele>
        <time>2026-08-30T10:08:41+0800</time>
        <extensions>
          <gpxtpx:TrackPointExtension>
            <gpxtpx:hr>152</gpxtpx:hr>
            <gpxtpx:cad>83</gpxtpx:cad>
          </gpxtpx:TrackPointExtension>
        </extensions>
      </trkpt>
      <trkpt lat="29.7045247257" lon="106.512915529">
        <ele>196.8</ele>
        <time>2026-08-30T10:08:42+0800</time>
        <extensions>
          <gpxtpx:TrackPointExtension>
            <gpxtpx:hr>153</gpxtpx:hr>
            <gpxtpx:cad>82</gpxtpx:cad>
          </gpxtpx:TrackPointExtension>
        </extensions>
      </trkpt>
      <trkpt lat="29.7045374662" lon="106.512910416">
        <ele>196.8</ele>
        <time>2026-08-30T10:08:43+0800</time>
        <extensions>
          <gpxtpx:TrackPointExtension>
            <gpxtpx:hr>153</gpxtpx:hr>
            <gpxtpx:cad>82</gpxtpx:cad>
          </gpxtpx:TrackPointExtension>
        </extensions>
      </trkpt>
      <trkpt lat="29.7045492008" lon="106.512904214">
        <ele>196.8</ele>
        <time>2026-08-30T10:08:44+0800</time>
        <extensions>
          <gpxtpx:TrackPointExtension>
            <gpxtpx:hr>153</gpxtpx:hr>
            <gpxtpx:cad>82</gpxtpx:cad>
          </gpxtpx:TrackPointExtension>
        </extensions>
      </trkpt>
      <trkpt lat="29.7045673896" lon="106.512902118">
        <ele>196.8</ele>
        <time>2026-08-30T10:08:45+0800</time>
        <extensions>
          <gpxtpx:TrackPointExtension>
            <gpxtpx:hr>153</gpxtpx:hr>
            <gpxtpx:cad>81</gpxtpx:cad>
          </gpxtpx:TrackPointExtension>
        </extensions>
      </trkpt>
      <trkpt lat="29.7045790404" lon="106.512900945">
        <ele>196.8</ele>
        <time>2026-08-30T10:08:46+0800</time>
        <extensions>
          <gpxtpx:TrackPointExtension>
            <gpxtpx:hr>152</gpxtpx:hr>
            <gpxtpx:cad>81</gpxtpx:cad>
          </gpxtpx:TrackPointExtension>
        </extensions>
      </trkpt>
      <trkpt lat="29.7045923676" lon="106.512895329">
        <ele>196.8</ele>
        <time>2026-08-30T10:08:47+0800</time>
        <extensions>
          <gpxtpx:TrackPointExtension>
            <gpxtpx:hr>153</gpxtpx:hr>
            <gpxtpx:cad>82</gpxtpx:cad>
          </gpxtpx:TrackPointExtension>
        </extensions>
      </trkpt>
      <trkpt lat="29.7046058625" lon="106.5128903">
        <ele>197.0</ele>
        <time>2026-08-30T10:08:48+0800</time>
        <extensions>
          <gpxtpx:TrackPointExtension>
            <gpxtpx:hr>153</gpxtpx:hr>
            <gpxtpx:cad>82</gpxtpx:cad>
          </gpxtpx:TrackPointExtension>
        </extensions>
      </trkpt>
      <trkpt lat="29.7046166752" lon="106.512886696">
        <ele>197.0</ele>
        <time>2026-08-30T10:08:49+0800</time>
        <extensions>
          <gpxtpx:TrackPointExtension>
            <gpxtpx:hr>153</gpxtpx:hr>
            <gpxtpx:cad>82</gpxtpx:cad>
          </gpxtpx:TrackPointExtension>
        </extensions>
      </trkpt>
      <trkpt lat="29.7046291642" lon="106.51288569">
        <ele>197.0</ele>
        <time>2026-08-30T10:08:50+0800</time>
        <extensions>
          <gpxtpx:TrackPointExtension>
            <gpxtpx:hr>153</gpxtpx:hr>
            <gpxtpx:cad>82</gpxtpx:cad>
          </gpxtpx:TrackPointExtension>
        </extensions>
      </trkpt>
      <trkpt lat="29.7046452574" lon="106.512882924">
        <ele>197.0</ele>
        <time>2026-08-30T10:08:51+0800</time>
        <extensions>
          <gpxtpx:TrackPointExtension>
            <gpxtpx:hr>153</gpxtpx:hr>
            <gpxtpx:cad>82</gpxtpx:cad>
          </gpxtpx:TrackPointExtension>
        </extensions>
      </trkpt>
      <trkpt lat="29.7046559863" lon="106.512877308">
        <ele>197.0</ele>
        <time>2026-08-30T10:08:52+0800</time>
        <extensions>
          <gpxtpx:TrackPointExtension>
            <gpxtpx:hr>152</gpxtpx:hr>
            <gpxtpx:cad>82</gpxtpx:cad>
          </gpxtpx:TrackPointExtension>
        </extensions>
      </trkpt>
      <trkpt lat="29.7046720795" lon="106.512870435">
        <ele>197.0</ele>
        <time>2026-08-30T10:08:53+0800</time>
        <extensions>
          <gpxtpx:TrackPointExtension>
            <gpxtpx:hr>153</gpxtpx:hr>
            <gpxtpx:cad>82</gpxtpx:cad>
          </gpxtpx:TrackPointExtension>
        </extensions>
      </trkpt>
      <trkpt lat="29.7046850715" lon="106.512866914">
        <ele>197.0</ele>
        <time>2026-08-30T10:08:54+0800</time>
        <extensions>
          <gpxtpx:TrackPointExtension>
            <gpxtpx:hr>153</gpxtpx:hr>
            <gpxtpx:cad>82</gpxtpx:cad>
          </gpxtpx:TrackPointExtension>
        </extensions>
      </trkpt>
      <trkpt lat="29.7046983987" lon="106.512861215">
        <ele>197.0</ele>
        <time>2026-08-30T10:08:55+0800</time>
        <extensions>
          <gpxtpx:TrackPointExtension>
            <gpxtpx:hr>154</gpxtpx:hr>
            <gpxtpx:cad>82</gpxtpx:cad>
          </gpxtpx:TrackPointExtension>
        </extensions>
      </trkpt>
      <trkpt lat="29.7047150787" lon="106.512853755">
        <ele>197.2</ele>
        <time>2026-08-30T10:08:56+0800</time>
        <extensions>
          <gpxtpx:TrackPointExtension>
            <gpxtpx:hr>154</gpxtpx:hr>
            <gpxtpx:cad>82</gpxtpx:cad>
          </gpxtpx:TrackPointExtension>
        </extensions>
      </trkpt>
      <trkpt lat="29.704727903" lon="106.512847971">
        <ele>197.2</ele>
        <time>2026-08-30T10:08:57+0800</time>
        <extensions>
          <gpxtpx:TrackPointExtension>
            <gpxtpx:hr>154</gpxtpx:hr>
            <gpxtpx:cad>81</gpxtpx:cad>
          </gpxtpx:TrackPointExtension>
        </extensions>
      </trkpt>
      <trkpt lat="29.7047409788" lon="106.512838248">
        <ele>197.2</ele>
        <time>2026-08-30T10:08:58+0800</time>
        <extensions>
          <gpxtpx:TrackPointExtension>
            <gpxtpx:hr>154</gpxtpx:hr>
            <gpxtpx:cad>81</gpxtpx:cad>
          </gpxtpx:TrackPointExtension>
        </extensions>
      </trkpt>
      <trkpt lat="29.7047553118" lon="106.512831962">
        <ele>197.4</ele>
        <time>2026-08-30T10:08:59+0800</time>
        <extensions>
          <gpxtpx:TrackPointExtension>
            <gpxtpx:hr>154</gpxtpx:hr>
            <gpxtpx:cad>81</gpxtpx:cad>
          </gpxtpx:TrackPointExtension>
        </extensions>
      </trkpt>
      <trkpt lat="29.7047669627" lon="106.512826597">
        <ele>197.4</ele>
        <time>2026-08-30T10:09:00+0800</time>
        <extensions>
          <gpxtpx:TrackPointExtension>
            <gpxtpx:hr>155</gpxtpx:hr>
            <gpxtpx:cad>81</gpxtpx:cad>
          </gpxtpx:TrackPointExtension>
        </extensions>
      </trkpt>
      <trkpt lat="29.7047827207" lon="106.512820981">
        <ele>197.4</ele>
        <time>2026-08-30T10:09:01+0800</time>
        <extensions>
          <gpxtpx:TrackPointExtension>
            <gpxtpx:hr>155</gpxtpx:hr>
            <gpxtpx:cad>81</gpxtpx:cad>
          </gpxtpx:TrackPointExtension>
        </extensions>
      </trkpt>
      <trkpt lat="29.7048005741" lon="106.512817293">
        <ele>197.4</ele>
        <time>2026-08-30T10:09:02+0800</time>
        <extensions>
          <gpxtpx:TrackPointExtension>
            <gpxtpx:hr>156</gpxtpx:hr>
            <gpxtpx:cad>81</gpxtpx:cad>
          </gpxtpx:TrackPointExtension>
        </extensions>
      </trkpt>
      <trkpt lat="29.7048139852" lon="106.512811258">
        <ele>197.4</ele>
        <time>2026-08-30T10:09:03+0800</time>
        <extensions>
          <gpxtpx:TrackPointExtension>
            <gpxtpx:hr>156</gpxtpx:hr>
            <gpxtpx:cad>81</gpxtpx:cad>
          </gpxtpx:TrackPointExtension>
        </extensions>
      </trkpt>
      <trkpt lat="29.704830246" lon="106.512804804">
        <ele>197.4</ele>
        <time>2026-08-30T10:09:04+0800</time>
        <extensions>
          <gpxtpx:TrackPointExtension>
            <gpxtpx:hr>157</gpxtpx:hr>
            <gpxtpx:cad>81</gpxtpx:cad>
          </gpxtpx:TrackPointExtension>
        </extensions>
      </trkpt>
      <trkpt lat="29.7048442438" lon="106.512802374">
        <ele>197.4</ele>
        <time>2026-08-30T10:09:05+0800</time>
        <extensions>
          <gpxtpx:TrackPointExtension>
            <gpxtpx:hr>157</gpxtpx:hr>
            <gpxtpx:cad>81</gpxtpx:cad>
          </gpxtpx:TrackPointExtension>
        </extensions>
      </trkpt>
      <trkpt lat="29.7048606724" lon="106.512801955">
        <ele>197.4</ele>
        <time>2026-08-30T10:09:06+0800</time>
        <extensions>
          <gpxtpx:TrackPointExtension>
            <gpxtpx:hr>158</gpxtpx:hr>
            <gpxtpx:cad>80</gpxtpx:cad>
          </gpxtpx:TrackPointExtension>
        </extensions>
      </trkpt>
      <trkpt lat="29.7048772685" lon="106.512807235">
        <ele>197.4</ele>
        <time>2026-08-30T10:09:07+0800</time>
        <extensions>
          <gpxtpx:TrackPointExtension>
            <gpxtpx:hr>158</gpxtpx:hr>
            <gpxtpx:cad>80</gpxtpx:cad>
          </gpxtpx:TrackPointExtension>
        </extensions>
      </trkpt>
      <trkpt lat="29.7048910987" lon="106.512811594">
        <ele>197.4</ele>
        <time>2026-08-30T10:09:08+0800</time>
        <extensions>
          <gpxtpx:TrackPointExtension>
            <gpxtpx:hr>158</gpxtpx:hr>
            <gpxtpx:cad>81</gpxtpx:cad>
          </gpxtpx:TrackPointExtension>
        </extensions>
      </trkpt>
      <trkpt lat="29.7049098741" lon="106.51280757">
        <ele>197.6</ele>
        <time>2026-08-30T10:09:09+0800</time>
        <extensions>
          <gpxtpx:TrackPointExtension>
            <gpxtpx:hr>158</gpxtpx:hr>
            <gpxtpx:cad>81</gpxtpx:cad>
          </gpxtpx:TrackPointExtension>
        </extensions>
      </trkpt>
      <trkpt lat="29.7049257159" lon="106.51280581">
        <ele>197.6</ele>
        <time>2026-08-30T10:09:10+0800</time>
        <extensions>
          <gpxtpx:TrackPointExtension>
            <gpxtpx:hr>158</gpxtpx:hr>
            <gpxtpx:cad>81</gpxtpx:cad>
          </gpxtpx:TrackPointExtension>
        </extensions>
      </trkpt>
      <trkpt lat="29.7049378697" lon="106.51280229">
        <ele>197.4</ele>
        <time>2026-08-30T10:09:11+0800</time>
        <extensions>
          <gpxtpx:TrackPointExtension>
            <gpxtpx:hr>158</gpxtpx:hr>
            <gpxtpx:cad>82</gpxtpx:cad>
          </gpxtpx:TrackPointExtension>
        </extensions>
      </trkpt>
      <trkpt lat="29.7049578186" lon="106.512798937">
        <ele>197.4</ele>
        <time>2026-08-30T10:09:12+0800</time>
        <extensions>
          <gpxtpx:TrackPointExtension>
            <gpxtpx:hr>157</gpxtpx:hr>
            <gpxtpx:cad>82</gpxtpx:cad>
          </gpxtpx:TrackPointExtension>
        </extensions>
      </trkpt>
      <trkpt lat="29.7049706429" lon="106.512797093">
        <ele>197.4</ele>
        <time>2026-08-30T10:09:13+0800</time>
        <extensions>
          <gpxtpx:TrackPointExtension>
            <gpxtpx:hr>158</gpxtpx:hr>
            <gpxtpx:cad>82</gpxtpx:cad>
          </gpxtpx:TrackPointExtension>
        </extensions>
      </trkpt>
      <trkpt lat="29.7049847245" lon="106.512794662">
        <ele>197.4</ele>
        <time>2026-08-30T10:09:14+0800</time>
        <extensions>
          <gpxtpx:TrackPointExtension>
            <gpxtpx:hr>158</gpxtpx:hr>
            <gpxtpx:cad>82</gpxtpx:cad>
          </gpxtpx:TrackPointExtension>
        </extensions>
      </trkpt>
      <trkpt lat="29.7050021589" lon="106.512793321">
        <ele>197.2</ele>
        <time>2026-08-30T10:09:15+0800</time>
        <extensions>
          <gpxtpx:TrackPointExtension>
            <gpxtpx:hr>158</gpxtpx:hr>
            <gpxtpx:cad>82</gpxtpx:cad>
          </gpxtpx:TrackPointExtension>
        </extensions>
      </trkpt>
      <trkpt lat="29.7050143126" lon="106.51279198">
        <ele>197.4</ele>
        <time>2026-08-30T10:09:16+0800</time>
        <extensions>
          <gpxtpx:TrackPointExtension>
            <gpxtpx:hr>159</gpxtpx:hr>
            <gpxtpx:cad>82</gpxtpx:cad>
          </gpxtpx:TrackPointExtension>
        </extensions>
      </trkpt>
      <trkpt lat="29.7050294001" lon="106.512792315">
        <ele>197.4</ele>
        <time>2026-08-30T10:09:17+0800</time>
        <extensions>
          <gpxtpx:TrackPointExtension>
            <gpxtpx:hr>159</gpxtpx:hr>
            <gpxtpx:cad>82</gpxtpx:cad>
          </gpxtpx:TrackPointExtension>
        </extensions>
      </trkpt>
      <trkpt lat="29.7050440684" lon="106.512790471">
        <ele>197.4</ele>
        <time>2026-08-30T10:09:18+0800</time>
        <extensions>
          <gpxtpx:TrackPointExtension>
            <gpxtpx:hr>160</gpxtpx:hr>
            <gpxtpx:cad>82</gpxtpx:cad>
          </gpxtpx:TrackPointExtension>
        </extensions>
      </trkpt>
      <trkpt lat="29.7050584853" lon="106.512789382">
        <ele>197.4</ele>
        <time>2026-08-30T10:09:19+0800</time>
        <extensions>
          <gpxtpx:TrackPointExtension>
            <gpxtpx:hr>161</gpxtpx:hr>
            <gpxtpx:cad>82</gpxtpx:cad>
          </gpxtpx:TrackPointExtension>
        </extensions>
      </trkpt>
      <trkpt lat="29.7050754167" lon="106.512785861">
        <ele>197.4</ele>
        <time>2026-08-30T10:09:20+0800</time>
        <extensions>
          <gpxtpx:TrackPointExtension>
            <gpxtpx:hr>162</gpxtpx:hr>
            <gpxtpx:cad>82</gpxtpx:cad>
          </gpxtpx:TrackPointExtension>
        </extensions>
      </trkpt>
      <trkpt lat="29.7050900012" lon="106.512783514">
        <ele>197.4</ele>
        <time>2026-08-30T10:09:21+0800</time>
        <extensions>
          <gpxtpx:TrackPointExtension>
            <gpxtpx:hr>163</gpxtpx:hr>
            <gpxtpx:cad>82</gpxtpx:cad>
          </gpxtpx:TrackPointExtension>
        </extensions>
      </trkpt>
      <trkpt lat="29.7051065974" lon="106.512783095">
        <ele>197.4</ele>
        <time>2026-08-30T10:09:22+0800</time>
        <extensions>
          <gpxtpx:TrackPointExtension>
            <gpxtpx:hr>164</gpxtpx:hr>
            <gpxtpx:cad>82</gpxtpx:cad>
          </gpxtpx:TrackPointExtension>
        </extensions>
      </trkpt>
      <trkpt lat="29.7051249538" lon="106.512784436">
        <ele>197.4</ele>
        <time>2026-08-30T10:09:23+0800</time>
        <extensions>
          <gpxtpx:TrackPointExtension>
            <gpxtpx:hr>164</gpxtpx:hr>
            <gpxtpx:cad>82</gpxtpx:cad>
          </gpxtpx:TrackPointExtension>
        </extensions>
      </trkpt>
      <trkpt lat="29.705140125" lon="106.512785861">
        <ele>197.4</ele>
        <time>2026-08-30T10:09:24+0800</time>
        <extensions>
          <gpxtpx:TrackPointExtension>
            <gpxtpx:hr>164</gpxtpx:hr>
            <gpxtpx:cad>82</gpxtpx:cad>
          </gpxtpx:TrackPointExtension>
        </extensions>
      </trkpt>
      <trkpt lat="29.705158649" lon="106.512784101">
        <ele>197.4</ele>
        <time>2026-08-30T10:09:25+0800</time>
        <extensions>
          <gpxtpx:TrackPointExtension>
            <gpxtpx:hr>164</gpxtpx:hr>
            <gpxtpx:cad>83</gpxtpx:cad>
          </gpxtpx:TrackPointExtension>
        </extensions>
      </trkpt>
      <trkpt lat="29.7051737364" lon="106.512779323">
        <ele>197.4</ele>
        <time>2026-08-30T10:09:26+0800</time>
        <extensions>
          <gpxtpx:TrackPointExtension>
            <gpxtpx:hr>163</gpxtpx:hr>
            <gpxtpx:cad>83</gpxtpx:cad>
          </gpxtpx:TrackPointExtension>
        </extensions>
      </trkpt>
      <trkpt lat="29.7051886562" lon="106.512775132">
        <ele>197.4</ele>
        <time>2026-08-30T10:09:27+0800</time>
        <extensions>
          <gpxtpx:TrackPointExtension>
            <gpxtpx:hr>163</gpxtpx:hr>
            <gpxtpx:cad>83</gpxtpx:cad>
          </gpxtpx:TrackPointExtension>
        </extensions>
      </trkpt>
      <trkpt lat="29.7052036598" lon="106.512768427">
        <ele>197.4</ele>
        <time>2026-08-30T10:09:28+0800</time>
        <extensions>
          <gpxtpx:TrackPointExtension>
            <gpxtpx:hr>163</gpxtpx:hr>
            <gpxtpx:cad>82</gpxtpx:cad>
          </gpxtpx:TrackPointExtension>
        </extensions>
      </trkpt>
      <trkpt lat="29.7052200884" lon="106.512766331">
        <ele>197.4</ele>
        <time>2026-08-30T10:09:29+0800</time>
        <extensions>
          <gpxtpx:TrackPointExtension>
            <gpxtpx:hr>163</gpxtpx:hr>
            <gpxtpx:cad>82</gpxtpx:cad>
          </gpxtpx:TrackPointExtension>
        </extensions>
      </trkpt>
      <trkpt lat="29.7052356787" lon="106.512763733">
        <ele>197.4</ele>
        <time>2026-08-30T10:09:30+0800</time>
        <extensions>
          <gpxtpx:TrackPointExtension>
            <gpxtpx:hr>162</gpxtpx:hr>
            <gpxtpx:cad>82</gpxtpx:cad>
          </gpxtpx:TrackPointExtension>
        </extensions>
      </trkpt>
      <trkpt lat="29.7052518558" lon="106.512763062">
        <ele>197.4</ele>
        <time>2026-08-30T10:09:31+0800</time>
        <extensions>
          <gpxtpx:TrackPointExtension>
            <gpxtpx:hr>162</gpxtpx:hr>
            <gpxtpx:cad>82</gpxtpx:cad>
          </gpxtpx:TrackPointExtension>
        </extensions>
      </trkpt>
      <trkpt lat="29.7052676976" lon="106.512762979">
        <ele>197.4</ele>
        <time>2026-08-30T10:09:32+0800</time>
        <extensions>
          <gpxtpx:TrackPointExtension>
            <gpxtpx:hr>162</gpxtpx:hr>
            <gpxtpx:cad>82</gpxtpx:cad>
          </gpxtpx:TrackPointExtension>
        </extensions>
      </trkpt>
      <trkpt lat="29.7052874789" lon="106.512756189">
        <ele>197.4</ele>
        <time>2026-08-30T10:09:33+0800</time>
        <extensions>
          <gpxtpx:TrackPointExtension>
            <gpxtpx:hr>161</gpxtpx:hr>
            <gpxtpx:cad>82</gpxtpx:cad>
          </gpxtpx:TrackPointExtension>
        </extensions>
      </trkpt>
      <trkpt lat="29.7053015605" lon="106.512756608">
        <ele>197.4</ele>
        <time>2026-08-30T10:09:34+0800</time>
        <extensions>
          <gpxtpx:TrackPointExtension>
            <gpxtpx:hr>160</gpxtpx:hr>
            <gpxtpx:cad>82</gpxtpx:cad>
          </gpxtpx:TrackPointExtension>
        </extensions>
      </trkpt>
      <trkpt lat="29.7053153068" lon="106.512751998">
        <ele>197.4</ele>
        <time>2026-08-30T10:09:35+0800</time>
        <extensions>
          <gpxtpx:TrackPointExtension>
            <gpxtpx:hr>160</gpxtpx:hr>
            <gpxtpx:cad>83</gpxtpx:cad>
          </gpxtpx:TrackPointExtension>
        </extensions>
      </trkpt>
      <trkpt lat="29.705334669" lon="106.512748562">
        <ele>197.4</ele>
        <time>2026-08-30T10:09:36+0800</time>
        <extensions>
          <gpxtpx:TrackPointExtension>
            <gpxtpx:hr>160</gpxtpx:hr>
            <gpxtpx:cad>83</gpxtpx:cad>
          </gpxtpx:TrackPointExtension>
        </extensions>
      </trkpt>
      <trkpt lat="29.7053470742" lon="106.512745377">
        <ele>197.4</ele>
        <time>2026-08-30T10:09:37+0800</time>
        <extensions>
          <gpxtpx:TrackPointExtension>
            <gpxtpx:hr>160</gpxtpx:hr>
            <gpxtpx:cad>83</gpxtpx:cad>
          </gpxtpx:TrackPointExtension>
        </extensions>
      </trkpt>
      <trkpt lat="29.7053662688" lon="106.51274018">
        <ele>197.4</ele>
        <time>2026-08-30T10:09:38+0800</time>
        <extensions>
          <gpxtpx:TrackPointExtension>
            <gpxtpx:hr>159</gpxtpx:hr>
            <gpxtpx:cad>83</gpxtpx:cad>
          </gpxtpx:TrackPointExtension>
        </extensions>
      </trkpt>
      <trkpt lat="29.7053853795" lon="106.512741353">
        <ele>197.4</ele>
        <time>2026-08-30T10:09:39+0800</time>
        <extensions>
          <gpxtpx:TrackPointExtension>
            <gpxtpx:hr>159</gpxtpx:hr>
            <gpxtpx:cad>83</gpxtpx:cad>
          </gpxtpx:TrackPointExtension>
        </extensions>
      </trkpt>
      <trkpt lat="29.7054002993" lon="106.512739006">
        <ele>197.4</ele>
        <time>2026-08-30T10:09:40+0800</time>
        <extensions>
          <gpxtpx:TrackPointExtension>
            <gpxtpx:hr>159</gpxtpx:hr>
            <gpxtpx:cad>83</gpxtpx:cad>
          </gpxtpx:TrackPointExtension>
        </extensions>
      </trkpt>
      <trkpt lat="29.7054195777" lon="106.512736911">
        <ele>197.6</ele>
        <time>2026-08-30T10:09:41+0800</time>
        <extensions>
          <gpxtpx:TrackPointExtension>
            <gpxtpx:hr>159</gpxtpx:hr>
            <gpxtpx:cad>83</gpxtpx:cad>
          </gpxtpx:TrackPointExtension>
        </extensions>
      </trkpt>
      <trkpt lat="29.70543609" lon="106.512740264">
        <ele>197.6</ele>
        <time>2026-08-30T10:09:42+0800</time>
        <extensions>
          <gpxtpx:TrackPointExtension>
            <gpxtpx:hr>159</gpxtpx:hr>
            <gpxtpx:cad>83</gpxtpx:cad>
          </gpxtpx:TrackPointExtension>
        </extensions>
      </trkpt>
      <trkpt lat="29.7054545302" lon="106.512736157">
        <ele>197.4</ele>
        <time>2026-08-30T10:09:43+0800</time>
        <extensions>
          <gpxtpx:TrackPointExtension>
            <gpxtpx:hr>159</gpxtpx:hr>
            <gpxtpx:cad>82</gpxtpx:cad>
          </gpxtpx:TrackPointExtension>
        </extensions>
      </trkpt>
      <trkpt lat="29.7054714616" lon="106.512736743">
        <ele>197.4</ele>
        <time>2026-08-30T10:09:44+0800</time>
        <extensions>
          <gpxtpx:TrackPointExtension>
            <gpxtpx:hr>159</gpxtpx:hr>
            <gpxtpx:cad>82</gpxtpx:cad>
          </gpxtpx:TrackPointExtension>
        </extensions>
      </trkpt>
      <trkpt lat="29.7054832801" lon="106.512735905">
        <ele>197.6</ele>
        <time>2026-08-30T10:09:45+0800</time>
        <extensions>
          <gpxtpx:TrackPointExtension>
            <gpxtpx:hr>159</gpxtpx:hr>
            <gpxtpx:cad>82</gpxtpx:cad>
          </gpxtpx:TrackPointExtension>
        </extensions>
      </trkpt>
      <trkpt lat="29.7055028938" lon="106.512734229">
        <ele>197.6</ele>
        <time>2026-08-30T10:09:46+0800</time>
        <extensions>
          <gpxtpx:TrackPointExtension>
            <gpxtpx:hr>160</gpxtpx:hr>
            <gpxtpx:cad>82</gpxtpx:cad>
          </gpxtpx:TrackPointExtension>
        </extensions>
      </trkpt>
      <trkpt lat="29.705518065" lon="106.512735318">
        <ele>197.6</ele>
        <time>2026-08-30T10:09:47+0800</time>
        <extensions>
          <gpxtpx:TrackPointExtension>
            <gpxtpx:hr>159</gpxtpx:hr>
            <gpxtpx:cad>82</gpxtpx:cad>
          </gpxtpx:TrackPointExtension>
        </extensions>
      </trkpt>
      <trkpt lat="29.7055297159" lon="106.512734061">
        <ele>197.6</ele>
        <time>2026-08-30T10:09:48+0800</time>
        <extensions>
          <gpxtpx:TrackPointExtension>
            <gpxtpx:hr>159</gpxtpx:hr>
            <gpxtpx:cad>82</gpxtpx:cad>
          </gpxtpx:TrackPointExtension>
        </extensions>
      </trkpt>
      <trkpt lat="29.7055453062" lon="106.512733139">
        <ele>197.6</ele>
        <time>2026-08-30T10:09:49+0800</time>
        <extensions>
          <gpxtpx:TrackPointExtension>
            <gpxtpx:hr>159</gpxtpx:hr>
            <gpxtpx:cad>82</gpxtpx:cad>
          </gpxtpx:TrackPointExtension>
        </extensions>
      </trkpt>
      <trkpt lat="29.7055593878" lon="106.512735654">
        <ele>197.6</ele>
        <time>2026-08-30T10:09:50+0800</time>
        <extensions>
          <gpxtpx:TrackPointExtension>
            <gpxtpx:hr>160</gpxtpx:hr>
            <gpxtpx:cad>82</gpxtpx:cad>
          </gpxtpx:TrackPointExtension>
        </extensions>
      </trkpt>
      <trkpt lat="29.7055726312" lon="106.512734396">
        <ele>197.6</ele>
        <time>2026-08-30T10:09:51+0800</time>
        <extensions>
          <gpxtpx:TrackPointExtension>
            <gpxtpx:hr>159</gpxtpx:hr>
            <gpxtpx:cad>82</gpxtpx:cad>
          </gpxtpx:TrackPointExtension>
        </extensions>
      </trkpt>
      <trkpt lat="29.7055865452" lon="106.512734313">
        <ele>197.6</ele>
        <time>2026-08-30T10:09:52+0800</time>
        <extensions>
          <gpxtpx:TrackPointExtension>
            <gpxtpx:hr>159</gpxtpx:hr>
            <gpxtpx:cad>82</gpxtpx:cad>
          </gpxtpx:TrackPointExtension>
        </extensions>
      </trkpt>
      <trkpt lat="29.7055996209" lon="106.512731295">
        <ele>197.6</ele>
        <time>2026-08-30T10:09:53+0800</time>
        <extensions>
          <gpxtpx:TrackPointExtension>
            <gpxtpx:hr>160</gpxtpx:hr>
            <gpxtpx:cad>82</gpxtpx:cad>
          </gpxtpx:TrackPointExtension>
        </extensions>
      </trkpt>
      <trkpt lat="29.7056144569" lon="106.512727942">
        <ele>197.6</ele>
        <time>2026-08-30T10:09:54+0800</time>
        <extensions>
          <gpxtpx:TrackPointExtension>
            <gpxtpx:hr>160</gpxtpx:hr>
            <gpxtpx:cad>82</gpxtpx:cad>
          </gpxtpx:TrackPointExtension>
        </extensions>
      </trkpt>
      <trkpt lat="29.7056284547" lon="106.512726936">
        <ele>197.8</ele>
        <time>2026-08-30T10:09:55+0800</time>
        <extensions>
          <gpxtpx:TrackPointExtension>
            <gpxtpx:hr>160</gpxtpx:hr>
            <gpxtpx:cad>82</gpxtpx:cad>
          </gpxtpx:TrackPointExtension>
        </extensions>
      </trkpt>
      <trkpt lat="29.705657959" lon="106.512722075">
        <ele>197.8</ele>
        <time>2026-08-30T10:09:56+0800</time>
        <extensions>
          <gpxtpx:TrackPointExtension>
            <gpxtpx:hr>160</gpxtpx:hr>
            <gpxtpx:cad>83</gpxtpx:cad>
          </gpxtpx:TrackPointExtension>
        </extensions>
      </trkpt>
      <trkpt lat="29.7056720406" lon="106.512723416">
        <ele>197.8</ele>
        <time>2026-08-30T10:09:58+0800</time>
        <extensions>
          <gpxtpx:TrackPointExtension>
            <gpxtpx:hr>160</gpxtpx:hr>
            <gpxtpx:cad>82</gpxtpx:cad>
          </gpxtpx:TrackPointExtension>
        </extensions>
      </trkpt>
      <trkpt lat="29.7056873795" lon="106.512720231">
        <ele>197.8</ele>
        <time>2026-08-30T10:09:59+0800</time>
        <extensions>
          <gpxtpx:TrackPointExtension>
            <gpxtpx:hr>160</gpxtpx:hr>
            <gpxtpx:cad>82</gpxtpx:cad>
          </gpxtpx:TrackPointExtension>
        </extensions>
      </trkpt>
      <trkpt lat="29.7057072446" lon="106.512719058">
        <ele>197.8</ele>
        <time>2026-08-30T10:10:00+0800</time>
        <extensions>
          <gpxtpx:TrackPointExtension>
            <gpxtpx:hr>160</gpxtpx:hr>
            <gpxtpx:cad>81</gpxtpx:cad>
          </gpxtpx:TrackPointExtension>
        </extensions>
      </trkpt>
      <trkpt lat="29.7057221644" lon="106.512717549">
        <ele>197.8</ele>
        <time>2026-08-30T10:10:01+0800</time>
        <extensions>
          <gpxtpx:TrackPointExtension>
            <gpxtpx:hr>160</gpxtpx:hr>
            <gpxtpx:cad>81</gpxtpx:cad>
          </gpxtpx:TrackPointExtension>
        </extensions>
      </trkpt>
      <trkpt lat="29.705740856" lon="106.512712855">
        <ele>197.6</ele>
        <time>2026-08-30T10:10:02+0800</time>
        <extensions>
          <gpxtpx:TrackPointExtension>
            <gpxtpx:hr>160</gpxtpx:hr>
            <gpxtpx:cad>81</gpxtpx:cad>
          </gpxtpx:TrackPointExtension>
        </extensions>
      </trkpt>
      <trkpt lat="29.7057577875" lon="106.512711346">
        <ele>197.6</ele>
        <time>2026-08-30T10:10:03+0800</time>
        <extensions>
          <gpxtpx:TrackPointExtension>
            <gpxtpx:hr>160</gpxtpx:hr>
            <gpxtpx:cad>81</gpxtpx:cad>
          </gpxtpx:TrackPointExtension>
        </extensions>
      </trkpt>
      <trkpt lat="29.7057721205" lon="106.512711095">
        <ele>197.6</ele>
        <time>2026-08-30T10:10:04+0800</time>
        <extensions>
          <gpxtpx:TrackPointExtension>
            <gpxtpx:hr>160</gpxtpx:hr>
            <gpxtpx:cad>81</gpxtpx:cad>
          </gpxtpx:TrackPointExtension>
        </extensions>
      </trkpt>
      <trkpt lat="29.7057942487" lon="106.512704892">
        <ele>197.4</ele>
        <time>2026-08-30T10:10:05+0800</time>
        <extensions>
          <gpxtpx:TrackPointExtension>
            <gpxtpx:hr>160</gpxtpx:hr>
            <gpxtpx:cad>82</gpxtpx:cad>
          </gpxtpx:TrackPointExtension>
        </extensions>
      </trkpt>
      <trkpt lat="29.7058108449" lon="106.512705982">
        <ele>197.4</ele>
        <time>2026-08-30T10:10:06+0800</time>
        <extensions>
          <gpxtpx:TrackPointExtension>
            <gpxtpx:hr>160</gpxtpx:hr>
            <gpxtpx:cad>82</gpxtpx:cad>
          </gpxtpx:TrackPointExtension>
        </extensions>
      </trkpt>
      <trkpt lat="29.7058232501" lon="106.512701288">
        <ele>197.4</ele>
        <time>2026-08-30T10:10:07+0800</time>
        <extensions>
          <gpxtpx:TrackPointExtension>
            <gpxtpx:hr>160</gpxtpx:hr>
            <gpxtpx:cad>82</gpxtpx:cad>
          </gpxtpx:TrackPointExtension>
        </extensions>
      </trkpt>
      <trkpt lat="29.7058421094" lon="106.512698438">
        <ele>197.2</ele>
        <time>2026-08-30T10:10:08+0800</time>
        <extensions>
          <gpxtpx:TrackPointExtension>
            <gpxtpx:hr>160</gpxtpx:hr>
            <gpxtpx:cad>81</gpxtpx:cad>
          </gpxtpx:TrackPointExtension>
        </extensions>
      </trkpt>
      <trkpt lat="29.7058597114" lon="106.512697767">
        <ele>197.2</ele>
        <time>2026-08-30T10:10:09+0800</time>
        <extensions>
          <gpxtpx:TrackPointExtension>
            <gpxtpx:hr>160</gpxtpx:hr>
            <gpxtpx:cad>82</gpxtpx:cad>
          </gpxtpx:TrackPointExtension>
        </extensions>
      </trkpt>
      <trkpt lat="29.7058772296" lon="106.512692403">
        <ele>197.2</ele>
        <time>2026-08-30T10:10:10+0800</time>
        <extensions>
          <gpxtpx:TrackPointExtension>
            <gpxtpx:hr>161</gpxtpx:hr>
            <gpxtpx:cad>82</gpxtpx:cad>
          </gpxtpx:TrackPointExtension>
        </extensions>
      </trkpt>
      <trkpt lat="29.7058957536" lon="106.512690894">
        <ele>197.2</ele>
        <time>2026-08-30T10:10:11+0800</time>
        <extensions>
          <gpxtpx:TrackPointExtension>
            <gpxtpx:hr>161</gpxtpx:hr>
            <gpxtpx:cad>82</gpxtpx:cad>
          </gpxtpx:TrackPointExtension>
        </extensions>
      </trkpt>
      <trkpt lat="29.7059105057" lon="106.512686117">
        <ele>197.2</ele>
        <time>2026-08-30T10:10:12+0800</time>
        <extensions>
          <gpxtpx:TrackPointExtension>
            <gpxtpx:hr>161</gpxtpx:hr>
            <gpxtpx:cad>82</gpxtpx:cad>
          </gpxtpx:TrackPointExtension>
        </extensions>
      </trkpt>
      <trkpt lat="29.7059308738" lon="106.512681004">
        <ele>197.4</ele>
        <time>2026-08-30T10:10:13+0800</time>
        <extensions>
          <gpxtpx:TrackPointExtension>
            <gpxtpx:hr>160</gpxtpx:hr>
            <gpxtpx:cad>82</gpxtpx:cad>
          </gpxtpx:TrackPointExtension>
        </extensions>
      </trkpt>
      <trkpt lat="29.7059467994" lon="106.512679411">
        <ele>197.4</ele>
        <time>2026-08-30T10:10:14+0800</time>
        <extensions>
          <gpxtpx:TrackPointExtension>
            <gpxtpx:hr>161</gpxtpx:hr>
            <gpxtpx:cad>82</gpxtpx:cad>
          </gpxtpx:TrackPointExtension>
        </extensions>
      </trkpt>
      <trkpt lat="29.7059632279" lon="106.512674214">
        <ele>197.2</ele>
        <time>2026-08-30T10:10:15+0800</time>
        <extensions>
          <gpxtpx:TrackPointExtension>
            <gpxtpx:hr>161</gpxtpx:hr>
            <gpxtpx:cad>82</gpxtpx:cad>
          </gpxtpx:TrackPointExtension>
        </extensions>
      </trkpt>
      <trkpt lat="29.7059833445" lon="106.51266885">
        <ele>197.2</ele>
        <time>2026-08-30T10:10:16+0800</time>
        <extensions>
          <gpxtpx:TrackPointExtension>
            <gpxtpx:hr>160</gpxtpx:hr>
            <gpxtpx:cad>82</gpxtpx:cad>
          </gpxtpx:TrackPointExtension>
        </extensions>
      </trkpt>
      <trkpt lat="29.7059996892" lon="106.51266139">
        <ele>197.2</ele>
        <time>2026-08-30T10:10:17+0800</time>
        <extensions>
          <gpxtpx:TrackPointExtension>
            <gpxtpx:hr>161</gpxtpx:hr>
            <gpxtpx:cad>82</gpxtpx:cad>
          </gpxtpx:TrackPointExtension>
        </extensions>
      </trkpt>
      <trkpt lat="29.706017375" lon="106.512650242">
        <ele>197.4</ele>
        <time>2026-08-30T10:10:18+0800</time>
        <extensions>
          <gpxtpx:TrackPointExtension>
            <gpxtpx:hr>161</gpxtpx:hr>
            <gpxtpx:cad>82</gpxtpx:cad>
          </gpxtpx:TrackPointExtension>
        </extensions>
      </trkpt>
      <trkpt lat="29.706035899" lon="106.512638256">
        <ele>197.4</ele>
        <time>2026-08-30T10:10:19+0800</time>
        <extensions>
          <gpxtpx:TrackPointExtension>
            <gpxtpx:hr>161</gpxtpx:hr>
            <gpxtpx:cad>82</gpxtpx:cad>
          </gpxtpx:TrackPointExtension>
        </extensions>
      </trkpt>
      <trkpt lat="29.7060478851" lon="106.51263088">
        <ele>197.4</ele>
        <time>2026-08-30T10:10:20+0800</time>
        <extensions>
          <gpxtpx:TrackPointExtension>
            <gpxtpx:hr>160</gpxtpx:hr>
            <gpxtpx:cad>82</gpxtpx:cad>
          </gpxtpx:TrackPointExtension>
        </extensions>
      </trkpt>
      <trkpt lat="29.7060626373" lon="106.51261487">
        <ele>197.4</ele>
        <time>2026-08-30T10:10:21+0800</time>
        <extensions>
          <gpxtpx:TrackPointExtension>
            <gpxtpx:hr>161</gpxtpx:hr>
            <gpxtpx:cad>82</gpxtpx:cad>
          </gpxtpx:TrackPointExtension>
        </extensions>
      </trkpt>
      <trkpt lat="29.7060713544" lon="106.512605986">
        <ele>197.4</ele>
        <time>2026-08-30T10:10:22+0800</time>
        <extensions>
          <gpxtpx:TrackPointExtension>
            <gpxtpx:hr>161</gpxtpx:hr>
            <gpxtpx:cad>82</gpxtpx:cad>
          </gpxtpx:TrackPointExtension>
        </extensions>
      </trkpt>
      <trkpt lat="29.7060792334" lon="106.512593664">
        <ele>197.4</ele>
        <time>2026-08-30T10:10:23+0800</time>
        <extensions>
          <gpxtpx:TrackPointExtension>
            <gpxtpx:hr>161</gpxtpx:hr>
            <gpxtpx:cad>82</gpxtpx:cad>
          </gpxtpx:TrackPointExtension>
        </extensions>
      </trkpt>
      <trkpt lat="29.7060889564" lon="106.512585031">
        <ele>197.4</ele>
        <time>2026-08-30T10:10:24+0800</time>
        <extensions>
          <gpxtpx:TrackPointExtension>
            <gpxtpx:hr>161</gpxtpx:hr>
            <gpxtpx:cad>82</gpxtpx:cad>
          </gpxtpx:TrackPointExtension>
        </extensions>
      </trkpt>
      <trkpt lat="29.7060965002" lon="106.512577068">
        <ele>197.6</ele>
        <time>2026-08-30T10:10:25+0800</time>
        <extensions>
          <gpxtpx:TrackPointExtension>
            <gpxtpx:hr>161</gpxtpx:hr>
            <gpxtpx:cad>82</gpxtpx:cad>
          </gpxtpx:TrackPointExtension>
        </extensions>
      </trkpt>
      <trkpt lat="29.7061125096" lon="106.512561226">
        <ele>197.6</ele>
        <time>2026-08-30T10:10:26+0800</time>
        <extensions>
          <gpxtpx:TrackPointExtension>
            <gpxtpx:hr>161</gpxtpx:hr>
            <gpxtpx:cad>82</gpxtpx:cad>
          </gpxtpx:TrackPointExtension>
        </extensions>
      </trkpt>
      <trkpt lat="29.7061250824" lon="106.512551252">
        <ele>197.6</ele>
        <time>2026-08-30T10:10:27+0800</time>
        <extensions>
          <gpxtpx:TrackPointExtension>
            <gpxtpx:hr>161</gpxtpx:hr>
            <gpxtpx:cad>82</gpxtpx:cad>
          </gpxtpx:TrackPointExtension>
        </extensions>
      </trkpt>
      <trkpt lat="29.7061353084" lon="106.512539769">
        <ele>197.6</ele>
        <time>2026-08-30T10:10:28+0800</time>
        <extensions>
          <gpxtpx:TrackPointExtension>
            <gpxtpx:hr>161</gpxtpx:hr>
            <gpxtpx:cad>82</gpxtpx:cad>
          </gpxtpx:TrackPointExtension>
        </extensions>
      </trkpt>
      <trkpt lat="29.7061507311" lon="106.512526693">
        <ele>197.6</ele>
        <time>2026-08-30T10:10:29+0800</time>
        <extensions>
          <gpxtpx:TrackPointExtension>
            <gpxtpx:hr>161</gpxtpx:hr>
            <gpxtpx:cad>82</gpxtpx:cad>
          </gpxtpx:TrackPointExtension>
        </extensions>
      </trkpt>
      <trkpt lat="29.7061581071" lon="106.512516635">
        <ele>197.6</ele>
        <time>2026-08-30T10:10:30+0800</time>
        <extensions>
          <gpxtpx:TrackPointExtension>
            <gpxtpx:hr>161</gpxtpx:hr>
            <gpxtpx:cad>83</gpxtpx:cad>
          </gpxtpx:TrackPointExtension>
        </extensions>
      </trkpt>
      <trkpt lat="29.7061700094" lon="106.51250096">
        <ele>197.8</ele>
        <time>2026-08-30T10:10:31+0800</time>
        <extensions>
          <gpxtpx:TrackPointExtension>
            <gpxtpx:hr>161</gpxtpx:hr>
            <gpxtpx:cad>83</gpxtpx:cad>
          </gpxtpx:TrackPointExtension>
        </extensions>
      </trkpt>
      <trkpt lat="29.7061800677" lon="106.512490232">
        <ele>197.8</ele>
        <time>2026-08-30T10:10:32+0800</time>
        <extensions>
          <gpxtpx:TrackPointExtension>
            <gpxtpx:hr>161</gpxtpx:hr>
            <gpxtpx:cad>83</gpxtpx:cad>
          </gpxtpx:TrackPointExtension>
        </extensions>
      </trkpt>
      <trkpt lat="29.706189204" lon="106.512480592">
        <ele>198.0</ele>
        <time>2026-08-30T10:10:33+0800</time>
        <extensions>
          <gpxtpx:TrackPointExtension>
            <gpxtpx:hr>161</gpxtpx:hr>
            <gpxtpx:cad>83</gpxtpx:cad>
          </gpxtpx:TrackPointExtension>
        </extensions>
      </trkpt>
      <trkpt lat="29.7062042914" lon="106.512469444">
        <ele>198.0</ele>
        <time>2026-08-30T10:10:34+0800</time>
        <extensions>
          <gpxtpx:TrackPointExtension>
            <gpxtpx:hr>161</gpxtpx:hr>
            <gpxtpx:cad>83</gpxtpx:cad>
          </gpxtpx:TrackPointExtension>
        </extensions>
      </trkpt>
      <trkpt lat="29.7062149365" lon="106.512462907">
        <ele>198.0</ele>
        <time>2026-08-30T10:10:35+0800</time>
        <extensions>
          <gpxtpx:TrackPointExtension>
            <gpxtpx:hr>160</gpxtpx:hr>
            <gpxtpx:cad>83</gpxtpx:cad>
          </gpxtpx:TrackPointExtension>
        </extensions>
      </trkpt>
      <trkpt lat="29.7062283475" lon="106.512452345">
        <ele>198.2</ele>
        <time>2026-08-30T10:10:36+0800</time>
        <extensions>
          <gpxtpx:TrackPointExtension>
            <gpxtpx:hr>160</gpxtpx:hr>
            <gpxtpx:cad>83</gpxtpx:cad>
          </gpxtpx:TrackPointExtension>
        </extensions>
      </trkpt>
      <trkpt lat="29.7062431835" lon="106.512445472">
        <ele>198.2</ele>
        <time>2026-08-30T10:10:37+0800</time>
        <extensions>
          <gpxtpx:TrackPointExtension>
            <gpxtpx:hr>160</gpxtpx:hr>
            <gpxtpx:cad>82</gpxtpx:cad>
          </gpxtpx:TrackPointExtension>
        </extensions>
      </trkpt>
      <trkpt lat="29.7062553372" lon="106.512438264">
        <ele>198.4</ele>
        <time>2026-08-30T10:10:38+0800</time>
        <extensions>
          <gpxtpx:TrackPointExtension>
            <gpxtpx:hr>161</gpxtpx:hr>
            <gpxtpx:cad>82</gpxtpx:cad>
          </gpxtpx:TrackPointExtension>
        </extensions>
      </trkpt>
      <trkpt lat="29.7062758729" lon="106.512428457">
        <ele>198.4</ele>
        <time>2026-08-30T10:10:39+0800</time>
        <extensions>
          <gpxtpx:TrackPointExtension>
            <gpxtpx:hr>160</gpxtpx:hr>
            <gpxtpx:cad>82</gpxtpx:cad>
          </gpxtpx:TrackPointExtension>
        </extensions>
      </trkpt>
      <trkpt lat="29.70629205" lon="106.51242435">
        <ele>198.4</ele>
        <time>2026-08-30T10:10:40+0800</time>
        <extensions>
          <gpxtpx:TrackPointExtension>
            <gpxtpx:hr>161</gpxtpx:hr>
            <gpxtpx:cad>82</gpxtpx:cad>
          </gpxtpx:TrackPointExtension>
        </extensions>
      </trkpt>
      <trkpt lat="29.706309149" lon="106.512419907">
        <ele>198.4</ele>
        <time>2026-08-30T10:10:41+0800</time>
        <extensions>
          <gpxtpx:TrackPointExtension>
            <gpxtpx:hr>161</gpxtpx:hr>
            <gpxtpx:cad>82</gpxtpx:cad>
          </gpxtpx:TrackPointExtension>
        </extensions>
      </trkpt>
      <trkpt lat="29.7063288465" lon="106.512415716">
        <ele>198.4</ele>
        <time>2026-08-30T10:10:42+0800</time>
        <extensions>
          <gpxtpx:TrackPointExtension>
            <gpxtpx:hr>161</gpxtpx:hr>
            <gpxtpx:cad>83</gpxtpx:cad>
          </gpxtpx:TrackPointExtension>
        </extensions>
      </trkpt>
      <trkpt lat="29.706342509" lon="106.512413202">
        <ele>198.6</ele>
        <time>2026-08-30T10:10:43+0800</time>
        <extensions>
          <gpxtpx:TrackPointExtension>
            <gpxtpx:hr>161</gpxtpx:hr>
            <gpxtpx:cad>83</gpxtpx:cad>
          </gpxtpx:TrackPointExtension>
        </extensions>
      </trkpt>
      <trkpt lat="29.7063643858" lon="106.512408508">
        <ele>198.6</ele>
        <time>2026-08-30T10:10:44+0800</time>
        <extensions>
          <gpxtpx:TrackPointExtension>
            <gpxtpx:hr>160</gpxtpx:hr>
            <gpxtpx:cad>83</gpxtpx:cad>
          </gpxtpx:TrackPointExtension>
        </extensions>
      </trkpt>
      <trkpt lat="29.7063834127" lon="106.512405658">
        <ele>198.6</ele>
        <time>2026-08-30T10:10:45+0800</time>
        <extensions>
          <gpxtpx:TrackPointExtension>
            <gpxtpx:hr>161</gpxtpx:hr>
            <gpxtpx:cad>83</gpxtpx:cad>
          </gpxtpx:TrackPointExtension>
        </extensions>
      </trkpt>
      <trkpt lat="29.7063986678" lon="106.512398617">
        <ele>198.6</ele>
        <time>2026-08-30T10:10:46+0800</time>
        <extensions>
          <gpxtpx:TrackPointExtension>
            <gpxtpx:hr>161</gpxtpx:hr>
            <gpxtpx:cad>83</gpxtpx:cad>
          </gpxtpx:TrackPointExtension>
        </extensions>
      </trkpt>
      <trkpt lat="29.7064192872" lon="106.512394929">
        <ele>198.6</ele>
        <time>2026-08-30T10:10:47+0800</time>
        <extensions>
          <gpxtpx:TrackPointExtension>
            <gpxtpx:hr>161</gpxtpx:hr>
            <gpxtpx:cad>83</gpxtpx:cad>
          </gpxtpx:TrackPointExtension>
        </extensions>
      </trkpt>
      <trkpt lat="29.7064339556" lon="106.512392079">
        <ele>198.6</ele>
        <time>2026-08-30T10:10:48+0800</time>
        <extensions>
          <gpxtpx:TrackPointExtension>
            <gpxtpx:hr>161</gpxtpx:hr>
            <gpxtpx:cad>83</gpxtpx:cad>
          </gpxtpx:TrackPointExtension>
        </extensions>
      </trkpt>
      <trkpt lat="29.7064571735" lon="106.512386212">
        <ele>198.4</ele>
        <time>2026-08-30T10:10:49+0800</time>
        <extensions>
          <gpxtpx:TrackPointExtension>
            <gpxtpx:hr>161</gpxtpx:hr>
            <gpxtpx:cad>83</gpxtpx:cad>
          </gpxtpx:TrackPointExtension>
        </extensions>
      </trkpt>
      <trkpt lat="29.7064740211" lon="106.51238462">
        <ele>198.4</ele>
        <time>2026-08-30T10:10:50+0800</time>
        <extensions>
          <gpxtpx:TrackPointExtension>
            <gpxtpx:hr>161</gpxtpx:hr>
            <gpxtpx:cad>84</gpxtpx:cad>
          </gpxtpx:TrackPointExtension>
        </extensions>
      </trkpt>
      <trkpt lat="29.7064806428" lon="106.512383195">
        <ele>198.6</ele>
        <time>2026-08-30T10:10:51+0800</time>
        <extensions>
          <gpxtpx:TrackPointExtension>
            <gpxtpx:hr>161</gpxtpx:hr>
            <gpxtpx:cad>84</gpxtpx:cad>
          </gpxtpx:TrackPointExtension>
        </extensions>
      </trkpt>
      <trkpt lat="29.7064653877" lon="106.51238638">
        <ele>198.8</ele>
        <time>2026-08-30T10:10:53+0800</time>
        <extensions>
          <gpxtpx:TrackPointExtension>
            <gpxtpx:hr>161</gpxtpx:hr>
            <gpxtpx:cad>41</gpxtpx:cad>
          </gpxtpx:TrackPointExtension>
        </extensions>
      </trkpt>
      <trkpt lat="29.7064575087" lon="106.51239384">
        <ele>198.8</ele>
        <time>2026-08-30T10:10:54+0800</time>
        <extensions>
          <gpxtpx:TrackPointExtension>
            <gpxtpx:hr>161</gpxtpx:hr>
            <gpxtpx:cad>0</gpxtpx:cad>
          </gpxtpx:TrackPointExtension>
        </extensions>
      </trkpt>
      <trkpt lat="29.7064425889" lon="106.512401048">
        <ele>198.8</ele>
        <time>2026-08-30T10:10:55+0800</time>
        <extensions>
          <gpxtpx:TrackPointExtension>
            <gpxtpx:hr>161</gpxtpx:hr>
            <gpxtpx:cad>0</gpxtpx:cad>
          </gpxtpx:TrackPointExtension>
        </extensions>
      </trkpt>
      <trkpt lat="29.7064319439" lon="106.512407921">
        <ele>198.8</ele>
        <time>2026-08-30T10:10:56+0800</time>
        <extensions>
          <gpxtpx:TrackPointExtension>
            <gpxtpx:hr>161</gpxtpx:hr>
            <gpxtpx:cad>0</gpxtpx:cad>
          </gpxtpx:TrackPointExtension>
        </extensions>
      </trkpt>
      <trkpt lat="29.7064252384" lon="106.512413621">
        <ele>198.8</ele>
        <time>2026-08-30T10:10:57+0800</time>
        <extensions>
          <gpxtpx:TrackPointExtension>
            <gpxtpx:hr>161</gpxtpx:hr>
            <gpxtpx:cad>0</gpxtpx:cad>
          </gpxtpx:TrackPointExtension>
        </extensions>
      </trkpt>
      <trkpt lat="29.70641803" lon="106.512415884">
        <ele>198.6</ele>
        <time>2026-08-30T10:10:58+0800</time>
        <extensions>
          <gpxtpx:TrackPointExtension>
            <gpxtpx:hr>162</gpxtpx:hr>
            <gpxtpx:cad>0</gpxtpx:cad>
          </gpxtpx:TrackPointExtension>
        </extensions>
      </trkpt>
      <trkpt lat="29.7064097319" lon="106.512417141">
        <ele>198.8</ele>
        <time>2026-08-30T10:10:59+0800</time>
        <extensions>
          <gpxtpx:TrackPointExtension>
            <gpxtpx:hr>161</gpxtpx:hr>
            <gpxtpx:cad>0</gpxtpx:cad>
          </gpxtpx:TrackPointExtension>
        </extensions>
      </trkpt>
      <trkpt lat="29.7064054571" lon="106.512413621">
        <ele>198.8</ele>
        <time>2026-08-30T10:11:00+0800</time>
        <extensions>
          <gpxtpx:TrackPointExtension>
            <gpxtpx:hr>161</gpxtpx:hr>
            <gpxtpx:cad>0</gpxtpx:cad>
          </gpxtpx:TrackPointExtension>
        </extensions>
      </trkpt>
      <trkpt lat="29.7064026073" lon="106.512410268">
        <ele>199.0</ele>
        <time>2026-08-30T10:11:01+0800</time>
        <extensions>
          <gpxtpx:TrackPointExtension>
            <gpxtpx:hr>161</gpxtpx:hr>
            <gpxtpx:cad>0</gpxtpx:cad>
          </gpxtpx:TrackPointExtension>
        </extensions>
      </trkpt>
      <trkpt lat="29.7064109892" lon="106.512401048">
        <ele>199.0</ele>
        <time>2026-08-30T10:11:03+0800</time>
        <extensions>
          <gpxtpx:TrackPointExtension>
            <gpxtpx:hr>162</gpxtpx:hr>
            <gpxtpx:cad>0</gpxtpx:cad>
          </gpxtpx:TrackPointExtension>
        </extensions>
      </trkpt>
      <trkpt lat="29.7064201254" lon="106.512399372">
        <ele>199.0</ele>
        <time>2026-08-30T10:11:04+0800</time>
        <extensions>
          <gpxtpx:TrackPointExtension>
            <gpxtpx:hr>162</gpxtpx:hr>
            <gpxtpx:cad>0</gpxtpx:cad>
          </gpxtpx:TrackPointExtension>
        </extensions>
      </trkpt>
      <trkpt lat="29.706429597" lon="106.512393588">
        <ele>198.8</ele>
        <time>2026-08-30T10:11:05+0800</time>
        <extensions>
          <gpxtpx:TrackPointExtension>
            <gpxtpx:hr>162</gpxtpx:hr>
            <gpxtpx:cad>0</gpxtpx:cad>
          </gpxtpx:TrackPointExtension>
        </extensions>
      </trkpt>
      <trkpt lat="29.7064416669" lon="106.512393085">
        <ele>198.8</ele>
        <time>2026-08-30T10:11:06+0800</time>
        <extensions>
          <gpxtpx:TrackPointExtension>
            <gpxtpx:hr>161</gpxtpx:hr>
            <gpxtpx:cad>0</gpxtpx:cad>
          </gpxtpx:TrackPointExtension>
        </extensions>
      </trkpt>
      <trkpt lat="29.7064504679" lon="106.512389397">
        <ele>198.8</ele>
        <time>2026-08-30T10:11:07+0800</time>
        <extensions>
          <gpxtpx:TrackPointExtension>
            <gpxtpx:hr>161</gpxtpx:hr>
            <gpxtpx:cad>0</gpxtpx:cad>
          </gpxtpx:TrackPointExtension>
        </extensions>
      </trkpt>
      <trkpt lat="29.7064656392" lon="106.512387386">
        <ele>198.8</ele>
        <time>2026-08-30T10:11:08+0800</time>
        <extensions>
          <gpxtpx:TrackPointExtension>
            <gpxtpx:hr>160</gpxtpx:hr>
            <gpxtpx:cad>0</gpxtpx:cad>
          </gpxtpx:TrackPointExtension>
        </extensions>
      </trkpt>
      <trkpt lat="29.7064797208" lon="106.512387805">
        <ele>198.8</ele>
        <time>2026-08-30T10:11:09+0800</time>
        <extensions>
          <gpxtpx:TrackPointExtension>
            <gpxtpx:hr>159</gpxtpx:hr>
            <gpxtpx:cad>0</gpxtpx:cad>
          </gpxtpx:TrackPointExtension>
        </extensions>
      </trkpt>
      <trkpt lat="29.7064943891" lon="106.512383111">
        <ele>198.8</ele>
        <time>2026-08-30T10:11:10+0800</time>
        <extensions>
          <gpxtpx:TrackPointExtension>
            <gpxtpx:hr>158</gpxtpx:hr>
            <gpxtpx:cad>0</gpxtpx:cad>
          </gpxtpx:TrackPointExtension>
        </extensions>
      </trkpt>
      <trkpt lat="29.7064910363" lon="106.5123842">
        <ele>198.8</ele>
        <time>2026-08-30T10:11:11+0800</time>
        <extensions>
          <gpxtpx:TrackPointExtension>
            <gpxtpx:hr>157</gpxtpx:hr>
            <gpxtpx:cad>0</gpxtpx:cad>
          </gpxtpx:TrackPointExtension>
        </extensions>
      </trkpt>
      <trkpt lat="29.7064855881" lon="106.512382859">
        <ele>198.8</ele>
        <time>2026-08-30T10:11:12+0800</time>
        <extensions>
          <gpxtpx:TrackPointExtension>
            <gpxtpx:hr>157</gpxtpx:hr>
            <gpxtpx:cad>80</gpxtpx:cad>
          </gpxtpx:TrackPointExtension>
        </extensions>
      </trkpt>
      <trkpt lat="29.7064820677" lon="106.512384284">
        <ele>198.8</ele>
        <time>2026-08-30T10:11:13+0800</time>
        <extensions>
          <gpxtpx:TrackPointExtension>
            <gpxtpx:hr>158</gpxtpx:hr>
            <gpxtpx:cad>80</gpxtpx:cad>
          </gpxtpx:TrackPointExtension>
        </extensions>
      </trkpt>
      <trkpt lat="29.70647729" lon="106.512383278">
        <ele>198.8</ele>
        <time>2026-08-30T10:11:14+0800</time>
        <extensions>
          <gpxtpx:TrackPointExtension>
            <gpxtpx:hr>158</gpxtpx:hr>
            <gpxtpx:cad>80</gpxtpx:cad>
          </gpxtpx:TrackPointExtension>
        </extensions>
      </trkpt>
      <trkpt lat="29.7064697463" lon="106.512381099">
        <ele>198.8</ele>
        <time>2026-08-30T10:11:15+0800</time>
        <extensions>
          <gpxtpx:TrackPointExtension>
            <gpxtpx:hr>159</gpxtpx:hr>
            <gpxtpx:cad>80</gpxtpx:cad>
          </gpxtpx:TrackPointExtension>
        </extensions>
      </trkpt>
      <trkpt lat="29.7064513899" lon="106.512388643">
        <ele>198.8</ele>
        <time>2026-08-30T10:11:16+0800</time>
        <extensions>
          <gpxtpx:TrackPointExtension>
            <gpxtpx:hr>160</gpxtpx:hr>
            <gpxtpx:cad>80</gpxtpx:cad>
          </gpxtpx:TrackPointExtension>
        </extensions>
      </trkpt>
      <trkpt lat="29.7064390685" lon="106.512392247">
        <ele>198.8</ele>
        <time>2026-08-30T10:11:17+0800</time>
        <extensions>
          <gpxtpx:TrackPointExtension>
            <gpxtpx:hr>160</gpxtpx:hr>
            <gpxtpx:cad>80</gpxtpx:cad>
          </gpxtpx:TrackPointExtension>
        </extensions>
      </trkpt>
      <trkpt lat="29.7064300161" lon="106.512399707">
        <ele>198.8</ele>
        <time>2026-08-30T10:11:18+0800</time>
        <extensions>
          <gpxtpx:TrackPointExtension>
            <gpxtpx:hr>160</gpxtpx:hr>
            <gpxtpx:cad>80</gpxtpx:cad>
          </gpxtpx:TrackPointExtension>
        </extensions>
      </trkpt>
      <trkpt lat="29.7064240649" lon="106.512400545">
        <ele>198.8</ele>
        <time>2026-08-30T10:11:19+0800</time>
        <extensions>
          <gpxtpx:TrackPointExtension>
            <gpxtpx:hr>160</gpxtpx:hr>
            <gpxtpx:cad>80</gpxtpx:cad>
          </gpxtpx:TrackPointExtension>
        </extensions>
      </trkpt>
      <trkpt lat="29.7064185329" lon="106.512402473">
        <ele>198.8</ele>
        <time>2026-08-30T10:11:20+0800</time>
        <extensions>
          <gpxtpx:TrackPointExtension>
            <gpxtpx:hr>162</gpxtpx:hr>
            <gpxtpx:cad>80</gpxtpx:cad>
          </gpxtpx:TrackPointExtension>
        </extensions>
      </trkpt>
      <trkpt lat="29.7064064629" lon="106.512406832">
        <ele>199.0</ele>
        <time>2026-08-30T10:11:21+0800</time>
        <extensions>
          <gpxtpx:TrackPointExtension>
            <gpxtpx:hr>162</gpxtpx:hr>
            <gpxtpx:cad>52</gpxtpx:cad>
          </gpxtpx:TrackPointExtension>
        </extensions>
      </trkpt>
      <trkpt lat="29.7064016853" lon="106.512406999">
        <ele>199.0</ele>
        <time>2026-08-30T10:11:22+0800</time>
        <extensions>
          <gpxtpx:TrackPointExtension>
            <gpxtpx:hr>161</gpxtpx:hr>
            <gpxtpx:cad>52</gpxtpx:cad>
          </gpxtpx:TrackPointExtension>
        </extensions>
      </trkpt>
      <trkpt lat="29.7063939739" lon="106.512411358">
        <ele>199.0</ele>
        <time>2026-08-30T10:11:23+0800</time>
        <extensions>
          <gpxtpx:TrackPointExtension>
            <gpxtpx:hr>161</gpxtpx:hr>
            <gpxtpx:cad>52</gpxtpx:cad>
          </gpxtpx:TrackPointExtension>
        </extensions>
      </trkpt>
      <trkpt lat="29.7063843347" lon="106.512417812">
        <ele>198.8</ele>
        <time>2026-08-30T10:11:24+0800</time>
        <extensions>
          <gpxtpx:TrackPointExtension>
            <gpxtpx:hr>161</gpxtpx:hr>
            <gpxtpx:cad>52</gpxtpx:cad>
          </gpxtpx:TrackPointExtension>
        </extensions>
      </trkpt>
      <trkpt lat="29.7063764557" lon="106.512423847">
        <ele>198.8</ele>
        <time>2026-08-30T10:11:25+0800</time>
        <extensions>
          <gpxtpx:TrackPointExtension>
            <gpxtpx:hr>160</gpxtpx:hr>
            <gpxtpx:cad>52</gpxtpx:cad>
          </gpxtpx:TrackPointExtension>
        </extensions>
      </trkpt>
      <trkpt lat="29.7063612845" lon="106.512431558">
        <ele>198.8</ele>
        <time>2026-08-30T10:11:26+0800</time>
        <extensions>
          <gpxtpx:TrackPointExtension>
            <gpxtpx:hr>160</gpxtpx:hr>
            <gpxtpx:cad>53</gpxtpx:cad>
          </gpxtpx:TrackPointExtension>
        </extensions>
      </trkpt>
      <trkpt lat="29.7063484602" lon="106.512434995">
        <ele>198.8</ele>
        <time>2026-08-30T10:11:27+0800</time>
        <extensions>
          <gpxtpx:TrackPointExtension>
            <gpxtpx:hr>159</gpxtpx:hr>
            <gpxtpx:cad>53</gpxtpx:cad>
          </gpxtpx:TrackPointExtension>
        </extensions>
      </trkpt>
      <trkpt lat="29.7063403297" lon="106.512437928">
        <ele>199.0</ele>
        <time>2026-08-30T10:11:28+0800</time>
        <extensions>
          <gpxtpx:TrackPointExtension>
            <gpxtpx:hr>157</gpxtpx:hr>
            <gpxtpx:cad>53</gpxtpx:cad>
          </gpxtpx:TrackPointExtension>
        </extensions>
      </trkpt>
      <trkpt lat="29.7063368093" lon="106.512437677">
        <ele>199.0</ele>
        <time>2026-08-30T10:11:29+0800</time>
        <extensions>
          <gpxtpx:TrackPointExtension>
            <gpxtpx:hr>155</gpxtpx:hr>
            <gpxtpx:cad>0</gpxtpx:cad>
          </gpxtpx:TrackPointExtension>
        </extensions>
      </trkpt>
      <trkpt lat="29.7063319478" lon="106.512438599">
        <ele>199.0</ele>
        <time>2026-08-30T10:11:30+0800</time>
        <extensions>
          <gpxtpx:TrackPointExtension>
            <gpxtpx:hr>154</gpxtpx:hr>
            <gpxtpx:cad>0</gpxtpx:cad>
          </gpxtpx:TrackPointExtension>
        </extensions>
      </trkpt>
      <trkpt lat="29.7063223924" lon="106.512441868">
        <ele>199.2</ele>
        <time>2026-08-30T10:11:31+0800</time>
        <extensions>
          <gpxtpx:TrackPointExtension>
            <gpxtpx:hr>153</gpxtpx:hr>
            <gpxtpx:cad>0</gpxtpx:cad>
          </gpxtpx:TrackPointExtension>
        </extensions>
      </trkpt>
      <trkpt lat="29.7063087299" lon="106.512448657">
        <ele>199.2</ele>
        <time>2026-08-30T10:11:32+0800</time>
        <extensions>
          <gpxtpx:TrackPointExtension>
            <gpxtpx:hr>153</gpxtpx:hr>
            <gpxtpx:cad>77</gpxtpx:cad>
          </gpxtpx:TrackPointExtension>
        </extensions>
      </trkpt>
      <trkpt lat="29.7063006833" lon="106.512451591">
        <ele>199.2</ele>
        <time>2026-08-30T10:11:33+0800</time>
        <extensions>
          <gpxtpx:TrackPointExtension>
            <gpxtpx:hr>153</gpxtpx:hr>
            <gpxtpx:cad>77</gpxtpx:cad>
          </gpxtpx:TrackPointExtension>
        </extensions>
      </trkpt>
      <trkpt lat="29.7062891163" lon="106.512459554">
        <ele>199.2</ele>
        <time>2026-08-30T10:11:34+0800</time>
        <extensions>
          <gpxtpx:TrackPointExtension>
            <gpxtpx:hr>153</gpxtpx:hr>
            <gpxtpx:cad>0</gpxtpx:cad>
          </gpxtpx:TrackPointExtension>
        </extensions>
      </trkpt>
      <trkpt lat="29.7062751185" lon="106.512465924">
        <ele>199.2</ele>
        <time>2026-08-30T10:11:35+0800</time>
        <extensions>
          <gpxtpx:TrackPointExtension>
            <gpxtpx:hr>153</gpxtpx:hr>
            <gpxtpx:cad>0</gpxtpx:cad>
          </gpxtpx:TrackPointExtension>
        </extensions>
      </trkpt>
      <trkpt lat="29.7062633" lon="106.512468271">
        <ele>199.0</ele>
        <time>2026-08-30T10:11:36+0800</time>
        <extensions>
          <gpxtpx:TrackPointExtension>
            <gpxtpx:hr>153</gpxtpx:hr>
            <gpxtpx:cad>0</gpxtpx:cad>
          </gpxtpx:TrackPointExtension>
        </extensions>
      </trkpt>
      <trkpt lat="29.706251733" lon="106.512472881">
        <ele>199.0</ele>
        <time>2026-08-30T10:11:37+0800</time>
        <extensions>
          <gpxtpx:TrackPointExtension>
            <gpxtpx:hr>153</gpxtpx:hr>
            <gpxtpx:cad>78</gpxtpx:cad>
          </gpxtpx:TrackPointExtension>
        </extensions>
      </trkpt>
      <trkpt lat="29.7062388249" lon="106.512480341">
        <ele>199.0</ele>
        <time>2026-08-30T10:11:38+0800</time>
        <extensions>
          <gpxtpx:TrackPointExtension>
            <gpxtpx:hr>153</gpxtpx:hr>
            <gpxtpx:cad>79</gpxtpx:cad>
          </gpxtpx:TrackPointExtension>
        </extensions>
      </trkpt>
      <trkpt lat="29.7062255815" lon="106.512486879">
        <ele>198.8</ele>
        <time>2026-08-30T10:11:39+0800</time>
        <extensions>
          <gpxtpx:TrackPointExtension>
            <gpxtpx:hr>153</gpxtpx:hr>
            <gpxtpx:cad>79</gpxtpx:cad>
          </gpxtpx:TrackPointExtension>
        </extensions>
      </trkpt>
      <trkpt lat="29.7062176187" lon="106.512494674">
        <ele>198.8</ele>
        <time>2026-08-30T10:11:40+0800</time>
        <extensions>
          <gpxtpx:TrackPointExtension>
            <gpxtpx:hr>153</gpxtpx:hr>
            <gpxtpx:cad>79</gpxtpx:cad>
          </gpxtpx:TrackPointExtension>
        </extensions>
      </trkpt>
      <trkpt lat="29.7062073927" lon="106.512506492">
        <ele>198.8</ele>
        <time>2026-08-30T10:11:41+0800</time>
        <extensions>
          <gpxtpx:TrackPointExtension>
            <gpxtpx:hr>153</gpxtpx:hr>
            <gpxtpx:cad>81</gpxtpx:cad>
          </gpxtpx:TrackPointExtension>
        </extensions>
      </trkpt>
      <trkpt lat="29.7061973345" lon="106.512515796">
        <ele>198.6</ele>
        <time>2026-08-30T10:11:42+0800</time>
        <extensions>
          <gpxtpx:TrackPointExtension>
            <gpxtpx:hr>153</gpxtpx:hr>
            <gpxtpx:cad>81</gpxtpx:cad>
          </gpxtpx:TrackPointExtension>
        </extensions>
      </trkpt>
      <trkpt lat="29.7061900422" lon="106.51252443">
        <ele>198.6</ele>
        <time>2026-08-30T10:11:43+0800</time>
        <extensions>
          <gpxtpx:TrackPointExtension>
            <gpxtpx:hr>153</gpxtpx:hr>
            <gpxtpx:cad>80</gpxtpx:cad>
          </gpxtpx:TrackPointExtension>
        </extensions>
      </trkpt>
      <trkpt lat="29.7061757091" lon="106.512535745">
        <ele>198.6</ele>
        <time>2026-08-30T10:11:44+0800</time>
        <extensions>
          <gpxtpx:TrackPointExtension>
            <gpxtpx:hr>152</gpxtpx:hr>
            <gpxtpx:cad>79</gpxtpx:cad>
          </gpxtpx:TrackPointExtension>
        </extensions>
      </trkpt>
      <trkpt lat="29.7061651479" lon="106.512545552">
        <ele>198.6</ele>
        <time>2026-08-30T10:11:45+0800</time>
        <extensions>
          <gpxtpx:TrackPointExtension>
            <gpxtpx:hr>152</gpxtpx:hr>
            <gpxtpx:cad>79</gpxtpx:cad>
          </gpxtpx:TrackPointExtension>
        </extensions>
      </trkpt>
      <trkpt lat="29.7061565984" lon="106.512556365">
        <ele>198.4</ele>
        <time>2026-08-30T10:11:46+0800</time>
        <extensions>
          <gpxtpx:TrackPointExtension>
            <gpxtpx:hr>151</gpxtpx:hr>
            <gpxtpx:cad>80</gpxtpx:cad>
          </gpxtpx:TrackPointExtension>
        </extensions>
      </trkpt>
      <trkpt lat="29.7061419301" lon="106.51256701">
        <ele>198.4</ele>
        <time>2026-08-30T10:11:47+0800</time>
        <extensions>
          <gpxtpx:TrackPointExtension>
            <gpxtpx:hr>151</gpxtpx:hr>
            <gpxtpx:cad>81</gpxtpx:cad>
          </gpxtpx:TrackPointExtension>
        </extensions>
      </trkpt>
      <trkpt lat="29.7061295249" lon="106.51257338">
        <ele>198.4</ele>
        <time>2026-08-30T10:11:48+0800</time>
        <extensions>
          <gpxtpx:TrackPointExtension>
            <gpxtpx:hr>151</gpxtpx:hr>
            <gpxtpx:cad>81</gpxtpx:cad>
          </gpxtpx:TrackPointExtension>
        </extensions>
      </trkpt>
      <trkpt lat="29.7061205562" lon="106.512582684">
        <ele>198.2</ele>
        <time>2026-08-30T10:11:49+0800</time>
        <extensions>
          <gpxtpx:TrackPointExtension>
            <gpxtpx:hr>150</gpxtpx:hr>
            <gpxtpx:cad>81</gpxtpx:cad>
          </gpxtpx:TrackPointExtension>
        </extensions>
      </trkpt>
      <trkpt lat="29.7061056364" lon="106.512595173">
        <ele>198.2</ele>
        <time>2026-08-30T10:11:50+0800</time>
        <extensions>
          <gpxtpx:TrackPointExtension>
            <gpxtpx:hr>150</gpxtpx:hr>
            <gpxtpx:cad>80</gpxtpx:cad>
          </gpxtpx:TrackPointExtension>
        </extensions>
      </trkpt>
      <trkpt lat="29.7060939018" lon="106.512601962">
        <ele>198.2</ele>
        <time>2026-08-30T10:11:51+0800</time>
        <extensions>
          <gpxtpx:TrackPointExtension>
            <gpxtpx:hr>150</gpxtpx:hr>
            <gpxtpx:cad>80</gpxtpx:cad>
          </gpxtpx:TrackPointExtension>
        </extensions>
      </trkpt>
      <trkpt lat="29.7060841788" lon="106.5126085">
        <ele>198.2</ele>
        <time>2026-08-30T10:11:52+0800</time>
        <extensions>
          <gpxtpx:TrackPointExtension>
            <gpxtpx:hr>148</gpxtpx:hr>
            <gpxtpx:cad>79</gpxtpx:cad>
          </gpxtpx:TrackPointExtension>
        </extensions>
      </trkpt>
      <trkpt lat="29.7060698457" lon="106.512618475">
        <ele>198.2</ele>
        <time>2026-08-30T10:11:53+0800</time>
        <extensions>
          <gpxtpx:TrackPointExtension>
            <gpxtpx:hr>148</gpxtpx:hr>
            <gpxtpx:cad>79</gpxtpx:cad>
          </gpxtpx:TrackPointExtension>
        </extensions>
      </trkpt>
      <trkpt lat="29.7060639784" lon="106.512624007">
        <ele>198.2</ele>
        <time>2026-08-30T10:11:54+0800</time>
        <extensions>
          <gpxtpx:TrackPointExtension>
            <gpxtpx:hr>146</gpxtpx:hr>
            <gpxtpx:cad>79</gpxtpx:cad>
          </gpxtpx:TrackPointExtension>
        </extensions>
      </trkpt>
      <trkpt lat="29.7060554288" lon="106.512632724">
        <ele>198.0</ele>
        <time>2026-08-30T10:11:55+0800</time>
        <extensions>
          <gpxtpx:TrackPointExtension>
            <gpxtpx:hr>145</gpxtpx:hr>
            <gpxtpx:cad>80</gpxtpx:cad>
          </gpxtpx:TrackPointExtension>
        </extensions>
      </trkpt>
      <trkpt lat="29.7060445324" lon="106.512639178">
        <ele>198.0</ele>
        <time>2026-08-30T10:11:56+0800</time>
        <extensions>
          <gpxtpx:TrackPointExtension>
            <gpxtpx:hr>145</gpxtpx:hr>
            <gpxtpx:cad>81</gpxtpx:cad>
          </gpxtpx:TrackPointExtension>
        </extensions>
      </trkpt>
      <trkpt lat="29.7060370725" lon="106.512646303">
        <ele>198.0</ele>
        <time>2026-08-30T10:11:57+0800</time>
        <extensions>
          <gpxtpx:TrackPointExtension>
            <gpxtpx:hr>145</gpxtpx:hr>
            <gpxtpx:cad>81</gpxtpx:cad>
          </gpxtpx:TrackPointExtension>
        </extensions>
      </trkpt>
      <trkpt lat="29.7060282715" lon="106.512654433">
        <ele>198.0</ele>
        <time>2026-08-30T10:11:58+0800</time>
        <extensions>
          <gpxtpx:TrackPointExtension>
            <gpxtpx:hr>145</gpxtpx:hr>
            <gpxtpx:cad>81</gpxtpx:cad>
          </gpxtpx:TrackPointExtension>
        </extensions>
      </trkpt>
      <trkpt lat="29.7060195543" lon="106.512658456">
        <ele>198.0</ele>
        <time>2026-08-30T10:11:59+0800</time>
        <extensions>
          <gpxtpx:TrackPointExtension>
            <gpxtpx:hr>144</gpxtpx:hr>
            <gpxtpx:cad>81</gpxtpx:cad>
          </gpxtpx:TrackPointExtension>
        </extensions>
      </trkpt>
      <trkpt lat="29.7060118429" lon="106.512664407">
        <ele>197.8</ele>
        <time>2026-08-30T10:12:00+0800</time>
        <extensions>
          <gpxtpx:TrackPointExtension>
            <gpxtpx:hr>145</gpxtpx:hr>
            <gpxtpx:cad>80</gpxtpx:cad>
          </gpxtpx:TrackPointExtension>
        </extensions>
      </trkpt>
      <trkpt lat="29.7060005274" lon="106.512673963">
        <ele>197.8</ele>
        <time>2026-08-30T10:12:01+0800</time>
        <extensions>
          <gpxtpx:TrackPointExtension>
            <gpxtpx:hr>145</gpxtpx:hr>
            <gpxtpx:cad>80</gpxtpx:cad>
          </gpxtpx:TrackPointExtension>
        </extensions>
      </trkpt>
      <trkpt lat="29.7059878707" lon="106.512679914">
        <ele>197.8</ele>
        <time>2026-08-30T10:12:02+0800</time>
        <extensions>
          <gpxtpx:TrackPointExtension>
            <gpxtpx:hr>145</gpxtpx:hr>
            <gpxtpx:cad>81</gpxtpx:cad>
          </gpxtpx:TrackPointExtension>
        </extensions>
      </trkpt>
      <trkpt lat="29.7059783991" lon="106.512685949">
        <ele>197.8</ele>
        <time>2026-08-30T10:12:03+0800</time>
        <extensions>
          <gpxtpx:TrackPointExtension>
            <gpxtpx:hr>145</gpxtpx:hr>
            <gpxtpx:cad>81</gpxtpx:cad>
          </gpxtpx:TrackPointExtension>
        </extensions>
      </trkpt>
      <trkpt lat="29.7059655748" lon="106.512693241">
        <ele>197.6</ele>
        <time>2026-08-30T10:12:04+0800</time>
        <extensions>
          <gpxtpx:TrackPointExtension>
            <gpxtpx:hr>145</gpxtpx:hr>
            <gpxtpx:cad>81</gpxtpx:cad>
          </gpxtpx:TrackPointExtension>
        </extensions>
      </trkpt>
      <trkpt lat="29.7059524152" lon="106.512696929">
        <ele>197.6</ele>
        <time>2026-08-30T10:12:05+0800</time>
        <extensions>
          <gpxtpx:TrackPointExtension>
            <gpxtpx:hr>144</gpxtpx:hr>
            <gpxtpx:cad>81</gpxtpx:cad>
          </gpxtpx:TrackPointExtension>
        </extensions>
      </trkpt>
      <trkpt lat="29.7059426922" lon="106.512699444">
        <ele>197.6</ele>
        <time>2026-08-30T10:12:06+0800</time>
        <extensions>
          <gpxtpx:TrackPointExtension>
            <gpxtpx:hr>145</gpxtpx:hr>
            <gpxtpx:cad>80</gpxtpx:cad>
          </gpxtpx:TrackPointExtension>
        </extensions>
      </trkpt>
      <trkpt lat="29.7059273534" lon="106.51270397">
        <ele>197.6</ele>
        <time>2026-08-30T10:12:07+0800</time>
        <extensions>
          <gpxtpx:TrackPointExtension>
            <gpxtpx:hr>145</gpxtpx:hr>
            <gpxtpx:cad>80</gpxtpx:cad>
          </gpxtpx:TrackPointExtension>
        </extensions>
      </trkpt>
      <trkpt lat="29.7059110086" lon="106.51270858">
        <ele>197.6</ele>
        <time>2026-08-30T10:12:08+0800</time>
        <extensions>
          <gpxtpx:TrackPointExtension>
            <gpxtpx:hr>145</gpxtpx:hr>
            <gpxtpx:cad>80</gpxtpx:cad>
          </gpxtpx:TrackPointExtension>
        </extensions>
      </trkpt>
      <trkpt lat="29.7058986872" lon="106.512713525">
        <ele>197.6</ele>
        <time>2026-08-30T10:12:09+0800</time>
        <extensions>
          <gpxtpx:TrackPointExtension>
            <gpxtpx:hr>145</gpxtpx:hr>
            <gpxtpx:cad>79</gpxtpx:cad>
          </gpxtpx:TrackPointExtension>
        </extensions>
      </trkpt>
      <trkpt lat="29.7058815882" lon="106.512719728">
        <ele>197.6</ele>
        <time>2026-08-30T10:12:10+0800</time>
        <extensions>
          <gpxtpx:TrackPointExtension>
            <gpxtpx:hr>145</gpxtpx:hr>
            <gpxtpx:cad>79</gpxtpx:cad>
          </gpxtpx:TrackPointExtension>
        </extensions>
      </trkpt>
      <trkpt lat="29.7058664169" lon="106.512722494">
        <ele>197.6</ele>
        <time>2026-08-30T10:12:11+0800</time>
        <extensions>
          <gpxtpx:TrackPointExtension>
            <gpxtpx:hr>145</gpxtpx:hr>
            <gpxtpx:cad>80</gpxtpx:cad>
          </gpxtpx:TrackPointExtension>
        </extensions>
      </trkpt>
      <trkpt lat="29.7058548499" lon="106.51272459">
        <ele>197.6</ele>
        <time>2026-08-30T10:12:12+0800</time>
        <extensions>
          <gpxtpx:TrackPointExtension>
            <gpxtpx:hr>145</gpxtpx:hr>
            <gpxtpx:cad>81</gpxtpx:cad>
          </gpxtpx:TrackPointExtension>
        </extensions>
      </trkpt>
      <trkpt lat="29.7058405168" lon="106.512726014">
        <ele>197.6</ele>
        <time>2026-08-30T10:12:13+0800</time>
        <extensions>
          <gpxtpx:TrackPointExtension>
            <gpxtpx:hr>145</gpxtpx:hr>
            <gpxtpx:cad>81</gpxtpx:cad>
          </gpxtpx:TrackPointExtension>
        </extensions>
      </trkpt>
      <trkpt lat="29.7058289498" lon="106.512725679">
        <ele>197.6</ele>
        <time>2026-08-30T10:12:14+0800</time>
        <extensions>
          <gpxtpx:TrackPointExtension>
            <gpxtpx:hr>145</gpxtpx:hr>
            <gpxtpx:cad>80</gpxtpx:cad>
          </gpxtpx:TrackPointExtension>
        </extensions>
      </trkpt>
      <trkpt lat="29.7058178019" lon="106.512728445">
        <ele>197.6</ele>
        <time>2026-08-30T10:12:15+0800</time>
        <extensions>
          <gpxtpx:TrackPointExtension>
            <gpxtpx:hr>145</gpxtpx:hr>
            <gpxtpx:cad>80</gpxtpx:cad>
          </gpxtpx:TrackPointExtension>
        </extensions>
      </trkpt>
      <trkpt lat="29.7058012057" lon="106.512731127">
        <ele>197.6</ele>
        <time>2026-08-30T10:12:16+0800</time>
        <extensions>
          <gpxtpx:TrackPointExtension>
            <gpxtpx:hr>145</gpxtpx:hr>
            <gpxtpx:cad>80</gpxtpx:cad>
          </gpxtpx:TrackPointExtension>
        </extensions>
      </trkpt>
      <trkpt lat="29.7057886329" lon="106.512733391">
        <ele>197.6</ele>
        <time>2026-08-30T10:12:17+0800</time>
        <extensions>
          <gpxtpx:TrackPointExtension>
            <gpxtpx:hr>145</gpxtpx:hr>
            <gpxtpx:cad>81</gpxtpx:cad>
          </gpxtpx:TrackPointExtension>
        </extensions>
      </trkpt>
      <trkpt lat="29.70577145" lon="106.512736659">
        <ele>197.6</ele>
        <time>2026-08-30T10:12:18+0800</time>
        <extensions>
          <gpxtpx:TrackPointExtension>
            <gpxtpx:hr>145</gpxtpx:hr>
            <gpxtpx:cad>81</gpxtpx:cad>
          </gpxtpx:TrackPointExtension>
        </extensions>
      </trkpt>
      <trkpt lat="29.7057577036" lon="106.512738168">
        <ele>197.8</ele>
        <time>2026-08-30T10:12:19+0800</time>
        <extensions>
          <gpxtpx:TrackPointExtension>
            <gpxtpx:hr>145</gpxtpx:hr>
            <gpxtpx:cad>82</gpxtpx:cad>
          </gpxtpx:TrackPointExtension>
        </extensions>
      </trkpt>
      <trkpt lat="29.7057490703" lon="106.512744622">
        <ele>197.8</ele>
        <time>2026-08-30T10:12:20+0800</time>
        <extensions>
          <gpxtpx:TrackPointExtension>
            <gpxtpx:hr>144</gpxtpx:hr>
            <gpxtpx:cad>82</gpxtpx:cad>
          </gpxtpx:TrackPointExtension>
        </extensions>
      </trkpt>
      <trkpt lat="29.7057328094" lon="106.512746885">
        <ele>197.8</ele>
        <time>2026-08-30T10:12:21+0800</time>
        <extensions>
          <gpxtpx:TrackPointExtension>
            <gpxtpx:hr>144</gpxtpx:hr>
            <gpxtpx:cad>82</gpxtpx:cad>
          </gpxtpx:TrackPointExtension>
        </extensions>
      </trkpt>
      <trkpt lat="29.7057230026" lon="106.512749232">
        <ele>197.8</ele>
        <time>2026-08-30T10:12:22+0800</time>
        <extensions>
          <gpxtpx:TrackPointExtension>
            <gpxtpx:hr>144</gpxtpx:hr>
            <gpxtpx:cad>83</gpxtpx:cad>
          </gpxtpx:TrackPointExtension>
        </extensions>
      </trkpt>
      <trkpt lat="29.7057059873" lon="106.51275225">
        <ele>198.0</ele>
        <time>2026-08-30T10:12:23+0800</time>
        <extensions>
          <gpxtpx:TrackPointExtension>
            <gpxtpx:hr>144</gpxtpx:hr>
            <gpxtpx:cad>83</gpxtpx:cad>
          </gpxtpx:TrackPointExtension>
        </extensions>
      </trkpt>
      <trkpt lat="29.7056917381" lon="106.512753172">
        <ele>198.0</ele>
        <time>2026-08-30T10:12:24+0800</time>
        <extensions>
          <gpxtpx:TrackPointExtension>
            <gpxtpx:hr>144</gpxtpx:hr>
            <gpxtpx:cad>83</gpxtpx:cad>
          </gpxtpx:TrackPointExtension>
        </extensions>
      </trkpt>
      <trkpt lat="29.7056826856" lon="106.512756106">
        <ele>198.0</ele>
        <time>2026-08-30T10:12:25+0800</time>
        <extensions>
          <gpxtpx:TrackPointExtension>
            <gpxtpx:hr>144</gpxtpx:hr>
            <gpxtpx:cad>83</gpxtpx:cad>
          </gpxtpx:TrackPointExtension>
        </extensions>
      </trkpt>
      <trkpt lat="29.7056660056" lon="106.512756273">
        <ele>198.0</ele>
        <time>2026-08-30T10:12:26+0800</time>
        <extensions>
          <gpxtpx:TrackPointExtension>
            <gpxtpx:hr>144</gpxtpx:hr>
            <gpxtpx:cad>83</gpxtpx:cad>
          </gpxtpx:TrackPointExtension>
        </extensions>
      </trkpt>
      <trkpt lat="29.7056546062" lon="106.512756106">
        <ele>198.2</ele>
        <time>2026-08-30T10:12:27+0800</time>
        <extensions>
          <gpxtpx:TrackPointExtension>
            <gpxtpx:hr>144</gpxtpx:hr>
            <gpxtpx:cad>83</gpxtpx:cad>
          </gpxtpx:TrackPointExtension>
        </extensions>
      </trkpt>
      <trkpt lat="29.7056451347" lon="106.512759123">
        <ele>198.2</ele>
        <time>2026-08-30T10:12:28+0800</time>
        <extensions>
          <gpxtpx:TrackPointExtension>
            <gpxtpx:hr>144</gpxtpx:hr>
            <gpxtpx:cad>83</gpxtpx:cad>
          </gpxtpx:TrackPointExtension>
        </extensions>
      </trkpt>
      <trkpt lat="29.7056290414" lon="106.512760799">
        <ele>198.2</ele>
        <time>2026-08-30T10:12:29+0800</time>
        <extensions>
          <gpxtpx:TrackPointExtension>
            <gpxtpx:hr>144</gpxtpx:hr>
            <gpxtpx:cad>83</gpxtpx:cad>
          </gpxtpx:TrackPointExtension>
        </extensions>
      </trkpt>
      <trkpt lat="29.7056172229" lon="106.512762895">
        <ele>198.2</ele>
        <time>2026-08-30T10:12:30+0800</time>
        <extensions>
          <gpxtpx:TrackPointExtension>
            <gpxtpx:hr>145</gpxtpx:hr>
            <gpxtpx:cad>82</gpxtpx:cad>
          </gpxtpx:TrackPointExtension>
        </extensions>
      </trkpt>
      <trkpt lat="29.7056049015" lon="106.512767002">
        <ele>198.2</ele>
        <time>2026-08-30T10:12:31+0800</time>
        <extensions>
          <gpxtpx:TrackPointExtension>
            <gpxtpx:hr>145</gpxtpx:hr>
            <gpxtpx:cad>81</gpxtpx:cad>
          </gpxtpx:TrackPointExtension>
        </extensions>
      </trkpt>
      <trkpt lat="29.7055883054" lon="106.512767253">
        <ele>198.2</ele>
        <time>2026-08-30T10:12:32+0800</time>
        <extensions>
          <gpxtpx:TrackPointExtension>
            <gpxtpx:hr>146</gpxtpx:hr>
            <gpxtpx:cad>81</gpxtpx:cad>
          </gpxtpx:TrackPointExtension>
        </extensions>
      </trkpt>
      <trkpt lat="29.7055791691" lon="106.512769768">
        <ele>198.2</ele>
        <time>2026-08-30T10:12:33+0800</time>
        <extensions>
          <gpxtpx:TrackPointExtension>
            <gpxtpx:hr>147</gpxtpx:hr>
            <gpxtpx:cad>81</gpxtpx:cad>
          </gpxtpx:TrackPointExtension>
        </extensions>
      </trkpt>
      <trkpt lat="29.705565758" lon="106.512769014">
        <ele>198.0</ele>
        <time>2026-08-30T10:12:34+0800</time>
        <extensions>
          <gpxtpx:TrackPointExtension>
            <gpxtpx:hr>147</gpxtpx:hr>
            <gpxtpx:cad>82</gpxtpx:cad>
          </gpxtpx:TrackPointExtension>
        </extensions>
      </trkpt>
      <trkpt lat="29.7055527661" lon="106.512771193">
        <ele>198.0</ele>
        <time>2026-08-30T10:12:35+0800</time>
        <extensions>
          <gpxtpx:TrackPointExtension>
            <gpxtpx:hr>148</gpxtpx:hr>
            <gpxtpx:cad>82</gpxtpx:cad>
          </gpxtpx:TrackPointExtension>
        </extensions>
      </trkpt>
      <trkpt lat="29.7055432107" lon="106.512774797">
        <ele>198.0</ele>
        <time>2026-08-30T10:12:36+0800</time>
        <extensions>
          <gpxtpx:TrackPointExtension>
            <gpxtpx:hr>148</gpxtpx:hr>
            <gpxtpx:cad>82</gpxtpx:cad>
          </gpxtpx:TrackPointExtension>
        </extensions>
      </trkpt>
      <trkpt lat="29.7055295482" lon="106.512777898">
        <ele>198.0</ele>
        <time>2026-08-30T10:12:37+0800</time>
        <extensions>
          <gpxtpx:TrackPointExtension>
            <gpxtpx:hr>148</gpxtpx:hr>
            <gpxtpx:cad>82</gpxtpx:cad>
          </gpxtpx:TrackPointExtension>
        </extensions>
      </trkpt>
      <trkpt lat="29.7055186518" lon="106.512779826">
        <ele>198.0</ele>
        <time>2026-08-30T10:12:38+0800</time>
        <extensions>
          <gpxtpx:TrackPointExtension>
            <gpxtpx:hr>147</gpxtpx:hr>
            <gpxtpx:cad>82</gpxtpx:cad>
          </gpxtpx:TrackPointExtension>
        </extensions>
      </trkpt>
      <trkpt lat="29.705502307" lon="106.512781419">
        <ele>198.0</ele>
        <time>2026-08-30T10:12:39+0800</time>
        <extensions>
          <gpxtpx:TrackPointExtension>
            <gpxtpx:hr>147</gpxtpx:hr>
            <gpxtpx:cad>82</gpxtpx:cad>
          </gpxtpx:TrackPointExtension>
        </extensions>
      </trkpt>
      <trkpt lat="29.7054866329" lon="106.512780497">
        <ele>198.0</ele>
        <time>2026-08-30T10:12:40+0800</time>
        <extensions>
          <gpxtpx:TrackPointExtension>
            <gpxtpx:hr>147</gpxtpx:hr>
            <gpxtpx:cad>82</gpxtpx:cad>
          </gpxtpx:TrackPointExtension>
        </extensions>
      </trkpt>
      <trkpt lat="29.7054736409" lon="106.512783682">
        <ele>198.0</ele>
        <time>2026-08-30T10:12:41+0800</time>
        <extensions>
          <gpxtpx:TrackPointExtension>
            <gpxtpx:hr>147</gpxtpx:hr>
            <gpxtpx:cad>82</gpxtpx:cad>
          </gpxtpx:TrackPointExtension>
        </extensions>
      </trkpt>
      <trkpt lat="29.7054542787" lon="106.512783179">
        <ele>197.8</ele>
        <time>2026-08-30T10:12:42+0800</time>
        <extensions>
          <gpxtpx:TrackPointExtension>
            <gpxtpx:hr>147</gpxtpx:hr>
            <gpxtpx:cad>82</gpxtpx:cad>
          </gpxtpx:TrackPointExtension>
        </extensions>
      </trkpt>
      <trkpt lat="29.7054384369" lon="106.512783514">
        <ele>197.8</ele>
        <time>2026-08-30T10:12:43+0800</time>
        <extensions>
          <gpxtpx:TrackPointExtension>
            <gpxtpx:hr>147</gpxtpx:hr>
            <gpxtpx:cad>83</gpxtpx:cad>
          </gpxtpx:TrackPointExtension>
        </extensions>
      </trkpt>
      <trkpt lat="29.7054231819" lon="106.512786699">
        <ele>197.8</ele>
        <time>2026-08-30T10:12:44+0800</time>
        <extensions>
          <gpxtpx:TrackPointExtension>
            <gpxtpx:hr>147</gpxtpx:hr>
            <gpxtpx:cad>83</gpxtpx:cad>
          </gpxtpx:TrackPointExtension>
        </extensions>
      </trkpt>
      <trkpt lat="29.7054067533" lon="106.512788292">
        <ele>197.8</ele>
        <time>2026-08-30T10:12:45+0800</time>
        <extensions>
          <gpxtpx:TrackPointExtension>
            <gpxtpx:hr>147</gpxtpx:hr>
            <gpxtpx:cad>83</gpxtpx:cad>
          </gpxtpx:TrackPointExtension>
        </extensions>
      </trkpt>
      <trkpt lat="29.7053944319" lon="106.512789214">
        <ele>197.8</ele>
        <time>2026-08-30T10:12:46+0800</time>
        <extensions>
          <gpxtpx:TrackPointExtension>
            <gpxtpx:hr>147</gpxtpx:hr>
            <gpxtpx:cad>83</gpxtpx:cad>
          </gpxtpx:TrackPointExtension>
        </extensions>
      </trkpt>
      <trkpt lat="29.7053755727" lon="106.512789717">
        <ele>197.8</ele>
        <time>2026-08-30T10:12:47+0800</time>
        <extensions>
          <gpxtpx:TrackPointExtension>
            <gpxtpx:hr>147</gpxtpx:hr>
            <gpxtpx:cad>84</gpxtpx:cad>
          </gpxtpx:TrackPointExtension>
        </extensions>
      </trkpt>
      <trkpt lat="29.705361072" lon="106.512790974">
        <ele>197.8</ele>
        <time>2026-08-30T10:12:48+0800</time>
        <extensions>
          <gpxtpx:TrackPointExtension>
            <gpxtpx:hr>148</gpxtpx:hr>
            <gpxtpx:cad>84</gpxtpx:cad>
          </gpxtpx:TrackPointExtension>
        </extensions>
      </trkpt>
      <trkpt lat="29.7053440567" lon="106.512792818">
        <ele>197.8</ele>
        <time>2026-08-30T10:12:49+0800</time>
        <extensions>
          <gpxtpx:TrackPointExtension>
            <gpxtpx:hr>148</gpxtpx:hr>
            <gpxtpx:cad>84</gpxtpx:cad>
          </gpxtpx:TrackPointExtension>
        </extensions>
      </trkpt>
      <trkpt lat="29.7053282987" lon="106.512793489">
        <ele>197.8</ele>
        <time>2026-08-30T10:12:50+0800</time>
        <extensions>
          <gpxtpx:TrackPointExtension>
            <gpxtpx:hr>149</gpxtpx:hr>
            <gpxtpx:cad>84</gpxtpx:cad>
          </gpxtpx:TrackPointExtension>
        </extensions>
      </trkpt>
      <trkpt lat="29.7053157259" lon="106.512797847">
        <ele>197.8</ele>
        <time>2026-08-30T10:12:51+0800</time>
        <extensions>
          <gpxtpx:TrackPointExtension>
            <gpxtpx:hr>149</gpxtpx:hr>
            <gpxtpx:cad>84</gpxtpx:cad>
          </gpxtpx:TrackPointExtension>
        </extensions>
      </trkpt>
      <trkpt lat="29.7053009737" lon="106.51279944">
        <ele>197.8</ele>
        <time>2026-08-30T10:12:52+0800</time>
        <extensions>
          <gpxtpx:TrackPointExtension>
            <gpxtpx:hr>149</gpxtpx:hr>
            <gpxtpx:cad>84</gpxtpx:cad>
          </gpxtpx:TrackPointExtension>
        </extensions>
      </trkpt>
      <trkpt lat="29.7052901611" lon="106.512797931">
        <ele>197.8</ele>
        <time>2026-08-30T10:12:53+0800</time>
        <extensions>
          <gpxtpx:TrackPointExtension>
            <gpxtpx:hr>149</gpxtpx:hr>
            <gpxtpx:cad>85</gpxtpx:cad>
          </gpxtpx:TrackPointExtension>
        </extensions>
      </trkpt>
      <trkpt lat="29.7052748222" lon="106.512799775">
        <ele>197.8</ele>
        <time>2026-08-30T10:12:54+0800</time>
        <extensions>
          <gpxtpx:TrackPointExtension>
            <gpxtpx:hr>149</gpxtpx:hr>
            <gpxtpx:cad>85</gpxtpx:cad>
          </gpxtpx:TrackPointExtension>
        </extensions>
      </trkpt>
      <trkpt lat="29.7052602377" lon="106.5128012">
        <ele>197.6</ele>
        <time>2026-08-30T10:12:55+0800</time>
        <extensions>
          <gpxtpx:TrackPointExtension>
            <gpxtpx:hr>150</gpxtpx:hr>
            <gpxtpx:cad>84</gpxtpx:cad>
          </gpxtpx:TrackPointExtension>
        </extensions>
      </trkpt>
      <trkpt lat="29.7052501794" lon="106.512805643">
        <ele>197.6</ele>
        <time>2026-08-30T10:12:56+0800</time>
        <extensions>
          <gpxtpx:TrackPointExtension>
            <gpxtpx:hr>150</gpxtpx:hr>
            <gpxtpx:cad>83</gpxtpx:cad>
          </gpxtpx:TrackPointExtension>
        </extensions>
      </trkpt>
      <trkpt lat="29.7052296437" lon="106.51281042">
        <ele>197.6</ele>
        <time>2026-08-30T10:12:57+0800</time>
        <extensions>
          <gpxtpx:TrackPointExtension>
            <gpxtpx:hr>150</gpxtpx:hr>
            <gpxtpx:cad>83</gpxtpx:cad>
          </gpxtpx:TrackPointExtension>
        </extensions>
      </trkpt>
      <trkpt lat="29.7052153945" lon="106.512811091">
        <ele>197.6</ele>
        <time>2026-08-30T10:12:58+0800</time>
        <extensions>
          <gpxtpx:TrackPointExtension>
            <gpxtpx:hr>150</gpxtpx:hr>
            <gpxtpx:cad>83</gpxtpx:cad>
          </gpxtpx:TrackPointExtension>
        </extensions>
      </trkpt>
      <trkpt lat="29.7052014805" lon="106.512814779">
        <ele>197.6</ele>
        <time>2026-08-30T10:12:59+0800</time>
        <extensions>
          <gpxtpx:TrackPointExtension>
            <gpxtpx:hr>150</gpxtpx:hr>
            <gpxtpx:cad>83</gpxtpx:cad>
          </gpxtpx:TrackPointExtension>
        </extensions>
      </trkpt>
      <trkpt lat="29.7051828727" lon="106.512815198">
        <ele>197.8</ele>
        <time>2026-08-30T10:13:00+0800</time>
        <extensions>
          <gpxtpx:TrackPointExtension>
            <gpxtpx:hr>150</gpxtpx:hr>
            <gpxtpx:cad>83</gpxtpx:cad>
          </gpxtpx:TrackPointExtension>
        </extensions>
      </trkpt>
      <trkpt lat="29.7051718086" lon="106.512816036">
        <ele>197.8</ele>
        <time>2026-08-30T10:13:01+0800</time>
        <extensions>
          <gpxtpx:TrackPointExtension>
            <gpxtpx:hr>150</gpxtpx:hr>
            <gpxtpx:cad>83</gpxtpx:cad>
          </gpxtpx:TrackPointExtension>
        </extensions>
      </trkpt>
      <trkpt lat="29.7051541228" lon="106.512817713">
        <ele>197.8</ele>
        <time>2026-08-30T10:13:02+0800</time>
        <extensions>
          <gpxtpx:TrackPointExtension>
            <gpxtpx:hr>150</gpxtpx:hr>
            <gpxtpx:cad>83</gpxtpx:cad>
          </gpxtpx:TrackPointExtension>
        </extensions>
      </trkpt>
      <trkpt lat="29.7051392868" lon="106.512819808">
        <ele>197.8</ele>
        <time>2026-08-30T10:13:03+0800</time>
        <extensions>
          <gpxtpx:TrackPointExtension>
            <gpxtpx:hr>150</gpxtpx:hr>
            <gpxtpx:cad>83</gpxtpx:cad>
          </gpxtpx:TrackPointExtension>
        </extensions>
      </trkpt>
      <trkpt lat="29.7051283065" lon="106.512822406">
        <ele>197.8</ele>
        <time>2026-08-30T10:13:04+0800</time>
        <extensions>
          <gpxtpx:TrackPointExtension>
            <gpxtpx:hr>150</gpxtpx:hr>
            <gpxtpx:cad>83</gpxtpx:cad>
          </gpxtpx:TrackPointExtension>
        </extensions>
      </trkpt>
      <trkpt lat="29.7051107883" lon="106.512826178">
        <ele>197.8</ele>
        <time>2026-08-30T10:13:05+0800</time>
        <extensions>
          <gpxtpx:TrackPointExtension>
            <gpxtpx:hr>150</gpxtpx:hr>
            <gpxtpx:cad>83</gpxtpx:cad>
          </gpxtpx:TrackPointExtension>
        </extensions>
      </trkpt>
      <trkpt lat="29.7050987184" lon="106.512828609">
        <ele>197.8</ele>
        <time>2026-08-30T10:13:06+0800</time>
        <extensions>
          <gpxtpx:TrackPointExtension>
            <gpxtpx:hr>150</gpxtpx:hr>
            <gpxtpx:cad>83</gpxtpx:cad>
          </gpxtpx:TrackPointExtension>
        </extensions>
      </trkpt>
      <trkpt lat="29.7050847206" lon="106.51282928">
        <ele>197.6</ele>
        <time>2026-08-30T10:13:07+0800</time>
        <extensions>
          <gpxtpx:TrackPointExtension>
            <gpxtpx:hr>150</gpxtpx:hr>
            <gpxtpx:cad>83</gpxtpx:cad>
          </gpxtpx:TrackPointExtension>
        </extensions>
      </trkpt>
      <trkpt lat="29.7050703038" lon="106.512831626">
        <ele>197.6</ele>
        <time>2026-08-30T10:13:08+0800</time>
        <extensions>
          <gpxtpx:TrackPointExtension>
            <gpxtpx:hr>150</gpxtpx:hr>
            <gpxtpx:cad>83</gpxtpx:cad>
          </gpxtpx:TrackPointExtension>
        </extensions>
      </trkpt>
      <trkpt lat="29.7050600778" lon="106.512835063">
        <ele>197.6</ele>
        <time>2026-08-30T10:13:09+0800</time>
        <extensions>
          <gpxtpx:TrackPointExtension>
            <gpxtpx:hr>150</gpxtpx:hr>
            <gpxtpx:cad>83</gpxtpx:cad>
          </gpxtpx:TrackPointExtension>
        </extensions>
      </trkpt>
      <trkpt lat="29.7050440684" lon="106.512836404">
        <ele>197.8</ele>
        <time>2026-08-30T10:13:10+0800</time>
        <extensions>
          <gpxtpx:TrackPointExtension>
            <gpxtpx:hr>151</gpxtpx:hr>
            <gpxtpx:cad>83</gpxtpx:cad>
          </gpxtpx:TrackPointExtension>
        </extensions>
      </trkpt>
      <trkpt lat="29.7050332557" lon="106.512835566">
        <ele>197.8</ele>
        <time>2026-08-30T10:13:11+0800</time>
        <extensions>
          <gpxtpx:TrackPointExtension>
            <gpxtpx:hr>151</gpxtpx:hr>
            <gpxtpx:cad>83</gpxtpx:cad>
          </gpxtpx:TrackPointExtension>
        </extensions>
      </trkpt>
      <trkpt lat="29.7050203476" lon="106.512839757">
        <ele>197.8</ele>
        <time>2026-08-30T10:13:12+0800</time>
        <extensions>
          <gpxtpx:TrackPointExtension>
            <gpxtpx:hr>152</gpxtpx:hr>
            <gpxtpx:cad>83</gpxtpx:cad>
          </gpxtpx:TrackPointExtension>
        </extensions>
      </trkpt>
      <trkpt lat="29.7050012369" lon="106.512841014">
        <ele>197.8</ele>
        <time>2026-08-30T10:13:13+0800</time>
        <extensions>
          <gpxtpx:TrackPointExtension>
            <gpxtpx:hr>152</gpxtpx:hr>
            <gpxtpx:cad>83</gpxtpx:cad>
          </gpxtpx:TrackPointExtension>
        </extensions>
      </trkpt>
      <trkpt lat="29.7049864847" lon="106.51284093">
        <ele>197.8</ele>
        <time>2026-08-30T10:13:14+0800</time>
        <extensions>
          <gpxtpx:TrackPointExtension>
            <gpxtpx:hr>152</gpxtpx:hr>
            <gpxtpx:cad>83</gpxtpx:cad>
          </gpxtpx:TrackPointExtension>
        </extensions>
      </trkpt>
      <trkpt lat="29.7049691342" lon="106.512841769">
        <ele>197.8</ele>
        <time>2026-08-30T10:13:15+0800</time>
        <extensions>
          <gpxtpx:TrackPointExtension>
            <gpxtpx:hr>151</gpxtpx:hr>
            <gpxtpx:cad>83</gpxtpx:cad>
          </gpxtpx:TrackPointExtension>
        </extensions>
      </trkpt>
      <trkpt lat="29.7049517836" lon="106.512843277">
        <ele>197.8</ele>
        <time>2026-08-30T10:13:16+0800</time>
        <extensions>
          <gpxtpx:TrackPointExtension>
            <gpxtpx:hr>152</gpxtpx:hr>
            <gpxtpx:cad>83</gpxtpx:cad>
          </gpxtpx:TrackPointExtension>
        </extensions>
      </trkpt>
      <trkpt lat="29.7049383726" lon="106.512844954">
        <ele>197.8</ele>
        <time>2026-08-30T10:13:17+0800</time>
        <extensions>
          <gpxtpx:TrackPointExtension>
            <gpxtpx:hr>152</gpxtpx:hr>
            <gpxtpx:cad>83</gpxtpx:cad>
          </gpxtpx:TrackPointExtension>
        </extensions>
      </trkpt>
      <trkpt lat="29.704921525" lon="106.512848139">
        <ele>197.8</ele>
        <time>2026-08-30T10:13:18+0800</time>
        <extensions>
          <gpxtpx:TrackPointExtension>
            <gpxtpx:hr>152</gpxtpx:hr>
            <gpxtpx:cad>83</gpxtpx:cad>
          </gpxtpx:TrackPointExtension>
        </extensions>
      </trkpt>
      <trkpt lat="29.7049100418" lon="106.512847887">
        <ele>197.8</ele>
        <time>2026-08-30T10:13:19+0800</time>
        <extensions>
          <gpxtpx:TrackPointExtension>
            <gpxtpx:hr>152</gpxtpx:hr>
            <gpxtpx:cad>82</gpxtpx:cad>
          </gpxtpx:TrackPointExtension>
        </extensions>
      </trkpt>
      <trkpt lat="29.7048962954" lon="106.512850653">
        <ele>197.8</ele>
        <time>2026-08-30T10:13:20+0800</time>
        <extensions>
          <gpxtpx:TrackPointExtension>
            <gpxtpx:hr>153</gpxtpx:hr>
            <gpxtpx:cad>82</gpxtpx:cad>
          </gpxtpx:TrackPointExtension>
        </extensions>
      </trkpt>
      <trkpt lat="29.7048799507" lon="106.51285409">
        <ele>197.8</ele>
        <time>2026-08-30T10:13:21+0800</time>
        <extensions>
          <gpxtpx:TrackPointExtension>
            <gpxtpx:hr>153</gpxtpx:hr>
            <gpxtpx:cad>82</gpxtpx:cad>
          </gpxtpx:TrackPointExtension>
        </extensions>
      </trkpt>
      <trkpt lat="29.7048662044" lon="106.51285694">
        <ele>197.8</ele>
        <time>2026-08-30T10:13:22+0800</time>
        <extensions>
          <gpxtpx:TrackPointExtension>
            <gpxtpx:hr>153</gpxtpx:hr>
            <gpxtpx:cad>82</gpxtpx:cad>
          </gpxtpx:TrackPointExtension>
        </extensions>
      </trkpt>
      <trkpt lat="29.7048494406" lon="106.512861047">
        <ele>197.8</ele>
        <time>2026-08-30T10:13:23+0800</time>
        <extensions>
          <gpxtpx:TrackPointExtension>
            <gpxtpx:hr>152</gpxtpx:hr>
            <gpxtpx:cad>82</gpxtpx:cad>
          </gpxtpx:TrackPointExtension>
        </extensions>
      </trkpt>
      <trkpt lat="29.7048333474" lon="106.512863142">
        <ele>197.8</ele>
        <time>2026-08-30T10:13:24+0800</time>
        <extensions>
          <gpxtpx:TrackPointExtension>
            <gpxtpx:hr>152</gpxtpx:hr>
            <gpxtpx:cad>83</gpxtpx:cad>
          </gpxtpx:TrackPointExtension>
        </extensions>
      </trkpt>
      <trkpt lat="29.7048216965" lon="106.512865908">
        <ele>197.8</ele>
        <time>2026-08-30T10:13:25+0800</time>
        <extensions>
          <gpxtpx:TrackPointExtension>
            <gpxtpx:hr>152</gpxtpx:hr>
            <gpxtpx:cad>83</gpxtpx:cad>
          </gpxtpx:TrackPointExtension>
        </extensions>
      </trkpt>
      <trkpt lat="29.7048070282" lon="106.512870602">
        <ele>197.6</ele>
        <time>2026-08-30T10:13:26+0800</time>
        <extensions>
          <gpxtpx:TrackPointExtension>
            <gpxtpx:hr>152</gpxtpx:hr>
            <gpxtpx:cad>82</gpxtpx:cad>
          </gpxtpx:TrackPointExtension>
        </extensions>
      </trkpt>
      <trkpt lat="29.7047947906" lon="106.512874039">
        <ele>197.8</ele>
        <time>2026-08-30T10:13:27+0800</time>
        <extensions>
          <gpxtpx:TrackPointExtension>
            <gpxtpx:hr>153</gpxtpx:hr>
            <gpxtpx:cad>82</gpxtpx:cad>
          </gpxtpx:TrackPointExtension>
        </extensions>
      </trkpt>
      <trkpt lat="29.7047839779" lon="106.512879571">
        <ele>197.8</ele>
        <time>2026-08-30T10:13:28+0800</time>
        <extensions>
          <gpxtpx:TrackPointExtension>
            <gpxtpx:hr>152</gpxtpx:hr>
            <gpxtpx:cad>82</gpxtpx:cad>
          </gpxtpx:TrackPointExtension>
        </extensions>
      </trkpt>
      <trkpt lat="29.7047695611" lon="106.512883427">
        <ele>197.8</ele>
        <time>2026-08-30T10:13:29+0800</time>
        <extensions>
          <gpxtpx:TrackPointExtension>
            <gpxtpx:hr>152</gpxtpx:hr>
            <gpxtpx:cad>82</gpxtpx:cad>
          </gpxtpx:TrackPointExtension>
        </extensions>
      </trkpt>
      <trkpt lat="29.704759419" lon="106.51288812">
        <ele>197.6</ele>
        <time>2026-08-30T10:13:30+0800</time>
        <extensions>
          <gpxtpx:TrackPointExtension>
            <gpxtpx:hr>152</gpxtpx:hr>
            <gpxtpx:cad>82</gpxtpx:cad>
          </gpxtpx:TrackPointExtension>
        </extensions>
      </trkpt>
      <trkpt lat="29.7047466785" lon="106.512893904">
        <ele>197.6</ele>
        <time>2026-08-30T10:13:31+0800</time>
        <extensions>
          <gpxtpx:TrackPointExtension>
            <gpxtpx:hr>152</gpxtpx:hr>
            <gpxtpx:cad>82</gpxtpx:cad>
          </gpxtpx:TrackPointExtension>
        </extensions>
      </trkpt>
      <trkpt lat="29.7047361173" lon="106.51289667">
        <ele>197.6</ele>
        <time>2026-08-30T10:13:32+0800</time>
        <extensions>
          <gpxtpx:TrackPointExtension>
            <gpxtpx:hr>152</gpxtpx:hr>
            <gpxtpx:cad>82</gpxtpx:cad>
          </gpxtpx:TrackPointExtension>
        </extensions>
      </trkpt>
      <trkpt lat="29.7047299985" lon="106.512902286">
        <ele>197.4</ele>
        <time>2026-08-30T10:13:33+0800</time>
        <extensions>
          <gpxtpx:TrackPointExtension>
            <gpxtpx:hr>153</gpxtpx:hr>
            <gpxtpx:cad>82</gpxtpx:cad>
          </gpxtpx:TrackPointExtension>
        </extensions>
      </trkpt>
      <trkpt lat="29.7047120612" lon="106.512902873">
        <ele>197.4</ele>
        <time>2026-08-30T10:13:34+0800</time>
        <extensions>
          <gpxtpx:TrackPointExtension>
            <gpxtpx:hr>152</gpxtpx:hr>
            <gpxtpx:cad>82</gpxtpx:cad>
          </gpxtpx:TrackPointExtension>
        </extensions>
      </trkpt>
      <trkpt lat="29.7046976443" lon="106.512905052">
        <ele>197.4</ele>
        <time>2026-08-30T10:13:35+0800</time>
        <extensions>
          <gpxtpx:TrackPointExtension>
            <gpxtpx:hr>153</gpxtpx:hr>
            <gpxtpx:cad>82</gpxtpx:cad>
          </gpxtpx:TrackPointExtension>
        </extensions>
      </trkpt>
      <trkpt lat="29.7046854906" lon="106.512907986">
        <ele>197.4</ele>
        <time>2026-08-30T10:13:36+0800</time>
        <extensions>
          <gpxtpx:TrackPointExtension>
            <gpxtpx:hr>153</gpxtpx:hr>
            <gpxtpx:cad>82</gpxtpx:cad>
          </gpxtpx:TrackPointExtension>
        </extensions>
      </trkpt>
      <trkpt lat="29.7046709899" lon="106.512910165">
        <ele>197.2</ele>
        <time>2026-08-30T10:13:37+0800</time>
        <extensions>
          <gpxtpx:TrackPointExtension>
            <gpxtpx:hr>154</gpxtpx:hr>
            <gpxtpx:cad>82</gpxtpx:cad>
          </gpxtpx:TrackPointExtension>
        </extensions>
      </trkpt>
      <trkpt lat="29.7046590038" lon="106.512910416">
        <ele>197.2</ele>
        <time>2026-08-30T10:13:38+0800</time>
        <extensions>
          <gpxtpx:TrackPointExtension>
            <gpxtpx:hr>154</gpxtpx:hr>
            <gpxtpx:cad>81</gpxtpx:cad>
          </gpxtpx:TrackPointExtension>
        </extensions>
      </trkpt>
      <trkpt lat="29.7046423238" lon="106.512915194">
        <ele>197.2</ele>
        <time>2026-08-30T10:13:39+0800</time>
        <extensions>
          <gpxtpx:TrackPointExtension>
            <gpxtpx:hr>155</gpxtpx:hr>
            <gpxtpx:cad>81</gpxtpx:cad>
          </gpxtpx:TrackPointExtension>
        </extensions>
      </trkpt>
      <trkpt lat="29.7046261467" lon="106.512919888">
        <ele>197.2</ele>
        <time>2026-08-30T10:13:40+0800</time>
        <extensions>
          <gpxtpx:TrackPointExtension>
            <gpxtpx:hr>155</gpxtpx:hr>
            <gpxtpx:cad>81</gpxtpx:cad>
          </gpxtpx:TrackPointExtension>
        </extensions>
      </trkpt>
      <trkpt lat="29.7046121489" lon="106.512923911">
        <ele>197.2</ele>
        <time>2026-08-30T10:13:41+0800</time>
        <extensions>
          <gpxtpx:TrackPointExtension>
            <gpxtpx:hr>156</gpxtpx:hr>
            <gpxtpx:cad>81</gpxtpx:cad>
          </gpxtpx:TrackPointExtension>
        </extensions>
      </trkpt>
      <trkpt lat="29.7045966424" lon="106.512927096">
        <ele>197.2</ele>
        <time>2026-08-30T10:13:42+0800</time>
        <extensions>
          <gpxtpx:TrackPointExtension>
            <gpxtpx:hr>156</gpxtpx:hr>
            <gpxtpx:cad>81</gpxtpx:cad>
          </gpxtpx:TrackPointExtension>
        </extensions>
      </trkpt>
      <trkpt lat="29.7045812197" lon="106.512930701">
        <ele>197.2</ele>
        <time>2026-08-30T10:13:43+0800</time>
        <extensions>
          <gpxtpx:TrackPointExtension>
            <gpxtpx:hr>156</gpxtpx:hr>
            <gpxtpx:cad>81</gpxtpx:cad>
          </gpxtpx:TrackPointExtension>
        </extensions>
      </trkpt>
      <trkpt lat="29.7045701556" lon="106.512933886">
        <ele>197.2</ele>
        <time>2026-08-30T10:13:44+0800</time>
        <extensions>
          <gpxtpx:TrackPointExtension>
            <gpxtpx:hr>155</gpxtpx:hr>
            <gpxtpx:cad>81</gpxtpx:cad>
          </gpxtpx:TrackPointExtension>
        </extensions>
      </trkpt>
      <trkpt lat="29.7045534756" lon="106.512935562">
        <ele>197.2</ele>
        <time>2026-08-30T10:13:45+0800</time>
        <extensions>
          <gpxtpx:TrackPointExtension>
            <gpxtpx:hr>156</gpxtpx:hr>
            <gpxtpx:cad>81</gpxtpx:cad>
          </gpxtpx:TrackPointExtension>
        </extensions>
      </trkpt>
      <trkpt lat="29.7045402322" lon="106.512936819">
        <ele>197.2</ele>
        <time>2026-08-30T10:13:46+0800</time>
        <extensions>
          <gpxtpx:TrackPointExtension>
            <gpxtpx:hr>156</gpxtpx:hr>
            <gpxtpx:cad>81</gpxtpx:cad>
          </gpxtpx:TrackPointExtension>
        </extensions>
      </trkpt>
      <trkpt lat="29.7045317665" lon="106.512941765">
        <ele>197.2</ele>
        <time>2026-08-30T10:13:47+0800</time>
        <extensions>
          <gpxtpx:TrackPointExtension>
            <gpxtpx:hr>156</gpxtpx:hr>
            <gpxtpx:cad>81</gpxtpx:cad>
          </gpxtpx:TrackPointExtension>
        </extensions>
      </trkpt>
      <trkpt lat="29.7045184392" lon="106.512947381">
        <ele>197.2</ele>
        <time>2026-08-30T10:13:48+0800</time>
        <extensions>
          <gpxtpx:TrackPointExtension>
            <gpxtpx:hr>156</gpxtpx:hr>
            <gpxtpx:cad>81</gpxtpx:cad>
          </gpxtpx:TrackPointExtension>
        </extensions>
      </trkpt>
      <trkpt lat="29.7045059502" lon="106.512953751">
        <ele>197.2</ele>
        <time>2026-08-30T10:13:49+0800</time>
        <extensions>
          <gpxtpx:TrackPointExtension>
            <gpxtpx:hr>155</gpxtpx:hr>
            <gpxtpx:cad>81</gpxtpx:cad>
          </gpxtpx:TrackPointExtension>
        </extensions>
      </trkpt>
      <trkpt lat="29.7044917848" lon="106.512960708">
        <ele>197.2</ele>
        <time>2026-08-30T10:13:50+0800</time>
        <extensions>
          <gpxtpx:TrackPointExtension>
            <gpxtpx:hr>155</gpxtpx:hr>
            <gpxtpx:cad>81</gpxtpx:cad>
          </gpxtpx:TrackPointExtension>
        </extensions>
      </trkpt>
      <trkpt lat="29.7044774517" lon="106.512967832">
        <ele>197.2</ele>
        <time>2026-08-30T10:13:51+0800</time>
        <extensions>
          <gpxtpx:TrackPointExtension>
            <gpxtpx:hr>155</gpxtpx:hr>
            <gpxtpx:cad>81</gpxtpx:cad>
          </gpxtpx:TrackPointExtension>
        </extensions>
      </trkpt>
      <trkpt lat="29.7044686507" lon="106.512977807">
        <ele>197.2</ele>
        <time>2026-08-30T10:13:52+0800</time>
        <extensions>
          <gpxtpx:TrackPointExtension>
            <gpxtpx:hr>156</gpxtpx:hr>
            <gpxtpx:cad>81</gpxtpx:cad>
          </gpxtpx:TrackPointExtension>
        </extensions>
      </trkpt>
      <trkpt lat="29.7044575866" lon="106.512987362">
        <ele>197.4</ele>
        <time>2026-08-30T10:13:53+0800</time>
        <extensions>
          <gpxtpx:TrackPointExtension>
            <gpxtpx:hr>156</gpxtpx:hr>
            <gpxtpx:cad>82</gpxtpx:cad>
          </gpxtpx:TrackPointExtension>
        </extensions>
      </trkpt>
      <trkpt lat="29.7044453491" lon="106.513000689">
        <ele>197.4</ele>
        <time>2026-08-30T10:13:54+0800</time>
        <extensions>
          <gpxtpx:TrackPointExtension>
            <gpxtpx:hr>156</gpxtpx:hr>
            <gpxtpx:cad>82</gpxtpx:cad>
          </gpxtpx:TrackPointExtension>
        </extensions>
      </trkpt>
      <trkpt lat="29.7044410743" lon="106.51301167">
        <ele>197.4</ele>
        <time>2026-08-30T10:13:55+0800</time>
        <extensions>
          <gpxtpx:TrackPointExtension>
            <gpxtpx:hr>156</gpxtpx:hr>
            <gpxtpx:cad>81</gpxtpx:cad>
          </gpxtpx:TrackPointExtension>
        </extensions>
      </trkpt>
      <trkpt lat="29.704435626" lon="106.513026254">
        <ele>197.6</ele>
        <time>2026-08-30T10:13:56+0800</time>
        <extensions>
          <gpxtpx:TrackPointExtension>
            <gpxtpx:hr>156</gpxtpx:hr>
            <gpxtpx:cad>81</gpxtpx:cad>
          </gpxtpx:TrackPointExtension>
        </extensions>
      </trkpt>
      <trkpt lat="29.7044270765" lon="106.51304327">
        <ele>197.6</ele>
        <time>2026-08-30T10:13:57+0800</time>
        <extensions>
          <gpxtpx:TrackPointExtension>
            <gpxtpx:hr>155</gpxtpx:hr>
            <gpxtpx:cad>81</gpxtpx:cad>
          </gpxtpx:TrackPointExtension>
        </extensions>
      </trkpt>
      <trkpt lat="29.704421293" lon="106.513055591">
        <ele>197.8</ele>
        <time>2026-08-30T10:13:58+0800</time>
        <extensions>
          <gpxtpx:TrackPointExtension>
            <gpxtpx:hr>155</gpxtpx:hr>
            <gpxtpx:cad>81</gpxtpx:cad>
          </gpxtpx:TrackPointExtension>
        </extensions>
      </trkpt>
      <trkpt lat="29.7044162638" lon="106.513072439">
        <ele>197.8</ele>
        <time>2026-08-30T10:13:59+0800</time>
        <extensions>
          <gpxtpx:TrackPointExtension>
            <gpxtpx:hr>155</gpxtpx:hr>
            <gpxtpx:cad>80</gpxtpx:cad>
          </gpxtpx:TrackPointExtension>
        </extensions>
      </trkpt>
      <trkpt lat="29.7044110671" lon="106.513088783">
        <ele>197.8</ele>
        <time>2026-08-30T10:14:00+0800</time>
        <extensions>
          <gpxtpx:TrackPointExtension>
            <gpxtpx:hr>155</gpxtpx:hr>
            <gpxtpx:cad>81</gpxtpx:cad>
          </gpxtpx:TrackPointExtension>
        </extensions>
      </trkpt>
      <trkpt lat="29.7044060379" lon="106.51310144">
        <ele>197.8</ele>
        <time>2026-08-30T10:14:01+0800</time>
        <extensions>
          <gpxtpx:TrackPointExtension>
            <gpxtpx:hr>154</gpxtpx:hr>
            <gpxtpx:cad>81</gpxtpx:cad>
          </gpxtpx:TrackPointExtension>
        </extensions>
      </trkpt>
      <trkpt lat="29.7044026852" lon="106.513120551">
        <ele>197.8</ele>
        <time>2026-08-30T10:14:02+0800</time>
        <extensions>
          <gpxtpx:TrackPointExtension>
            <gpxtpx:hr>155</gpxtpx:hr>
            <gpxtpx:cad>82</gpxtpx:cad>
          </gpxtpx:TrackPointExtension>
        </extensions>
      </trkpt>
      <trkpt lat="29.7043986619" lon="106.513132704">
        <ele>197.8</ele>
        <time>2026-08-30T10:14:03+0800</time>
        <extensions>
          <gpxtpx:TrackPointExtension>
            <gpxtpx:hr>155</gpxtpx:hr>
            <gpxtpx:cad>82</gpxtpx:cad>
          </gpxtpx:TrackPointExtension>
        </extensions>
      </trkpt>
      <trkpt lat="29.704395812" lon="106.513144439">
        <ele>198.0</ele>
        <time>2026-08-30T10:14:04+0800</time>
        <extensions>
          <gpxtpx:TrackPointExtension>
            <gpxtpx:hr>154</gpxtpx:hr>
            <gpxtpx:cad>81</gpxtpx:cad>
          </gpxtpx:TrackPointExtension>
        </extensions>
      </trkpt>
      <trkpt lat="29.7043910343" lon="106.513162544">
        <ele>198.0</ele>
        <time>2026-08-30T10:14:05+0800</time>
        <extensions>
          <gpxtpx:TrackPointExtension>
            <gpxtpx:hr>155</gpxtpx:hr>
            <gpxtpx:cad>81</gpxtpx:cad>
          </gpxtpx:TrackPointExtension>
        </extensions>
      </trkpt>
      <trkpt lat="29.7043856699" lon="106.513179224">
        <ele>198.0</ele>
        <time>2026-08-30T10:14:06+0800</time>
        <extensions>
          <gpxtpx:TrackPointExtension>
            <gpxtpx:hr>155</gpxtpx:hr>
            <gpxtpx:cad>81</gpxtpx:cad>
          </gpxtpx:TrackPointExtension>
        </extensions>
      </trkpt>
      <trkpt lat="29.7043830715" lon="106.51319515">
        <ele>198.2</ele>
        <time>2026-08-30T10:14:07+0800</time>
        <extensions>
          <gpxtpx:TrackPointExtension>
            <gpxtpx:hr>155</gpxtpx:hr>
            <gpxtpx:cad>81</gpxtpx:cad>
          </gpxtpx:TrackPointExtension>
        </extensions>
      </trkpt>
      <trkpt lat="29.7043792158" lon="106.513212919">
        <ele>198.2</ele>
        <time>2026-08-30T10:14:08+0800</time>
        <extensions>
          <gpxtpx:TrackPointExtension>
            <gpxtpx:hr>154</gpxtpx:hr>
            <gpxtpx:cad>81</gpxtpx:cad>
          </gpxtpx:TrackPointExtension>
        </extensions>
      </trkpt>
      <trkpt lat="29.7043765336" lon="106.51322633">
        <ele>198.0</ele>
        <time>2026-08-30T10:14:09+0800</time>
        <extensions>
          <gpxtpx:TrackPointExtension>
            <gpxtpx:hr>155</gpxtpx:hr>
            <gpxtpx:cad>81</gpxtpx:cad>
          </gpxtpx:TrackPointExtension>
        </extensions>
      </trkpt>
      <trkpt lat="29.7043751925" lon="106.51324762">
        <ele>198.0</ele>
        <time>2026-08-30T10:14:10+0800</time>
        <extensions>
          <gpxtpx:TrackPointExtension>
            <gpxtpx:hr>155</gpxtpx:hr>
            <gpxtpx:cad>81</gpxtpx:cad>
          </gpxtpx:TrackPointExtension>
        </extensions>
      </trkpt>
      <trkpt lat="29.7043728456" lon="106.513263043">
        <ele>198.0</ele>
        <time>2026-08-30T10:14:11+0800</time>
        <extensions>
          <gpxtpx:TrackPointExtension>
            <gpxtpx:hr>155</gpxtpx:hr>
            <gpxtpx:cad>81</gpxtpx:cad>
          </gpxtpx:TrackPointExtension>
        </extensions>
      </trkpt>
      <trkpt lat="29.7043719236" lon="106.513275951">
        <ele>198.0</ele>
        <time>2026-08-30T10:14:12+0800</time>
        <extensions>
          <gpxtpx:TrackPointExtension>
            <gpxtpx:hr>155</gpxtpx:hr>
            <gpxtpx:cad>82</gpxtpx:cad>
          </gpxtpx:TrackPointExtension>
        </extensions>
      </trkpt>
      <trkpt lat="29.7043685708" lon="106.513295146">
        <ele>198.0</ele>
        <time>2026-08-30T10:14:13+0800</time>
        <extensions>
          <gpxtpx:TrackPointExtension>
            <gpxtpx:hr>155</gpxtpx:hr>
            <gpxtpx:cad>82</gpxtpx:cad>
          </gpxtpx:TrackPointExtension>
        </extensions>
      </trkpt>
      <trkpt lat="29.7043665592" lon="106.513312412">
        <ele>198.2</ele>
        <time>2026-08-30T10:14:14+0800</time>
        <extensions>
          <gpxtpx:TrackPointExtension>
            <gpxtpx:hr>156</gpxtpx:hr>
            <gpxtpx:cad>82</gpxtpx:cad>
          </gpxtpx:TrackPointExtension>
        </extensions>
      </trkpt>
      <trkpt lat="29.7043651342" lon="106.513330266">
        <ele>198.2</ele>
        <time>2026-08-30T10:14:15+0800</time>
        <extensions>
          <gpxtpx:TrackPointExtension>
            <gpxtpx:hr>156</gpxtpx:hr>
            <gpxtpx:cad>82</gpxtpx:cad>
          </gpxtpx:TrackPointExtension>
        </extensions>
      </trkpt>
      <trkpt lat="29.7043602727" lon="106.513350382">
        <ele>198.0</ele>
        <time>2026-08-30T10:14:16+0800</time>
        <extensions>
          <gpxtpx:TrackPointExtension>
            <gpxtpx:hr>156</gpxtpx:hr>
            <gpxtpx:cad>82</gpxtpx:cad>
          </gpxtpx:TrackPointExtension>
        </extensions>
      </trkpt>
      <trkpt lat="29.7043572553" lon="106.513364548">
        <ele>198.0</ele>
        <time>2026-08-30T10:14:17+0800</time>
        <extensions>
          <gpxtpx:TrackPointExtension>
            <gpxtpx:hr>157</gpxtpx:hr>
            <gpxtpx:cad>82</gpxtpx:cad>
          </gpxtpx:TrackPointExtension>
        </extensions>
      </trkpt>
      <trkpt lat="29.7043549083" lon="106.513387766">
        <ele>198.0</ele>
        <time>2026-08-30T10:14:18+0800</time>
        <extensions>
          <gpxtpx:TrackPointExtension>
            <gpxtpx:hr>156</gpxtpx:hr>
            <gpxtpx:cad>82</gpxtpx:cad>
          </gpxtpx:TrackPointExtension>
        </extensions>
      </trkpt>
      <trkpt lat="29.704353651" lon="106.513406541">
        <ele>198.0</ele>
        <time>2026-08-30T10:14:19+0800</time>
        <extensions>
          <gpxtpx:TrackPointExtension>
            <gpxtpx:hr>156</gpxtpx:hr>
            <gpxtpx:cad>83</gpxtpx:cad>
          </gpxtpx:TrackPointExtension>
        </extensions>
      </trkpt>
      <trkpt lat="29.704353651" lon="106.513425149">
        <ele>198.0</ele>
        <time>2026-08-30T10:14:20+0800</time>
        <extensions>
          <gpxtpx:TrackPointExtension>
            <gpxtpx:hr>156</gpxtpx:hr>
            <gpxtpx:cad>83</gpxtpx:cad>
          </gpxtpx:TrackPointExtension>
        </extensions>
      </trkpt>
      <trkpt lat="29.7043491248" lon="106.513444344">
        <ele>198.0</ele>
        <time>2026-08-30T10:14:21+0800</time>
        <extensions>
          <gpxtpx:TrackPointExtension>
            <gpxtpx:hr>156</gpxtpx:hr>
            <gpxtpx:cad>84</gpxtpx:cad>
          </gpxtpx:TrackPointExtension>
        </extensions>
      </trkpt>
      <trkpt lat="29.7043497115" lon="106.513460185">
        <ele>198.0</ele>
        <time>2026-08-30T10:14:22+0800</time>
        <extensions>
          <gpxtpx:TrackPointExtension>
            <gpxtpx:hr>156</gpxtpx:hr>
            <gpxtpx:cad>84</gpxtpx:cad>
          </gpxtpx:TrackPointExtension>
        </extensions>
      </trkpt>
      <trkpt lat="29.7043479513" lon="106.513483068">
        <ele>198.0</ele>
        <time>2026-08-30T10:14:23+0800</time>
        <extensions>
          <gpxtpx:TrackPointExtension>
            <gpxtpx:hr>156</gpxtpx:hr>
            <gpxtpx:cad>84</gpxtpx:cad>
          </gpxtpx:TrackPointExtension>
        </extensions>
      </trkpt>
      <trkpt lat="29.7043453529" lon="106.513503855">
        <ele>198.0</ele>
        <time>2026-08-30T10:14:24+0800</time>
        <extensions>
          <gpxtpx:TrackPointExtension>
            <gpxtpx:hr>157</gpxtpx:hr>
            <gpxtpx:cad>84</gpxtpx:cad>
          </gpxtpx:TrackPointExtension>
        </extensions>
      </trkpt>
      <trkpt lat="29.7043451015" lon="106.513521876">
        <ele>198.0</ele>
        <time>2026-08-30T10:14:25+0800</time>
        <extensions>
          <gpxtpx:TrackPointExtension>
            <gpxtpx:hr>157</gpxtpx:hr>
            <gpxtpx:cad>84</gpxtpx:cad>
          </gpxtpx:TrackPointExtension>
        </extensions>
      </trkpt>
      <trkpt lat="29.7043414135" lon="106.51354216">
        <ele>198.0</ele>
        <time>2026-08-30T10:14:26+0800</time>
        <extensions>
          <gpxtpx:TrackPointExtension>
            <gpxtpx:hr>157</gpxtpx:hr>
            <gpxtpx:cad>84</gpxtpx:cad>
          </gpxtpx:TrackPointExtension>
        </extensions>
      </trkpt>
      <trkpt lat="29.7043415811" lon="106.513557415">
        <ele>198.0</ele>
        <time>2026-08-30T10:14:27+0800</time>
        <extensions>
          <gpxtpx:TrackPointExtension>
            <gpxtpx:hr>158</gpxtpx:hr>
            <gpxtpx:cad>84</gpxtpx:cad>
          </gpxtpx:TrackPointExtension>
        </extensions>
      </trkpt>
      <trkpt lat="29.7043397371" lon="106.513580885">
        <ele>198.0</ele>
        <time>2026-08-30T10:14:28+0800</time>
        <extensions>
          <gpxtpx:TrackPointExtension>
            <gpxtpx:hr>158</gpxtpx:hr>
            <gpxtpx:cad>84</gpxtpx:cad>
          </gpxtpx:TrackPointExtension>
        </extensions>
      </trkpt>
      <trkpt lat="29.7043394018" lon="106.513597984">
        <ele>198.0</ele>
        <time>2026-08-30T10:14:29+0800</time>
        <extensions>
          <gpxtpx:TrackPointExtension>
            <gpxtpx:hr>159</gpxtpx:hr>
            <gpxtpx:cad>84</gpxtpx:cad>
          </gpxtpx:TrackPointExtension>
        </extensions>
      </trkpt>
      <trkpt lat="29.7043380607" lon="106.513616005">
        <ele>198.0</ele>
        <time>2026-08-30T10:14:30+0800</time>
        <extensions>
          <gpxtpx:TrackPointExtension>
            <gpxtpx:hr>159</gpxtpx:hr>
            <gpxtpx:cad>84</gpxtpx:cad>
          </gpxtpx:TrackPointExtension>
        </extensions>
      </trkpt>
      <trkpt lat="29.7043382283" lon="106.513622459">
        <ele>198.0</ele>
        <time>2026-08-30T10:14:31+0800</time>
        <extensions>
          <gpxtpx:TrackPointExtension>
            <gpxtpx:hr>159</gpxtpx:hr>
            <gpxtpx:cad>85</gpxtpx:cad>
          </gpxtpx:TrackPointExtension>
        </extensions>
      </trkpt>
      <trkpt lat="29.7043503821" lon="106.513596307">
        <ele>198.2</ele>
        <time>2026-08-30T10:14:33+0800</time>
        <extensions>
          <gpxtpx:TrackPointExtension>
            <gpxtpx:hr>159</gpxtpx:hr>
            <gpxtpx:cad>85</gpxtpx:cad>
          </gpxtpx:TrackPointExtension>
        </extensions>
      </trkpt>
      <trkpt lat="29.7043519747" lon="106.513579879">
        <ele>198.2</ele>
        <time>2026-08-30T10:14:34+0800</time>
        <extensions>
          <gpxtpx:TrackPointExtension>
            <gpxtpx:hr>159</gpxtpx:hr>
            <gpxtpx:cad>84</gpxtpx:cad>
          </gpxtpx:TrackPointExtension>
        </extensions>
      </trkpt>
      <trkpt lat="29.7043511365" lon="106.513565127">
        <ele>198.0</ele>
        <time>2026-08-30T10:14:35+0800</time>
        <extensions>
          <gpxtpx:TrackPointExtension>
            <gpxtpx:hr>158</gpxtpx:hr>
            <gpxtpx:cad>83</gpxtpx:cad>
          </gpxtpx:TrackPointExtension>
        </extensions>
      </trkpt>
      <trkpt lat="29.704351807" lon="106.513544004">
        <ele>198.0</ele>
        <time>2026-08-30T10:14:36+0800</time>
        <extensions>
          <gpxtpx:TrackPointExtension>
            <gpxtpx:hr>158</gpxtpx:hr>
            <gpxtpx:cad>82</gpxtpx:cad>
          </gpxtpx:TrackPointExtension>
        </extensions>
      </trkpt>
      <trkpt lat="29.7043529805" lon="106.513529923">
        <ele>198.0</ele>
        <time>2026-08-30T10:14:37+0800</time>
        <extensions>
          <gpxtpx:TrackPointExtension>
            <gpxtpx:hr>157</gpxtpx:hr>
            <gpxtpx:cad>80</gpxtpx:cad>
          </gpxtpx:TrackPointExtension>
        </extensions>
      </trkpt>
      <trkpt lat="29.7043552436" lon="106.513517099">
        <ele>198.0</ele>
        <time>2026-08-30T10:14:38+0800</time>
        <extensions>
          <gpxtpx:TrackPointExtension>
            <gpxtpx:hr>157</gpxtpx:hr>
            <gpxtpx:cad>80</gpxtpx:cad>
          </gpxtpx:TrackPointExtension>
        </extensions>
      </trkpt>
      <trkpt lat="29.7043592669" lon="106.513499832">
        <ele>198.0</ele>
        <time>2026-08-30T10:14:39+0800</time>
        <extensions>
          <gpxtpx:TrackPointExtension>
            <gpxtpx:hr>157</gpxtpx:hr>
            <gpxtpx:cad>81</gpxtpx:cad>
          </gpxtpx:TrackPointExtension>
        </extensions>
      </trkpt>
      <trkpt lat="29.7043596022" lon="106.513486505">
        <ele>198.0</ele>
        <time>2026-08-30T10:14:40+0800</time>
        <extensions>
          <gpxtpx:TrackPointExtension>
            <gpxtpx:hr>157</gpxtpx:hr>
            <gpxtpx:cad>82</gpxtpx:cad>
          </gpxtpx:TrackPointExtension>
        </extensions>
      </trkpt>
      <trkpt lat="29.7043613624" lon="106.513467897">
        <ele>198.0</ele>
        <time>2026-08-30T10:14:41+0800</time>
        <extensions>
          <gpxtpx:TrackPointExtension>
            <gpxtpx:hr>157</gpxtpx:hr>
            <gpxtpx:cad>83</gpxtpx:cad>
          </gpxtpx:TrackPointExtension>
        </extensions>
      </trkpt>
      <trkpt lat="29.7043632064" lon="106.513450965">
        <ele>198.0</ele>
        <time>2026-08-30T10:14:42+0800</time>
        <extensions>
          <gpxtpx:TrackPointExtension>
            <gpxtpx:hr>156</gpxtpx:hr>
            <gpxtpx:cad>83</gpxtpx:cad>
          </gpxtpx:TrackPointExtension>
        </extensions>
      </trkpt>
      <trkpt lat="29.7043642122" lon="106.513436297">
        <ele>198.0</ele>
        <time>2026-08-30T10:14:43+0800</time>
        <extensions>
          <gpxtpx:TrackPointExtension>
            <gpxtpx:hr>156</gpxtpx:hr>
            <gpxtpx:cad>83</gpxtpx:cad>
          </gpxtpx:TrackPointExtension>
        </extensions>
      </trkpt>
      <trkpt lat="29.704366643" lon="106.513416097">
        <ele>198.0</ele>
        <time>2026-08-30T10:14:44+0800</time>
        <extensions>
          <gpxtpx:TrackPointExtension>
            <gpxtpx:hr>156</gpxtpx:hr>
            <gpxtpx:cad>83</gpxtpx:cad>
          </gpxtpx:TrackPointExtension>
        </extensions>
      </trkpt>
      <trkpt lat="29.704365721" lon="106.513401093">
        <ele>198.0</ele>
        <time>2026-08-30T10:14:45+0800</time>
        <extensions>
          <gpxtpx:TrackPointExtension>
            <gpxtpx:hr>156</gpxtpx:hr>
            <gpxtpx:cad>83</gpxtpx:cad>
          </gpxtpx:TrackPointExtension>
        </extensions>
      </trkpt>
      <trkpt lat="29.7043652181" lon="106.513381815">
        <ele>198.0</ele>
        <time>2026-08-30T10:14:46+0800</time>
        <extensions>
          <gpxtpx:TrackPointExtension>
            <gpxtpx:hr>156</gpxtpx:hr>
            <gpxtpx:cad>83</gpxtpx:cad>
          </gpxtpx:TrackPointExtension>
        </extensions>
      </trkpt>
      <trkpt lat="29.7043674812" lon="106.513364883">
        <ele>198.0</ele>
        <time>2026-08-30T10:14:47+0800</time>
        <extensions>
          <gpxtpx:TrackPointExtension>
            <gpxtpx:hr>157</gpxtpx:hr>
            <gpxtpx:cad>83</gpxtpx:cad>
          </gpxtpx:TrackPointExtension>
        </extensions>
      </trkpt>
      <trkpt lat="29.7043672297" lon="106.513352478">
        <ele>198.0</ele>
        <time>2026-08-30T10:14:48+0800</time>
        <extensions>
          <gpxtpx:TrackPointExtension>
            <gpxtpx:hr>156</gpxtpx:hr>
            <gpxtpx:cad>83</gpxtpx:cad>
          </gpxtpx:TrackPointExtension>
        </extensions>
      </trkpt>
      <trkpt lat="29.7043696605" lon="106.513334624">
        <ele>198.0</ele>
        <time>2026-08-30T10:14:49+0800</time>
        <extensions>
          <gpxtpx:TrackPointExtension>
            <gpxtpx:hr>156</gpxtpx:hr>
            <gpxtpx:cad>83</gpxtpx:cad>
          </gpxtpx:TrackPointExtension>
        </extensions>
      </trkpt>
      <trkpt lat="29.704372175" lon="106.513322387">
        <ele>198.0</ele>
        <time>2026-08-30T10:14:50+0800</time>
        <extensions>
          <gpxtpx:TrackPointExtension>
            <gpxtpx:hr>156</gpxtpx:hr>
            <gpxtpx:cad>83</gpxtpx:cad>
          </gpxtpx:TrackPointExtension>
        </extensions>
      </trkpt>
      <trkpt lat="29.7043740191" lon="106.513307719">
        <ele>198.0</ele>
        <time>2026-08-30T10:14:51+0800</time>
        <extensions>
          <gpxtpx:TrackPointExtension>
            <gpxtpx:hr>156</gpxtpx:hr>
            <gpxtpx:cad>83</gpxtpx:cad>
          </gpxtpx:TrackPointExtension>
        </extensions>
      </trkpt>
      <trkpt lat="29.7043767851" lon="106.513291039">
        <ele>198.0</ele>
        <time>2026-08-30T10:14:52+0800</time>
        <extensions>
          <gpxtpx:TrackPointExtension>
            <gpxtpx:hr>156</gpxtpx:hr>
            <gpxtpx:cad>83</gpxtpx:cad>
          </gpxtpx:TrackPointExtension>
        </extensions>
      </trkpt>
      <trkpt lat="29.7043772042" lon="106.51327746">
        <ele>198.2</ele>
        <time>2026-08-30T10:14:53+0800</time>
        <extensions>
          <gpxtpx:TrackPointExtension>
            <gpxtpx:hr>156</gpxtpx:hr>
            <gpxtpx:cad>82</gpxtpx:cad>
          </gpxtpx:TrackPointExtension>
        </extensions>
      </trkpt>
      <trkpt lat="29.704380054" lon="106.513262205">
        <ele>198.2</ele>
        <time>2026-08-30T10:14:54+0800</time>
        <extensions>
          <gpxtpx:TrackPointExtension>
            <gpxtpx:hr>156</gpxtpx:hr>
            <gpxtpx:cad>82</gpxtpx:cad>
          </gpxtpx:TrackPointExtension>
        </extensions>
      </trkpt>
      <trkpt lat="29.7043824848" lon="106.51324695">
        <ele>198.0</ele>
        <time>2026-08-30T10:14:55+0800</time>
        <extensions>
          <gpxtpx:TrackPointExtension>
            <gpxtpx:hr>156</gpxtpx:hr>
            <gpxtpx:cad>82</gpxtpx:cad>
          </gpxtpx:TrackPointExtension>
        </extensions>
      </trkpt>
      <trkpt lat="29.7043815628" lon="106.513236137">
        <ele>198.0</ele>
        <time>2026-08-30T10:14:56+0800</time>
        <extensions>
          <gpxtpx:TrackPointExtension>
            <gpxtpx:hr>157</gpxtpx:hr>
            <gpxtpx:cad>82</gpxtpx:cad>
          </gpxtpx:TrackPointExtension>
        </extensions>
      </trkpt>
      <trkpt lat="29.7043856699" lon="106.513214931">
        <ele>198.0</ele>
        <time>2026-08-30T10:14:57+0800</time>
        <extensions>
          <gpxtpx:TrackPointExtension>
            <gpxtpx:hr>157</gpxtpx:hr>
            <gpxtpx:cad>82</gpxtpx:cad>
          </gpxtpx:TrackPointExtension>
        </extensions>
      </trkpt>
      <trkpt lat="29.7043874301" lon="106.513201939">
        <ele>198.0</ele>
        <time>2026-08-30T10:14:58+0800</time>
        <extensions>
          <gpxtpx:TrackPointExtension>
            <gpxtpx:hr>157</gpxtpx:hr>
            <gpxtpx:cad>81</gpxtpx:cad>
          </gpxtpx:TrackPointExtension>
        </extensions>
      </trkpt>
      <trkpt lat="29.7043900285" lon="106.513186181">
        <ele>198.0</ele>
        <time>2026-08-30T10:14:59+0800</time>
        <extensions>
          <gpxtpx:TrackPointExtension>
            <gpxtpx:hr>157</gpxtpx:hr>
            <gpxtpx:cad>81</gpxtpx:cad>
          </gpxtpx:TrackPointExtension>
        </extensions>
      </trkpt>
      <trkpt lat="29.7043920401" lon="106.513169669">
        <ele>198.0</ele>
        <time>2026-08-30T10:15:00+0800</time>
        <extensions>
          <gpxtpx:TrackPointExtension>
            <gpxtpx:hr>157</gpxtpx:hr>
            <gpxtpx:cad>82</gpxtpx:cad>
          </gpxtpx:TrackPointExtension>
        </extensions>
      </trkpt>
      <trkpt lat="29.7043951415" lon="106.513154833">
        <ele>198.0</ele>
        <time>2026-08-30T10:15:01+0800</time>
        <extensions>
          <gpxtpx:TrackPointExtension>
            <gpxtpx:hr>156</gpxtpx:hr>
            <gpxtpx:cad>82</gpxtpx:cad>
          </gpxtpx:TrackPointExtension>
        </extensions>
      </trkpt>
      <trkpt lat="29.7043981589" lon="106.513136644">
        <ele>198.0</ele>
        <time>2026-08-30T10:15:02+0800</time>
        <extensions>
          <gpxtpx:TrackPointExtension>
            <gpxtpx:hr>156</gpxtpx:hr>
            <gpxtpx:cad>82</gpxtpx:cad>
          </gpxtpx:TrackPointExtension>
        </extensions>
      </trkpt>
      <trkpt lat="29.7044033557" lon="106.513115773">
        <ele>198.0</ele>
        <time>2026-08-30T10:15:03+0800</time>
        <extensions>
          <gpxtpx:TrackPointExtension>
            <gpxtpx:hr>156</gpxtpx:hr>
            <gpxtpx:cad>82</gpxtpx:cad>
          </gpxtpx:TrackPointExtension>
        </extensions>
      </trkpt>
      <trkpt lat="29.7043997515" lon="106.513102697">
        <ele>198.0</ele>
        <time>2026-08-30T10:15:04+0800</time>
        <extensions>
          <gpxtpx:TrackPointExtension>
            <gpxtpx:hr>155</gpxtpx:hr>
            <gpxtpx:cad>82</gpxtpx:cad>
          </gpxtpx:TrackPointExtension>
        </extensions>
      </trkpt>
      <trkpt lat="29.7044037748" lon="106.513082497">
        <ele>198.0</ele>
        <time>2026-08-30T10:15:05+0800</time>
        <extensions>
          <gpxtpx:TrackPointExtension>
            <gpxtpx:hr>155</gpxtpx:hr>
            <gpxtpx:cad>82</gpxtpx:cad>
          </gpxtpx:TrackPointExtension>
        </extensions>
      </trkpt>
      <trkpt lat="29.7044071276" lon="106.513064811">
        <ele>198.0</ele>
        <time>2026-08-30T10:15:06+0800</time>
        <extensions>
          <gpxtpx:TrackPointExtension>
            <gpxtpx:hr>155</gpxtpx:hr>
            <gpxtpx:cad>81</gpxtpx:cad>
          </gpxtpx:TrackPointExtension>
        </extensions>
      </trkpt>
      <trkpt lat="29.7044078819" lon="106.513049221">
        <ele>198.0</ele>
        <time>2026-08-30T10:15:07+0800</time>
        <extensions>
          <gpxtpx:TrackPointExtension>
            <gpxtpx:hr>156</gpxtpx:hr>
            <gpxtpx:cad>81</gpxtpx:cad>
          </gpxtpx:TrackPointExtension>
        </extensions>
      </trkpt>
      <trkpt lat="29.7044140007" lon="106.513029942">
        <ele>197.8</ele>
        <time>2026-08-30T10:15:08+0800</time>
        <extensions>
          <gpxtpx:TrackPointExtension>
            <gpxtpx:hr>156</gpxtpx:hr>
            <gpxtpx:cad>81</gpxtpx:cad>
          </gpxtpx:TrackPointExtension>
        </extensions>
      </trkpt>
      <trkpt lat="29.7044207901" lon="106.513014687">
        <ele>197.8</ele>
        <time>2026-08-30T10:15:09+0800</time>
        <extensions>
          <gpxtpx:TrackPointExtension>
            <gpxtpx:hr>156</gpxtpx:hr>
            <gpxtpx:cad>81</gpxtpx:cad>
          </gpxtpx:TrackPointExtension>
        </extensions>
      </trkpt>
      <trkpt lat="29.7044287529" lon="106.513000522">
        <ele>197.8</ele>
        <time>2026-08-30T10:15:10+0800</time>
        <extensions>
          <gpxtpx:TrackPointExtension>
            <gpxtpx:hr>156</gpxtpx:hr>
            <gpxtpx:cad>81</gpxtpx:cad>
          </gpxtpx:TrackPointExtension>
        </extensions>
      </trkpt>
      <trkpt lat="29.7044374701" lon="106.512987111">
        <ele>197.8</ele>
        <time>2026-08-30T10:15:11+0800</time>
        <extensions>
          <gpxtpx:TrackPointExtension>
            <gpxtpx:hr>156</gpxtpx:hr>
            <gpxtpx:cad>81</gpxtpx:cad>
          </gpxtpx:TrackPointExtension>
        </extensions>
      </trkpt>
      <trkpt lat="29.7044460196" lon="106.512979399">
        <ele>197.6</ele>
        <time>2026-08-30T10:15:12+0800</time>
        <extensions>
          <gpxtpx:TrackPointExtension>
            <gpxtpx:hr>156</gpxtpx:hr>
            <gpxtpx:cad>82</gpxtpx:cad>
          </gpxtpx:TrackPointExtension>
        </extensions>
      </trkpt>
      <trkpt lat="29.7044579219" lon="106.51296624">
        <ele>197.6</ele>
        <time>2026-08-30T10:15:13+0800</time>
        <extensions>
          <gpxtpx:TrackPointExtension>
            <gpxtpx:hr>157</gpxtpx:hr>
            <gpxtpx:cad>82</gpxtpx:cad>
          </gpxtpx:TrackPointExtension>
        </extensions>
      </trkpt>
      <trkpt lat="29.7044693213" lon="106.512960289">
        <ele>197.6</ele>
        <time>2026-08-30T10:15:14+0800</time>
        <extensions>
          <gpxtpx:TrackPointExtension>
            <gpxtpx:hr>156</gpxtpx:hr>
            <gpxtpx:cad>82</gpxtpx:cad>
          </gpxtpx:TrackPointExtension>
        </extensions>
      </trkpt>
      <trkpt lat="29.7044758592" lon="106.512948722">
        <ele>197.6</ele>
        <time>2026-08-30T10:15:15+0800</time>
        <extensions>
          <gpxtpx:TrackPointExtension>
            <gpxtpx:hr>156</gpxtpx:hr>
            <gpxtpx:cad>82</gpxtpx:cad>
          </gpxtpx:TrackPointExtension>
        </extensions>
      </trkpt>
      <trkpt lat="29.70448751" lon="106.512939669">
        <ele>197.6</ele>
        <time>2026-08-30T10:15:16+0800</time>
        <extensions>
          <gpxtpx:TrackPointExtension>
            <gpxtpx:hr>156</gpxtpx:hr>
            <gpxtpx:cad>82</gpxtpx:cad>
          </gpxtpx:TrackPointExtension>
        </extensions>
      </trkpt>
      <trkpt lat="29.7045031004" lon="106.51293355">
        <ele>197.4</ele>
        <time>2026-08-30T10:15:17+0800</time>
        <extensions>
          <gpxtpx:TrackPointExtension>
            <gpxtpx:hr>156</gpxtpx:hr>
            <gpxtpx:cad>81</gpxtpx:cad>
          </gpxtpx:TrackPointExtension>
        </extensions>
      </trkpt>
      <trkpt lat="29.7045104764" lon="106.512924079">
        <ele>197.4</ele>
        <time>2026-08-30T10:15:18+0800</time>
        <extensions>
          <gpxtpx:TrackPointExtension>
            <gpxtpx:hr>156</gpxtpx:hr>
            <gpxtpx:cad>81</gpxtpx:cad>
          </gpxtpx:TrackPointExtension>
        </extensions>
      </trkpt>
      <trkpt lat="29.7045219596" lon="106.512917038">
        <ele>197.4</ele>
        <time>2026-08-30T10:15:19+0800</time>
        <extensions>
          <gpxtpx:TrackPointExtension>
            <gpxtpx:hr>156</gpxtpx:hr>
            <gpxtpx:cad>81</gpxtpx:cad>
          </gpxtpx:TrackPointExtension>
        </extensions>
      </trkpt>
      <trkpt lat="29.704534784" lon="106.512915362">
        <ele>197.2</ele>
        <time>2026-08-30T10:15:20+0800</time>
        <extensions>
          <gpxtpx:TrackPointExtension>
            <gpxtpx:hr>156</gpxtpx:hr>
            <gpxtpx:cad>81</gpxtpx:cad>
          </gpxtpx:TrackPointExtension>
        </extensions>
      </trkpt>
      <trkpt lat="29.7045432497" lon="106.512912177">
        <ele>197.2</ele>
        <time>2026-08-30T10:15:21+0800</time>
        <extensions>
          <gpxtpx:TrackPointExtension>
            <gpxtpx:hr>156</gpxtpx:hr>
            <gpxtpx:cad>80</gpxtpx:cad>
          </gpxtpx:TrackPointExtension>
        </extensions>
      </trkpt>
      <trkpt lat="29.7045571636" lon="106.512907902">
        <ele>197.4</ele>
        <time>2026-08-30T10:15:22+0800</time>
        <extensions>
          <gpxtpx:TrackPointExtension>
            <gpxtpx:hr>156</gpxtpx:hr>
            <gpxtpx:cad>80</gpxtpx:cad>
          </gpxtpx:TrackPointExtension>
        </extensions>
      </trkpt>
      <trkpt lat="29.7045695689" lon="106.512905387">
        <ele>197.4</ele>
        <time>2026-08-30T10:15:23+0800</time>
        <extensions>
          <gpxtpx:TrackPointExtension>
            <gpxtpx:hr>156</gpxtpx:hr>
            <gpxtpx:cad>81</gpxtpx:cad>
          </gpxtpx:TrackPointExtension>
        </extensions>
      </trkpt>
      <trkpt lat="29.7045788728" lon="106.512900861">
        <ele>197.4</ele>
        <time>2026-08-30T10:15:24+0800</time>
        <extensions>
          <gpxtpx:TrackPointExtension>
            <gpxtpx:hr>156</gpxtpx:hr>
            <gpxtpx:cad>81</gpxtpx:cad>
          </gpxtpx:TrackPointExtension>
        </extensions>
      </trkpt>
      <trkpt lat="29.7045921162" lon="106.512896921">
        <ele>197.4</ele>
        <time>2026-08-30T10:15:25+0800</time>
        <extensions>
          <gpxtpx:TrackPointExtension>
            <gpxtpx:hr>156</gpxtpx:hr>
            <gpxtpx:cad>81</gpxtpx:cad>
          </gpxtpx:TrackPointExtension>
        </extensions>
      </trkpt>
      <trkpt lat="29.7046046052" lon="106.512894575">
        <ele>197.4</ele>
        <time>2026-08-30T10:15:26+0800</time>
        <extensions>
          <gpxtpx:TrackPointExtension>
            <gpxtpx:hr>156</gpxtpx:hr>
            <gpxtpx:cad>81</gpxtpx:cad>
          </gpxtpx:TrackPointExtension>
        </extensions>
      </trkpt>
      <trkpt lat="29.7046146635" lon="106.512891054">
        <ele>197.4</ele>
        <time>2026-08-30T10:15:27+0800</time>
        <extensions>
          <gpxtpx:TrackPointExtension>
            <gpxtpx:hr>157</gpxtpx:hr>
            <gpxtpx:cad>81</gpxtpx:cad>
          </gpxtpx:TrackPointExtension>
        </extensions>
      </trkpt>
      <trkpt lat="29.7046316788" lon="106.512889797">
        <ele>197.4</ele>
        <time>2026-08-30T10:15:28+0800</time>
        <extensions>
          <gpxtpx:TrackPointExtension>
            <gpxtpx:hr>156</gpxtpx:hr>
            <gpxtpx:cad>80</gpxtpx:cad>
          </gpxtpx:TrackPointExtension>
        </extensions>
      </trkpt>
      <trkpt lat="29.7046450898" lon="106.512885857">
        <ele>197.4</ele>
        <time>2026-08-30T10:15:29+0800</time>
        <extensions>
          <gpxtpx:TrackPointExtension>
            <gpxtpx:hr>157</gpxtpx:hr>
            <gpxtpx:cad>80</gpxtpx:cad>
          </gpxtpx:TrackPointExtension>
        </extensions>
      </trkpt>
      <trkpt lat="29.7046600096" lon="106.512880828">
        <ele>197.4</ele>
        <time>2026-08-30T10:15:30+0800</time>
        <extensions>
          <gpxtpx:TrackPointExtension>
            <gpxtpx:hr>157</gpxtpx:hr>
            <gpxtpx:cad>80</gpxtpx:cad>
          </gpxtpx:TrackPointExtension>
        </extensions>
      </trkpt>
      <trkpt lat="29.7046761867" lon="106.512876973">
        <ele>197.4</ele>
        <time>2026-08-30T10:15:31+0800</time>
        <extensions>
          <gpxtpx:TrackPointExtension>
            <gpxtpx:hr>156</gpxtpx:hr>
            <gpxtpx:cad>81</gpxtpx:cad>
          </gpxtpx:TrackPointExtension>
        </extensions>
      </trkpt>
      <trkpt lat="29.7046886757" lon="106.512876134">
        <ele>197.4</ele>
        <time>2026-08-30T10:15:32+0800</time>
        <extensions>
          <gpxtpx:TrackPointExtension>
            <gpxtpx:hr>156</gpxtpx:hr>
            <gpxtpx:cad>81</gpxtpx:cad>
          </gpxtpx:TrackPointExtension>
        </extensions>
      </trkpt>
      <trkpt lat="29.7047046013" lon="106.512872949">
        <ele>197.4</ele>
        <time>2026-08-30T10:15:33+0800</time>
        <extensions>
          <gpxtpx:TrackPointExtension>
            <gpxtpx:hr>156</gpxtpx:hr>
            <gpxtpx:cad>81</gpxtpx:cad>
          </gpxtpx:TrackPointExtension>
        </extensions>
      </trkpt>
      <trkpt lat="29.7047195211" lon="106.51286683">
        <ele>197.4</ele>
        <time>2026-08-30T10:15:34+0800</time>
        <extensions>
          <gpxtpx:TrackPointExtension>
            <gpxtpx:hr>156</gpxtpx:hr>
            <gpxtpx:cad>80</gpxtpx:cad>
          </gpxtpx:TrackPointExtension>
        </extensions>
      </trkpt>
      <trkpt lat="29.7047336027" lon="106.512862472">
        <ele>197.4</ele>
        <time>2026-08-30T10:15:35+0800</time>
        <extensions>
          <gpxtpx:TrackPointExtension>
            <gpxtpx:hr>156</gpxtpx:hr>
            <gpxtpx:cad>80</gpxtpx:cad>
          </gpxtpx:TrackPointExtension>
        </extensions>
      </trkpt>
      <trkpt lat="29.7047474328" lon="106.512853252">
        <ele>197.6</ele>
        <time>2026-08-30T10:15:36+0800</time>
        <extensions>
          <gpxtpx:TrackPointExtension>
            <gpxtpx:hr>155</gpxtpx:hr>
            <gpxtpx:cad>80</gpxtpx:cad>
          </gpxtpx:TrackPointExtension>
        </extensions>
      </trkpt>
      <trkpt lat="29.7047574073" lon="106.512846127">
        <ele>197.6</ele>
        <time>2026-08-30T10:15:37+0800</time>
        <extensions>
          <gpxtpx:TrackPointExtension>
            <gpxtpx:hr>154</gpxtpx:hr>
            <gpxtpx:cad>81</gpxtpx:cad>
          </gpxtpx:TrackPointExtension>
        </extensions>
      </trkpt>
      <trkpt lat="29.7047678009" lon="106.512836488">
        <ele>197.6</ele>
        <time>2026-08-30T10:15:38+0800</time>
        <extensions>
          <gpxtpx:TrackPointExtension>
            <gpxtpx:hr>154</gpxtpx:hr>
            <gpxtpx:cad>81</gpxtpx:cad>
          </gpxtpx:TrackPointExtension>
        </extensions>
      </trkpt>
      <trkpt lat="29.7047813796" lon="106.512831375">
        <ele>197.6</ele>
        <time>2026-08-30T10:15:39+0800</time>
        <extensions>
          <gpxtpx:TrackPointExtension>
            <gpxtpx:hr>154</gpxtpx:hr>
            <gpxtpx:cad>82</gpxtpx:cad>
          </gpxtpx:TrackPointExtension>
        </extensions>
      </trkpt>
      <trkpt lat="29.7047902644" lon="106.512830034">
        <ele>197.8</ele>
        <time>2026-08-30T10:15:40+0800</time>
        <extensions>
          <gpxtpx:TrackPointExtension>
            <gpxtpx:hr>154</gpxtpx:hr>
            <gpxtpx:cad>82</gpxtpx:cad>
          </gpxtpx:TrackPointExtension>
        </extensions>
      </trkpt>
      <trkpt lat="29.7048004903" lon="106.512824753">
        <ele>197.8</ele>
        <time>2026-08-30T10:15:41+0800</time>
        <extensions>
          <gpxtpx:TrackPointExtension>
            <gpxtpx:hr>154</gpxtpx:hr>
            <gpxtpx:cad>82</gpxtpx:cad>
          </gpxtpx:TrackPointExtension>
        </extensions>
      </trkpt>
      <trkpt lat="29.7048135661" lon="106.512822658">
        <ele>197.8</ele>
        <time>2026-08-30T10:15:42+0800</time>
        <extensions>
          <gpxtpx:TrackPointExtension>
            <gpxtpx:hr>154</gpxtpx:hr>
            <gpxtpx:cad>82</gpxtpx:cad>
          </gpxtpx:TrackPointExtension>
        </extensions>
      </trkpt>
      <trkpt lat="29.7048231214" lon="106.51281964">
        <ele>197.8</ele>
        <time>2026-08-30T10:15:43+0800</time>
        <extensions>
          <gpxtpx:TrackPointExtension>
            <gpxtpx:hr>154</gpxtpx:hr>
            <gpxtpx:cad>82</gpxtpx:cad>
          </gpxtpx:TrackPointExtension>
        </extensions>
      </trkpt>
      <trkpt lat="29.7048387956" lon="106.512813019">
        <ele>197.8</ele>
        <time>2026-08-30T10:15:44+0800</time>
        <extensions>
          <gpxtpx:TrackPointExtension>
            <gpxtpx:hr>154</gpxtpx:hr>
            <gpxtpx:cad>82</gpxtpx:cad>
          </gpxtpx:TrackPointExtension>
        </extensions>
      </trkpt>
      <trkpt lat="29.7048531286" lon="106.512811007">
        <ele>197.8</ele>
        <time>2026-08-30T10:15:45+0800</time>
        <extensions>
          <gpxtpx:TrackPointExtension>
            <gpxtpx:hr>154</gpxtpx:hr>
            <gpxtpx:cad>82</gpxtpx:cad>
          </gpxtpx:TrackPointExtension>
        </extensions>
      </trkpt>
      <trkpt lat="29.7048651148" lon="106.512806313">
        <ele>198.0</ele>
        <time>2026-08-30T10:15:46+0800</time>
        <extensions>
          <gpxtpx:TrackPointExtension>
            <gpxtpx:hr>155</gpxtpx:hr>
            <gpxtpx:cad>82</gpxtpx:cad>
          </gpxtpx:TrackPointExtension>
        </extensions>
      </trkpt>
      <trkpt lat="29.7048819624" lon="106.512804469">
        <ele>197.8</ele>
        <time>2026-08-30T10:15:47+0800</time>
        <extensions>
          <gpxtpx:TrackPointExtension>
            <gpxtpx:hr>155</gpxtpx:hr>
            <gpxtpx:cad>82</gpxtpx:cad>
          </gpxtpx:TrackPointExtension>
        </extensions>
      </trkpt>
      <trkpt lat="29.7048935294" lon="106.512804134">
        <ele>197.8</ele>
        <time>2026-08-30T10:15:48+0800</time>
        <extensions>
          <gpxtpx:TrackPointExtension>
            <gpxtpx:hr>156</gpxtpx:hr>
            <gpxtpx:cad>82</gpxtpx:cad>
          </gpxtpx:TrackPointExtension>
        </extensions>
      </trkpt>
      <trkpt lat="29.7049076948" lon="106.512800865">
        <ele>197.8</ele>
        <time>2026-08-30T10:15:49+0800</time>
        <extensions>
          <gpxtpx:TrackPointExtension>
            <gpxtpx:hr>157</gpxtpx:hr>
            <gpxtpx:cad>82</gpxtpx:cad>
          </gpxtpx:TrackPointExtension>
        </extensions>
      </trkpt>
      <trkpt lat="29.7049232014" lon="106.512800446">
        <ele>198.0</ele>
        <time>2026-08-30T10:15:50+0800</time>
        <extensions>
          <gpxtpx:TrackPointExtension>
            <gpxtpx:hr>157</gpxtpx:hr>
            <gpxtpx:cad>82</gpxtpx:cad>
          </gpxtpx:TrackPointExtension>
        </extensions>
      </trkpt>
      <trkpt lat="29.7049364448" lon="106.512799272">
        <ele>198.0</ele>
        <time>2026-08-30T10:15:51+0800</time>
        <extensions>
          <gpxtpx:TrackPointExtension>
            <gpxtpx:hr>158</gpxtpx:hr>
            <gpxtpx:cad>81</gpxtpx:cad>
          </gpxtpx:TrackPointExtension>
        </extensions>
      </trkpt>
      <trkpt lat="29.7049541306" lon="106.512801703">
        <ele>198.0</ele>
        <time>2026-08-30T10:15:52+0800</time>
        <extensions>
          <gpxtpx:TrackPointExtension>
            <gpxtpx:hr>158</gpxtpx:hr>
            <gpxtpx:cad>82</gpxtpx:cad>
          </gpxtpx:TrackPointExtension>
        </extensions>
      </trkpt>
      <trkpt lat="29.7049667034" lon="106.512803212">
        <ele>198.0</ele>
        <time>2026-08-30T10:15:53+0800</time>
        <extensions>
          <gpxtpx:TrackPointExtension>
            <gpxtpx:hr>158</gpxtpx:hr>
            <gpxtpx:cad>82</gpxtpx:cad>
          </gpxtpx:TrackPointExtension>
        </extensions>
      </trkpt>
      <trkpt lat="29.7049783543" lon="106.512801619">
        <ele>198.0</ele>
        <time>2026-08-30T10:15:54+0800</time>
        <extensions>
          <gpxtpx:TrackPointExtension>
            <gpxtpx:hr>158</gpxtpx:hr>
            <gpxtpx:cad>82</gpxtpx:cad>
          </gpxtpx:TrackPointExtension>
        </extensions>
      </trkpt>
      <trkpt lat="29.7049942799" lon="106.512799021">
        <ele>197.8</ele>
        <time>2026-08-30T10:15:55+0800</time>
        <extensions>
          <gpxtpx:TrackPointExtension>
            <gpxtpx:hr>157</gpxtpx:hr>
            <gpxtpx:cad>82</gpxtpx:cad>
          </gpxtpx:TrackPointExtension>
        </extensions>
      </trkpt>
      <trkpt lat="29.7050066013" lon="106.51279835">
        <ele>197.8</ele>
        <time>2026-08-30T10:15:56+0800</time>
        <extensions>
          <gpxtpx:TrackPointExtension>
            <gpxtpx:hr>157</gpxtpx:hr>
            <gpxtpx:cad>82</gpxtpx:cad>
          </gpxtpx:TrackPointExtension>
        </extensions>
      </trkpt>
      <trkpt lat="29.7050200962" lon="106.512796925">
        <ele>197.8</ele>
        <time>2026-08-30T10:15:57+0800</time>
        <extensions>
          <gpxtpx:TrackPointExtension>
            <gpxtpx:hr>157</gpxtpx:hr>
            <gpxtpx:cad>82</gpxtpx:cad>
          </gpxtpx:TrackPointExtension>
        </extensions>
      </trkpt>
      <trkpt lat="29.7050390393" lon="106.51279483">
        <ele>198.0</ele>
        <time>2026-08-30T10:15:58+0800</time>
        <extensions>
          <gpxtpx:TrackPointExtension>
            <gpxtpx:hr>158</gpxtpx:hr>
            <gpxtpx:cad>82</gpxtpx:cad>
          </gpxtpx:TrackPointExtension>
        </extensions>
      </trkpt>
      <trkpt lat="29.7050538752" lon="106.512793489">
        <ele>198.0</ele>
        <time>2026-08-30T10:15:59+0800</time>
        <extensions>
          <gpxtpx:TrackPointExtension>
            <gpxtpx:hr>158</gpxtpx:hr>
            <gpxtpx:cad>82</gpxtpx:cad>
          </gpxtpx:TrackPointExtension>
        </extensions>
      </trkpt>
      <trkpt lat="29.7050718125" lon="106.512788627">
        <ele>198.0</ele>
        <time>2026-08-30T10:16:00+0800</time>
        <extensions>
          <gpxtpx:TrackPointExtension>
            <gpxtpx:hr>158</gpxtpx:hr>
            <gpxtpx:cad>82</gpxtpx:cad>
          </gpxtpx:TrackPointExtension>
        </extensions>
      </trkpt>
      <trkpt lat="29.7050861456" lon="106.512788292">
        <ele>198.0</ele>
        <time>2026-08-30T10:16:01+0800</time>
        <extensions>
          <gpxtpx:TrackPointExtension>
            <gpxtpx:hr>157</gpxtpx:hr>
            <gpxtpx:cad>82</gpxtpx:cad>
          </gpxtpx:TrackPointExtension>
        </extensions>
      </trkpt>
      <trkpt lat="29.705100311" lon="106.512783431">
        <ele>198.0</ele>
        <time>2026-08-30T10:16:02+0800</time>
        <extensions>
          <gpxtpx:TrackPointExtension>
            <gpxtpx:hr>158</gpxtpx:hr>
            <gpxtpx:cad>82</gpxtpx:cad>
          </gpxtpx:TrackPointExtension>
        </extensions>
      </trkpt>
      <trkpt lat="29.7051184159" lon="106.51277815">
        <ele>198.0</ele>
        <time>2026-08-30T10:16:03+0800</time>
        <extensions>
          <gpxtpx:TrackPointExtension>
            <gpxtpx:hr>158</gpxtpx:hr>
            <gpxtpx:cad>82</gpxtpx:cad>
          </gpxtpx:TrackPointExtension>
        </extensions>
      </trkpt>
      <trkpt lat="29.7051298153" lon="106.512778904">
        <ele>198.0</ele>
        <time>2026-08-30T10:16:04+0800</time>
        <extensions>
          <gpxtpx:TrackPointExtension>
            <gpxtpx:hr>157</gpxtpx:hr>
            <gpxtpx:cad>82</gpxtpx:cad>
          </gpxtpx:TrackPointExtension>
        </extensions>
      </trkpt>
      <trkpt lat="29.7051443998" lon="106.512777228">
        <ele>198.0</ele>
        <time>2026-08-30T10:16:05+0800</time>
        <extensions>
          <gpxtpx:TrackPointExtension>
            <gpxtpx:hr>158</gpxtpx:hr>
            <gpxtpx:cad>82</gpxtpx:cad>
          </gpxtpx:TrackPointExtension>
        </extensions>
      </trkpt>
      <trkpt lat="29.7051582299" lon="106.51277815">
        <ele>198.0</ele>
        <time>2026-08-30T10:16:06+0800</time>
        <extensions>
          <gpxtpx:TrackPointExtension>
            <gpxtpx:hr>158</gpxtpx:hr>
            <gpxtpx:cad>82</gpxtpx:cad>
          </gpxtpx:TrackPointExtension>
        </extensions>
      </trkpt>
      <trkpt lat="29.7051717248" lon="106.512777563">
        <ele>198.0</ele>
        <time>2026-08-30T10:16:07+0800</time>
        <extensions>
          <gpxtpx:TrackPointExtension>
            <gpxtpx:hr>157</gpxtpx:hr>
            <gpxtpx:cad>82</gpxtpx:cad>
          </gpxtpx:TrackPointExtension>
        </extensions>
      </trkpt>
      <trkpt lat="29.7051858064" lon="106.512776306">
        <ele>198.0</ele>
        <time>2026-08-30T10:16:08+0800</time>
        <extensions>
          <gpxtpx:TrackPointExtension>
            <gpxtpx:hr>158</gpxtpx:hr>
            <gpxtpx:cad>81</gpxtpx:cad>
          </gpxtpx:TrackPointExtension>
        </extensions>
      </trkpt>
      <trkpt lat="29.7052004747" lon="106.512774546">
        <ele>198.0</ele>
        <time>2026-08-30T10:16:09+0800</time>
        <extensions>
          <gpxtpx:TrackPointExtension>
            <gpxtpx:hr>157</gpxtpx:hr>
            <gpxtpx:cad>81</gpxtpx:cad>
          </gpxtpx:TrackPointExtension>
        </extensions>
      </trkpt>
      <trkpt lat="29.7052132152" lon="106.512771863">
        <ele>198.0</ele>
        <time>2026-08-30T10:16:10+0800</time>
        <extensions>
          <gpxtpx:TrackPointExtension>
            <gpxtpx:hr>157</gpxtpx:hr>
            <gpxtpx:cad>81</gpxtpx:cad>
          </gpxtpx:TrackPointExtension>
        </extensions>
      </trkpt>
      <trkpt lat="29.7052295599" lon="106.51277069">
        <ele>198.0</ele>
        <time>2026-08-30T10:16:11+0800</time>
        <extensions>
          <gpxtpx:TrackPointExtension>
            <gpxtpx:hr>157</gpxtpx:hr>
            <gpxtpx:cad>82</gpxtpx:cad>
          </gpxtpx:TrackPointExtension>
        </extensions>
      </trkpt>
      <trkpt lat="29.705245737" lon="106.512770271">
        <ele>198.0</ele>
        <time>2026-08-30T10:16:12+0800</time>
        <extensions>
          <gpxtpx:TrackPointExtension>
            <gpxtpx:hr>158</gpxtpx:hr>
            <gpxtpx:cad>82</gpxtpx:cad>
          </gpxtpx:TrackPointExtension>
        </extensions>
      </trkpt>
      <trkpt lat="29.7052604891" lon="106.512767253">
        <ele>198.0</ele>
        <time>2026-08-30T10:16:13+0800</time>
        <extensions>
          <gpxtpx:TrackPointExtension>
            <gpxtpx:hr>157</gpxtpx:hr>
            <gpxtpx:cad>82</gpxtpx:cad>
          </gpxtpx:TrackPointExtension>
        </extensions>
      </trkpt>
      <trkpt lat="29.7052756604" lon="106.512764487">
        <ele>198.0</ele>
        <time>2026-08-30T10:16:14+0800</time>
        <extensions>
          <gpxtpx:TrackPointExtension>
            <gpxtpx:hr>157</gpxtpx:hr>
            <gpxtpx:cad>82</gpxtpx:cad>
          </gpxtpx:TrackPointExtension>
        </extensions>
      </trkpt>
      <trkpt lat="29.7052895743" lon="106.51276214">
        <ele>198.0</ele>
        <time>2026-08-30T10:16:15+0800</time>
        <extensions>
          <gpxtpx:TrackPointExtension>
            <gpxtpx:hr>158</gpxtpx:hr>
            <gpxtpx:cad>81</gpxtpx:cad>
          </gpxtpx:TrackPointExtension>
        </extensions>
      </trkpt>
      <trkpt lat="29.7053056676" lon="106.512757782">
        <ele>198.0</ele>
        <time>2026-08-30T10:16:16+0800</time>
        <extensions>
          <gpxtpx:TrackPointExtension>
            <gpxtpx:hr>157</gpxtpx:hr>
            <gpxtpx:cad>81</gpxtpx:cad>
          </gpxtpx:TrackPointExtension>
        </extensions>
      </trkpt>
      <trkpt lat="29.7053227667" lon="106.5127551">
        <ele>198.0</ele>
        <time>2026-08-30T10:16:17+0800</time>
        <extensions>
          <gpxtpx:TrackPointExtension>
            <gpxtpx:hr>157</gpxtpx:hr>
            <gpxtpx:cad>81</gpxtpx:cad>
          </gpxtpx:TrackPointExtension>
        </extensions>
      </trkpt>
      <trkpt lat="29.7053351719" lon="106.512753423">
        <ele>198.0</ele>
        <time>2026-08-30T10:16:18+0800</time>
        <extensions>
          <gpxtpx:TrackPointExtension>
            <gpxtpx:hr>156</gpxtpx:hr>
            <gpxtpx:cad>81</gpxtpx:cad>
          </gpxtpx:TrackPointExtension>
        </extensions>
      </trkpt>
      <trkpt lat="29.7053530253" lon="106.51275049">
        <ele>198.0</ele>
        <time>2026-08-30T10:16:19+0800</time>
        <extensions>
          <gpxtpx:TrackPointExtension>
            <gpxtpx:hr>156</gpxtpx:hr>
            <gpxtpx:cad>81</gpxtpx:cad>
          </gpxtpx:TrackPointExtension>
        </extensions>
      </trkpt>
      <trkpt lat="29.7053702921" lon="106.512749735">
        <ele>198.0</ele>
        <time>2026-08-30T10:16:20+0800</time>
        <extensions>
          <gpxtpx:TrackPointExtension>
            <gpxtpx:hr>157</gpxtpx:hr>
            <gpxtpx:cad>81</gpxtpx:cad>
          </gpxtpx:TrackPointExtension>
        </extensions>
      </trkpt>
      <trkpt lat="29.7053840384" lon="106.51274831">
        <ele>198.0</ele>
        <time>2026-08-30T10:16:21+0800</time>
        <extensions>
          <gpxtpx:TrackPointExtension>
            <gpxtpx:hr>157</gpxtpx:hr>
            <gpxtpx:cad>82</gpxtpx:cad>
          </gpxtpx:TrackPointExtension>
        </extensions>
      </trkpt>
      <trkpt lat="29.70540273" lon="106.512749819">
        <ele>198.0</ele>
        <time>2026-08-30T10:16:22+0800</time>
        <extensions>
          <gpxtpx:TrackPointExtension>
            <gpxtpx:hr>157</gpxtpx:hr>
            <gpxtpx:cad>82</gpxtpx:cad>
          </gpxtpx:TrackPointExtension>
        </extensions>
      </trkpt>
      <trkpt lat="29.7054188233" lon="106.512748729">
        <ele>198.0</ele>
        <time>2026-08-30T10:16:23+0800</time>
        <extensions>
          <gpxtpx:TrackPointExtension>
            <gpxtpx:hr>158</gpxtpx:hr>
            <gpxtpx:cad>82</gpxtpx:cad>
          </gpxtpx:TrackPointExtension>
        </extensions>
      </trkpt>
      <trkpt lat="29.7054344136" lon="106.512744538">
        <ele>198.0</ele>
        <time>2026-08-30T10:16:24+0800</time>
        <extensions>
          <gpxtpx:TrackPointExtension>
            <gpxtpx:hr>158</gpxtpx:hr>
            <gpxtpx:cad>82</gpxtpx:cad>
          </gpxtpx:TrackPointExtension>
        </extensions>
      </trkpt>
      <trkpt lat="29.7054489981" lon="106.512745377">
        <ele>198.0</ele>
        <time>2026-08-30T10:16:25+0800</time>
        <extensions>
          <gpxtpx:TrackPointExtension>
            <gpxtpx:hr>158</gpxtpx:hr>
            <gpxtpx:cad>81</gpxtpx:cad>
          </gpxtpx:TrackPointExtension>
        </extensions>
      </trkpt>
      <trkpt lat="29.7054594755" lon="106.512743616">
        <ele>198.0</ele>
        <time>2026-08-30T10:16:26+0800</time>
        <extensions>
          <gpxtpx:TrackPointExtension>
            <gpxtpx:hr>158</gpxtpx:hr>
            <gpxtpx:cad>81</gpxtpx:cad>
          </gpxtpx:TrackPointExtension>
        </extensions>
      </trkpt>
      <trkpt lat="29.7054767422" lon="106.512739509">
        <ele>198.0</ele>
        <time>2026-08-30T10:16:27+0800</time>
        <extensions>
          <gpxtpx:TrackPointExtension>
            <gpxtpx:hr>158</gpxtpx:hr>
            <gpxtpx:cad>81</gpxtpx:cad>
          </gpxtpx:TrackPointExtension>
        </extensions>
      </trkpt>
      <trkpt lat="29.7054905724" lon="106.512739426">
        <ele>198.0</ele>
        <time>2026-08-30T10:16:28+0800</time>
        <extensions>
          <gpxtpx:TrackPointExtension>
            <gpxtpx:hr>158</gpxtpx:hr>
            <gpxtpx:cad>81</gpxtpx:cad>
          </gpxtpx:TrackPointExtension>
        </extensions>
      </trkpt>
      <trkpt lat="29.7055018041" lon="106.512735654">
        <ele>198.0</ele>
        <time>2026-08-30T10:16:29+0800</time>
        <extensions>
          <gpxtpx:TrackPointExtension>
            <gpxtpx:hr>158</gpxtpx:hr>
            <gpxtpx:cad>81</gpxtpx:cad>
          </gpxtpx:TrackPointExtension>
        </extensions>
      </trkpt>
      <trkpt lat="29.7055185679" lon="106.512733977">
        <ele>198.0</ele>
        <time>2026-08-30T10:16:30+0800</time>
        <extensions>
          <gpxtpx:TrackPointExtension>
            <gpxtpx:hr>158</gpxtpx:hr>
            <gpxtpx:cad>82</gpxtpx:cad>
          </gpxtpx:TrackPointExtension>
        </extensions>
      </trkpt>
      <trkpt lat="29.7055295482" lon="106.512735989">
        <ele>198.0</ele>
        <time>2026-08-30T10:16:31+0800</time>
        <extensions>
          <gpxtpx:TrackPointExtension>
            <gpxtpx:hr>158</gpxtpx:hr>
            <gpxtpx:cad>82</gpxtpx:cad>
          </gpxtpx:TrackPointExtension>
        </extensions>
      </trkpt>
      <trkpt lat="29.7055392712" lon="106.512733726">
        <ele>198.2</ele>
        <time>2026-08-30T10:16:32+0800</time>
        <extensions>
          <gpxtpx:TrackPointExtension>
            <gpxtpx:hr>157</gpxtpx:hr>
            <gpxtpx:cad>82</gpxtpx:cad>
          </gpxtpx:TrackPointExtension>
        </extensions>
      </trkpt>
      <trkpt lat="29.7055520955" lon="106.512734815">
        <ele>198.2</ele>
        <time>2026-08-30T10:16:33+0800</time>
        <extensions>
          <gpxtpx:TrackPointExtension>
            <gpxtpx:hr>158</gpxtpx:hr>
            <gpxtpx:cad>82</gpxtpx:cad>
          </gpxtpx:TrackPointExtension>
        </extensions>
      </trkpt>
      <trkpt lat="29.7055624891" lon="106.512738252">
        <ele>198.2</ele>
        <time>2026-08-30T10:16:34+0800</time>
        <extensions>
          <gpxtpx:TrackPointExtension>
            <gpxtpx:hr>158</gpxtpx:hr>
            <gpxtpx:cad>82</gpxtpx:cad>
          </gpxtpx:TrackPointExtension>
        </extensions>
      </trkpt>
      <trkpt lat="29.7055782471" lon="106.51273624">
        <ele>198.2</ele>
        <time>2026-08-30T10:16:35+0800</time>
        <extensions>
          <gpxtpx:TrackPointExtension>
            <gpxtpx:hr>157</gpxtpx:hr>
            <gpxtpx:cad>81</gpxtpx:cad>
          </gpxtpx:TrackPointExtension>
        </extensions>
      </trkpt>
      <trkpt lat="29.7056069132" lon="106.512733558">
        <ele>198.4</ele>
        <time>2026-08-30T10:16:37+0800</time>
        <extensions>
          <gpxtpx:TrackPointExtension>
            <gpxtpx:hr>157</gpxtpx:hr>
            <gpxtpx:cad>81</gpxtpx:cad>
          </gpxtpx:TrackPointExtension>
        </extensions>
      </trkpt>
      <trkpt lat="29.7056222521" lon="106.512729283">
        <ele>198.4</ele>
        <time>2026-08-30T10:16:38+0800</time>
        <extensions>
          <gpxtpx:TrackPointExtension>
            <gpxtpx:hr>156</gpxtpx:hr>
            <gpxtpx:cad>81</gpxtpx:cad>
          </gpxtpx:TrackPointExtension>
        </extensions>
      </trkpt>
      <trkpt lat="29.7056371719" lon="106.512728194">
        <ele>198.4</ele>
        <time>2026-08-30T10:16:39+0800</time>
        <extensions>
          <gpxtpx:TrackPointExtension>
            <gpxtpx:hr>156</gpxtpx:hr>
            <gpxtpx:cad>81</gpxtpx:cad>
          </gpxtpx:TrackPointExtension>
        </extensions>
      </trkpt>
      <trkpt lat="29.7056532651" lon="106.512724506">
        <ele>198.4</ele>
        <time>2026-08-30T10:16:40+0800</time>
        <extensions>
          <gpxtpx:TrackPointExtension>
            <gpxtpx:hr>156</gpxtpx:hr>
            <gpxtpx:cad>82</gpxtpx:cad>
          </gpxtpx:TrackPointExtension>
        </extensions>
      </trkpt>
      <trkpt lat="29.7056720406" lon="106.512724254">
        <ele>198.4</ele>
        <time>2026-08-30T10:16:41+0800</time>
        <extensions>
          <gpxtpx:TrackPointExtension>
            <gpxtpx:hr>156</gpxtpx:hr>
            <gpxtpx:cad>82</gpxtpx:cad>
          </gpxtpx:TrackPointExtension>
        </extensions>
      </trkpt>
      <trkpt lat="29.7056858707" lon="106.512721404">
        <ele>198.4</ele>
        <time>2026-08-30T10:16:42+0800</time>
        <extensions>
          <gpxtpx:TrackPointExtension>
            <gpxtpx:hr>157</gpxtpx:hr>
            <gpxtpx:cad>82</gpxtpx:cad>
          </gpxtpx:TrackPointExtension>
        </extensions>
      </trkpt>
      <trkpt lat="29.7057032213" lon="106.512716208">
        <ele>198.4</ele>
        <time>2026-08-30T10:16:43+0800</time>
        <extensions>
          <gpxtpx:TrackPointExtension>
            <gpxtpx:hr>156</gpxtpx:hr>
            <gpxtpx:cad>82</gpxtpx:cad>
          </gpxtpx:TrackPointExtension>
        </extensions>
      </trkpt>
      <trkpt lat="29.7057202365" lon="106.512715537">
        <ele>198.4</ele>
        <time>2026-08-30T10:16:44+0800</time>
        <extensions>
          <gpxtpx:TrackPointExtension>
            <gpxtpx:hr>156</gpxtpx:hr>
            <gpxtpx:cad>82</gpxtpx:cad>
          </gpxtpx:TrackPointExtension>
        </extensions>
      </trkpt>
      <trkpt lat="29.7057308815" lon="106.512711095">
        <ele>198.4</ele>
        <time>2026-08-30T10:16:45+0800</time>
        <extensions>
          <gpxtpx:TrackPointExtension>
            <gpxtpx:hr>157</gpxtpx:hr>
            <gpxtpx:cad>82</gpxtpx:cad>
          </gpxtpx:TrackPointExtension>
        </extensions>
      </trkpt>
      <trkpt lat="29.7057480644" lon="106.512708915">
        <ele>198.4</ele>
        <time>2026-08-30T10:16:46+0800</time>
        <extensions>
          <gpxtpx:TrackPointExtension>
            <gpxtpx:hr>156</gpxtpx:hr>
            <gpxtpx:cad>82</gpxtpx:cad>
          </gpxtpx:TrackPointExtension>
        </extensions>
      </trkpt>
      <trkpt lat="29.7057639901" lon="106.51270967">
        <ele>198.2</ele>
        <time>2026-08-30T10:16:47+0800</time>
        <extensions>
          <gpxtpx:TrackPointExtension>
            <gpxtpx:hr>156</gpxtpx:hr>
            <gpxtpx:cad>81</gpxtpx:cad>
          </gpxtpx:TrackPointExtension>
        </extensions>
      </trkpt>
      <trkpt lat="29.705778826" lon="106.512705814">
        <ele>198.2</ele>
        <time>2026-08-30T10:16:48+0800</time>
        <extensions>
          <gpxtpx:TrackPointExtension>
            <gpxtpx:hr>157</gpxtpx:hr>
            <gpxtpx:cad>81</gpxtpx:cad>
          </gpxtpx:TrackPointExtension>
        </extensions>
      </trkpt>
      <trkpt lat="29.7057955898" lon="106.512702378">
        <ele>198.0</ele>
        <time>2026-08-30T10:16:49+0800</time>
        <extensions>
          <gpxtpx:TrackPointExtension>
            <gpxtpx:hr>156</gpxtpx:hr>
            <gpxtpx:cad>82</gpxtpx:cad>
          </gpxtpx:TrackPointExtension>
        </extensions>
      </trkpt>
      <trkpt lat="29.7058086656" lon="106.512699779">
        <ele>198.0</ele>
        <time>2026-08-30T10:16:50+0800</time>
        <extensions>
          <gpxtpx:TrackPointExtension>
            <gpxtpx:hr>156</gpxtpx:hr>
            <gpxtpx:cad>82</gpxtpx:cad>
          </gpxtpx:TrackPointExtension>
        </extensions>
      </trkpt>
      <trkpt lat="29.7058258485" lon="106.512697684">
        <ele>198.0</ele>
        <time>2026-08-30T10:16:51+0800</time>
        <extensions>
          <gpxtpx:TrackPointExtension>
            <gpxtpx:hr>156</gpxtpx:hr>
            <gpxtpx:cad>83</gpxtpx:cad>
          </gpxtpx:TrackPointExtension>
        </extensions>
      </trkpt>
      <trkpt lat="29.7058419418" lon="106.512695672">
        <ele>198.0</ele>
        <time>2026-08-30T10:16:52+0800</time>
        <extensions>
          <gpxtpx:TrackPointExtension>
            <gpxtpx:hr>156</gpxtpx:hr>
            <gpxtpx:cad>82</gpxtpx:cad>
          </gpxtpx:TrackPointExtension>
        </extensions>
      </trkpt>
      <trkpt lat="29.7058567777" lon="106.512692487">
        <ele>198.0</ele>
        <time>2026-08-30T10:16:53+0800</time>
        <extensions>
          <gpxtpx:TrackPointExtension>
            <gpxtpx:hr>157</gpxtpx:hr>
            <gpxtpx:cad>82</gpxtpx:cad>
          </gpxtpx:TrackPointExtension>
        </extensions>
      </trkpt>
      <trkpt lat="29.7058768943" lon="106.512688631">
        <ele>198.0</ele>
        <time>2026-08-30T10:16:54+0800</time>
        <extensions>
          <gpxtpx:TrackPointExtension>
            <gpxtpx:hr>156</gpxtpx:hr>
            <gpxtpx:cad>82</gpxtpx:cad>
          </gpxtpx:TrackPointExtension>
        </extensions>
      </trkpt>
      <trkpt lat="29.7058929875" lon="106.512684943">
        <ele>198.0</ele>
        <time>2026-08-30T10:16:55+0800</time>
        <extensions>
          <gpxtpx:TrackPointExtension>
            <gpxtpx:hr>156</gpxtpx:hr>
            <gpxtpx:cad>82</gpxtpx:cad>
          </gpxtpx:TrackPointExtension>
        </extensions>
      </trkpt>
      <trkpt lat="29.7059120983" lon="106.512678238">
        <ele>198.0</ele>
        <time>2026-08-30T10:16:56+0800</time>
        <extensions>
          <gpxtpx:TrackPointExtension>
            <gpxtpx:hr>156</gpxtpx:hr>
            <gpxtpx:cad>83</gpxtpx:cad>
          </gpxtpx:TrackPointExtension>
        </extensions>
      </trkpt>
      <trkpt lat="29.7059331369" lon="106.512675304">
        <ele>198.0</ele>
        <time>2026-08-30T10:16:57+0800</time>
        <extensions>
          <gpxtpx:TrackPointExtension>
            <gpxtpx:hr>156</gpxtpx:hr>
            <gpxtpx:cad>83</gpxtpx:cad>
          </gpxtpx:TrackPointExtension>
        </extensions>
      </trkpt>
      <trkpt lat="29.7059470508" lon="106.512676813">
        <ele>198.0</ele>
        <time>2026-08-30T10:16:58+0800</time>
        <extensions>
          <gpxtpx:TrackPointExtension>
            <gpxtpx:hr>157</gpxtpx:hr>
            <gpxtpx:cad>82</gpxtpx:cad>
          </gpxtpx:TrackPointExtension>
        </extensions>
      </trkpt>
      <trkpt lat="29.7059504036" lon="106.512681087">
        <ele>198.0</ele>
        <time>2026-08-30T10:16:59+0800</time>
        <extensions>
          <gpxtpx:TrackPointExtension>
            <gpxtpx:hr>156</gpxtpx:hr>
            <gpxtpx:cad>0</gpxtpx:cad>
          </gpxtpx:TrackPointExtension>
        </extensions>
      </trkpt>
      <trkpt lat="29.7059562709" lon="106.512677651">
        <ele>198.2</ele>
        <time>2026-08-30T10:17:01+0800</time>
        <extensions>
          <gpxtpx:TrackPointExtension>
            <gpxtpx:hr>157</gpxtpx:hr>
            <gpxtpx:cad>0</gpxtpx:cad>
          </gpxtpx:TrackPointExtension>
        </extensions>
      </trkpt>
      <trkpt lat="29.7059659939" lon="106.512675304">
        <ele>198.0</ele>
        <time>2026-08-30T10:17:03+0800</time>
        <extensions>
          <gpxtpx:TrackPointExtension>
            <gpxtpx:hr>158</gpxtpx:hr>
            <gpxtpx:cad>0</gpxtpx:cad>
          </gpxtpx:TrackPointExtension>
        </extensions>
      </trkpt>
      <trkpt lat="29.7059773933" lon="106.512668598">
        <ele>198.0</ele>
        <time>2026-08-30T10:17:04+0800</time>
        <extensions>
          <gpxtpx:TrackPointExtension>
            <gpxtpx:hr>158</gpxtpx:hr>
            <gpxtpx:cad>0</gpxtpx:cad>
          </gpxtpx:TrackPointExtension>
        </extensions>
      </trkpt>
      <trkpt lat="29.7059854399" lon="106.512661893">
        <ele>198.0</ele>
        <time>2026-08-30T10:17:05+0800</time>
        <extensions>
          <gpxtpx:TrackPointExtension>
            <gpxtpx:hr>158</gpxtpx:hr>
            <gpxtpx:cad>0</gpxtpx:cad>
          </gpxtpx:TrackPointExtension>
        </extensions>
      </trkpt>
      <trkpt lat="29.7059939895" lon="106.512653092">
        <ele>198.0</ele>
        <time>2026-08-30T10:17:06+0800</time>
        <extensions>
          <gpxtpx:TrackPointExtension>
            <gpxtpx:hr>158</gpxtpx:hr>
            <gpxtpx:cad>0</gpxtpx:cad>
          </gpxtpx:TrackPointExtension>
        </extensions>
      </trkpt>
      <trkpt lat="29.7060037125" lon="106.512644961">
        <ele>198.0</ele>
        <time>2026-08-30T10:17:07+0800</time>
        <extensions>
          <gpxtpx:TrackPointExtension>
            <gpxtpx:hr>158</gpxtpx:hr>
            <gpxtpx:cad>0</gpxtpx:cad>
          </gpxtpx:TrackPointExtension>
        </extensions>
      </trkpt>
      <trkpt lat="29.7060170397" lon="106.51263658">
        <ele>198.0</ele>
        <time>2026-08-30T10:17:08+0800</time>
        <extensions>
          <gpxtpx:TrackPointExtension>
            <gpxtpx:hr>157</gpxtpx:hr>
            <gpxtpx:cad>83</gpxtpx:cad>
          </gpxtpx:TrackPointExtension>
        </extensions>
      </trkpt>
      <trkpt lat="29.7060255893" lon="106.512625683">
        <ele>198.0</ele>
        <time>2026-08-30T10:17:09+0800</time>
        <extensions>
          <gpxtpx:TrackPointExtension>
            <gpxtpx:hr>157</gpxtpx:hr>
            <gpxtpx:cad>83</gpxtpx:cad>
          </gpxtpx:TrackPointExtension>
        </extensions>
      </trkpt>
      <trkpt lat="29.7060347255" lon="106.5126142">
        <ele>198.0</ele>
        <time>2026-08-30T10:17:10+0800</time>
        <extensions>
          <gpxtpx:TrackPointExtension>
            <gpxtpx:hr>157</gpxtpx:hr>
            <gpxtpx:cad>83</gpxtpx:cad>
          </gpxtpx:TrackPointExtension>
        </extensions>
      </trkpt>
      <trkpt lat="29.7060406767" lon="106.512606824">
        <ele>198.0</ele>
        <time>2026-08-30T10:17:11+0800</time>
        <extensions>
          <gpxtpx:TrackPointExtension>
            <gpxtpx:hr>158</gpxtpx:hr>
            <gpxtpx:cad>83</gpxtpx:cad>
          </gpxtpx:TrackPointExtension>
        </extensions>
      </trkpt>
      <trkpt lat="29.706051657" lon="106.512596682">
        <ele>198.0</ele>
        <time>2026-08-30T10:17:12+0800</time>
        <extensions>
          <gpxtpx:TrackPointExtension>
            <gpxtpx:hr>157</gpxtpx:hr>
            <gpxtpx:cad>83</gpxtpx:cad>
          </gpxtpx:TrackPointExtension>
        </extensions>
      </trkpt>
      <trkpt lat="29.7060589492" lon="106.512590982">
        <ele>198.0</ele>
        <time>2026-08-30T10:17:13+0800</time>
        <extensions>
          <gpxtpx:TrackPointExtension>
            <gpxtpx:hr>158</gpxtpx:hr>
            <gpxtpx:cad>82</gpxtpx:cad>
          </gpxtpx:TrackPointExtension>
        </extensions>
      </trkpt>
      <trkpt lat="29.7060699295" lon="106.512580421">
        <ele>198.0</ele>
        <time>2026-08-30T10:17:14+0800</time>
        <extensions>
          <gpxtpx:TrackPointExtension>
            <gpxtpx:hr>157</gpxtpx:hr>
            <gpxtpx:cad>82</gpxtpx:cad>
          </gpxtpx:TrackPointExtension>
        </extensions>
      </trkpt>
      <trkpt lat="29.7060851846" lon="106.512572626">
        <ele>198.0</ele>
        <time>2026-08-30T10:17:15+0800</time>
        <extensions>
          <gpxtpx:TrackPointExtension>
            <gpxtpx:hr>157</gpxtpx:hr>
            <gpxtpx:cad>82</gpxtpx:cad>
          </gpxtpx:TrackPointExtension>
        </extensions>
      </trkpt>
      <trkpt lat="29.706094237" lon="106.512564579">
        <ele>198.2</ele>
        <time>2026-08-30T10:17:16+0800</time>
        <extensions>
          <gpxtpx:TrackPointExtension>
            <gpxtpx:hr>157</gpxtpx:hr>
            <gpxtpx:cad>82</gpxtpx:cad>
          </gpxtpx:TrackPointExtension>
        </extensions>
      </trkpt>
      <trkpt lat="29.7061077319" lon="106.512553012">
        <ele>198.2</ele>
        <time>2026-08-30T10:17:17+0800</time>
        <extensions>
          <gpxtpx:TrackPointExtension>
            <gpxtpx:hr>157</gpxtpx:hr>
            <gpxtpx:cad>82</gpxtpx:cad>
          </gpxtpx:TrackPointExtension>
        </extensions>
      </trkpt>
      <trkpt lat="29.706119718" lon="106.512544295">
        <ele>198.2</ele>
        <time>2026-08-30T10:17:18+0800</time>
        <extensions>
          <gpxtpx:TrackPointExtension>
            <gpxtpx:hr>156</gpxtpx:hr>
            <gpxtpx:cad>83</gpxtpx:cad>
          </gpxtpx:TrackPointExtension>
        </extensions>
      </trkpt>
      <trkpt lat="29.7061330453" lon="106.512532895">
        <ele>198.2</ele>
        <time>2026-08-30T10:17:19+0800</time>
        <extensions>
          <gpxtpx:TrackPointExtension>
            <gpxtpx:hr>156</gpxtpx:hr>
            <gpxtpx:cad>83</gpxtpx:cad>
          </gpxtpx:TrackPointExtension>
        </extensions>
      </trkpt>
      <trkpt lat="29.7061503958" lon="106.512523675">
        <ele>198.2</ele>
        <time>2026-08-30T10:17:20+0800</time>
        <extensions>
          <gpxtpx:TrackPointExtension>
            <gpxtpx:hr>155</gpxtpx:hr>
            <gpxtpx:cad>84</gpxtpx:cad>
          </gpxtpx:TrackPointExtension>
        </extensions>
      </trkpt>
      <trkpt lat="29.7061635554" lon="106.512515461">
        <ele>198.4</ele>
        <time>2026-08-30T10:17:21+0800</time>
        <extensions>
          <gpxtpx:TrackPointExtension>
            <gpxtpx:hr>156</gpxtpx:hr>
            <gpxtpx:cad>83</gpxtpx:cad>
          </gpxtpx:TrackPointExtension>
        </extensions>
      </trkpt>
      <trkpt lat="29.7061851807" lon="106.512502385">
        <ele>198.4</ele>
        <time>2026-08-30T10:17:22+0800</time>
        <extensions>
          <gpxtpx:TrackPointExtension>
            <gpxtpx:hr>156</gpxtpx:hr>
            <gpxtpx:cad>83</gpxtpx:cad>
          </gpxtpx:TrackPointExtension>
        </extensions>
      </trkpt>
      <trkpt lat="29.7062002681" lon="106.512494674">
        <ele>198.4</ele>
        <time>2026-08-30T10:17:23+0800</time>
        <extensions>
          <gpxtpx:TrackPointExtension>
            <gpxtpx:hr>156</gpxtpx:hr>
            <gpxtpx:cad>83</gpxtpx:cad>
          </gpxtpx:TrackPointExtension>
        </extensions>
      </trkpt>
      <trkpt lat="29.7062125895" lon="106.512485873">
        <ele>198.4</ele>
        <time>2026-08-30T10:17:24+0800</time>
        <extensions>
          <gpxtpx:TrackPointExtension>
            <gpxtpx:hr>155</gpxtpx:hr>
            <gpxtpx:cad>83</gpxtpx:cad>
          </gpxtpx:TrackPointExtension>
        </extensions>
      </trkpt>
      <trkpt lat="29.7062282637" lon="106.512475815">
        <ele>198.4</ele>
        <time>2026-08-30T10:17:25+0800</time>
        <extensions>
          <gpxtpx:TrackPointExtension>
            <gpxtpx:hr>156</gpxtpx:hr>
            <gpxtpx:cad>83</gpxtpx:cad>
          </gpxtpx:TrackPointExtension>
        </extensions>
      </trkpt>
      <trkpt lat="29.7062389087" lon="106.51246869">
        <ele>198.6</ele>
        <time>2026-08-30T10:17:26+0800</time>
        <extensions>
          <gpxtpx:TrackPointExtension>
            <gpxtpx:hr>156</gpxtpx:hr>
            <gpxtpx:cad>83</gpxtpx:cad>
          </gpxtpx:TrackPointExtension>
        </extensions>
      </trkpt>
      <trkpt lat="29.706254499" lon="106.512461733">
        <ele>198.6</ele>
        <time>2026-08-30T10:17:27+0800</time>
        <extensions>
          <gpxtpx:TrackPointExtension>
            <gpxtpx:hr>157</gpxtpx:hr>
            <gpxtpx:cad>83</gpxtpx:cad>
          </gpxtpx:TrackPointExtension>
        </extensions>
      </trkpt>
      <trkpt lat="29.7062673233" lon="106.512457542">
        <ele>198.8</ele>
        <time>2026-08-30T10:17:28+0800</time>
        <extensions>
          <gpxtpx:TrackPointExtension>
            <gpxtpx:hr>157</gpxtpx:hr>
            <gpxtpx:cad>83</gpxtpx:cad>
          </gpxtpx:TrackPointExtension>
        </extensions>
      </trkpt>
      <trkpt lat="29.7062824946" lon="106.512449663">
        <ele>198.8</ele>
        <time>2026-08-30T10:17:29+0800</time>
        <extensions>
          <gpxtpx:TrackPointExtension>
            <gpxtpx:hr>157</gpxtpx:hr>
            <gpxtpx:cad>84</gpxtpx:cad>
          </gpxtpx:TrackPointExtension>
        </extensions>
      </trkpt>
      <trkpt lat="29.7062974982" lon="106.512443963">
        <ele>199.0</ele>
        <time>2026-08-30T10:17:30+0800</time>
        <extensions>
          <gpxtpx:TrackPointExtension>
            <gpxtpx:hr>157</gpxtpx:hr>
            <gpxtpx:cad>84</gpxtpx:cad>
          </gpxtpx:TrackPointExtension>
        </extensions>
      </trkpt>
      <trkpt lat="29.7063099872" lon="106.512438934">
        <ele>199.0</ele>
        <time>2026-08-30T10:17:31+0800</time>
        <extensions>
          <gpxtpx:TrackPointExtension>
            <gpxtpx:hr>156</gpxtpx:hr>
            <gpxtpx:cad>84</gpxtpx:cad>
          </gpxtpx:TrackPointExtension>
        </extensions>
      </trkpt>
      <trkpt lat="29.7063275054" lon="106.512430301">
        <ele>199.0</ele>
        <time>2026-08-30T10:17:32+0800</time>
        <extensions>
          <gpxtpx:TrackPointExtension>
            <gpxtpx:hr>157</gpxtpx:hr>
            <gpxtpx:cad>84</gpxtpx:cad>
          </gpxtpx:TrackPointExtension>
        </extensions>
      </trkpt>
      <trkpt lat="29.7063403297" lon="106.512424517">
        <ele>199.0</ele>
        <time>2026-08-30T10:17:33+0800</time>
        <extensions>
          <gpxtpx:TrackPointExtension>
            <gpxtpx:hr>157</gpxtpx:hr>
            <gpxtpx:cad>84</gpxtpx:cad>
          </gpxtpx:TrackPointExtension>
        </extensions>
      </trkpt>
      <trkpt lat="29.7063576803" lon="106.512417812">
        <ele>199.0</ele>
        <time>2026-08-30T10:17:34+0800</time>
        <extensions>
          <gpxtpx:TrackPointExtension>
            <gpxtpx:hr>157</gpxtpx:hr>
            <gpxtpx:cad>84</gpxtpx:cad>
          </gpxtpx:TrackPointExtension>
        </extensions>
      </trkpt>
      <trkpt lat="29.7063757852" lon="106.51241295">
        <ele>199.0</ele>
        <time>2026-08-30T10:17:35+0800</time>
        <extensions>
          <gpxtpx:TrackPointExtension>
            <gpxtpx:hr>157</gpxtpx:hr>
            <gpxtpx:cad>84</gpxtpx:cad>
          </gpxtpx:TrackPointExtension>
        </extensions>
      </trkpt>
      <trkpt lat="29.7063875198" lon="106.51240767">
        <ele>199.0</ele>
        <time>2026-08-30T10:17:36+0800</time>
        <extensions>
          <gpxtpx:TrackPointExtension>
            <gpxtpx:hr>157</gpxtpx:hr>
            <gpxtpx:cad>84</gpxtpx:cad>
          </gpxtpx:TrackPointExtension>
        </extensions>
      </trkpt>
      <trkpt lat="29.7064064629" lon="106.512400294">
        <ele>199.0</ele>
        <time>2026-08-30T10:17:37+0800</time>
        <extensions>
          <gpxtpx:TrackPointExtension>
            <gpxtpx:hr>157</gpxtpx:hr>
            <gpxtpx:cad>84</gpxtpx:cad>
          </gpxtpx:TrackPointExtension>
        </extensions>
      </trkpt>
      <trkpt lat="29.7064205445" lon="106.512396187">
        <ele>199.0</ele>
        <time>2026-08-30T10:17:38+0800</time>
        <extensions>
          <gpxtpx:TrackPointExtension>
            <gpxtpx:hr>157</gpxtpx:hr>
            <gpxtpx:cad>83</gpxtpx:cad>
          </gpxtpx:TrackPointExtension>
        </extensions>
      </trkpt>
      <trkpt lat="29.7064340394" lon="106.512391409">
        <ele>199.0</ele>
        <time>2026-08-30T10:17:39+0800</time>
        <extensions>
          <gpxtpx:TrackPointExtension>
            <gpxtpx:hr>158</gpxtpx:hr>
            <gpxtpx:cad>83</gpxtpx:cad>
          </gpxtpx:TrackPointExtension>
        </extensions>
      </trkpt>
      <trkpt lat="29.7064493783" lon="106.512388224">
        <ele>199.0</ele>
        <time>2026-08-30T10:17:40+0800</time>
        <extensions>
          <gpxtpx:TrackPointExtension>
            <gpxtpx:hr>158</gpxtpx:hr>
            <gpxtpx:cad>83</gpxtpx:cad>
          </gpxtpx:TrackPointExtension>
        </extensions>
      </trkpt>
      <trkpt lat="29.7064618673" lon="106.512383111">
        <ele>199.0</ele>
        <time>2026-08-30T10:17:41+0800</time>
        <extensions>
          <gpxtpx:TrackPointExtension>
            <gpxtpx:hr>159</gpxtpx:hr>
            <gpxtpx:cad>83</gpxtpx:cad>
          </gpxtpx:TrackPointExtension>
        </extensions>
      </trkpt>
      <trkpt lat="29.7064808942" lon="106.512377914">
        <ele>199.0</ele>
        <time>2026-08-30T10:17:42+0800</time>
        <extensions>
          <gpxtpx:TrackPointExtension>
            <gpxtpx:hr>159</gpxtpx:hr>
            <gpxtpx:cad>83</gpxtpx:cad>
          </gpxtpx:TrackPointExtension>
        </extensions>
      </trkpt>
      <trkpt lat="29.7064952273" lon="106.51238068">
        <ele>199.0</ele>
        <time>2026-08-30T10:17:43+0800</time>
        <extensions>
          <gpxtpx:TrackPointExtension>
            <gpxtpx:hr>159</gpxtpx:hr>
            <gpxtpx:cad>83</gpxtpx:cad>
          </gpxtpx:TrackPointExtension>
        </extensions>
      </trkpt>
      <trkpt lat="29.7065059561" lon="106.512376908">
        <ele>199.0</ele>
        <time>2026-08-30T10:17:44+0800</time>
        <extensions>
          <gpxtpx:TrackPointExtension>
            <gpxtpx:hr>159</gpxtpx:hr>
            <gpxtpx:cad>83</gpxtpx:cad>
          </gpxtpx:TrackPointExtension>
        </extensions>
      </trkpt>
      <trkpt lat="29.7065215465" lon="106.512378417">
        <ele>199.0</ele>
        <time>2026-08-30T10:17:45+0800</time>
        <extensions>
          <gpxtpx:TrackPointExtension>
            <gpxtpx:hr>160</gpxtpx:hr>
            <gpxtpx:cad>83</gpxtpx:cad>
          </gpxtpx:TrackPointExtension>
        </extensions>
      </trkpt>
      <trkpt lat="29.7065357119" lon="106.512382273">
        <ele>199.0</ele>
        <time>2026-08-30T10:17:46+0800</time>
        <extensions>
          <gpxtpx:TrackPointExtension>
            <gpxtpx:hr>160</gpxtpx:hr>
            <gpxtpx:cad>83</gpxtpx:cad>
          </gpxtpx:TrackPointExtension>
        </extensions>
      </trkpt>
      <trkpt lat="29.7065503802" lon="106.512381099">
        <ele>199.0</ele>
        <time>2026-08-30T10:17:47+0800</time>
        <extensions>
          <gpxtpx:TrackPointExtension>
            <gpxtpx:hr>160</gpxtpx:hr>
            <gpxtpx:cad>83</gpxtpx:cad>
          </gpxtpx:TrackPointExtension>
        </extensions>
      </trkpt>
      <trkpt lat="29.706566222" lon="106.512384033">
        <ele>199.0</ele>
        <time>2026-08-30T10:17:48+0800</time>
        <extensions>
          <gpxtpx:TrackPointExtension>
            <gpxtpx:hr>159</gpxtpx:hr>
            <gpxtpx:cad>82</gpxtpx:cad>
          </gpxtpx:TrackPointExtension>
        </extensions>
      </trkpt>
      <trkpt lat="29.7065799683" lon="106.512386631">
        <ele>199.0</ele>
        <time>2026-08-30T10:17:49+0800</time>
        <extensions>
          <gpxtpx:TrackPointExtension>
            <gpxtpx:hr>159</gpxtpx:hr>
            <gpxtpx:cad>82</gpxtpx:cad>
          </gpxtpx:TrackPointExtension>
        </extensions>
      </trkpt>
      <trkpt lat="29.7065964807" lon="106.512390152">
        <ele>199.0</ele>
        <time>2026-08-30T10:17:50+0800</time>
        <extensions>
          <gpxtpx:TrackPointExtension>
            <gpxtpx:hr>159</gpxtpx:hr>
            <gpxtpx:cad>82</gpxtpx:cad>
          </gpxtpx:TrackPointExtension>
        </extensions>
      </trkpt>
      <trkpt lat="29.7066079639" lon="106.512397612">
        <ele>199.0</ele>
        <time>2026-08-30T10:17:51+0800</time>
        <extensions>
          <gpxtpx:TrackPointExtension>
            <gpxtpx:hr>160</gpxtpx:hr>
            <gpxtpx:cad>82</gpxtpx:cad>
          </gpxtpx:TrackPointExtension>
        </extensions>
      </trkpt>
      <trkpt lat="29.7066198662" lon="106.512400797">
        <ele>199.0</ele>
        <time>2026-08-30T10:17:52+0800</time>
        <extensions>
          <gpxtpx:TrackPointExtension>
            <gpxtpx:hr>159</gpxtpx:hr>
            <gpxtpx:cad>83</gpxtpx:cad>
          </gpxtpx:TrackPointExtension>
        </extensions>
      </trkpt>
      <trkpt lat="29.7066352051" lon="106.512409262">
        <ele>199.0</ele>
        <time>2026-08-30T10:17:53+0800</time>
        <extensions>
          <gpxtpx:TrackPointExtension>
            <gpxtpx:hr>159</gpxtpx:hr>
            <gpxtpx:cad>83</gpxtpx:cad>
          </gpxtpx:TrackPointExtension>
        </extensions>
      </trkpt>
      <trkpt lat="29.7066466045" lon="106.512417812">
        <ele>199.0</ele>
        <time>2026-08-30T10:17:54+0800</time>
        <extensions>
          <gpxtpx:TrackPointExtension>
            <gpxtpx:hr>159</gpxtpx:hr>
            <gpxtpx:cad>83</gpxtpx:cad>
          </gpxtpx:TrackPointExtension>
        </extensions>
      </trkpt>
      <trkpt lat="29.7066611052" lon="106.5124272">
        <ele>199.0</ele>
        <time>2026-08-30T10:17:55+0800</time>
        <extensions>
          <gpxtpx:TrackPointExtension>
            <gpxtpx:hr>160</gpxtpx:hr>
            <gpxtpx:cad>83</gpxtpx:cad>
          </gpxtpx:TrackPointExtension>
        </extensions>
      </trkpt>
      <trkpt lat="29.7066733427" lon="106.512439186">
        <ele>199.0</ele>
        <time>2026-08-30T10:17:56+0800</time>
        <extensions>
          <gpxtpx:TrackPointExtension>
            <gpxtpx:hr>160</gpxtpx:hr>
            <gpxtpx:cad>83</gpxtpx:cad>
          </gpxtpx:TrackPointExtension>
        </extensions>
      </trkpt>
      <trkpt lat="29.7066851612" lon="106.512444885">
        <ele>199.0</ele>
        <time>2026-08-30T10:17:57+0800</time>
        <extensions>
          <gpxtpx:TrackPointExtension>
            <gpxtpx:hr>160</gpxtpx:hr>
            <gpxtpx:cad>83</gpxtpx:cad>
          </gpxtpx:TrackPointExtension>
        </extensions>
      </trkpt>
      <trkpt lat="29.7066974826" lon="106.512457458">
        <ele>199.0</ele>
        <time>2026-08-30T10:17:58+0800</time>
        <extensions>
          <gpxtpx:TrackPointExtension>
            <gpxtpx:hr>160</gpxtpx:hr>
            <gpxtpx:cad>82</gpxtpx:cad>
          </gpxtpx:TrackPointExtension>
        </extensions>
      </trkpt>
      <trkpt lat="29.7067063674" lon="106.512469277">
        <ele>199.0</ele>
        <time>2026-08-30T10:17:59+0800</time>
        <extensions>
          <gpxtpx:TrackPointExtension>
            <gpxtpx:hr>160</gpxtpx:hr>
            <gpxtpx:cad>82</gpxtpx:cad>
          </gpxtpx:TrackPointExtension>
        </extensions>
      </trkpt>
      <trkpt lat="29.7067129053" lon="106.512479419">
        <ele>199.0</ele>
        <time>2026-08-30T10:18:00+0800</time>
        <extensions>
          <gpxtpx:TrackPointExtension>
            <gpxtpx:hr>160</gpxtpx:hr>
            <gpxtpx:cad>83</gpxtpx:cad>
          </gpxtpx:TrackPointExtension>
        </extensions>
      </trkpt>
      <trkpt lat="29.7067182697" lon="106.512494506">
        <ele>199.0</ele>
        <time>2026-08-30T10:18:01+0800</time>
        <extensions>
          <gpxtpx:TrackPointExtension>
            <gpxtpx:hr>160</gpxtpx:hr>
            <gpxtpx:cad>83</gpxtpx:cad>
          </gpxtpx:TrackPointExtension>
        </extensions>
      </trkpt>
      <trkpt lat="29.7067242209" lon="106.512506744">
        <ele>199.0</ele>
        <time>2026-08-30T10:18:02+0800</time>
        <extensions>
          <gpxtpx:TrackPointExtension>
            <gpxtpx:hr>161</gpxtpx:hr>
            <gpxtpx:cad>82</gpxtpx:cad>
          </gpxtpx:TrackPointExtension>
        </extensions>
      </trkpt>
      <trkpt lat="29.7067317646" lon="106.512519065">
        <ele>199.0</ele>
        <time>2026-08-30T10:18:03+0800</time>
        <extensions>
          <gpxtpx:TrackPointExtension>
            <gpxtpx:hr>160</gpxtpx:hr>
            <gpxtpx:cad>82</gpxtpx:cad>
          </gpxtpx:TrackPointExtension>
        </extensions>
      </trkpt>
      <trkpt lat="29.7067378834" lon="106.51253826">
        <ele>198.8</ele>
        <time>2026-08-30T10:18:04+0800</time>
        <extensions>
          <gpxtpx:TrackPointExtension>
            <gpxtpx:hr>160</gpxtpx:hr>
            <gpxtpx:cad>82</gpxtpx:cad>
          </gpxtpx:TrackPointExtension>
        </extensions>
      </trkpt>
      <trkpt lat="29.7067453433" lon="106.512552761">
        <ele>198.8</ele>
        <time>2026-08-30T10:18:05+0800</time>
        <extensions>
          <gpxtpx:TrackPointExtension>
            <gpxtpx:hr>160</gpxtpx:hr>
            <gpxtpx:cad>82</gpxtpx:cad>
          </gpxtpx:TrackPointExtension>
        </extensions>
      </trkpt>
      <trkpt lat="29.7067528032" lon="106.512570698">
        <ele>199.0</ele>
        <time>2026-08-30T10:18:06+0800</time>
        <extensions>
          <gpxtpx:TrackPointExtension>
            <gpxtpx:hr>160</gpxtpx:hr>
            <gpxtpx:cad>82</gpxtpx:cad>
          </gpxtpx:TrackPointExtension>
        </extensions>
      </trkpt>
      <trkpt lat="29.7067549825" lon="106.512585953">
        <ele>198.8</ele>
        <time>2026-08-30T10:18:07+0800</time>
        <extensions>
          <gpxtpx:TrackPointExtension>
            <gpxtpx:hr>161</gpxtpx:hr>
            <gpxtpx:cad>82</gpxtpx:cad>
          </gpxtpx:TrackPointExtension>
        </extensions>
      </trkpt>
      <trkpt lat="29.7067590058" lon="106.512597604">
        <ele>198.8</ele>
        <time>2026-08-30T10:18:08+0800</time>
        <extensions>
          <gpxtpx:TrackPointExtension>
            <gpxtpx:hr>160</gpxtpx:hr>
            <gpxtpx:cad>82</gpxtpx:cad>
          </gpxtpx:TrackPointExtension>
        </extensions>
      </trkpt>
      <trkpt lat="29.7067631129" lon="106.512616631">
        <ele>199.0</ele>
        <time>2026-08-30T10:18:09+0800</time>
        <extensions>
          <gpxtpx:TrackPointExtension>
            <gpxtpx:hr>160</gpxtpx:hr>
            <gpxtpx:cad>82</gpxtpx:cad>
          </gpxtpx:TrackPointExtension>
        </extensions>
      </trkpt>
      <trkpt lat="29.7067652084" lon="106.512630461">
        <ele>198.8</ele>
        <time>2026-08-30T10:18:10+0800</time>
        <extensions>
          <gpxtpx:TrackPointExtension>
            <gpxtpx:hr>159</gpxtpx:hr>
            <gpxtpx:cad>82</gpxtpx:cad>
          </gpxtpx:TrackPointExtension>
        </extensions>
      </trkpt>
      <trkpt lat="29.7067689802" lon="106.512648985">
        <ele>198.8</ele>
        <time>2026-08-30T10:18:11+0800</time>
        <extensions>
          <gpxtpx:TrackPointExtension>
            <gpxtpx:hr>159</gpxtpx:hr>
            <gpxtpx:cad>82</gpxtpx:cad>
          </gpxtpx:TrackPointExtension>
        </extensions>
      </trkpt>
      <trkpt lat="29.7067709919" lon="106.51266952">
        <ele>198.8</ele>
        <time>2026-08-30T10:18:12+0800</time>
        <extensions>
          <gpxtpx:TrackPointExtension>
            <gpxtpx:hr>159</gpxtpx:hr>
            <gpxtpx:cad>82</gpxtpx:cad>
          </gpxtpx:TrackPointExtension>
        </extensions>
      </trkpt>
      <trkpt lat="29.7067771945" lon="106.512684189">
        <ele>198.8</ele>
        <time>2026-08-30T10:18:13+0800</time>
        <extensions>
          <gpxtpx:TrackPointExtension>
            <gpxtpx:hr>159</gpxtpx:hr>
            <gpxtpx:cad>82</gpxtpx:cad>
          </gpxtpx:TrackPointExtension>
        </extensions>
      </trkpt>
      <trkpt lat="29.706781134" lon="106.512701707">
        <ele>198.8</ele>
        <time>2026-08-30T10:18:14+0800</time>
        <extensions>
          <gpxtpx:TrackPointExtension>
            <gpxtpx:hr>159</gpxtpx:hr>
            <gpxtpx:cad>82</gpxtpx:cad>
          </gpxtpx:TrackPointExtension>
        </extensions>
      </trkpt>
      <trkpt lat="29.7067815531" lon="106.512717381">
        <ele>198.8</ele>
        <time>2026-08-30T10:18:15+0800</time>
        <extensions>
          <gpxtpx:TrackPointExtension>
            <gpxtpx:hr>159</gpxtpx:hr>
            <gpxtpx:cad>83</gpxtpx:cad>
          </gpxtpx:TrackPointExtension>
        </extensions>
      </trkpt>
      <trkpt lat="29.7067866661" lon="106.51273096">
        <ele>198.8</ele>
        <time>2026-08-30T10:18:16+0800</time>
        <extensions>
          <gpxtpx:TrackPointExtension>
            <gpxtpx:hr>160</gpxtpx:hr>
            <gpxtpx:cad>83</gpxtpx:cad>
          </gpxtpx:TrackPointExtension>
        </extensions>
      </trkpt>
      <trkpt lat="29.7067895997" lon="106.512749903">
        <ele>198.8</ele>
        <time>2026-08-30T10:18:17+0800</time>
        <extensions>
          <gpxtpx:TrackPointExtension>
            <gpxtpx:hr>160</gpxtpx:hr>
            <gpxtpx:cad>83</gpxtpx:cad>
          </gpxtpx:TrackPointExtension>
        </extensions>
      </trkpt>
      <trkpt lat="29.7067955509" lon="106.512762476">
        <ele>198.8</ele>
        <time>2026-08-30T10:18:18+0800</time>
        <extensions>
          <gpxtpx:TrackPointExtension>
            <gpxtpx:hr>160</gpxtpx:hr>
            <gpxtpx:cad>83</gpxtpx:cad>
          </gpxtpx:TrackPointExtension>
        </extensions>
      </trkpt>
      <trkpt lat="29.706804771" lon="106.512782509">
        <ele>198.8</ele>
        <time>2026-08-30T10:18:19+0800</time>
        <extensions>
          <gpxtpx:TrackPointExtension>
            <gpxtpx:hr>159</gpxtpx:hr>
            <gpxtpx:cad>83</gpxtpx:cad>
          </gpxtpx:TrackPointExtension>
        </extensions>
      </trkpt>
      <trkpt lat="29.7068105545" lon="106.512797847">
        <ele>198.8</ele>
        <time>2026-08-30T10:18:20+0800</time>
        <extensions>
          <gpxtpx:TrackPointExtension>
            <gpxtpx:hr>159</gpxtpx:hr>
            <gpxtpx:cad>83</gpxtpx:cad>
          </gpxtpx:TrackPointExtension>
        </extensions>
      </trkpt>
      <trkpt lat="29.7068184335" lon="106.512810672">
        <ele>198.8</ele>
        <time>2026-08-30T10:18:21+0800</time>
        <extensions>
          <gpxtpx:TrackPointExtension>
            <gpxtpx:hr>159</gpxtpx:hr>
            <gpxtpx:cad>83</gpxtpx:cad>
          </gpxtpx:TrackPointExtension>
        </extensions>
      </trkpt>
      <trkpt lat="29.7068303358" lon="106.512826513">
        <ele>198.8</ele>
        <time>2026-08-30T10:18:22+0800</time>
        <extensions>
          <gpxtpx:TrackPointExtension>
            <gpxtpx:hr>159</gpxtpx:hr>
            <gpxtpx:cad>83</gpxtpx:cad>
          </gpxtpx:TrackPointExtension>
        </extensions>
      </trkpt>
      <trkpt lat="29.7068413999" lon="106.512836991">
        <ele>199.0</ele>
        <time>2026-08-30T10:18:23+0800</time>
        <extensions>
          <gpxtpx:TrackPointExtension>
            <gpxtpx:hr>159</gpxtpx:hr>
            <gpxtpx:cad>83</gpxtpx:cad>
          </gpxtpx:TrackPointExtension>
        </extensions>
      </trkpt>
      <trkpt lat="29.706856655" lon="106.512849145">
        <ele>198.8</ele>
        <time>2026-08-30T10:18:24+0800</time>
        <extensions>
          <gpxtpx:TrackPointExtension>
            <gpxtpx:hr>159</gpxtpx:hr>
            <gpxtpx:cad>83</gpxtpx:cad>
          </gpxtpx:TrackPointExtension>
        </extensions>
      </trkpt>
      <trkpt lat="29.7068680543" lon="106.512859873">
        <ele>198.8</ele>
        <time>2026-08-30T10:18:25+0800</time>
        <extensions>
          <gpxtpx:TrackPointExtension>
            <gpxtpx:hr>159</gpxtpx:hr>
            <gpxtpx:cad>83</gpxtpx:cad>
          </gpxtpx:TrackPointExtension>
        </extensions>
      </trkpt>
      <trkpt lat="29.706881633" lon="106.512865489">
        <ele>198.8</ele>
        <time>2026-08-30T10:18:26+0800</time>
        <extensions>
          <gpxtpx:TrackPointExtension>
            <gpxtpx:hr>159</gpxtpx:hr>
            <gpxtpx:cad>83</gpxtpx:cad>
          </gpxtpx:TrackPointExtension>
        </extensions>
      </trkpt>
      <trkpt lat="29.7068966366" lon="106.512875129">
        <ele>198.8</ele>
        <time>2026-08-30T10:18:27+0800</time>
        <extensions>
          <gpxtpx:TrackPointExtension>
            <gpxtpx:hr>159</gpxtpx:hr>
            <gpxtpx:cad>84</gpxtpx:cad>
          </gpxtpx:TrackPointExtension>
        </extensions>
      </trkpt>
      <trkpt lat="29.7069102991" lon="106.512880996">
        <ele>198.8</ele>
        <time>2026-08-30T10:18:28+0800</time>
        <extensions>
          <gpxtpx:TrackPointExtension>
            <gpxtpx:hr>158</gpxtpx:hr>
            <gpxtpx:cad>84</gpxtpx:cad>
          </gpxtpx:TrackPointExtension>
        </extensions>
      </trkpt>
      <trkpt lat="29.7069269791" lon="106.5128846">
        <ele>199.0</ele>
        <time>2026-08-30T10:18:29+0800</time>
        <extensions>
          <gpxtpx:TrackPointExtension>
            <gpxtpx:hr>158</gpxtpx:hr>
            <gpxtpx:cad>84</gpxtpx:cad>
          </gpxtpx:TrackPointExtension>
        </extensions>
      </trkpt>
      <trkpt lat="29.706940474" lon="106.512887198">
        <ele>199.0</ele>
        <time>2026-08-30T10:18:30+0800</time>
        <extensions>
          <gpxtpx:TrackPointExtension>
            <gpxtpx:hr>158</gpxtpx:hr>
            <gpxtpx:cad>84</gpxtpx:cad>
          </gpxtpx:TrackPointExtension>
        </extensions>
      </trkpt>
      <trkpt lat="29.7069548909" lon="106.512886109">
        <ele>199.0</ele>
        <time>2026-08-30T10:18:31+0800</time>
        <extensions>
          <gpxtpx:TrackPointExtension>
            <gpxtpx:hr>159</gpxtpx:hr>
            <gpxtpx:cad>84</gpxtpx:cad>
          </gpxtpx:TrackPointExtension>
        </extensions>
      </trkpt>
      <trkpt lat="29.706973834" lon="106.512884852">
        <ele>199.0</ele>
        <time>2026-08-30T10:18:32+0800</time>
        <extensions>
          <gpxtpx:TrackPointExtension>
            <gpxtpx:hr>159</gpxtpx:hr>
            <gpxtpx:cad>83</gpxtpx:cad>
          </gpxtpx:TrackPointExtension>
        </extensions>
      </trkpt>
      <trkpt lat="29.7069890052" lon="106.512881415">
        <ele>199.0</ele>
        <time>2026-08-30T10:18:33+0800</time>
        <extensions>
          <gpxtpx:TrackPointExtension>
            <gpxtpx:hr>159</gpxtpx:hr>
            <gpxtpx:cad>83</gpxtpx:cad>
          </gpxtpx:TrackPointExtension>
        </extensions>
      </trkpt>
      <trkpt lat="29.7070092894" lon="106.512873452">
        <ele>199.0</ele>
        <time>2026-08-30T10:18:34+0800</time>
        <extensions>
          <gpxtpx:TrackPointExtension>
            <gpxtpx:hr>159</gpxtpx:hr>
            <gpxtpx:cad>83</gpxtpx:cad>
          </gpxtpx:TrackPointExtension>
        </extensions>
      </trkpt>
      <trkpt lat="29.7070238739" lon="106.512866747">
        <ele>199.0</ele>
        <time>2026-08-30T10:18:35+0800</time>
        <extensions>
          <gpxtpx:TrackPointExtension>
            <gpxtpx:hr>158</gpxtpx:hr>
            <gpxtpx:cad>83</gpxtpx:cad>
          </gpxtpx:TrackPointExtension>
        </extensions>
      </trkpt>
      <trkpt lat="29.7070318367" lon="106.512858951">
        <ele>199.0</ele>
        <time>2026-08-30T10:18:36+0800</time>
        <extensions>
          <gpxtpx:TrackPointExtension>
            <gpxtpx:hr>159</gpxtpx:hr>
            <gpxtpx:cad>83</gpxtpx:cad>
          </gpxtpx:TrackPointExtension>
        </extensions>
      </trkpt>
      <trkpt lat="29.7070440743" lon="106.512846965">
        <ele>199.0</ele>
        <time>2026-08-30T10:18:37+0800</time>
        <extensions>
          <gpxtpx:TrackPointExtension>
            <gpxtpx:hr>159</gpxtpx:hr>
            <gpxtpx:cad>83</gpxtpx:cad>
          </gpxtpx:TrackPointExtension>
        </extensions>
      </trkpt>
      <trkpt lat="29.7070540488" lon="106.512836488">
        <ele>199.0</ele>
        <time>2026-08-30T10:18:38+0800</time>
        <extensions>
          <gpxtpx:TrackPointExtension>
            <gpxtpx:hr>159</gpxtpx:hr>
            <gpxtpx:cad>84</gpxtpx:cad>
          </gpxtpx:TrackPointExtension>
        </extensions>
      </trkpt>
      <trkpt lat="29.7070628498" lon="106.512823664">
        <ele>199.0</ele>
        <time>2026-08-30T10:18:39+0800</time>
        <extensions>
          <gpxtpx:TrackPointExtension>
            <gpxtpx:hr>159</gpxtpx:hr>
            <gpxtpx:cad>83</gpxtpx:cad>
          </gpxtpx:TrackPointExtension>
        </extensions>
      </trkpt>
      <trkpt lat="29.7070694715" lon="106.512811175">
        <ele>199.0</ele>
        <time>2026-08-30T10:18:40+0800</time>
        <extensions>
          <gpxtpx:TrackPointExtension>
            <gpxtpx:hr>160</gpxtpx:hr>
            <gpxtpx:cad>83</gpxtpx:cad>
          </gpxtpx:TrackPointExtension>
        </extensions>
      </trkpt>
      <trkpt lat="29.7070755903" lon="106.512800194">
        <ele>199.2</ele>
        <time>2026-08-30T10:18:41+0800</time>
        <extensions>
          <gpxtpx:TrackPointExtension>
            <gpxtpx:hr>160</gpxtpx:hr>
            <gpxtpx:cad>84</gpxtpx:cad>
          </gpxtpx:TrackPointExtension>
        </extensions>
      </trkpt>
      <trkpt lat="29.7070823796" lon="106.512783011">
        <ele>199.2</ele>
        <time>2026-08-30T10:18:42+0800</time>
        <extensions>
          <gpxtpx:TrackPointExtension>
            <gpxtpx:hr>161</gpxtpx:hr>
            <gpxtpx:cad>84</gpxtpx:cad>
          </gpxtpx:TrackPointExtension>
        </extensions>
      </trkpt>
      <trkpt lat="29.7070866544" lon="106.512768678">
        <ele>199.2</ele>
        <time>2026-08-30T10:18:43+0800</time>
        <extensions>
          <gpxtpx:TrackPointExtension>
            <gpxtpx:hr>161</gpxtpx:hr>
            <gpxtpx:cad>84</gpxtpx:cad>
          </gpxtpx:TrackPointExtension>
        </extensions>
      </trkpt>
      <trkpt lat="29.707091935" lon="106.512750406">
        <ele>199.0</ele>
        <time>2026-08-30T10:18:44+0800</time>
        <extensions>
          <gpxtpx:TrackPointExtension>
            <gpxtpx:hr>161</gpxtpx:hr>
            <gpxtpx:cad>84</gpxtpx:cad>
          </gpxtpx:TrackPointExtension>
        </extensions>
      </trkpt>
      <trkpt lat="29.7070951201" lon="106.512731211">
        <ele>199.0</ele>
        <time>2026-08-30T10:18:45+0800</time>
        <extensions>
          <gpxtpx:TrackPointExtension>
            <gpxtpx:hr>160</gpxtpx:hr>
            <gpxtpx:cad>84</gpxtpx:cad>
          </gpxtpx:TrackPointExtension>
        </extensions>
      </trkpt>
      <trkpt lat="29.7070925217" lon="106.512716711">
        <ele>199.0</ele>
        <time>2026-08-30T10:18:46+0800</time>
        <extensions>
          <gpxtpx:TrackPointExtension>
            <gpxtpx:hr>161</gpxtpx:hr>
            <gpxtpx:cad>84</gpxtpx:cad>
          </gpxtpx:TrackPointExtension>
        </extensions>
      </trkpt>
      <trkpt lat="29.7070943657" lon="106.512692571">
        <ele>199.0</ele>
        <time>2026-08-30T10:18:47+0800</time>
        <extensions>
          <gpxtpx:TrackPointExtension>
            <gpxtpx:hr>161</gpxtpx:hr>
            <gpxtpx:cad>84</gpxtpx:cad>
          </gpxtpx:TrackPointExtension>
        </extensions>
      </trkpt>
      <trkpt lat="29.7070976347" lon="106.512673795">
        <ele>199.0</ele>
        <time>2026-08-30T10:18:48+0800</time>
        <extensions>
          <gpxtpx:TrackPointExtension>
            <gpxtpx:hr>161</gpxtpx:hr>
            <gpxtpx:cad>83</gpxtpx:cad>
          </gpxtpx:TrackPointExtension>
        </extensions>
      </trkpt>
      <trkpt lat="29.7070997301" lon="106.512654265">
        <ele>199.0</ele>
        <time>2026-08-30T10:18:49+0800</time>
        <extensions>
          <gpxtpx:TrackPointExtension>
            <gpxtpx:hr>161</gpxtpx:hr>
            <gpxtpx:cad>83</gpxtpx:cad>
          </gpxtpx:TrackPointExtension>
        </extensions>
      </trkpt>
      <trkpt lat="29.7071030829" lon="106.512636915">
        <ele>199.2</ele>
        <time>2026-08-30T10:18:50+0800</time>
        <extensions>
          <gpxtpx:TrackPointExtension>
            <gpxtpx:hr>162</gpxtpx:hr>
            <gpxtpx:cad>84</gpxtpx:cad>
          </gpxtpx:TrackPointExtension>
        </extensions>
      </trkpt>
      <trkpt lat="29.7071045078" lon="106.512619816">
        <ele>199.2</ele>
        <time>2026-08-30T10:18:51+0800</time>
        <extensions>
          <gpxtpx:TrackPointExtension>
            <gpxtpx:hr>162</gpxtpx:hr>
            <gpxtpx:cad>84</gpxtpx:cad>
          </gpxtpx:TrackPointExtension>
        </extensions>
      </trkpt>
      <trkpt lat="29.7071109619" lon="106.512596598">
        <ele>199.2</ele>
        <time>2026-08-30T10:18:52+0800</time>
        <extensions>
          <gpxtpx:TrackPointExtension>
            <gpxtpx:hr>162</gpxtpx:hr>
            <gpxtpx:cad>84</gpxtpx:cad>
          </gpxtpx:TrackPointExtension>
        </extensions>
      </trkpt>
      <trkpt lat="29.7071154881" lon="106.512578242">
        <ele>199.2</ele>
        <time>2026-08-30T10:18:53+0800</time>
        <extensions>
          <gpxtpx:TrackPointExtension>
            <gpxtpx:hr>162</gpxtpx:hr>
            <gpxtpx:cad>84</gpxtpx:cad>
          </gpxtpx:TrackPointExtension>
        </extensions>
      </trkpt>
      <trkpt lat="29.7071218584" lon="106.512557538">
        <ele>199.2</ele>
        <time>2026-08-30T10:18:54+0800</time>
        <extensions>
          <gpxtpx:TrackPointExtension>
            <gpxtpx:hr>162</gpxtpx:hr>
            <gpxtpx:cad>84</gpxtpx:cad>
          </gpxtpx:TrackPointExtension>
        </extensions>
      </trkpt>
      <trkpt lat="29.7071294859" lon="106.512538679">
        <ele>199.2</ele>
        <time>2026-08-30T10:18:55+0800</time>
        <extensions>
          <gpxtpx:TrackPointExtension>
            <gpxtpx:hr>162</gpxtpx:hr>
            <gpxtpx:cad>84</gpxtpx:cad>
          </gpxtpx:TrackPointExtension>
        </extensions>
      </trkpt>
      <trkpt lat="29.7071325872" lon="106.512522418">
        <ele>199.2</ele>
        <time>2026-08-30T10:18:56+0800</time>
        <extensions>
          <gpxtpx:TrackPointExtension>
            <gpxtpx:hr>162</gpxtpx:hr>
            <gpxtpx:cad>84</gpxtpx:cad>
          </gpxtpx:TrackPointExtension>
        </extensions>
      </trkpt>
      <trkpt lat="29.707142897" lon="106.512504984">
        <ele>199.2</ele>
        <time>2026-08-30T10:18:57+0800</time>
        <extensions>
          <gpxtpx:TrackPointExtension>
            <gpxtpx:hr>162</gpxtpx:hr>
            <gpxtpx:cad>84</gpxtpx:cad>
          </gpxtpx:TrackPointExtension>
        </extensions>
      </trkpt>
      <trkpt lat="29.7071506083" lon="106.512490734">
        <ele>199.2</ele>
        <time>2026-08-30T10:18:58+0800</time>
        <extensions>
          <gpxtpx:TrackPointExtension>
            <gpxtpx:hr>163</gpxtpx:hr>
            <gpxtpx:cad>84</gpxtpx:cad>
          </gpxtpx:TrackPointExtension>
        </extensions>
      </trkpt>
      <trkpt lat="29.7071601637" lon="106.512470283">
        <ele>199.2</ele>
        <time>2026-08-30T10:18:59+0800</time>
        <extensions>
          <gpxtpx:TrackPointExtension>
            <gpxtpx:hr>162</gpxtpx:hr>
            <gpxtpx:cad>85</gpxtpx:cad>
          </gpxtpx:TrackPointExtension>
        </extensions>
      </trkpt>
      <trkpt lat="29.7071708087" lon="106.512455028">
        <ele>199.2</ele>
        <time>2026-08-30T10:19:00+0800</time>
        <extensions>
          <gpxtpx:TrackPointExtension>
            <gpxtpx:hr>162</gpxtpx:hr>
            <gpxtpx:cad>85</gpxtpx:cad>
          </gpxtpx:TrackPointExtension>
        </extensions>
      </trkpt>
      <trkpt lat="29.7071773466" lon="106.5124417">
        <ele>199.2</ele>
        <time>2026-08-30T10:19:01+0800</time>
        <extensions>
          <gpxtpx:TrackPointExtension>
            <gpxtpx:hr>162</gpxtpx:hr>
            <gpxtpx:cad>84</gpxtpx:cad>
          </gpxtpx:TrackPointExtension>
        </extensions>
      </trkpt>
      <trkpt lat="29.7071883269" lon="106.512426445">
        <ele>199.2</ele>
        <time>2026-08-30T10:19:02+0800</time>
        <extensions>
          <gpxtpx:TrackPointExtension>
            <gpxtpx:hr>162</gpxtpx:hr>
            <gpxtpx:cad>84</gpxtpx:cad>
          </gpxtpx:TrackPointExtension>
        </extensions>
      </trkpt>
      <trkpt lat="29.7071977984" lon="106.512414711">
        <ele>199.2</ele>
        <time>2026-08-30T10:19:03+0800</time>
        <extensions>
          <gpxtpx:TrackPointExtension>
            <gpxtpx:hr>163</gpxtpx:hr>
            <gpxtpx:cad>84</gpxtpx:cad>
          </gpxtpx:TrackPointExtension>
        </extensions>
      </trkpt>
      <trkpt lat="29.7072107904" lon="106.51240088">
        <ele>199.2</ele>
        <time>2026-08-30T10:19:04+0800</time>
        <extensions>
          <gpxtpx:TrackPointExtension>
            <gpxtpx:hr>162</gpxtpx:hr>
            <gpxtpx:cad>84</gpxtpx:cad>
          </gpxtpx:TrackPointExtension>
        </extensions>
      </trkpt>
      <trkpt lat="29.7072259616" lon="106.512390235">
        <ele>199.2</ele>
        <time>2026-08-30T10:19:05+0800</time>
        <extensions>
          <gpxtpx:TrackPointExtension>
            <gpxtpx:hr>162</gpxtpx:hr>
            <gpxtpx:cad>83</gpxtpx:cad>
          </gpxtpx:TrackPointExtension>
        </extensions>
      </trkpt>
      <trkpt lat="29.7072375286" lon="106.512378333">
        <ele>199.2</ele>
        <time>2026-08-30T10:19:06+0800</time>
        <extensions>
          <gpxtpx:TrackPointExtension>
            <gpxtpx:hr>162</gpxtpx:hr>
            <gpxtpx:cad>83</gpxtpx:cad>
          </gpxtpx:TrackPointExtension>
        </extensions>
      </trkpt>
      <trkpt lat="29.7072496824" lon="106.512362659">
        <ele>199.4</ele>
        <time>2026-08-30T10:19:07+0800</time>
        <extensions>
          <gpxtpx:TrackPointExtension>
            <gpxtpx:hr>162</gpxtpx:hr>
            <gpxtpx:cad>83</gpxtpx:cad>
          </gpxtpx:TrackPointExtension>
        </extensions>
      </trkpt>
      <trkpt lat="29.7072594892" lon="106.512356037">
        <ele>199.4</ele>
        <time>2026-08-30T10:19:08+0800</time>
        <extensions>
          <gpxtpx:TrackPointExtension>
            <gpxtpx:hr>163</gpxtpx:hr>
            <gpxtpx:cad>83</gpxtpx:cad>
          </gpxtpx:TrackPointExtension>
        </extensions>
      </trkpt>
      <trkpt lat="29.7072708886" lon="106.512347152">
        <ele>199.4</ele>
        <time>2026-08-30T10:19:09+0800</time>
        <extensions>
          <gpxtpx:TrackPointExtension>
            <gpxtpx:hr>162</gpxtpx:hr>
            <gpxtpx:cad>83</gpxtpx:cad>
          </gpxtpx:TrackPointExtension>
        </extensions>
      </trkpt>
      <trkpt lat="29.7072840482" lon="106.512339441">
        <ele>199.4</ele>
        <time>2026-08-30T10:19:10+0800</time>
        <extensions>
          <gpxtpx:TrackPointExtension>
            <gpxtpx:hr>162</gpxtpx:hr>
            <gpxtpx:cad>83</gpxtpx:cad>
          </gpxtpx:TrackPointExtension>
        </extensions>
      </trkpt>
      <trkpt lat="29.7072941903" lon="106.512333406">
        <ele>199.4</ele>
        <time>2026-08-30T10:19:11+0800</time>
        <extensions>
          <gpxtpx:TrackPointExtension>
            <gpxtpx:hr>163</gpxtpx:hr>
            <gpxtpx:cad>83</gpxtpx:cad>
          </gpxtpx:TrackPointExtension>
        </extensions>
      </trkpt>
      <trkpt lat="29.7073072661" lon="106.512328712">
        <ele>199.4</ele>
        <time>2026-08-30T10:19:12+0800</time>
        <extensions>
          <gpxtpx:TrackPointExtension>
            <gpxtpx:hr>164</gpxtpx:hr>
            <gpxtpx:cad>82</gpxtpx:cad>
          </gpxtpx:TrackPointExtension>
        </extensions>
      </trkpt>
      <trkpt lat="29.7073207609" lon="106.512325108">
        <ele>199.6</ele>
        <time>2026-08-30T10:19:13+0800</time>
        <extensions>
          <gpxtpx:TrackPointExtension>
            <gpxtpx:hr>166</gpxtpx:hr>
            <gpxtpx:cad>82</gpxtpx:cad>
          </gpxtpx:TrackPointExtension>
        </extensions>
      </trkpt>
      <trkpt lat="29.7073325794" lon="106.512320749">
        <ele>199.6</ele>
        <time>2026-08-30T10:19:14+0800</time>
        <extensions>
          <gpxtpx:TrackPointExtension>
            <gpxtpx:hr>166</gpxtpx:hr>
            <gpxtpx:cad>82</gpxtpx:cad>
          </gpxtpx:TrackPointExtension>
        </extensions>
      </trkpt>
      <trkpt lat="29.7073464096" lon="106.512317145">
        <ele>199.6</ele>
        <time>2026-08-30T10:19:15+0800</time>
        <extensions>
          <gpxtpx:TrackPointExtension>
            <gpxtpx:hr>166</gpxtpx:hr>
            <gpxtpx:cad>83</gpxtpx:cad>
          </gpxtpx:TrackPointExtension>
        </extensions>
      </trkpt>
      <trkpt lat="29.7073580604" lon="106.512315301">
        <ele>199.6</ele>
        <time>2026-08-30T10:19:16+0800</time>
        <extensions>
          <gpxtpx:TrackPointExtension>
            <gpxtpx:hr>165</gpxtpx:hr>
            <gpxtpx:cad>83</gpxtpx:cad>
          </gpxtpx:TrackPointExtension>
        </extensions>
      </trkpt>
      <trkpt lat="29.7073715553" lon="106.512312535">
        <ele>199.6</ele>
        <time>2026-08-30T10:19:17+0800</time>
        <extensions>
          <gpxtpx:TrackPointExtension>
            <gpxtpx:hr>165</gpxtpx:hr>
            <gpxtpx:cad>83</gpxtpx:cad>
          </gpxtpx:TrackPointExtension>
        </extensions>
      </trkpt>
      <trkpt lat="29.707385553" lon="106.512314044">
        <ele>199.6</ele>
        <time>2026-08-30T10:19:18+0800</time>
        <extensions>
          <gpxtpx:TrackPointExtension>
            <gpxtpx:hr>165</gpxtpx:hr>
            <gpxtpx:cad>83</gpxtpx:cad>
          </gpxtpx:TrackPointExtension>
        </extensions>
      </trkpt>
      <trkpt lat="29.7073998861" lon="106.512313541">
        <ele>199.6</ele>
        <time>2026-08-30T10:19:19+0800</time>
        <extensions>
          <gpxtpx:TrackPointExtension>
            <gpxtpx:hr>164</gpxtpx:hr>
            <gpxtpx:cad>83</gpxtpx:cad>
          </gpxtpx:TrackPointExtension>
        </extensions>
      </trkpt>
      <trkpt lat="29.7074181587" lon="106.512314714">
        <ele>199.6</ele>
        <time>2026-08-30T10:19:20+0800</time>
        <extensions>
          <gpxtpx:TrackPointExtension>
            <gpxtpx:hr>164</gpxtpx:hr>
            <gpxtpx:cad>83</gpxtpx:cad>
          </gpxtpx:TrackPointExtension>
        </extensions>
      </trkpt>
      <trkpt lat="29.7074340004" lon="106.512316642">
        <ele>199.6</ele>
        <time>2026-08-30T10:19:21+0800</time>
        <extensions>
          <gpxtpx:TrackPointExtension>
            <gpxtpx:hr>164</gpxtpx:hr>
            <gpxtpx:cad>83</gpxtpx:cad>
          </gpxtpx:TrackPointExtension>
        </extensions>
      </trkpt>
      <trkpt lat="29.7074520215" lon="106.512317229">
        <ele>199.6</ele>
        <time>2026-08-30T10:19:22+0800</time>
        <extensions>
          <gpxtpx:TrackPointExtension>
            <gpxtpx:hr>164</gpxtpx:hr>
            <gpxtpx:cad>84</gpxtpx:cad>
          </gpxtpx:TrackPointExtension>
        </extensions>
      </trkpt>
      <trkpt lat="29.7074691206" lon="106.512320498">
        <ele>199.6</ele>
        <time>2026-08-30T10:19:23+0800</time>
        <extensions>
          <gpxtpx:TrackPointExtension>
            <gpxtpx:hr>163</gpxtpx:hr>
            <gpxtpx:cad>84</gpxtpx:cad>
          </gpxtpx:TrackPointExtension>
        </extensions>
      </trkpt>
      <trkpt lat="29.7074835375" lon="106.512323851">
        <ele>199.6</ele>
        <time>2026-08-30T10:19:24+0800</time>
        <extensions>
          <gpxtpx:TrackPointExtension>
            <gpxtpx:hr>164</gpxtpx:hr>
            <gpxtpx:cad>84</gpxtpx:cad>
          </gpxtpx:TrackPointExtension>
        </extensions>
      </trkpt>
      <trkpt lat="29.7075001337" lon="106.512328796">
        <ele>199.6</ele>
        <time>2026-08-30T10:19:25+0800</time>
        <extensions>
          <gpxtpx:TrackPointExtension>
            <gpxtpx:hr>164</gpxtpx:hr>
            <gpxtpx:cad>84</gpxtpx:cad>
          </gpxtpx:TrackPointExtension>
        </extensions>
      </trkpt>
      <trkpt lat="29.7075127065" lon="106.512330892">
        <ele>199.6</ele>
        <time>2026-08-30T10:19:26+0800</time>
        <extensions>
          <gpxtpx:TrackPointExtension>
            <gpxtpx:hr>164</gpxtpx:hr>
            <gpxtpx:cad>84</gpxtpx:cad>
          </gpxtpx:TrackPointExtension>
        </extensions>
      </trkpt>
      <trkpt lat="29.7075268719" lon="106.512333155">
        <ele>199.6</ele>
        <time>2026-08-30T10:19:27+0800</time>
        <extensions>
          <gpxtpx:TrackPointExtension>
            <gpxtpx:hr>166</gpxtpx:hr>
            <gpxtpx:cad>84</gpxtpx:cad>
          </gpxtpx:TrackPointExtension>
        </extensions>
      </trkpt>
      <trkpt lat="29.7075405344" lon="106.512339525">
        <ele>199.8</ele>
        <time>2026-08-30T10:19:28+0800</time>
        <extensions>
          <gpxtpx:TrackPointExtension>
            <gpxtpx:hr>166</gpxtpx:hr>
            <gpxtpx:cad>83</gpxtpx:cad>
          </gpxtpx:TrackPointExtension>
        </extensions>
      </trkpt>
      <trkpt lat="29.7075524367" lon="106.512342207">
        <ele>199.8</ele>
        <time>2026-08-30T10:19:29+0800</time>
        <extensions>
          <gpxtpx:TrackPointExtension>
            <gpxtpx:hr>167</gpxtpx:hr>
            <gpxtpx:cad>83</gpxtpx:cad>
          </gpxtpx:TrackPointExtension>
        </extensions>
      </trkpt>
      <trkpt lat="29.7075669374" lon="106.512350086">
        <ele>199.8</ele>
        <time>2026-08-30T10:19:30+0800</time>
        <extensions>
          <gpxtpx:TrackPointExtension>
            <gpxtpx:hr>167</gpxtpx:hr>
            <gpxtpx:cad>83</gpxtpx:cad>
          </gpxtpx:TrackPointExtension>
        </extensions>
      </trkpt>
      <trkpt lat="29.7075805161" lon="106.512356289">
        <ele>199.8</ele>
        <time>2026-08-30T10:19:31+0800</time>
        <extensions>
          <gpxtpx:TrackPointExtension>
            <gpxtpx:hr>168</gpxtpx:hr>
            <gpxtpx:cad>83</gpxtpx:cad>
          </gpxtpx:TrackPointExtension>
        </extensions>
      </trkpt>
      <trkpt lat="29.7075953521" lon="106.512360061">
        <ele>199.8</ele>
        <time>2026-08-30T10:19:32+0800</time>
        <extensions>
          <gpxtpx:TrackPointExtension>
            <gpxtpx:hr>168</gpxtpx:hr>
            <gpxtpx:cad>83</gpxtpx:cad>
          </gpxtpx:TrackPointExtension>
        </extensions>
      </trkpt>
      <trkpt lat="29.7076105233" lon="106.512366766">
        <ele>199.8</ele>
        <time>2026-08-30T10:19:33+0800</time>
        <extensions>
          <gpxtpx:TrackPointExtension>
            <gpxtpx:hr>168</gpxtpx:hr>
            <gpxtpx:cad>83</gpxtpx:cad>
          </gpxtpx:TrackPointExtension>
        </extensions>
      </trkpt>
      <trkpt lat="29.7076242696" lon="106.512371628">
        <ele>199.8</ele>
        <time>2026-08-30T10:19:34+0800</time>
        <extensions>
          <gpxtpx:TrackPointExtension>
            <gpxtpx:hr>168</gpxtpx:hr>
            <gpxtpx:cad>83</gpxtpx:cad>
          </gpxtpx:TrackPointExtension>
        </extensions>
      </trkpt>
      <trkpt lat="29.7076427937" lon="106.512376154">
        <ele>199.8</ele>
        <time>2026-08-30T10:19:35+0800</time>
        <extensions>
          <gpxtpx:TrackPointExtension>
            <gpxtpx:hr>168</gpxtpx:hr>
            <gpxtpx:cad>83</gpxtpx:cad>
          </gpxtpx:TrackPointExtension>
        </extensions>
      </trkpt>
      <trkpt lat="29.7076573782" lon="106.512379423">
        <ele>199.8</ele>
        <time>2026-08-30T10:19:36+0800</time>
        <extensions>
          <gpxtpx:TrackPointExtension>
            <gpxtpx:hr>168</gpxtpx:hr>
            <gpxtpx:cad>83</gpxtpx:cad>
          </gpxtpx:TrackPointExtension>
        </extensions>
      </trkpt>
      <trkpt lat="29.7076716274" lon="106.512379926">
        <ele>199.8</ele>
        <time>2026-08-30T10:19:37+0800</time>
        <extensions>
          <gpxtpx:TrackPointExtension>
            <gpxtpx:hr>167</gpxtpx:hr>
            <gpxtpx:cad>83</gpxtpx:cad>
          </gpxtpx:TrackPointExtension>
        </extensions>
      </trkpt>
      <trkpt lat="29.7076898161" lon="106.512384368">
        <ele>199.8</ele>
        <time>2026-08-30T10:19:38+0800</time>
        <extensions>
          <gpxtpx:TrackPointExtension>
            <gpxtpx:hr>167</gpxtpx:hr>
            <gpxtpx:cad>83</gpxtpx:cad>
          </gpxtpx:TrackPointExtension>
        </extensions>
      </trkpt>
      <trkpt lat="29.7077041492" lon="106.512386464">
        <ele>199.8</ele>
        <time>2026-08-30T10:19:39+0800</time>
        <extensions>
          <gpxtpx:TrackPointExtension>
            <gpxtpx:hr>167</gpxtpx:hr>
            <gpxtpx:cad>83</gpxtpx:cad>
          </gpxtpx:TrackPointExtension>
        </extensions>
      </trkpt>
      <trkpt lat="29.707720913" lon="106.51238529">
        <ele>199.8</ele>
        <time>2026-08-30T10:19:40+0800</time>
        <extensions>
          <gpxtpx:TrackPointExtension>
            <gpxtpx:hr>167</gpxtpx:hr>
            <gpxtpx:cad>83</gpxtpx:cad>
          </gpxtpx:TrackPointExtension>
        </extensions>
      </trkpt>
      <trkpt lat="29.707735246" lon="106.512386044">
        <ele>199.8</ele>
        <time>2026-08-30T10:19:41+0800</time>
        <extensions>
          <gpxtpx:TrackPointExtension>
            <gpxtpx:hr>167</gpxtpx:hr>
            <gpxtpx:cad>83</gpxtpx:cad>
          </gpxtpx:TrackPointExtension>
        </extensions>
      </trkpt>
      <trkpt lat="29.7077487409" lon="106.512383865">
        <ele>200.0</ele>
        <time>2026-08-30T10:19:42+0800</time>
        <extensions>
          <gpxtpx:TrackPointExtension>
            <gpxtpx:hr>167</gpxtpx:hr>
            <gpxtpx:cad>84</gpxtpx:cad>
          </gpxtpx:TrackPointExtension>
        </extensions>
      </trkpt>
      <trkpt lat="29.7077650856" lon="106.512384871">
        <ele>200.0</ele>
        <time>2026-08-30T10:19:43+0800</time>
        <extensions>
          <gpxtpx:TrackPointExtension>
            <gpxtpx:hr>167</gpxtpx:hr>
            <gpxtpx:cad>84</gpxtpx:cad>
          </gpxtpx:TrackPointExtension>
        </extensions>
      </trkpt>
      <trkpt lat="29.7077775747" lon="106.512385793">
        <ele>200.0</ele>
        <time>2026-08-30T10:19:44+0800</time>
        <extensions>
          <gpxtpx:TrackPointExtension>
            <gpxtpx:hr>166</gpxtpx:hr>
            <gpxtpx:cad>84</gpxtpx:cad>
          </gpxtpx:TrackPointExtension>
        </extensions>
      </trkpt>
      <trkpt lat="29.7077919915" lon="106.512384955">
        <ele>200.0</ele>
        <time>2026-08-30T10:19:45+0800</time>
        <extensions>
          <gpxtpx:TrackPointExtension>
            <gpxtpx:hr>167</gpxtpx:hr>
            <gpxtpx:cad>84</gpxtpx:cad>
          </gpxtpx:TrackPointExtension>
        </extensions>
      </trkpt>
      <trkpt lat="29.7078063246" lon="106.51238462">
        <ele>200.2</ele>
        <time>2026-08-30T10:19:46+0800</time>
        <extensions>
          <gpxtpx:TrackPointExtension>
            <gpxtpx:hr>167</gpxtpx:hr>
            <gpxtpx:cad>82</gpxtpx:cad>
          </gpxtpx:TrackPointExtension>
        </extensions>
      </trkpt>
      <trkpt lat="29.7078200709" lon="106.512383614">
        <ele>200.2</ele>
        <time>2026-08-30T10:19:47+0800</time>
        <extensions>
          <gpxtpx:TrackPointExtension>
            <gpxtpx:hr>166</gpxtpx:hr>
            <gpxtpx:cad>82</gpxtpx:cad>
          </gpxtpx:TrackPointExtension>
        </extensions>
      </trkpt>
      <trkpt lat="29.7078377567" lon="106.512383781">
        <ele>200.2</ele>
        <time>2026-08-30T10:19:48+0800</time>
        <extensions>
          <gpxtpx:TrackPointExtension>
            <gpxtpx:hr>167</gpxtpx:hr>
            <gpxtpx:cad>82</gpxtpx:cad>
          </gpxtpx:TrackPointExtension>
        </extensions>
      </trkpt>
      <trkpt lat="29.7078536823" lon="106.512386547">
        <ele>200.2</ele>
        <time>2026-08-30T10:19:49+0800</time>
        <extensions>
          <gpxtpx:TrackPointExtension>
            <gpxtpx:hr>167</gpxtpx:hr>
            <gpxtpx:cad>82</gpxtpx:cad>
          </gpxtpx:TrackPointExtension>
        </extensions>
      </trkpt>
      <trkpt lat="29.70787053" lon="106.512385374">
        <ele>200.2</ele>
        <time>2026-08-30T10:19:50+0800</time>
        <extensions>
          <gpxtpx:TrackPointExtension>
            <gpxtpx:hr>167</gpxtpx:hr>
            <gpxtpx:cad>82</gpxtpx:cad>
          </gpxtpx:TrackPointExtension>
        </extensions>
      </trkpt>
      <trkpt lat="29.7078835219" lon="106.512385542">
        <ele>200.2</ele>
        <time>2026-08-30T10:19:51+0800</time>
        <extensions>
          <gpxtpx:TrackPointExtension>
            <gpxtpx:hr>167</gpxtpx:hr>
            <gpxtpx:cad>83</gpxtpx:cad>
          </gpxtpx:TrackPointExtension>
        </extensions>
      </trkpt>
      <trkpt lat="29.7078957595" lon="106.512384536">
        <ele>200.2</ele>
        <time>2026-08-30T10:19:52+0800</time>
        <extensions>
          <gpxtpx:TrackPointExtension>
            <gpxtpx:hr>166</gpxtpx:hr>
            <gpxtpx:cad>83</gpxtpx:cad>
          </gpxtpx:TrackPointExtension>
        </extensions>
      </trkpt>
      <trkpt lat="29.7079162113" lon="106.512383949">
        <ele>200.2</ele>
        <time>2026-08-30T10:19:53+0800</time>
        <extensions>
          <gpxtpx:TrackPointExtension>
            <gpxtpx:hr>167</gpxtpx:hr>
            <gpxtpx:cad>84</gpxtpx:cad>
          </gpxtpx:TrackPointExtension>
        </extensions>
      </trkpt>
      <trkpt lat="29.7079311311" lon="106.512384033">
        <ele>200.2</ele>
        <time>2026-08-30T10:19:54+0800</time>
        <extensions>
          <gpxtpx:TrackPointExtension>
            <gpxtpx:hr>167</gpxtpx:hr>
            <gpxtpx:cad>84</gpxtpx:cad>
          </gpxtpx:TrackPointExtension>
        </extensions>
      </trkpt>
      <trkpt lat="29.7079473082" lon="106.512381686">
        <ele>200.2</ele>
        <time>2026-08-30T10:19:55+0800</time>
        <extensions>
          <gpxtpx:TrackPointExtension>
            <gpxtpx:hr>167</gpxtpx:hr>
            <gpxtpx:cad>84</gpxtpx:cad>
          </gpxtpx:TrackPointExtension>
        </extensions>
      </trkpt>
      <trkpt lat="29.7079653293" lon="106.512383195">
        <ele>200.2</ele>
        <time>2026-08-30T10:19:56+0800</time>
        <extensions>
          <gpxtpx:TrackPointExtension>
            <gpxtpx:hr>167</gpxtpx:hr>
            <gpxtpx:cad>83</gpxtpx:cad>
          </gpxtpx:TrackPointExtension>
        </extensions>
      </trkpt>
      <trkpt lat="29.7079820931" lon="106.512383781">
        <ele>200.2</ele>
        <time>2026-08-30T10:19:57+0800</time>
        <extensions>
          <gpxtpx:TrackPointExtension>
            <gpxtpx:hr>167</gpxtpx:hr>
            <gpxtpx:cad>83</gpxtpx:cad>
          </gpxtpx:TrackPointExtension>
        </extensions>
      </trkpt>
      <trkpt lat="29.7080022935" lon="106.512381099">
        <ele>200.2</ele>
        <time>2026-08-30T10:19:58+0800</time>
        <extensions>
          <gpxtpx:TrackPointExtension>
            <gpxtpx:hr>167</gpxtpx:hr>
            <gpxtpx:cad>83</gpxtpx:cad>
          </gpxtpx:TrackPointExtension>
        </extensions>
      </trkpt>
      <trkpt lat="29.7080184706" lon="106.512381267">
        <ele>200.4</ele>
        <time>2026-08-30T10:19:59+0800</time>
        <extensions>
          <gpxtpx:TrackPointExtension>
            <gpxtpx:hr>167</gpxtpx:hr>
            <gpxtpx:cad>83</gpxtpx:cad>
          </gpxtpx:TrackPointExtension>
        </extensions>
      </trkpt>
      <trkpt lat="29.7080315463" lon="106.512378501">
        <ele>200.4</ele>
        <time>2026-08-30T10:20:00+0800</time>
        <extensions>
          <gpxtpx:TrackPointExtension>
            <gpxtpx:hr>167</gpxtpx:hr>
            <gpxtpx:cad>83</gpxtpx:cad>
          </gpxtpx:TrackPointExtension>
        </extensions>
      </trkpt>
      <trkpt lat="29.7080499865" lon="106.512376489">
        <ele>200.4</ele>
        <time>2026-08-30T10:20:01+0800</time>
        <extensions>
          <gpxtpx:TrackPointExtension>
            <gpxtpx:hr>167</gpxtpx:hr>
            <gpxtpx:cad>83</gpxtpx:cad>
          </gpxtpx:TrackPointExtension>
        </extensions>
      </trkpt>
      <trkpt lat="29.708064571" lon="106.512374058">
        <ele>200.4</ele>
        <time>2026-08-30T10:20:02+0800</time>
        <extensions>
          <gpxtpx:TrackPointExtension>
            <gpxtpx:hr>167</gpxtpx:hr>
            <gpxtpx:cad>83</gpxtpx:cad>
          </gpxtpx:TrackPointExtension>
        </extensions>
      </trkpt>
      <trkpt lat="29.7080809157" lon="106.512370287">
        <ele>200.4</ele>
        <time>2026-08-30T10:20:03+0800</time>
        <extensions>
          <gpxtpx:TrackPointExtension>
            <gpxtpx:hr>167</gpxtpx:hr>
            <gpxtpx:cad>83</gpxtpx:cad>
          </gpxtpx:TrackPointExtension>
        </extensions>
      </trkpt>
      <trkpt lat="29.7080977634" lon="106.51236861">
        <ele>200.4</ele>
        <time>2026-08-30T10:20:04+0800</time>
        <extensions>
          <gpxtpx:TrackPointExtension>
            <gpxtpx:hr>167</gpxtpx:hr>
            <gpxtpx:cad>83</gpxtpx:cad>
          </gpxtpx:TrackPointExtension>
        </extensions>
      </trkpt>
      <trkpt lat="29.70811042" lon="106.512364168">
        <ele>200.2</ele>
        <time>2026-08-30T10:20:05+0800</time>
        <extensions>
          <gpxtpx:TrackPointExtension>
            <gpxtpx:hr>167</gpxtpx:hr>
            <gpxtpx:cad>83</gpxtpx:cad>
          </gpxtpx:TrackPointExtension>
        </extensions>
      </trkpt>
      <trkpt lat="29.7081306204" lon="106.512357295">
        <ele>200.2</ele>
        <time>2026-08-30T10:20:06+0800</time>
        <extensions>
          <gpxtpx:TrackPointExtension>
            <gpxtpx:hr>167</gpxtpx:hr>
            <gpxtpx:cad>83</gpxtpx:cad>
          </gpxtpx:TrackPointExtension>
        </extensions>
      </trkpt>
      <trkpt lat="29.7081467137" lon="106.512353774">
        <ele>200.2</ele>
        <time>2026-08-30T10:20:07+0800</time>
        <extensions>
          <gpxtpx:TrackPointExtension>
            <gpxtpx:hr>168</gpxtpx:hr>
            <gpxtpx:cad>83</gpxtpx:cad>
          </gpxtpx:TrackPointExtension>
        </extensions>
      </trkpt>
      <trkpt lat="29.7081602924" lon="106.512347907">
        <ele>200.2</ele>
        <time>2026-08-30T10:20:08+0800</time>
        <extensions>
          <gpxtpx:TrackPointExtension>
            <gpxtpx:hr>167</gpxtpx:hr>
            <gpxtpx:cad>82</gpxtpx:cad>
          </gpxtpx:TrackPointExtension>
        </extensions>
      </trkpt>
      <trkpt lat="29.7081778944" lon="106.512340279">
        <ele>200.2</ele>
        <time>2026-08-30T10:20:09+0800</time>
        <extensions>
          <gpxtpx:TrackPointExtension>
            <gpxtpx:hr>167</gpxtpx:hr>
            <gpxtpx:cad>82</gpxtpx:cad>
          </gpxtpx:TrackPointExtension>
        </extensions>
      </trkpt>
      <trkpt lat="29.7081911378" lon="106.512333993">
        <ele>200.2</ele>
        <time>2026-08-30T10:20:10+0800</time>
        <extensions>
          <gpxtpx:TrackPointExtension>
            <gpxtpx:hr>167</gpxtpx:hr>
            <gpxtpx:cad>82</gpxtpx:cad>
          </gpxtpx:TrackPointExtension>
        </extensions>
      </trkpt>
      <trkpt lat="29.7082059737" lon="106.512325946">
        <ele>200.2</ele>
        <time>2026-08-30T10:20:11+0800</time>
        <extensions>
          <gpxtpx:TrackPointExtension>
            <gpxtpx:hr>167</gpxtpx:hr>
            <gpxtpx:cad>82</gpxtpx:cad>
          </gpxtpx:TrackPointExtension>
        </extensions>
      </trkpt>
      <trkpt lat="29.7082213964" lon="106.512322426">
        <ele>200.2</ele>
        <time>2026-08-30T10:20:12+0800</time>
        <extensions>
          <gpxtpx:TrackPointExtension>
            <gpxtpx:hr>167</gpxtpx:hr>
            <gpxtpx:cad>82</gpxtpx:cad>
          </gpxtpx:TrackPointExtension>
        </extensions>
      </trkpt>
      <trkpt lat="29.7082332987" lon="106.512318235">
        <ele>200.2</ele>
        <time>2026-08-30T10:20:13+0800</time>
        <extensions>
          <gpxtpx:TrackPointExtension>
            <gpxtpx:hr>167</gpxtpx:hr>
            <gpxtpx:cad>82</gpxtpx:cad>
          </gpxtpx:TrackPointExtension>
        </extensions>
      </trkpt>
      <trkpt lat="29.7082506493" lon="106.512308177">
        <ele>200.2</ele>
        <time>2026-08-30T10:20:14+0800</time>
        <extensions>
          <gpxtpx:TrackPointExtension>
            <gpxtpx:hr>167</gpxtpx:hr>
            <gpxtpx:cad>83</gpxtpx:cad>
          </gpxtpx:TrackPointExtension>
        </extensions>
      </trkpt>
      <trkpt lat="29.7082643118" lon="106.512300465">
        <ele>200.2</ele>
        <time>2026-08-30T10:20:15+0800</time>
        <extensions>
          <gpxtpx:TrackPointExtension>
            <gpxtpx:hr>168</gpxtpx:hr>
            <gpxtpx:cad>82</gpxtpx:cad>
          </gpxtpx:TrackPointExtension>
        </extensions>
      </trkpt>
      <trkpt lat="29.7082789801" lon="106.512291748">
        <ele>200.2</ele>
        <time>2026-08-30T10:20:16+0800</time>
        <extensions>
          <gpxtpx:TrackPointExtension>
            <gpxtpx:hr>168</gpxtpx:hr>
            <gpxtpx:cad>82</gpxtpx:cad>
          </gpxtpx:TrackPointExtension>
        </extensions>
      </trkpt>
      <trkpt lat="29.7082950734" lon="106.512284959">
        <ele>200.2</ele>
        <time>2026-08-30T10:20:17+0800</time>
        <extensions>
          <gpxtpx:TrackPointExtension>
            <gpxtpx:hr>168</gpxtpx:hr>
            <gpxtpx:cad>82</gpxtpx:cad>
          </gpxtpx:TrackPointExtension>
        </extensions>
      </trkpt>
      <trkpt lat="29.7083070595" lon="106.512277247">
        <ele>200.0</ele>
        <time>2026-08-30T10:20:18+0800</time>
        <extensions>
          <gpxtpx:TrackPointExtension>
            <gpxtpx:hr>168</gpxtpx:hr>
            <gpxtpx:cad>82</gpxtpx:cad>
          </gpxtpx:TrackPointExtension>
        </extensions>
      </trkpt>
      <trkpt lat="29.7083254158" lon="106.512267105">
        <ele>200.0</ele>
        <time>2026-08-30T10:20:19+0800</time>
        <extensions>
          <gpxtpx:TrackPointExtension>
            <gpxtpx:hr>168</gpxtpx:hr>
            <gpxtpx:cad>83</gpxtpx:cad>
          </gpxtpx:TrackPointExtension>
        </extensions>
      </trkpt>
      <trkpt lat="29.7083402518" lon="106.512260819">
        <ele>200.0</ele>
        <time>2026-08-30T10:20:20+0800</time>
        <extensions>
          <gpxtpx:TrackPointExtension>
            <gpxtpx:hr>169</gpxtpx:hr>
            <gpxtpx:cad>83</gpxtpx:cad>
          </gpxtpx:TrackPointExtension>
        </extensions>
      </trkpt>
      <trkpt lat="29.7083550878" lon="106.512252102">
        <ele>200.0</ele>
        <time>2026-08-30T10:20:21+0800</time>
        <extensions>
          <gpxtpx:TrackPointExtension>
            <gpxtpx:hr>168</gpxtpx:hr>
            <gpxtpx:cad>83</gpxtpx:cad>
          </gpxtpx:TrackPointExtension>
        </extensions>
      </trkpt>
      <trkpt lat="29.7083719354" lon="106.51224548">
        <ele>200.0</ele>
        <time>2026-08-30T10:20:22+0800</time>
        <extensions>
          <gpxtpx:TrackPointExtension>
            <gpxtpx:hr>168</gpxtpx:hr>
            <gpxtpx:cad>83</gpxtpx:cad>
          </gpxtpx:TrackPointExtension>
        </extensions>
      </trkpt>
      <trkpt lat="29.708386017" lon="106.512239864">
        <ele>200.0</ele>
        <time>2026-08-30T10:20:23+0800</time>
        <extensions>
          <gpxtpx:TrackPointExtension>
            <gpxtpx:hr>168</gpxtpx:hr>
            <gpxtpx:cad>83</gpxtpx:cad>
          </gpxtpx:TrackPointExtension>
        </extensions>
      </trkpt>
      <trkpt lat="29.7084029485" lon="106.51223517">
        <ele>200.0</ele>
        <time>2026-08-30T10:20:24+0800</time>
        <extensions>
          <gpxtpx:TrackPointExtension>
            <gpxtpx:hr>168</gpxtpx:hr>
            <gpxtpx:cad>83</gpxtpx:cad>
          </gpxtpx:TrackPointExtension>
        </extensions>
      </trkpt>
      <trkpt lat="29.7084195446" lon="106.512234835">
        <ele>200.0</ele>
        <time>2026-08-30T10:20:25+0800</time>
        <extensions>
          <gpxtpx:TrackPointExtension>
            <gpxtpx:hr>168</gpxtpx:hr>
            <gpxtpx:cad>83</gpxtpx:cad>
          </gpxtpx:TrackPointExtension>
        </extensions>
      </trkpt>
      <trkpt lat="29.7084337939" lon="106.512231063">
        <ele>199.8</ele>
        <time>2026-08-30T10:20:26+0800</time>
        <extensions>
          <gpxtpx:TrackPointExtension>
            <gpxtpx:hr>168</gpxtpx:hr>
            <gpxtpx:cad>83</gpxtpx:cad>
          </gpxtpx:TrackPointExtension>
        </extensions>
      </trkpt>
      <trkpt lat="29.7084524017" lon="106.512228632">
        <ele>199.8</ele>
        <time>2026-08-30T10:20:27+0800</time>
        <extensions>
          <gpxtpx:TrackPointExtension>
            <gpxtpx:hr>167</gpxtpx:hr>
            <gpxtpx:cad>82</gpxtpx:cad>
          </gpxtpx:TrackPointExtension>
        </extensions>
      </trkpt>
      <trkpt lat="29.7084695846" lon="106.512231063">
        <ele>199.8</ele>
        <time>2026-08-30T10:20:28+0800</time>
        <extensions>
          <gpxtpx:TrackPointExtension>
            <gpxtpx:hr>167</gpxtpx:hr>
            <gpxtpx:cad>82</gpxtpx:cad>
          </gpxtpx:TrackPointExtension>
        </extensions>
      </trkpt>
      <trkpt lat="29.708484672" lon="106.512228968">
        <ele>199.8</ele>
        <time>2026-08-30T10:20:29+0800</time>
        <extensions>
          <gpxtpx:TrackPointExtension>
            <gpxtpx:hr>167</gpxtpx:hr>
            <gpxtpx:cad>82</gpxtpx:cad>
          </gpxtpx:TrackPointExtension>
        </extensions>
      </trkpt>
      <trkpt lat="29.7085020225" lon="106.512231231">
        <ele>200.0</ele>
        <time>2026-08-30T10:20:30+0800</time>
        <extensions>
          <gpxtpx:TrackPointExtension>
            <gpxtpx:hr>166</gpxtpx:hr>
            <gpxtpx:cad>82</gpxtpx:cad>
          </gpxtpx:TrackPointExtension>
        </extensions>
      </trkpt>
      <trkpt lat="29.7085153498" lon="106.512229722">
        <ele>200.0</ele>
        <time>2026-08-30T10:20:31+0800</time>
        <extensions>
          <gpxtpx:TrackPointExtension>
            <gpxtpx:hr>167</gpxtpx:hr>
            <gpxtpx:cad>83</gpxtpx:cad>
          </gpxtpx:TrackPointExtension>
        </extensions>
      </trkpt>
      <trkpt lat="29.7085355502" lon="106.512232907">
        <ele>200.0</ele>
        <time>2026-08-30T10:20:32+0800</time>
        <extensions>
          <gpxtpx:TrackPointExtension>
            <gpxtpx:hr>167</gpxtpx:hr>
            <gpxtpx:cad>83</gpxtpx:cad>
          </gpxtpx:TrackPointExtension>
        </extensions>
      </trkpt>
      <trkpt lat="29.7085500509" lon="106.51223517">
        <ele>200.0</ele>
        <time>2026-08-30T10:20:33+0800</time>
        <extensions>
          <gpxtpx:TrackPointExtension>
            <gpxtpx:hr>166</gpxtpx:hr>
            <gpxtpx:cad>83</gpxtpx:cad>
          </gpxtpx:TrackPointExtension>
        </extensions>
      </trkpt>
      <trkpt lat="29.7085663117" lon="106.512234835">
        <ele>200.0</ele>
        <time>2026-08-30T10:20:34+0800</time>
        <extensions>
          <gpxtpx:TrackPointExtension>
            <gpxtpx:hr>167</gpxtpx:hr>
            <gpxtpx:cad>83</gpxtpx:cad>
          </gpxtpx:TrackPointExtension>
        </extensions>
      </trkpt>
      <trkpt lat="29.7085829079" lon="106.512239864">
        <ele>200.0</ele>
        <time>2026-08-30T10:20:35+0800</time>
        <extensions>
          <gpxtpx:TrackPointExtension>
            <gpxtpx:hr>167</gpxtpx:hr>
            <gpxtpx:cad>84</gpxtpx:cad>
          </gpxtpx:TrackPointExtension>
        </extensions>
      </trkpt>
      <trkpt lat="29.7085980792" lon="106.512241792">
        <ele>200.0</ele>
        <time>2026-08-30T10:20:36+0800</time>
        <extensions>
          <gpxtpx:TrackPointExtension>
            <gpxtpx:hr>166</gpxtpx:hr>
            <gpxtpx:cad>84</gpxtpx:cad>
          </gpxtpx:TrackPointExtension>
        </extensions>
      </trkpt>
      <trkpt lat="29.7086186148" lon="106.512244307">
        <ele>199.8</ele>
        <time>2026-08-30T10:20:37+0800</time>
        <extensions>
          <gpxtpx:TrackPointExtension>
            <gpxtpx:hr>167</gpxtpx:hr>
            <gpxtpx:cad>84</gpxtpx:cad>
          </gpxtpx:TrackPointExtension>
        </extensions>
      </trkpt>
      <trkpt lat="29.7086329479" lon="106.51224833">
        <ele>199.8</ele>
        <time>2026-08-30T10:20:38+0800</time>
        <extensions>
          <gpxtpx:TrackPointExtension>
            <gpxtpx:hr>167</gpxtpx:hr>
            <gpxtpx:cad>84</gpxtpx:cad>
          </gpxtpx:TrackPointExtension>
        </extensions>
      </trkpt>
      <trkpt lat="29.7086489573" lon="106.512250928">
        <ele>199.8</ele>
        <time>2026-08-30T10:20:39+0800</time>
        <extensions>
          <gpxtpx:TrackPointExtension>
            <gpxtpx:hr>167</gpxtpx:hr>
            <gpxtpx:cad>84</gpxtpx:cad>
          </gpxtpx:TrackPointExtension>
        </extensions>
      </trkpt>
      <trkpt lat="29.7086661402" lon="106.512259562">
        <ele>200.0</ele>
        <time>2026-08-30T10:20:40+0800</time>
        <extensions>
          <gpxtpx:TrackPointExtension>
            <gpxtpx:hr>166</gpxtpx:hr>
            <gpxtpx:cad>84</gpxtpx:cad>
          </gpxtpx:TrackPointExtension>
        </extensions>
      </trkpt>
      <trkpt lat="29.7086803056" lon="106.512265513">
        <ele>200.0</ele>
        <time>2026-08-30T10:20:41+0800</time>
        <extensions>
          <gpxtpx:TrackPointExtension>
            <gpxtpx:hr>167</gpxtpx:hr>
            <gpxtpx:cad>84</gpxtpx:cad>
          </gpxtpx:TrackPointExtension>
        </extensions>
      </trkpt>
      <trkpt lat="29.7086992487" lon="106.512272386">
        <ele>200.0</ele>
        <time>2026-08-30T10:20:42+0800</time>
        <extensions>
          <gpxtpx:TrackPointExtension>
            <gpxtpx:hr>167</gpxtpx:hr>
            <gpxtpx:cad>84</gpxtpx:cad>
          </gpxtpx:TrackPointExtension>
        </extensions>
      </trkpt>
      <trkpt lat="29.70871442" lon="106.512281355">
        <ele>200.0</ele>
        <time>2026-08-30T10:20:43+0800</time>
        <extensions>
          <gpxtpx:TrackPointExtension>
            <gpxtpx:hr>166</gpxtpx:hr>
            <gpxtpx:cad>84</gpxtpx:cad>
          </gpxtpx:TrackPointExtension>
        </extensions>
      </trkpt>
      <trkpt lat="29.7087276634" lon="106.512285965">
        <ele>200.0</ele>
        <time>2026-08-30T10:20:44+0800</time>
        <extensions>
          <gpxtpx:TrackPointExtension>
            <gpxtpx:hr>166</gpxtpx:hr>
            <gpxtpx:cad>84</gpxtpx:cad>
          </gpxtpx:TrackPointExtension>
        </extensions>
      </trkpt>
      <trkpt lat="29.7087427508" lon="106.512297615">
        <ele>200.0</ele>
        <time>2026-08-30T10:20:45+0800</time>
        <extensions>
          <gpxtpx:TrackPointExtension>
            <gpxtpx:hr>166</gpxtpx:hr>
            <gpxtpx:cad>83</gpxtpx:cad>
          </gpxtpx:TrackPointExtension>
        </extensions>
      </trkpt>
      <trkpt lat="29.7087558266" lon="106.512306416">
        <ele>200.0</ele>
        <time>2026-08-30T10:20:46+0800</time>
        <extensions>
          <gpxtpx:TrackPointExtension>
            <gpxtpx:hr>166</gpxtpx:hr>
            <gpxtpx:cad>83</gpxtpx:cad>
          </gpxtpx:TrackPointExtension>
        </extensions>
      </trkpt>
      <trkpt lat="29.7087711655" lon="106.512316223">
        <ele>200.2</ele>
        <time>2026-08-30T10:20:47+0800</time>
        <extensions>
          <gpxtpx:TrackPointExtension>
            <gpxtpx:hr>165</gpxtpx:hr>
            <gpxtpx:cad>83</gpxtpx:cad>
          </gpxtpx:TrackPointExtension>
        </extensions>
      </trkpt>
      <trkpt lat="29.7087829839" lon="106.512327371">
        <ele>200.2</ele>
        <time>2026-08-30T10:20:48+0800</time>
        <extensions>
          <gpxtpx:TrackPointExtension>
            <gpxtpx:hr>165</gpxtpx:hr>
            <gpxtpx:cad>83</gpxtpx:cad>
          </gpxtpx:TrackPointExtension>
        </extensions>
      </trkpt>
      <trkpt lat="29.7087953892" lon="106.512335585">
        <ele>200.2</ele>
        <time>2026-08-30T10:20:49+0800</time>
        <extensions>
          <gpxtpx:TrackPointExtension>
            <gpxtpx:hr>164</gpxtpx:hr>
            <gpxtpx:cad>83</gpxtpx:cad>
          </gpxtpx:TrackPointExtension>
        </extensions>
      </trkpt>
      <trkpt lat="29.7088109795" lon="106.512349918">
        <ele>200.0</ele>
        <time>2026-08-30T10:20:50+0800</time>
        <extensions>
          <gpxtpx:TrackPointExtension>
            <gpxtpx:hr>164</gpxtpx:hr>
            <gpxtpx:cad>83</gpxtpx:cad>
          </gpxtpx:TrackPointExtension>
        </extensions>
      </trkpt>
      <trkpt lat="29.7088243905" lon="106.512358552">
        <ele>200.0</ele>
        <time>2026-08-30T10:20:51+0800</time>
        <extensions>
          <gpxtpx:TrackPointExtension>
            <gpxtpx:hr>164</gpxtpx:hr>
            <gpxtpx:cad>83</gpxtpx:cad>
          </gpxtpx:TrackPointExtension>
        </extensions>
      </trkpt>
      <trkpt lat="29.7088423278" lon="106.512369113">
        <ele>200.0</ele>
        <time>2026-08-30T10:20:52+0800</time>
        <extensions>
          <gpxtpx:TrackPointExtension>
            <gpxtpx:hr>164</gpxtpx:hr>
            <gpxtpx:cad>83</gpxtpx:cad>
          </gpxtpx:TrackPointExtension>
        </extensions>
      </trkpt>
      <trkpt lat="29.7088551521" lon="106.512381351">
        <ele>200.0</ele>
        <time>2026-08-30T10:20:53+0800</time>
        <extensions>
          <gpxtpx:TrackPointExtension>
            <gpxtpx:hr>164</gpxtpx:hr>
            <gpxtpx:cad>83</gpxtpx:cad>
          </gpxtpx:TrackPointExtension>
        </extensions>
      </trkpt>
      <trkpt lat="29.7088683955" lon="106.512388559">
        <ele>200.2</ele>
        <time>2026-08-30T10:20:54+0800</time>
        <extensions>
          <gpxtpx:TrackPointExtension>
            <gpxtpx:hr>164</gpxtpx:hr>
            <gpxtpx:cad>83</gpxtpx:cad>
          </gpxtpx:TrackPointExtension>
        </extensions>
      </trkpt>
      <trkpt lat="29.7088850755" lon="106.51240021">
        <ele>200.2</ele>
        <time>2026-08-30T10:20:55+0800</time>
        <extensions>
          <gpxtpx:TrackPointExtension>
            <gpxtpx:hr>163</gpxtpx:hr>
            <gpxtpx:cad>83</gpxtpx:cad>
          </gpxtpx:TrackPointExtension>
        </extensions>
      </trkpt>
      <trkpt lat="29.708897816" lon="106.512407502">
        <ele>200.2</ele>
        <time>2026-08-30T10:20:56+0800</time>
        <extensions>
          <gpxtpx:TrackPointExtension>
            <gpxtpx:hr>163</gpxtpx:hr>
            <gpxtpx:cad>85</gpxtpx:cad>
          </gpxtpx:TrackPointExtension>
        </extensions>
      </trkpt>
      <trkpt lat="29.7089155857" lon="106.512414794">
        <ele>200.2</ele>
        <time>2026-08-30T10:20:57+0800</time>
        <extensions>
          <gpxtpx:TrackPointExtension>
            <gpxtpx:hr>163</gpxtpx:hr>
            <gpxtpx:cad>85</gpxtpx:cad>
          </gpxtpx:TrackPointExtension>
        </extensions>
      </trkpt>
      <trkpt lat="29.7089297511" lon="106.512422673">
        <ele>200.2</ele>
        <time>2026-08-30T10:20:58+0800</time>
        <extensions>
          <gpxtpx:TrackPointExtension>
            <gpxtpx:hr>163</gpxtpx:hr>
            <gpxtpx:cad>85</gpxtpx:cad>
          </gpxtpx:TrackPointExtension>
        </extensions>
      </trkpt>
      <trkpt lat="29.7089451738" lon="106.512424769">
        <ele>200.2</ele>
        <time>2026-08-30T10:20:59+0800</time>
        <extensions>
          <gpxtpx:TrackPointExtension>
            <gpxtpx:hr>163</gpxtpx:hr>
            <gpxtpx:cad>84</gpxtpx:cad>
          </gpxtpx:TrackPointExtension>
        </extensions>
      </trkpt>
      <trkpt lat="29.7089644521" lon="106.512430888">
        <ele>200.2</ele>
        <time>2026-08-30T10:21:00+0800</time>
        <extensions>
          <gpxtpx:TrackPointExtension>
            <gpxtpx:hr>163</gpxtpx:hr>
            <gpxtpx:cad>84</gpxtpx:cad>
          </gpxtpx:TrackPointExtension>
        </extensions>
      </trkpt>
      <trkpt lat="29.7089798748" lon="106.512434492">
        <ele>200.0</ele>
        <time>2026-08-30T10:21:01+0800</time>
        <extensions>
          <gpxtpx:TrackPointExtension>
            <gpxtpx:hr>164</gpxtpx:hr>
            <gpxtpx:cad>84</gpxtpx:cad>
          </gpxtpx:TrackPointExtension>
        </extensions>
      </trkpt>
      <trkpt lat="29.7089984827" lon="106.512437761">
        <ele>200.0</ele>
        <time>2026-08-30T10:21:02+0800</time>
        <extensions>
          <gpxtpx:TrackPointExtension>
            <gpxtpx:hr>163</gpxtpx:hr>
            <gpxtpx:cad>83</gpxtpx:cad>
          </gpxtpx:TrackPointExtension>
        </extensions>
      </trkpt>
      <trkpt lat="29.7090157494" lon="106.512442371">
        <ele>200.0</ele>
        <time>2026-08-30T10:21:03+0800</time>
        <extensions>
          <gpxtpx:TrackPointExtension>
            <gpxtpx:hr>163</gpxtpx:hr>
            <gpxtpx:cad>83</gpxtpx:cad>
          </gpxtpx:TrackPointExtension>
        </extensions>
      </trkpt>
      <trkpt lat="29.7090311721" lon="106.512443377">
        <ele>200.0</ele>
        <time>2026-08-30T10:21:04+0800</time>
        <extensions>
          <gpxtpx:TrackPointExtension>
            <gpxtpx:hr>163</gpxtpx:hr>
            <gpxtpx:cad>84</gpxtpx:cad>
          </gpxtpx:TrackPointExtension>
        </extensions>
      </trkpt>
      <trkpt lat="29.7090513725" lon="106.51244388">
        <ele>200.0</ele>
        <time>2026-08-30T10:21:05+0800</time>
        <extensions>
          <gpxtpx:TrackPointExtension>
            <gpxtpx:hr>164</gpxtpx:hr>
            <gpxtpx:cad>84</gpxtpx:cad>
          </gpxtpx:TrackPointExtension>
        </extensions>
      </trkpt>
      <trkpt lat="29.7090673819" lon="106.512442287">
        <ele>200.0</ele>
        <time>2026-08-30T10:21:06+0800</time>
        <extensions>
          <gpxtpx:TrackPointExtension>
            <gpxtpx:hr>163</gpxtpx:hr>
            <gpxtpx:cad>84</gpxtpx:cad>
          </gpxtpx:TrackPointExtension>
        </extensions>
      </trkpt>
      <trkpt lat="29.7090848163" lon="106.512438683">
        <ele>200.0</ele>
        <time>2026-08-30T10:21:07+0800</time>
        <extensions>
          <gpxtpx:TrackPointExtension>
            <gpxtpx:hr>163</gpxtpx:hr>
            <gpxtpx:cad>84</gpxtpx:cad>
          </gpxtpx:TrackPointExtension>
        </extensions>
      </trkpt>
      <trkpt lat="29.7091009095" lon="106.512432983">
        <ele>200.0</ele>
        <time>2026-08-30T10:21:08+0800</time>
        <extensions>
          <gpxtpx:TrackPointExtension>
            <gpxtpx:hr>164</gpxtpx:hr>
            <gpxtpx:cad>83</gpxtpx:cad>
          </gpxtpx:TrackPointExtension>
        </extensions>
      </trkpt>
      <trkpt lat="29.7091128957" lon="106.512425607">
        <ele>200.0</ele>
        <time>2026-08-30T10:21:09+0800</time>
        <extensions>
          <gpxtpx:TrackPointExtension>
            <gpxtpx:hr>164</gpxtpx:hr>
            <gpxtpx:cad>83</gpxtpx:cad>
          </gpxtpx:TrackPointExtension>
        </extensions>
      </trkpt>
      <trkpt lat="29.7091294918" lon="106.512414962">
        <ele>200.0</ele>
        <time>2026-08-30T10:21:10+0800</time>
        <extensions>
          <gpxtpx:TrackPointExtension>
            <gpxtpx:hr>163</gpxtpx:hr>
            <gpxtpx:cad>83</gpxtpx:cad>
          </gpxtpx:TrackPointExtension>
        </extensions>
      </trkpt>
      <trkpt lat="29.7091443278" lon="106.512405826">
        <ele>199.8</ele>
        <time>2026-08-30T10:21:11+0800</time>
        <extensions>
          <gpxtpx:TrackPointExtension>
            <gpxtpx:hr>163</gpxtpx:hr>
            <gpxtpx:cad>83</gpxtpx:cad>
          </gpxtpx:TrackPointExtension>
        </extensions>
      </trkpt>
      <trkpt lat="29.7091581579" lon="106.512394343">
        <ele>199.8</ele>
        <time>2026-08-30T10:21:12+0800</time>
        <extensions>
          <gpxtpx:TrackPointExtension>
            <gpxtpx:hr>164</gpxtpx:hr>
            <gpxtpx:cad>83</gpxtpx:cad>
          </gpxtpx:TrackPointExtension>
        </extensions>
      </trkpt>
      <trkpt lat="29.7091760114" lon="106.512383027">
        <ele>199.8</ele>
        <time>2026-08-30T10:21:13+0800</time>
        <extensions>
          <gpxtpx:TrackPointExtension>
            <gpxtpx:hr>164</gpxtpx:hr>
            <gpxtpx:cad>83</gpxtpx:cad>
          </gpxtpx:TrackPointExtension>
        </extensions>
      </trkpt>
      <trkpt lat="29.709189171" lon="106.512371544">
        <ele>199.6</ele>
        <time>2026-08-30T10:21:14+0800</time>
        <extensions>
          <gpxtpx:TrackPointExtension>
            <gpxtpx:hr>164</gpxtpx:hr>
            <gpxtpx:cad>83</gpxtpx:cad>
          </gpxtpx:TrackPointExtension>
        </extensions>
      </trkpt>
      <trkpt lat="29.7092078626" lon="106.512356792">
        <ele>199.6</ele>
        <time>2026-08-30T10:21:15+0800</time>
        <extensions>
          <gpxtpx:TrackPointExtension>
            <gpxtpx:hr>165</gpxtpx:hr>
            <gpxtpx:cad>83</gpxtpx:cad>
          </gpxtpx:TrackPointExtension>
        </extensions>
      </trkpt>
      <trkpt lat="29.7092222795" lon="106.512345644">
        <ele>199.4</ele>
        <time>2026-08-30T10:21:16+0800</time>
        <extensions>
          <gpxtpx:TrackPointExtension>
            <gpxtpx:hr>165</gpxtpx:hr>
            <gpxtpx:cad>83</gpxtpx:cad>
          </gpxtpx:TrackPointExtension>
        </extensions>
      </trkpt>
      <trkpt lat="29.7092345171" lon="106.512334663">
        <ele>199.4</ele>
        <time>2026-08-30T10:21:17+0800</time>
        <extensions>
          <gpxtpx:TrackPointExtension>
            <gpxtpx:hr>166</gpxtpx:hr>
            <gpxtpx:cad>83</gpxtpx:cad>
          </gpxtpx:TrackPointExtension>
        </extensions>
      </trkpt>
      <trkpt lat="29.7092499398" lon="106.512325946">
        <ele>199.4</ele>
        <time>2026-08-30T10:21:18+0800</time>
        <extensions>
          <gpxtpx:TrackPointExtension>
            <gpxtpx:hr>166</gpxtpx:hr>
            <gpxtpx:cad>83</gpxtpx:cad>
          </gpxtpx:TrackPointExtension>
        </extensions>
      </trkpt>
      <trkpt lat="29.7092643566" lon="106.512321504">
        <ele>199.4</ele>
        <time>2026-08-30T10:21:19+0800</time>
        <extensions>
          <gpxtpx:TrackPointExtension>
            <gpxtpx:hr>166</gpxtpx:hr>
            <gpxtpx:cad>83</gpxtpx:cad>
          </gpxtpx:TrackPointExtension>
        </extensions>
      </trkpt>
      <trkpt lat="29.7092793602" lon="106.512315217">
        <ele>199.2</ele>
        <time>2026-08-30T10:21:20+0800</time>
        <extensions>
          <gpxtpx:TrackPointExtension>
            <gpxtpx:hr>166</gpxtpx:hr>
            <gpxtpx:cad>83</gpxtpx:cad>
          </gpxtpx:TrackPointExtension>
        </extensions>
      </trkpt>
      <trkpt lat="29.7092961241" lon="106.512312703">
        <ele>199.2</ele>
        <time>2026-08-30T10:21:21+0800</time>
        <extensions>
          <gpxtpx:TrackPointExtension>
            <gpxtpx:hr>166</gpxtpx:hr>
            <gpxtpx:cad>83</gpxtpx:cad>
          </gpxtpx:TrackPointExtension>
        </extensions>
      </trkpt>
      <trkpt lat="29.7093095351" lon="106.512308763">
        <ele>199.2</ele>
        <time>2026-08-30T10:21:22+0800</time>
        <extensions>
          <gpxtpx:TrackPointExtension>
            <gpxtpx:hr>167</gpxtpx:hr>
            <gpxtpx:cad>82</gpxtpx:cad>
          </gpxtpx:TrackPointExtension>
        </extensions>
      </trkpt>
      <trkpt lat="29.7093290649" lon="106.512304824">
        <ele>199.2</ele>
        <time>2026-08-30T10:21:23+0800</time>
        <extensions>
          <gpxtpx:TrackPointExtension>
            <gpxtpx:hr>166</gpxtpx:hr>
            <gpxtpx:cad>82</gpxtpx:cad>
          </gpxtpx:TrackPointExtension>
        </extensions>
      </trkpt>
      <trkpt lat="29.7093458287" lon="106.512302142">
        <ele>199.2</ele>
        <time>2026-08-30T10:21:24+0800</time>
        <extensions>
          <gpxtpx:TrackPointExtension>
            <gpxtpx:hr>166</gpxtpx:hr>
            <gpxtpx:cad>82</gpxtpx:cad>
          </gpxtpx:TrackPointExtension>
        </extensions>
      </trkpt>
      <trkpt lat="29.7093611676" lon="106.512298035">
        <ele>199.0</ele>
        <time>2026-08-30T10:21:25+0800</time>
        <extensions>
          <gpxtpx:TrackPointExtension>
            <gpxtpx:hr>166</gpxtpx:hr>
            <gpxtpx:cad>82</gpxtpx:cad>
          </gpxtpx:TrackPointExtension>
        </extensions>
      </trkpt>
      <trkpt lat="29.7093772609" lon="106.512298789">
        <ele>199.0</ele>
        <time>2026-08-30T10:21:26+0800</time>
        <extensions>
          <gpxtpx:TrackPointExtension>
            <gpxtpx:hr>166</gpxtpx:hr>
            <gpxtpx:cad>83</gpxtpx:cad>
          </gpxtpx:TrackPointExtension>
        </extensions>
      </trkpt>
      <trkpt lat="29.7093912587" lon="106.512297112">
        <ele>199.0</ele>
        <time>2026-08-30T10:21:27+0800</time>
        <extensions>
          <gpxtpx:TrackPointExtension>
            <gpxtpx:hr>166</gpxtpx:hr>
            <gpxtpx:cad>83</gpxtpx:cad>
          </gpxtpx:TrackPointExtension>
        </extensions>
      </trkpt>
      <trkpt lat="29.7094103694" lon="106.51229904">
        <ele>199.0</ele>
        <time>2026-08-30T10:21:28+0800</time>
        <extensions>
          <gpxtpx:TrackPointExtension>
            <gpxtpx:hr>165</gpxtpx:hr>
            <gpxtpx:cad>84</gpxtpx:cad>
          </gpxtpx:TrackPointExtension>
        </extensions>
      </trkpt>
      <trkpt lat="29.7094263788" lon="106.512302561">
        <ele>199.0</ele>
        <time>2026-08-30T10:21:29+0800</time>
        <extensions>
          <gpxtpx:TrackPointExtension>
            <gpxtpx:hr>165</gpxtpx:hr>
            <gpxtpx:cad>84</gpxtpx:cad>
          </gpxtpx:TrackPointExtension>
        </extensions>
      </trkpt>
      <trkpt lat="29.7094443161" lon="106.512303567">
        <ele>199.0</ele>
        <time>2026-08-30T10:21:30+0800</time>
        <extensions>
          <gpxtpx:TrackPointExtension>
            <gpxtpx:hr>164</gpxtpx:hr>
            <gpxtpx:cad>84</gpxtpx:cad>
          </gpxtpx:TrackPointExtension>
        </extensions>
      </trkpt>
      <trkpt lat="29.7094627563" lon="106.512307422">
        <ele>199.0</ele>
        <time>2026-08-30T10:21:31+0800</time>
        <extensions>
          <gpxtpx:TrackPointExtension>
            <gpxtpx:hr>164</gpxtpx:hr>
            <gpxtpx:cad>84</gpxtpx:cad>
          </gpxtpx:TrackPointExtension>
        </extensions>
      </trkpt>
      <trkpt lat="29.7094764188" lon="106.512312451">
        <ele>198.8</ele>
        <time>2026-08-30T10:21:32+0800</time>
        <extensions>
          <gpxtpx:TrackPointExtension>
            <gpxtpx:hr>165</gpxtpx:hr>
            <gpxtpx:cad>83</gpxtpx:cad>
          </gpxtpx:TrackPointExtension>
        </extensions>
      </trkpt>
      <trkpt lat="29.709493015" lon="106.512319325">
        <ele>198.8</ele>
        <time>2026-08-30T10:21:33+0800</time>
        <extensions>
          <gpxtpx:TrackPointExtension>
            <gpxtpx:hr>165</gpxtpx:hr>
            <gpxtpx:cad>83</gpxtpx:cad>
          </gpxtpx:TrackPointExtension>
        </extensions>
      </trkpt>
      <trkpt lat="29.709507348" lon="106.512328042">
        <ele>198.8</ele>
        <time>2026-08-30T10:21:34+0800</time>
        <extensions>
          <gpxtpx:TrackPointExtension>
            <gpxtpx:hr>165</gpxtpx:hr>
            <gpxtpx:cad>83</gpxtpx:cad>
          </gpxtpx:TrackPointExtension>
        </extensions>
      </trkpt>
      <trkpt lat="29.7095223516" lon="106.512334663">
        <ele>198.8</ele>
        <time>2026-08-30T10:21:35+0800</time>
        <extensions>
          <gpxtpx:TrackPointExtension>
            <gpxtpx:hr>165</gpxtpx:hr>
            <gpxtpx:cad>83</gpxtpx:cad>
          </gpxtpx:TrackPointExtension>
        </extensions>
      </trkpt>
      <trkpt lat="29.7095381096" lon="106.512342291">
        <ele>199.0</ele>
        <time>2026-08-30T10:21:36+0800</time>
        <extensions>
          <gpxtpx:TrackPointExtension>
            <gpxtpx:hr>165</gpxtpx:hr>
            <gpxtpx:cad>83</gpxtpx:cad>
          </gpxtpx:TrackPointExtension>
        </extensions>
      </trkpt>
      <trkpt lat="29.7095533647" lon="106.512350002">
        <ele>199.0</ele>
        <time>2026-08-30T10:21:37+0800</time>
        <extensions>
          <gpxtpx:TrackPointExtension>
            <gpxtpx:hr>165</gpxtpx:hr>
            <gpxtpx:cad>83</gpxtpx:cad>
          </gpxtpx:TrackPointExtension>
        </extensions>
      </trkpt>
      <trkpt lat="29.7095723078" lon="106.512359139">
        <ele>199.0</ele>
        <time>2026-08-30T10:21:38+0800</time>
        <extensions>
          <gpxtpx:TrackPointExtension>
            <gpxtpx:hr>166</gpxtpx:hr>
            <gpxtpx:cad>83</gpxtpx:cad>
          </gpxtpx:TrackPointExtension>
        </extensions>
      </trkpt>
      <trkpt lat="29.7095868923" lon="106.51236794">
        <ele>199.0</ele>
        <time>2026-08-30T10:21:39+0800</time>
        <extensions>
          <gpxtpx:TrackPointExtension>
            <gpxtpx:hr>166</gpxtpx:hr>
            <gpxtpx:cad>84</gpxtpx:cad>
          </gpxtpx:TrackPointExtension>
        </extensions>
      </trkpt>
      <trkpt lat="29.7096030694" lon="106.512375735">
        <ele>199.0</ele>
        <time>2026-08-30T10:21:40+0800</time>
        <extensions>
          <gpxtpx:TrackPointExtension>
            <gpxtpx:hr>166</gpxtpx:hr>
            <gpxtpx:cad>84</gpxtpx:cad>
          </gpxtpx:TrackPointExtension>
        </extensions>
      </trkpt>
      <trkpt lat="29.7096194141" lon="106.512388727">
        <ele>199.0</ele>
        <time>2026-08-30T10:21:41+0800</time>
        <extensions>
          <gpxtpx:TrackPointExtension>
            <gpxtpx:hr>166</gpxtpx:hr>
            <gpxtpx:cad>84</gpxtpx:cad>
          </gpxtpx:TrackPointExtension>
        </extensions>
      </trkpt>
      <trkpt lat="29.7096314002" lon="106.512397192">
        <ele>199.0</ele>
        <time>2026-08-30T10:21:42+0800</time>
        <extensions>
          <gpxtpx:TrackPointExtension>
            <gpxtpx:hr>166</gpxtpx:hr>
            <gpxtpx:cad>84</gpxtpx:cad>
          </gpxtpx:TrackPointExtension>
        </extensions>
      </trkpt>
      <trkpt lat="29.7096488345" lon="106.512412364">
        <ele>199.2</ele>
        <time>2026-08-30T10:21:43+0800</time>
        <extensions>
          <gpxtpx:TrackPointExtension>
            <gpxtpx:hr>166</gpxtpx:hr>
            <gpxtpx:cad>84</gpxtpx:cad>
          </gpxtpx:TrackPointExtension>
        </extensions>
      </trkpt>
      <trkpt lat="29.7096601501" lon="106.512421165">
        <ele>199.2</ele>
        <time>2026-08-30T10:21:44+0800</time>
        <extensions>
          <gpxtpx:TrackPointExtension>
            <gpxtpx:hr>166</gpxtpx:hr>
            <gpxtpx:cad>84</gpxtpx:cad>
          </gpxtpx:TrackPointExtension>
        </extensions>
      </trkpt>
      <trkpt lat="29.7096718848" lon="106.512432396">
        <ele>199.2</ele>
        <time>2026-08-30T10:21:45+0800</time>
        <extensions>
          <gpxtpx:TrackPointExtension>
            <gpxtpx:hr>165</gpxtpx:hr>
            <gpxtpx:cad>84</gpxtpx:cad>
          </gpxtpx:TrackPointExtension>
        </extensions>
      </trkpt>
      <trkpt lat="29.7096844576" lon="106.512446562">
        <ele>199.4</ele>
        <time>2026-08-30T10:21:46+0800</time>
        <extensions>
          <gpxtpx:TrackPointExtension>
            <gpxtpx:hr>165</gpxtpx:hr>
            <gpxtpx:cad>83</gpxtpx:cad>
          </gpxtpx:TrackPointExtension>
        </extensions>
      </trkpt>
      <trkpt lat="29.7096954379" lon="106.512457961">
        <ele>199.4</ele>
        <time>2026-08-30T10:21:47+0800</time>
        <extensions>
          <gpxtpx:TrackPointExtension>
            <gpxtpx:hr>165</gpxtpx:hr>
            <gpxtpx:cad>83</gpxtpx:cad>
          </gpxtpx:TrackPointExtension>
        </extensions>
      </trkpt>
      <trkpt lat="29.7097096033" lon="106.512473468">
        <ele>199.6</ele>
        <time>2026-08-30T10:21:48+0800</time>
        <extensions>
          <gpxtpx:TrackPointExtension>
            <gpxtpx:hr>165</gpxtpx:hr>
            <gpxtpx:cad>83</gpxtpx:cad>
          </gpxtpx:TrackPointExtension>
        </extensions>
      </trkpt>
      <trkpt lat="29.7097215056" lon="106.512491321">
        <ele>199.6</ele>
        <time>2026-08-30T10:21:49+0800</time>
        <extensions>
          <gpxtpx:TrackPointExtension>
            <gpxtpx:hr>165</gpxtpx:hr>
            <gpxtpx:cad>83</gpxtpx:cad>
          </gpxtpx:TrackPointExtension>
        </extensions>
      </trkpt>
      <trkpt lat="29.709732905" lon="106.51250599">
        <ele>199.8</ele>
        <time>2026-08-30T10:21:50+0800</time>
        <extensions>
          <gpxtpx:TrackPointExtension>
            <gpxtpx:hr>165</gpxtpx:hr>
            <gpxtpx:cad>83</gpxtpx:cad>
          </gpxtpx:TrackPointExtension>
        </extensions>
      </trkpt>
      <trkpt lat="29.7097472381" lon="106.512527782">
        <ele>199.8</ele>
        <time>2026-08-30T10:21:51+0800</time>
        <extensions>
          <gpxtpx:TrackPointExtension>
            <gpxtpx:hr>165</gpxtpx:hr>
            <gpxtpx:cad>83</gpxtpx:cad>
          </gpxtpx:TrackPointExtension>
        </extensions>
      </trkpt>
      <trkpt lat="29.709758386" lon="106.512544127">
        <ele>199.8</ele>
        <time>2026-08-30T10:21:52+0800</time>
        <extensions>
          <gpxtpx:TrackPointExtension>
            <gpxtpx:hr>165</gpxtpx:hr>
            <gpxtpx:cad>83</gpxtpx:cad>
          </gpxtpx:TrackPointExtension>
        </extensions>
      </trkpt>
      <trkpt lat="29.7097740602" lon="106.512562986">
        <ele>200.0</ele>
        <time>2026-08-30T10:21:53+0800</time>
        <extensions>
          <gpxtpx:TrackPointExtension>
            <gpxtpx:hr>165</gpxtpx:hr>
            <gpxtpx:cad>84</gpxtpx:cad>
          </gpxtpx:TrackPointExtension>
        </extensions>
      </trkpt>
      <trkpt lat="29.7097867168" lon="106.512581678">
        <ele>200.0</ele>
        <time>2026-08-30T10:21:54+0800</time>
        <extensions>
          <gpxtpx:TrackPointExtension>
            <gpxtpx:hr>165</gpxtpx:hr>
            <gpxtpx:cad>84</gpxtpx:cad>
          </gpxtpx:TrackPointExtension>
        </extensions>
      </trkpt>
      <trkpt lat="29.709799625" lon="106.512597017">
        <ele>200.2</ele>
        <time>2026-08-30T10:21:55+0800</time>
        <extensions>
          <gpxtpx:TrackPointExtension>
            <gpxtpx:hr>166</gpxtpx:hr>
            <gpxtpx:cad>84</gpxtpx:cad>
          </gpxtpx:TrackPointExtension>
        </extensions>
      </trkpt>
      <trkpt lat="29.7098125331" lon="106.512616212">
        <ele>200.2</ele>
        <time>2026-08-30T10:21:56+0800</time>
        <extensions>
          <gpxtpx:TrackPointExtension>
            <gpxtpx:hr>166</gpxtpx:hr>
            <gpxtpx:cad>85</gpxtpx:cad>
          </gpxtpx:TrackPointExtension>
        </extensions>
      </trkpt>
      <trkpt lat="29.7098233458" lon="106.512629706">
        <ele>200.4</ele>
        <time>2026-08-30T10:21:57+0800</time>
        <extensions>
          <gpxtpx:TrackPointExtension>
            <gpxtpx:hr>166</gpxtpx:hr>
            <gpxtpx:cad>85</gpxtpx:cad>
          </gpxtpx:TrackPointExtension>
        </extensions>
      </trkpt>
      <trkpt lat="29.7098380979" lon="106.512646722">
        <ele>200.4</ele>
        <time>2026-08-30T10:21:58+0800</time>
        <extensions>
          <gpxtpx:TrackPointExtension>
            <gpxtpx:hr>166</gpxtpx:hr>
            <gpxtpx:cad>85</gpxtpx:cad>
          </gpxtpx:TrackPointExtension>
        </extensions>
      </trkpt>
      <trkpt lat="29.709851509" lon="106.512661893">
        <ele>200.6</ele>
        <time>2026-08-30T10:21:59+0800</time>
        <extensions>
          <gpxtpx:TrackPointExtension>
            <gpxtpx:hr>166</gpxtpx:hr>
            <gpxtpx:cad>85</gpxtpx:cad>
          </gpxtpx:TrackPointExtension>
        </extensions>
      </trkpt>
      <trkpt lat="29.7098672669" lon="106.512679076">
        <ele>200.6</ele>
        <time>2026-08-30T10:22:00+0800</time>
        <extensions>
          <gpxtpx:TrackPointExtension>
            <gpxtpx:hr>167</gpxtpx:hr>
            <gpxtpx:cad>85</gpxtpx:cad>
          </gpxtpx:TrackPointExtension>
        </extensions>
      </trkpt>
      <trkpt lat="29.709879756" lon="106.512696426">
        <ele>200.8</ele>
        <time>2026-08-30T10:22:01+0800</time>
        <extensions>
          <gpxtpx:TrackPointExtension>
            <gpxtpx:hr>167</gpxtpx:hr>
            <gpxtpx:cad>85</gpxtpx:cad>
          </gpxtpx:TrackPointExtension>
        </extensions>
      </trkpt>
      <trkpt lat="29.7098930832" lon="106.512709418">
        <ele>200.8</ele>
        <time>2026-08-30T10:22:02+0800</time>
        <extensions>
          <gpxtpx:TrackPointExtension>
            <gpxtpx:hr>168</gpxtpx:hr>
            <gpxtpx:cad>85</gpxtpx:cad>
          </gpxtpx:TrackPointExtension>
        </extensions>
      </trkpt>
      <trkpt lat="29.7099095117" lon="106.512727188">
        <ele>201.0</ele>
        <time>2026-08-30T10:22:03+0800</time>
        <extensions>
          <gpxtpx:TrackPointExtension>
            <gpxtpx:hr>168</gpxtpx:hr>
            <gpxtpx:cad>85</gpxtpx:cad>
          </gpxtpx:TrackPointExtension>
        </extensions>
      </trkpt>
      <trkpt lat="29.7099235095" lon="106.512741102">
        <ele>201.0</ele>
        <time>2026-08-30T10:22:04+0800</time>
        <extensions>
          <gpxtpx:TrackPointExtension>
            <gpxtpx:hr>169</gpxtpx:hr>
            <gpxtpx:cad>85</gpxtpx:cad>
          </gpxtpx:TrackPointExtension>
        </extensions>
      </trkpt>
      <trkpt lat="29.7099417821" lon="106.51275795">
        <ele>201.2</ele>
        <time>2026-08-30T10:22:05+0800</time>
        <extensions>
          <gpxtpx:TrackPointExtension>
            <gpxtpx:hr>169</gpxtpx:hr>
            <gpxtpx:cad>85</gpxtpx:cad>
          </gpxtpx:TrackPointExtension>
        </extensions>
      </trkpt>
      <trkpt lat="29.7099736333" lon="106.51278628">
        <ele>201.4</ele>
        <time>2026-08-30T10:22:07+0800</time>
        <extensions>
          <gpxtpx:TrackPointExtension>
            <gpxtpx:hr>170</gpxtpx:hr>
            <gpxtpx:cad>85</gpxtpx:cad>
          </gpxtpx:TrackPointExtension>
        </extensions>
      </trkpt>
      <trkpt lat="29.7099884693" lon="106.51280229">
        <ele>201.4</ele>
        <time>2026-08-30T10:22:08+0800</time>
        <extensions>
          <gpxtpx:TrackPointExtension>
            <gpxtpx:hr>171</gpxtpx:hr>
            <gpxtpx:cad>85</gpxtpx:cad>
          </gpxtpx:TrackPointExtension>
        </extensions>
      </trkpt>
      <trkpt lat="29.7100403532" lon="106.512844367">
        <ele>201.4</ele>
        <time>2026-08-30T10:22:10+0800</time>
        <extensions>
          <gpxtpx:TrackPointExtension>
            <gpxtpx:hr>171</gpxtpx:hr>
            <gpxtpx:cad>85</gpxtpx:cad>
          </gpxtpx:TrackPointExtension>
        </extensions>
      </trkpt>
      <trkpt lat="29.7100403532" lon="106.512844367">
        <ele>201.4</ele>
        <time>2026-08-30T10:22:11+0800</time>
        <extensions>
          <gpxtpx:TrackPointExtension>
            <gpxtpx:hr>171</gpxtpx:hr>
            <gpxtpx:cad>85</gpxtpx:cad>
          </gpxtpx:TrackPointExtension>
        </extensions>
      </trkpt>
      <trkpt lat="29.7100754734" lon="106.51288393">
        <ele>201.4</ele>
        <time>2026-08-30T10:22:13+0800</time>
        <extensions>
          <gpxtpx:TrackPointExtension>
            <gpxtpx:hr>172</gpxtpx:hr>
            <gpxtpx:cad>85</gpxtpx:cad>
          </gpxtpx:TrackPointExtension>
        </extensions>
      </trkpt>
      <trkpt lat="29.7100902256" lon="106.512901364">
        <ele>201.4</ele>
        <time>2026-08-30T10:22:14+0800</time>
        <extensions>
          <gpxtpx:TrackPointExtension>
            <gpxtpx:hr>172</gpxtpx:hr>
            <gpxtpx:cad>85</gpxtpx:cad>
          </gpxtpx:TrackPointExtension>
        </extensions>
      </trkpt>
      <trkpt lat="29.7101061512" lon="106.512923073">
        <ele>201.6</ele>
        <time>2026-08-30T10:22:15+0800</time>
        <extensions>
          <gpxtpx:TrackPointExtension>
            <gpxtpx:hr>172</gpxtpx:hr>
            <gpxtpx:cad>85</gpxtpx:cad>
          </gpxtpx:TrackPointExtension>
        </extensions>
      </trkpt>
      <trkpt lat="29.7101192269" lon="106.512937155">
        <ele>201.6</ele>
        <time>2026-08-30T10:22:16+0800</time>
        <extensions>
          <gpxtpx:TrackPointExtension>
            <gpxtpx:hr>172</gpxtpx:hr>
            <gpxtpx:cad>85</gpxtpx:cad>
          </gpxtpx:TrackPointExtension>
        </extensions>
      </trkpt>
      <trkpt lat="29.7101350687" lon="106.512956768">
        <ele>201.6</ele>
        <time>2026-08-30T10:22:17+0800</time>
        <extensions>
          <gpxtpx:TrackPointExtension>
            <gpxtpx:hr>173</gpxtpx:hr>
            <gpxtpx:cad>85</gpxtpx:cad>
          </gpxtpx:TrackPointExtension>
        </extensions>
      </trkpt>
      <trkpt lat="29.7101597115" lon="106.512989961">
        <ele>201.6</ele>
        <time>2026-08-30T10:22:19+0800</time>
        <extensions>
          <gpxtpx:TrackPointExtension>
            <gpxtpx:hr>173</gpxtpx:hr>
            <gpxtpx:cad>84</gpxtpx:cad>
          </gpxtpx:TrackPointExtension>
        </extensions>
      </trkpt>
      <trkpt lat="29.7101730388" lon="106.513011418">
        <ele>201.6</ele>
        <time>2026-08-30T10:22:20+0800</time>
        <extensions>
          <gpxtpx:TrackPointExtension>
            <gpxtpx:hr>173</gpxtpx:hr>
            <gpxtpx:cad>84</gpxtpx:cad>
          </gpxtpx:TrackPointExtension>
        </extensions>
      </trkpt>
      <trkpt lat="29.7101862822" lon="106.513027344">
        <ele>201.6</ele>
        <time>2026-08-30T10:22:21+0800</time>
        <extensions>
          <gpxtpx:TrackPointExtension>
            <gpxtpx:hr>174</gpxtpx:hr>
            <gpxtpx:cad>85</gpxtpx:cad>
          </gpxtpx:TrackPointExtension>
        </extensions>
      </trkpt>
      <trkpt lat="29.7102018725" lon="106.513049221">
        <ele>201.8</ele>
        <time>2026-08-30T10:22:22+0800</time>
        <extensions>
          <gpxtpx:TrackPointExtension>
            <gpxtpx:hr>174</gpxtpx:hr>
            <gpxtpx:cad>85</gpxtpx:cad>
          </gpxtpx:TrackPointExtension>
        </extensions>
      </trkpt>
      <trkpt lat="29.71023825" lon="106.513077719">
        <ele>201.6</ele>
        <time>2026-08-30T10:22:24+0800</time>
        <extensions>
          <gpxtpx:TrackPointExtension>
            <gpxtpx:hr>174</gpxtpx:hr>
            <gpxtpx:cad>85</gpxtpx:cad>
          </gpxtpx:TrackPointExtension>
        </extensions>
      </trkpt>
      <trkpt lat="29.7102542594" lon="106.513090879">
        <ele>201.8</ele>
        <time>2026-08-30T10:22:25+0800</time>
        <extensions>
          <gpxtpx:TrackPointExtension>
            <gpxtpx:hr>174</gpxtpx:hr>
            <gpxtpx:cad>85</gpxtpx:cad>
          </gpxtpx:TrackPointExtension>
        </extensions>
      </trkpt>
      <trkpt lat="29.7102721967" lon="106.513098003">
        <ele>201.6</ele>
        <time>2026-08-30T10:22:26+0800</time>
        <extensions>
          <gpxtpx:TrackPointExtension>
            <gpxtpx:hr>174</gpxtpx:hr>
            <gpxtpx:cad>85</gpxtpx:cad>
          </gpxtpx:TrackPointExtension>
        </extensions>
      </trkpt>
      <trkpt lat="29.7103139386" lon="106.51311527">
        <ele>201.6</ele>
        <time>2026-08-30T10:22:28+0800</time>
        <extensions>
          <gpxtpx:TrackPointExtension>
            <gpxtpx:hr>175</gpxtpx:hr>
            <gpxtpx:cad>85</gpxtpx:cad>
          </gpxtpx:TrackPointExtension>
        </extensions>
      </trkpt>
      <trkpt lat="29.710361883" lon="106.513117533">
        <ele>201.6</ele>
        <time>2026-08-30T10:22:30+0800</time>
        <extensions>
          <gpxtpx:TrackPointExtension>
            <gpxtpx:hr>175</gpxtpx:hr>
            <gpxtpx:cad>85</gpxtpx:cad>
          </gpxtpx:TrackPointExtension>
        </extensions>
      </trkpt>
      <trkpt lat="29.7103959136" lon="106.51308652">
        <ele>201.4</ele>
        <time>2026-08-30T10:22:32+0800</time>
        <extensions>
          <gpxtpx:TrackPointExtension>
            <gpxtpx:hr>176</gpxtpx:hr>
            <gpxtpx:cad>85</gpxtpx:cad>
          </gpxtpx:TrackPointExtension>
        </extensions>
      </trkpt>
      <trkpt lat="29.7103977576" lon="106.513070092">
        <ele>201.4</ele>
        <time>2026-08-30T10:22:33+0800</time>
        <extensions>
          <gpxtpx:TrackPointExtension>
            <gpxtpx:hr>176</gpxtpx:hr>
            <gpxtpx:cad>85</gpxtpx:cad>
          </gpxtpx:TrackPointExtension>
        </extensions>
      </trkpt>
      <trkpt lat="29.7103913873" lon="106.513050981">
        <ele>201.4</ele>
        <time>2026-08-30T10:22:34+0800</time>
        <extensions>
          <gpxtpx:TrackPointExtension>
            <gpxtpx:hr>176</gpxtpx:hr>
            <gpxtpx:cad>85</gpxtpx:cad>
          </gpxtpx:TrackPointExtension>
        </extensions>
      </trkpt>
      <trkpt lat="29.7103826702" lon="106.513034133">
        <ele>201.2</ele>
        <time>2026-08-30T10:22:35+0800</time>
        <extensions>
          <gpxtpx:TrackPointExtension>
            <gpxtpx:hr>177</gpxtpx:hr>
            <gpxtpx:cad>84</gpxtpx:cad>
          </gpxtpx:TrackPointExtension>
        </extensions>
      </trkpt>
      <trkpt lat="29.7103677504" lon="106.5130198">
        <ele>201.2</ele>
        <time>2026-08-30T10:22:36+0800</time>
        <extensions>
          <gpxtpx:TrackPointExtension>
            <gpxtpx:hr>177</gpxtpx:hr>
            <gpxtpx:cad>84</gpxtpx:cad>
          </gpxtpx:TrackPointExtension>
        </extensions>
      </trkpt>
      <trkpt lat="29.7103492264" lon="106.51300597">
        <ele>201.2</ele>
        <time>2026-08-30T10:22:37+0800</time>
        <extensions>
          <gpxtpx:TrackPointExtension>
            <gpxtpx:hr>177</gpxtpx:hr>
            <gpxtpx:cad>83</gpxtpx:cad>
          </gpxtpx:TrackPointExtension>
        </extensions>
      </trkpt>
      <trkpt lat="29.7103346419" lon="106.512999013">
        <ele>201.2</ele>
        <time>2026-08-30T10:22:38+0800</time>
        <extensions>
          <gpxtpx:TrackPointExtension>
            <gpxtpx:hr>177</gpxtpx:hr>
            <gpxtpx:cad>83</gpxtpx:cad>
          </gpxtpx:TrackPointExtension>
        </extensions>
      </trkpt>
      <trkpt lat="29.7103171237" lon="106.51298862">
        <ele>201.2</ele>
        <time>2026-08-30T10:22:39+0800</time>
        <extensions>
          <gpxtpx:TrackPointExtension>
            <gpxtpx:hr>177</gpxtpx:hr>
            <gpxtpx:cad>83</gpxtpx:cad>
          </gpxtpx:TrackPointExtension>
        </extensions>
      </trkpt>
      <trkpt lat="29.7103024554" lon="106.512979567">
        <ele>201.2</ele>
        <time>2026-08-30T10:22:40+0800</time>
        <extensions>
          <gpxtpx:TrackPointExtension>
            <gpxtpx:hr>177</gpxtpx:hr>
            <gpxtpx:cad>83</gpxtpx:cad>
          </gpxtpx:TrackPointExtension>
        </extensions>
      </trkpt>
      <trkpt lat="29.7102881223" lon="106.512976633">
        <ele>201.2</ele>
        <time>2026-08-30T10:22:41+0800</time>
        <extensions>
          <gpxtpx:TrackPointExtension>
            <gpxtpx:hr>178</gpxtpx:hr>
            <gpxtpx:cad>83</gpxtpx:cad>
          </gpxtpx:TrackPointExtension>
        </extensions>
      </trkpt>
      <trkpt lat="29.7102723643" lon="106.512969928">
        <ele>201.2</ele>
        <time>2026-08-30T10:22:42+0800</time>
        <extensions>
          <gpxtpx:TrackPointExtension>
            <gpxtpx:hr>177</gpxtpx:hr>
            <gpxtpx:cad>83</gpxtpx:cad>
          </gpxtpx:TrackPointExtension>
        </extensions>
      </trkpt>
      <trkpt lat="29.7102610487" lon="106.51296624">
        <ele>201.2</ele>
        <time>2026-08-30T10:22:43+0800</time>
        <extensions>
          <gpxtpx:TrackPointExtension>
            <gpxtpx:hr>177</gpxtpx:hr>
            <gpxtpx:cad>83</gpxtpx:cad>
          </gpxtpx:TrackPointExtension>
        </extensions>
      </trkpt>
      <trkpt lat="29.7102440335" lon="106.512962049">
        <ele>201.2</ele>
        <time>2026-08-30T10:22:44+0800</time>
        <extensions>
          <gpxtpx:TrackPointExtension>
            <gpxtpx:hr>176</gpxtpx:hr>
            <gpxtpx:cad>83</gpxtpx:cad>
          </gpxtpx:TrackPointExtension>
        </extensions>
      </trkpt>
      <trkpt lat="29.7102280241" lon="106.512957104">
        <ele>201.2</ele>
        <time>2026-08-30T10:22:45+0800</time>
        <extensions>
          <gpxtpx:TrackPointExtension>
            <gpxtpx:hr>176</gpxtpx:hr>
            <gpxtpx:cad>83</gpxtpx:cad>
          </gpxtpx:TrackPointExtension>
        </extensions>
      </trkpt>
      <trkpt lat="29.7102140263" lon="106.51295308">
        <ele>201.2</ele>
        <time>2026-08-30T10:22:46+0800</time>
        <extensions>
          <gpxtpx:TrackPointExtension>
            <gpxtpx:hr>175</gpxtpx:hr>
            <gpxtpx:cad>82</gpxtpx:cad>
          </gpxtpx:TrackPointExtension>
        </extensions>
      </trkpt>
      <trkpt lat="29.7101952508" lon="106.512946039">
        <ele>201.0</ele>
        <time>2026-08-30T10:22:47+0800</time>
        <extensions>
          <gpxtpx:TrackPointExtension>
            <gpxtpx:hr>174</gpxtpx:hr>
            <gpxtpx:cad>82</gpxtpx:cad>
          </gpxtpx:TrackPointExtension>
        </extensions>
      </trkpt>
      <trkpt lat="29.7101808339" lon="106.512939585">
        <ele>201.0</ele>
        <time>2026-08-30T10:22:48+0800</time>
        <extensions>
          <gpxtpx:TrackPointExtension>
            <gpxtpx:hr>173</gpxtpx:hr>
            <gpxtpx:cad>82</gpxtpx:cad>
          </gpxtpx:TrackPointExtension>
        </extensions>
      </trkpt>
      <trkpt lat="29.7101675067" lon="106.51293112">
        <ele>201.0</ele>
        <time>2026-08-30T10:22:49+0800</time>
        <extensions>
          <gpxtpx:TrackPointExtension>
            <gpxtpx:hr>172</gpxtpx:hr>
            <gpxtpx:cad>82</gpxtpx:cad>
          </gpxtpx:TrackPointExtension>
        </extensions>
      </trkpt>
      <trkpt lat="29.7101526707" lon="106.512918631">
        <ele>201.0</ele>
        <time>2026-08-30T10:22:50+0800</time>
        <extensions>
          <gpxtpx:TrackPointExtension>
            <gpxtpx:hr>171</gpxtpx:hr>
            <gpxtpx:cad>82</gpxtpx:cad>
          </gpxtpx:TrackPointExtension>
        </extensions>
      </trkpt>
      <trkpt lat="29.7101419419" lon="106.512910835">
        <ele>201.0</ele>
        <time>2026-08-30T10:22:51+0800</time>
        <extensions>
          <gpxtpx:TrackPointExtension>
            <gpxtpx:hr>170</gpxtpx:hr>
            <gpxtpx:cad>82</gpxtpx:cad>
          </gpxtpx:TrackPointExtension>
        </extensions>
      </trkpt>
      <trkpt lat="29.7101257648" lon="106.512901532">
        <ele>201.0</ele>
        <time>2026-08-30T10:22:52+0800</time>
        <extensions>
          <gpxtpx:TrackPointExtension>
            <gpxtpx:hr>170</gpxtpx:hr>
            <gpxtpx:cad>83</gpxtpx:cad>
          </gpxtpx:TrackPointExtension>
        </extensions>
      </trkpt>
      <trkpt lat="29.7101110965" lon="106.512892144">
        <ele>201.0</ele>
        <time>2026-08-30T10:22:53+0800</time>
        <extensions>
          <gpxtpx:TrackPointExtension>
            <gpxtpx:hr>170</gpxtpx:hr>
            <gpxtpx:cad>83</gpxtpx:cad>
          </gpxtpx:TrackPointExtension>
        </extensions>
      </trkpt>
      <trkpt lat="29.7100986913" lon="106.512885438">
        <ele>201.0</ele>
        <time>2026-08-30T10:22:54+0800</time>
        <extensions>
          <gpxtpx:TrackPointExtension>
            <gpxtpx:hr>170</gpxtpx:hr>
            <gpxtpx:cad>83</gpxtpx:cad>
          </gpxtpx:TrackPointExtension>
        </extensions>
      </trkpt>
      <trkpt lat="29.7100820951" lon="106.512873368">
        <ele>201.0</ele>
        <time>2026-08-30T10:22:55+0800</time>
        <extensions>
          <gpxtpx:TrackPointExtension>
            <gpxtpx:hr>170</gpxtpx:hr>
            <gpxtpx:cad>83</gpxtpx:cad>
          </gpxtpx:TrackPointExtension>
        </extensions>
      </trkpt>
      <trkpt lat="29.7100705281" lon="106.512861801">
        <ele>201.2</ele>
        <time>2026-08-30T10:22:56+0800</time>
        <extensions>
          <gpxtpx:TrackPointExtension>
            <gpxtpx:hr>170</gpxtpx:hr>
            <gpxtpx:cad>83</gpxtpx:cad>
          </gpxtpx:TrackPointExtension>
        </extensions>
      </trkpt>
      <trkpt lat="29.7100601345" lon="106.512855096">
        <ele>201.0</ele>
        <time>2026-08-30T10:22:57+0800</time>
        <extensions>
          <gpxtpx:TrackPointExtension>
            <gpxtpx:hr>171</gpxtpx:hr>
            <gpxtpx:cad>83</gpxtpx:cad>
          </gpxtpx:TrackPointExtension>
        </extensions>
      </trkpt>
      <trkpt lat="29.7100487351" lon="106.512844702">
        <ele>201.0</ele>
        <time>2026-08-30T10:22:58+0800</time>
        <extensions>
          <gpxtpx:TrackPointExtension>
            <gpxtpx:hr>170</gpxtpx:hr>
            <gpxtpx:cad>83</gpxtpx:cad>
          </gpxtpx:TrackPointExtension>
        </extensions>
      </trkpt>
      <trkpt lat="29.7100370843" lon="106.512835398">
        <ele>201.0</ele>
        <time>2026-08-30T10:22:59+0800</time>
        <extensions>
          <gpxtpx:TrackPointExtension>
            <gpxtpx:hr>171</gpxtpx:hr>
            <gpxtpx:cad>83</gpxtpx:cad>
          </gpxtpx:TrackPointExtension>
        </extensions>
      </trkpt>
      <trkpt lat="29.7100213263" lon="106.512822071">
        <ele>201.0</ele>
        <time>2026-08-30T10:23:00+0800</time>
        <extensions>
          <gpxtpx:TrackPointExtension>
            <gpxtpx:hr>171</gpxtpx:hr>
            <gpxtpx:cad>83</gpxtpx:cad>
          </gpxtpx:TrackPointExtension>
        </extensions>
      </trkpt>
      <trkpt lat="29.7100080829" lon="106.512808744">
        <ele>201.0</ele>
        <time>2026-08-30T10:23:01+0800</time>
        <extensions>
          <gpxtpx:TrackPointExtension>
            <gpxtpx:hr>171</gpxtpx:hr>
            <gpxtpx:cad>83</gpxtpx:cad>
          </gpxtpx:TrackPointExtension>
        </extensions>
      </trkpt>
      <trkpt lat="29.7099949233" lon="106.512800446">
        <ele>201.0</ele>
        <time>2026-08-30T10:23:02+0800</time>
        <extensions>
          <gpxtpx:TrackPointExtension>
            <gpxtpx:hr>172</gpxtpx:hr>
            <gpxtpx:cad>82</gpxtpx:cad>
          </gpxtpx:TrackPointExtension>
        </extensions>
      </trkpt>
      <trkpt lat="29.7099820152" lon="106.512784939">
        <ele>201.0</ele>
        <time>2026-08-30T10:23:03+0800</time>
        <extensions>
          <gpxtpx:TrackPointExtension>
            <gpxtpx:hr>172</gpxtpx:hr>
            <gpxtpx:cad>82</gpxtpx:cad>
          </gpxtpx:TrackPointExtension>
        </extensions>
      </trkpt>
      <trkpt lat="29.7099732142" lon="106.512776474">
        <ele>201.0</ele>
        <time>2026-08-30T10:23:04+0800</time>
        <extensions>
          <gpxtpx:TrackPointExtension>
            <gpxtpx:hr>172</gpxtpx:hr>
            <gpxtpx:cad>82</gpxtpx:cad>
          </gpxtpx:TrackPointExtension>
        </extensions>
      </trkpt>
      <trkpt lat="29.7099621501" lon="106.51276432">
        <ele>201.0</ele>
        <time>2026-08-30T10:23:05+0800</time>
        <extensions>
          <gpxtpx:TrackPointExtension>
            <gpxtpx:hr>173</gpxtpx:hr>
            <gpxtpx:cad>83</gpxtpx:cad>
          </gpxtpx:TrackPointExtension>
        </extensions>
      </trkpt>
      <trkpt lat="29.7099525109" lon="106.512749651">
        <ele>201.0</ele>
        <time>2026-08-30T10:23:06+0800</time>
        <extensions>
          <gpxtpx:TrackPointExtension>
            <gpxtpx:hr>173</gpxtpx:hr>
            <gpxtpx:cad>83</gpxtpx:cad>
          </gpxtpx:TrackPointExtension>
        </extensions>
      </trkpt>
      <trkpt lat="29.7099428717" lon="106.512738587">
        <ele>200.8</ele>
        <time>2026-08-30T10:23:07+0800</time>
        <extensions>
          <gpxtpx:TrackPointExtension>
            <gpxtpx:hr>173</gpxtpx:hr>
            <gpxtpx:cad>84</gpxtpx:cad>
          </gpxtpx:TrackPointExtension>
        </extensions>
      </trkpt>
      <trkpt lat="29.709930215" lon="106.512722997">
        <ele>200.8</ele>
        <time>2026-08-30T10:23:08+0800</time>
        <extensions>
          <gpxtpx:TrackPointExtension>
            <gpxtpx:hr>173</gpxtpx:hr>
            <gpxtpx:cad>84</gpxtpx:cad>
          </gpxtpx:TrackPointExtension>
        </extensions>
      </trkpt>
      <trkpt lat="29.7099209111" lon="106.512711681">
        <ele>200.8</ele>
        <time>2026-08-30T10:23:09+0800</time>
        <extensions>
          <gpxtpx:TrackPointExtension>
            <gpxtpx:hr>174</gpxtpx:hr>
            <gpxtpx:cad>84</gpxtpx:cad>
          </gpxtpx:TrackPointExtension>
        </extensions>
      </trkpt>
      <trkpt lat="29.7099085059" lon="106.512699611">
        <ele>200.6</ele>
        <time>2026-08-30T10:23:10+0800</time>
        <extensions>
          <gpxtpx:TrackPointExtension>
            <gpxtpx:hr>174</gpxtpx:hr>
            <gpxtpx:cad>83</gpxtpx:cad>
          </gpxtpx:TrackPointExtension>
        </extensions>
      </trkpt>
      <trkpt lat="29.7098979447" lon="106.512681507">
        <ele>200.6</ele>
        <time>2026-08-30T10:23:11+0800</time>
        <extensions>
          <gpxtpx:TrackPointExtension>
            <gpxtpx:hr>174</gpxtpx:hr>
            <gpxtpx:cad>83</gpxtpx:cad>
          </gpxtpx:TrackPointExtension>
        </extensions>
      </trkpt>
      <trkpt lat="29.7098858748" lon="106.512672203">
        <ele>200.6</ele>
        <time>2026-08-30T10:23:12+0800</time>
        <extensions>
          <gpxtpx:TrackPointExtension>
            <gpxtpx:hr>174</gpxtpx:hr>
            <gpxtpx:cad>83</gpxtpx:cad>
          </gpxtpx:TrackPointExtension>
        </extensions>
      </trkpt>
      <trkpt lat="29.7098697815" lon="106.51265502">
        <ele>200.4</ele>
        <time>2026-08-30T10:23:13+0800</time>
        <extensions>
          <gpxtpx:TrackPointExtension>
            <gpxtpx:hr>174</gpxtpx:hr>
            <gpxtpx:cad>82</gpxtpx:cad>
          </gpxtpx:TrackPointExtension>
        </extensions>
      </trkpt>
      <trkpt lat="29.70986031" lon="106.512640268">
        <ele>200.4</ele>
        <time>2026-08-30T10:23:14+0800</time>
        <extensions>
          <gpxtpx:TrackPointExtension>
            <gpxtpx:hr>174</gpxtpx:hr>
            <gpxtpx:cad>82</gpxtpx:cad>
          </gpxtpx:TrackPointExtension>
        </extensions>
      </trkpt>
      <trkpt lat="29.7098498326" lon="106.512628114">
        <ele>200.2</ele>
        <time>2026-08-30T10:23:15+0800</time>
        <extensions>
          <gpxtpx:TrackPointExtension>
            <gpxtpx:hr>173</gpxtpx:hr>
            <gpxtpx:cad>82</gpxtpx:cad>
          </gpxtpx:TrackPointExtension>
        </extensions>
      </trkpt>
      <trkpt lat="29.7098391037" lon="106.512610177">
        <ele>200.2</ele>
        <time>2026-08-30T10:23:16+0800</time>
        <extensions>
          <gpxtpx:TrackPointExtension>
            <gpxtpx:hr>174</gpxtpx:hr>
            <gpxtpx:cad>82</gpxtpx:cad>
          </gpxtpx:TrackPointExtension>
        </extensions>
      </trkpt>
      <trkpt lat="29.7098288778" lon="106.512595927">
        <ele>200.2</ele>
        <time>2026-08-30T10:23:17+0800</time>
        <extensions>
          <gpxtpx:TrackPointExtension>
            <gpxtpx:hr>174</gpxtpx:hr>
            <gpxtpx:cad>82</gpxtpx:cad>
          </gpxtpx:TrackPointExtension>
        </extensions>
      </trkpt>
      <trkpt lat="29.7098175623" lon="106.512578661">
        <ele>200.0</ele>
        <time>2026-08-30T10:23:18+0800</time>
        <extensions>
          <gpxtpx:TrackPointExtension>
            <gpxtpx:hr>173</gpxtpx:hr>
            <gpxtpx:cad>83</gpxtpx:cad>
          </gpxtpx:TrackPointExtension>
        </extensions>
      </trkpt>
      <trkpt lat="29.709809348" lon="106.512562148">
        <ele>200.0</ele>
        <time>2026-08-30T10:23:19+0800</time>
        <extensions>
          <gpxtpx:TrackPointExtension>
            <gpxtpx:hr>174</gpxtpx:hr>
            <gpxtpx:cad>83</gpxtpx:cad>
          </gpxtpx:TrackPointExtension>
        </extensions>
      </trkpt>
      <trkpt lat="29.7098007146" lon="106.512550078">
        <ele>199.8</ele>
        <time>2026-08-30T10:23:20+0800</time>
        <extensions>
          <gpxtpx:TrackPointExtension>
            <gpxtpx:hr>174</gpxtpx:hr>
            <gpxtpx:cad>83</gpxtpx:cad>
          </gpxtpx:TrackPointExtension>
        </extensions>
      </trkpt>
      <trkpt lat="29.7097886447" lon="106.512530046">
        <ele>199.8</ele>
        <time>2026-08-30T10:23:21+0800</time>
        <extensions>
          <gpxtpx:TrackPointExtension>
            <gpxtpx:hr>173</gpxtpx:hr>
            <gpxtpx:cad>83</gpxtpx:cad>
          </gpxtpx:TrackPointExtension>
        </extensions>
      </trkpt>
      <trkpt lat="29.7097800113" lon="106.512514371">
        <ele>199.8</ele>
        <time>2026-08-30T10:23:22+0800</time>
        <extensions>
          <gpxtpx:TrackPointExtension>
            <gpxtpx:hr>174</gpxtpx:hr>
            <gpxtpx:cad>83</gpxtpx:cad>
          </gpxtpx:TrackPointExtension>
        </extensions>
      </trkpt>
      <trkpt lat="29.7097703721" lon="106.512499787">
        <ele>199.6</ele>
        <time>2026-08-30T10:23:23+0800</time>
        <extensions>
          <gpxtpx:TrackPointExtension>
            <gpxtpx:hr>173</gpxtpx:hr>
            <gpxtpx:cad>83</gpxtpx:cad>
          </gpxtpx:TrackPointExtension>
        </extensions>
      </trkpt>
      <trkpt lat="29.7097595595" lon="106.512479419">
        <ele>199.6</ele>
        <time>2026-08-30T10:23:24+0800</time>
        <extensions>
          <gpxtpx:TrackPointExtension>
            <gpxtpx:hr>173</gpxtpx:hr>
            <gpxtpx:cad>82</gpxtpx:cad>
          </gpxtpx:TrackPointExtension>
        </extensions>
      </trkpt>
      <trkpt lat="29.7097492497" lon="106.512467517">
        <ele>199.6</ele>
        <time>2026-08-30T10:23:25+0800</time>
        <extensions>
          <gpxtpx:TrackPointExtension>
            <gpxtpx:hr>173</gpxtpx:hr>
            <gpxtpx:cad>82</gpxtpx:cad>
          </gpxtpx:TrackPointExtension>
        </extensions>
      </trkpt>
      <trkpt lat="29.7097348329" lon="106.512452262">
        <ele>199.4</ele>
        <time>2026-08-30T10:23:26+0800</time>
        <extensions>
          <gpxtpx:TrackPointExtension>
            <gpxtpx:hr>173</gpxtpx:hr>
            <gpxtpx:cad>83</gpxtpx:cad>
          </gpxtpx:TrackPointExtension>
        </extensions>
      </trkpt>
      <trkpt lat="29.7097256128" lon="106.512440527">
        <ele>199.4</ele>
        <time>2026-08-30T10:23:27+0800</time>
        <extensions>
          <gpxtpx:TrackPointExtension>
            <gpxtpx:hr>172</gpxtpx:hr>
            <gpxtpx:cad>83</gpxtpx:cad>
          </gpxtpx:TrackPointExtension>
        </extensions>
      </trkpt>
      <trkpt lat="29.709714381" lon="106.51243248">
        <ele>199.2</ele>
        <time>2026-08-30T10:23:28+0800</time>
        <extensions>
          <gpxtpx:TrackPointExtension>
            <gpxtpx:hr>171</gpxtpx:hr>
            <gpxtpx:cad>83</gpxtpx:cad>
          </gpxtpx:TrackPointExtension>
        </extensions>
      </trkpt>
      <trkpt lat="29.7097005509" lon="106.512416555">
        <ele>199.2</ele>
        <time>2026-08-30T10:23:29+0800</time>
        <extensions>
          <gpxtpx:TrackPointExtension>
            <gpxtpx:hr>170</gpxtpx:hr>
            <gpxtpx:cad>82</gpxtpx:cad>
          </gpxtpx:TrackPointExtension>
        </extensions>
      </trkpt>
      <trkpt lat="29.7096914146" lon="106.512406999">
        <ele>199.2</ele>
        <time>2026-08-30T10:23:30+0800</time>
        <extensions>
          <gpxtpx:TrackPointExtension>
            <gpxtpx:hr>170</gpxtpx:hr>
            <gpxtpx:cad>83</gpxtpx:cad>
          </gpxtpx:TrackPointExtension>
        </extensions>
      </trkpt>
      <trkpt lat="29.7096771654" lon="106.512392918">
        <ele>199.0</ele>
        <time>2026-08-30T10:23:31+0800</time>
        <extensions>
          <gpxtpx:TrackPointExtension>
            <gpxtpx:hr>170</gpxtpx:hr>
            <gpxtpx:cad>83</gpxtpx:cad>
          </gpxtpx:TrackPointExtension>
        </extensions>
      </trkpt>
      <trkpt lat="29.7096659336" lon="106.512381015">
        <ele>199.0</ele>
        <time>2026-08-30T10:23:32+0800</time>
        <extensions>
          <gpxtpx:TrackPointExtension>
            <gpxtpx:hr>170</gpxtpx:hr>
            <gpxtpx:cad>82</gpxtpx:cad>
          </gpxtpx:TrackPointExtension>
        </extensions>
      </trkpt>
      <trkpt lat="29.7096531931" lon="106.512370119">
        <ele>199.0</ele>
        <time>2026-08-30T10:23:33+0800</time>
        <extensions>
          <gpxtpx:TrackPointExtension>
            <gpxtpx:hr>170</gpxtpx:hr>
            <gpxtpx:cad>83</gpxtpx:cad>
          </gpxtpx:TrackPointExtension>
        </extensions>
      </trkpt>
      <trkpt lat="29.7096381057" lon="106.512356456">
        <ele>198.8</ele>
        <time>2026-08-30T10:23:34+0800</time>
        <extensions>
          <gpxtpx:TrackPointExtension>
            <gpxtpx:hr>169</gpxtpx:hr>
            <gpxtpx:cad>83</gpxtpx:cad>
          </gpxtpx:TrackPointExtension>
        </extensions>
      </trkpt>
      <trkpt lat="29.7096105292" lon="106.512340195">
        <ele>198.8</ele>
        <time>2026-08-30T10:23:36+0800</time>
        <extensions>
          <gpxtpx:TrackPointExtension>
            <gpxtpx:hr>168</gpxtpx:hr>
            <gpxtpx:cad>83</gpxtpx:cad>
          </gpxtpx:TrackPointExtension>
        </extensions>
      </trkpt>
      <trkpt lat="29.7095982078" lon="106.512330389">
        <ele>198.8</ele>
        <time>2026-08-30T10:23:37+0800</time>
        <extensions>
          <gpxtpx:TrackPointExtension>
            <gpxtpx:hr>168</gpxtpx:hr>
            <gpxtpx:cad>83</gpxtpx:cad>
          </gpxtpx:TrackPointExtension>
        </extensions>
      </trkpt>
      <trkpt lat="29.7095847968" lon="106.512326198">
        <ele>198.8</ele>
        <time>2026-08-30T10:23:38+0800</time>
        <extensions>
          <gpxtpx:TrackPointExtension>
            <gpxtpx:hr>168</gpxtpx:hr>
            <gpxtpx:cad>83</gpxtpx:cad>
          </gpxtpx:TrackPointExtension>
        </extensions>
      </trkpt>
      <trkpt lat="29.7095655184" lon="106.512317983">
        <ele>198.8</ele>
        <time>2026-08-30T10:23:39+0800</time>
        <extensions>
          <gpxtpx:TrackPointExtension>
            <gpxtpx:hr>168</gpxtpx:hr>
            <gpxtpx:cad>83</gpxtpx:cad>
          </gpxtpx:TrackPointExtension>
        </extensions>
      </trkpt>
      <trkpt lat="29.7095519397" lon="106.512314631">
        <ele>198.8</ele>
        <time>2026-08-30T10:23:40+0800</time>
        <extensions>
          <gpxtpx:TrackPointExtension>
            <gpxtpx:hr>169</gpxtpx:hr>
            <gpxtpx:cad>83</gpxtpx:cad>
          </gpxtpx:TrackPointExtension>
        </extensions>
      </trkpt>
      <trkpt lat="29.7095341701" lon="106.512309434">
        <ele>198.6</ele>
        <time>2026-08-30T10:23:41+0800</time>
        <extensions>
          <gpxtpx:TrackPointExtension>
            <gpxtpx:hr>168</gpxtpx:hr>
            <gpxtpx:cad>83</gpxtpx:cad>
          </gpxtpx:TrackPointExtension>
        </extensions>
      </trkpt>
      <trkpt lat="29.709519418" lon="106.512302645">
        <ele>198.6</ele>
        <time>2026-08-30T10:23:42+0800</time>
        <extensions>
          <gpxtpx:TrackPointExtension>
            <gpxtpx:hr>168</gpxtpx:hr>
            <gpxtpx:cad>83</gpxtpx:cad>
          </gpxtpx:TrackPointExtension>
        </extensions>
      </trkpt>
      <trkpt lat="29.7095083538" lon="106.512302896">
        <ele>198.6</ele>
        <time>2026-08-30T10:23:43+0800</time>
        <extensions>
          <gpxtpx:TrackPointExtension>
            <gpxtpx:hr>169</gpxtpx:hr>
            <gpxtpx:cad>83</gpxtpx:cad>
          </gpxtpx:TrackPointExtension>
        </extensions>
      </trkpt>
      <trkpt lat="29.7094918415" lon="106.512300801">
        <ele>198.6</ele>
        <time>2026-08-30T10:23:44+0800</time>
        <extensions>
          <gpxtpx:TrackPointExtension>
            <gpxtpx:hr>168</gpxtpx:hr>
            <gpxtpx:cad>83</gpxtpx:cad>
          </gpxtpx:TrackPointExtension>
        </extensions>
      </trkpt>
      <trkpt lat="29.7094774246" lon="106.512297699">
        <ele>198.6</ele>
        <time>2026-08-30T10:23:45+0800</time>
        <extensions>
          <gpxtpx:TrackPointExtension>
            <gpxtpx:hr>168</gpxtpx:hr>
            <gpxtpx:cad>83</gpxtpx:cad>
          </gpxtpx:TrackPointExtension>
        </extensions>
      </trkpt>
      <trkpt lat="29.7094646003" lon="106.512297699">
        <ele>198.4</ele>
        <time>2026-08-30T10:23:46+0800</time>
        <extensions>
          <gpxtpx:TrackPointExtension>
            <gpxtpx:hr>168</gpxtpx:hr>
            <gpxtpx:cad>83</gpxtpx:cad>
          </gpxtpx:TrackPointExtension>
        </extensions>
      </trkpt>
      <trkpt lat="29.7094476689" lon="106.512297699">
        <ele>198.4</ele>
        <time>2026-08-30T10:23:47+0800</time>
        <extensions>
          <gpxtpx:TrackPointExtension>
            <gpxtpx:hr>168</gpxtpx:hr>
            <gpxtpx:cad>82</gpxtpx:cad>
          </gpxtpx:TrackPointExtension>
        </extensions>
      </trkpt>
      <trkpt lat="29.7094326653" lon="106.512298957">
        <ele>198.4</ele>
        <time>2026-08-30T10:23:48+0800</time>
        <extensions>
          <gpxtpx:TrackPointExtension>
            <gpxtpx:hr>168</gpxtpx:hr>
            <gpxtpx:cad>82</gpxtpx:cad>
          </gpxtpx:TrackPointExtension>
        </extensions>
      </trkpt>
      <trkpt lat="29.7094159853" lon="106.512300046">
        <ele>198.4</ele>
        <time>2026-08-30T10:23:49+0800</time>
        <extensions>
          <gpxtpx:TrackPointExtension>
            <gpxtpx:hr>168</gpxtpx:hr>
            <gpxtpx:cad>82</gpxtpx:cad>
          </gpxtpx:TrackPointExtension>
        </extensions>
      </trkpt>
      <trkpt lat="29.7093972936" lon="106.512300549">
        <ele>198.4</ele>
        <time>2026-08-30T10:23:50+0800</time>
        <extensions>
          <gpxtpx:TrackPointExtension>
            <gpxtpx:hr>168</gpxtpx:hr>
            <gpxtpx:cad>82</gpxtpx:cad>
          </gpxtpx:TrackPointExtension>
        </extensions>
      </trkpt>
      <trkpt lat="29.7093873192" lon="106.512304656">
        <ele>198.4</ele>
        <time>2026-08-30T10:23:51+0800</time>
        <extensions>
          <gpxtpx:TrackPointExtension>
            <gpxtpx:hr>167</gpxtpx:hr>
            <gpxtpx:cad>82</gpxtpx:cad>
          </gpxtpx:TrackPointExtension>
        </extensions>
      </trkpt>
      <trkpt lat="29.7093796916" lon="106.512305997">
        <ele>198.4</ele>
        <time>2026-08-30T10:23:52+0800</time>
        <extensions>
          <gpxtpx:TrackPointExtension>
            <gpxtpx:hr>166</gpxtpx:hr>
            <gpxtpx:cad>82</gpxtpx:cad>
          </gpxtpx:TrackPointExtension>
        </extensions>
      </trkpt>
      <trkpt lat="29.7093711421" lon="106.512307087">
        <ele>198.4</ele>
        <time>2026-08-30T10:23:53+0800</time>
        <extensions>
          <gpxtpx:TrackPointExtension>
            <gpxtpx:hr>166</gpxtpx:hr>
            <gpxtpx:cad>82</gpxtpx:cad>
          </gpxtpx:TrackPointExtension>
        </extensions>
      </trkpt>
      <trkpt lat="29.7093621735" lon="106.512308009">
        <ele>198.6</ele>
        <time>2026-08-30T10:23:54+0800</time>
        <extensions>
          <gpxtpx:TrackPointExtension>
            <gpxtpx:hr>166</gpxtpx:hr>
            <gpxtpx:cad>82</gpxtpx:cad>
          </gpxtpx:TrackPointExtension>
        </extensions>
      </trkpt>
      <trkpt lat="29.7093511932" lon="106.512304824">
        <ele>198.6</ele>
        <time>2026-08-30T10:23:55+0800</time>
        <extensions>
          <gpxtpx:TrackPointExtension>
            <gpxtpx:hr>166</gpxtpx:hr>
            <gpxtpx:cad>82</gpxtpx:cad>
          </gpxtpx:TrackPointExtension>
        </extensions>
      </trkpt>
      <trkpt lat="29.7093404643" lon="106.512303986">
        <ele>198.6</ele>
        <time>2026-08-30T10:23:56+0800</time>
        <extensions>
          <gpxtpx:TrackPointExtension>
            <gpxtpx:hr>166</gpxtpx:hr>
            <gpxtpx:cad>82</gpxtpx:cad>
          </gpxtpx:TrackPointExtension>
        </extensions>
      </trkpt>
    </trkseg>
  </trk>
</gpx>